ISO-10303-21;
HEADER;
FILE_DESCRIPTION (( 'STEP AP214' ),
    '1' );
FILE_NAME ('J0G-0009NL.STEP',
    '2017-06-26T09:35:22',
    ( '' ),
    ( '' ),
    'SwSTEP 2.0',
    'SolidWorks 2015',
    '' );
FILE_SCHEMA (( 'AUTOMOTIVE_DESIGN' ));
ENDSEC;

DATA;
#2 = PRESENTATION_LAYER_ASSIGNMENT (  '', '', ( #12756 ) ) ;
#1 = CARTESIAN_POINT ( 'NONE',  ( 8.890000000000000600, -0.7111962200273691500, -0.8381999997291957900 ) ) ;
#3 =( NAMED_UNIT ( * ) PLANE_ANGLE_UNIT ( ) SI_UNIT ( $, .RADIAN. ) );
#4 = FACE_OUTER_BOUND ( 'NONE', #12665, .T. ) ;
#5 = SURFACE_SIDE_STYLE ('',( #10421 ) ) ;
#6 = ADVANCED_FACE ( 'NONE', ( #9145 ), #2653, .T. ) ;
#7 = LINE ( 'NONE', #7286, #5554 ) ;
#8 = ORIENTED_EDGE ( 'NONE', *, *, #11908, .F. ) ;
#9 = VECTOR ( 'NONE', #11073, 1000.000000000000000 ) ;
#10 = DIRECTION ( 'NONE',  ( -1.000000000000000000, -0.0000000000000000000, -0.0000000000000000000 ) ) ;
#11 = SURFACE_STYLE_USAGE ( .BOTH. , #12543 ) ;
#12 = AXIS2_PLACEMENT_3D ( 'NONE', #10109, #3873, #11122 ) ;
#13 = DIRECTION ( 'NONE',  ( 0.0000000000000000000, 0.7981611602624328900, -0.6024439909639127700 ) ) ;
#14 = FILL_AREA_STYLE_COLOUR ( '', #7275 ) ;
#15 = CARTESIAN_POINT ( 'NONE',  ( 2.794000000000000000, -1.778000000000000200, -7.924799999999999400 ) ) ;
#16 = SURFACE_STYLE_FILL_AREA ( #12796 ) ;
#17 = EDGE_CURVE ( 'NONE', #12299, #13298, #5415, .T. ) ;
#18 =( LENGTH_UNIT ( ) NAMED_UNIT ( * ) SI_UNIT ( .MILLI., .METRE. ) );
#19 = FILL_AREA_STYLE ('',( #11367 ) ) ;
#20 = COLOUR_RGB ( '',0.7490196078431372600, 1.000000000000000000, 1.000000000000000000 ) ;
#21 = VERTEX_POINT ( 'NONE', #2278 ) ;
#22 = SURFACE_STYLE_FILL_AREA ( #6997 ) ;
#23 = CARTESIAN_POINT ( 'NONE',  ( 8.890000000000000600, 0.0000000000000000000, 12.06500000000000300 ) ) ;
#24 = CARTESIAN_POINT ( 'NONE',  ( -8.890000000000000600, 8.248718325999997000, -2.335149762999999500 ) ) ;
#25 = CARTESIAN_POINT ( 'NONE',  ( 4.264688342302959800, 11.37117404642888700, 11.27807826195021500 ) ) ;
#26 = EDGE_CURVE ( 'NONE', #1370, #5959, #10619, .T. ) ;
#27 = CARTESIAN_POINT ( 'NONE',  ( 9.016999999999997700, 9.737793325999998500, -4.489386681000000900 ) ) ;
#28 =( NAMED_UNIT ( * ) SI_UNIT ( $, .STERADIAN. ) SOLID_ANGLE_UNIT ( ) );
#29 =( GEOMETRIC_REPRESENTATION_CONTEXT ( 3 ) GLOBAL_UNCERTAINTY_ASSIGNED_CONTEXT ( ( #3127 ) ) GLOBAL_UNIT_ASSIGNED_CONTEXT ( ( #4015, #11257, #5068 ) ) REPRESENTATION_CONTEXT ( 'NONE', 'WORKASPACE' ) );
#30 = ORIENTED_EDGE ( 'NONE', *, *, #1564, .T. ) ;
#31 = UNCERTAINTY_MEASURE_WITH_UNIT (LENGTH_MEASURE( 1.000000000000000100E-005 ), #48, 'distance_accuracy_value', 'NONE');
#32 = CARTESIAN_POINT ( 'NONE',  ( 3.809999999999999600, -1.778000000000000200, -10.10920000000000100 ) ) ;
#33 =( NAMED_UNIT ( * ) SI_UNIT ( $, .STERADIAN. ) SOLID_ANGLE_UNIT ( ) );
#34 = LINE ( 'NONE', #11157, #2830 ) ;
#35 = DIRECTION ( 'NONE',  ( -1.000000000000000000, 0.0000000000000000000, 0.0000000000000000000 ) ) ;
#36 =( GEOMETRIC_REPRESENTATION_CONTEXT ( 3 ) GLOBAL_UNCERTAINTY_ASSIGNED_CONTEXT ( ( #12916 ) ) GLOBAL_UNIT_ASSIGNED_CONTEXT ( ( #2690, #2601, #2549 ) ) REPRESENTATION_CONTEXT ( 'NONE', 'WORKASPACE' ) );
#37 = ORIENTED_EDGE ( 'NONE', *, *, #11496, .F. ) ;
#38 = SURFACE_STYLE_USAGE ( .BOTH. , #6264 ) ;
#39 = CARTESIAN_POINT ( 'NONE',  ( 8.990000000000000200, -0.7111962200000000500, -1.143000000000000200 ) ) ;
#40 = ADVANCED_FACE ( 'NONE', ( #5088 ), #2176, .F. ) ;
#41 = EDGE_CURVE ( 'NONE', #3054, #3992, #4114, .T. ) ;
#42 = FILL_AREA_STYLE ('',( #128 ) ) ;
#43 = VECTOR ( 'NONE', #12677, 1000.000000000000000 ) ;
#44 =( GEOMETRIC_REPRESENTATION_CONTEXT ( 3 ) GLOBAL_UNCERTAINTY_ASSIGNED_CONTEXT ( ( #2385 ) ) GLOBAL_UNIT_ASSIGNED_CONTEXT ( ( #3091, #10349, #4130 ) ) REPRESENTATION_CONTEXT ( 'NONE', 'WORKASPACE' ) );
#45 = VECTOR ( 'NONE', #1133, 1000.000000000000000 ) ;
#46 = DIRECTION ( 'NONE',  ( 0.0000000000000000000, 0.0000000000000000000, 1.000000000000000000 ) ) ;
#47 = CARTESIAN_POINT ( 'NONE',  ( -5.950000000000000200, 1.345799999999999900, 3.505199999999999900 ) ) ;
#48 =( LENGTH_UNIT ( ) NAMED_UNIT ( * ) SI_UNIT ( .MILLI., .METRE. ) );
#49 = EDGE_LOOP ( 'NONE', ( #1622, #5075, #11655, #3407 ) ) ;
#50 =( LENGTH_UNIT ( ) NAMED_UNIT ( * ) SI_UNIT ( .MILLI., .METRE. ) );
#51 = STYLED_ITEM ( 'NONE', ( #7268 ), #3754 ) ;
#52 = DIRECTION ( 'NONE',  ( 0.0000000000000000000, 0.0000000000000000000, 1.000000000000000000 ) ) ;
#53 = CARTESIAN_POINT ( 'NONE',  ( 7.227737259999998700, 8.536145111999999800, 10.36402441600000100 ) ) ;
#54 = AXIS2_PLACEMENT_3D ( 'NONE', #8787, #8768, #8688 ) ;
#55 = ADVANCED_FACE ( 'NONE', ( #12017, #12348, #6859, #1324 ), #1626, .F. ) ;
#56 = SURFACE_SIDE_STYLE ('',( #12699 ) ) ;
#57 = FACE_OUTER_BOUND ( 'NONE', #12124, .T. ) ;
#58 = ORIENTED_EDGE ( 'NONE', *, *, #11605, .F. ) ;
#59 = CARTESIAN_POINT ( 'NONE',  ( -9.093332213564401900, 3.942475241005681600, 10.12369416488666300 ) ) ;
#60 = EDGE_CURVE ( 'NONE', #3914, #7532, #5568, .T. ) ;
#61 = ORIENTED_EDGE ( 'NONE', *, *, #6549, .F. ) ;
#62 = AXIS2_PLACEMENT_3D ( 'NONE', #1913, #9188, #2984 ) ;
#63 = ADVANCED_FACE ( 'NONE', ( #2814 ), #779, .T. ) ;
#64 = DIRECTION ( 'NONE',  ( -1.000000000000000000, -0.0000000000000000000, -0.0000000000000000000 ) ) ;
#65 =( NAMED_UNIT ( * ) SI_UNIT ( $, .STERADIAN. ) SOLID_ANGLE_UNIT ( ) );
#66 = DIRECTION ( 'NONE',  ( -0.0000000000000000000, -1.000000000000000000, -0.0000000000000000000 ) ) ;
#67 = UNCERTAINTY_MEASURE_WITH_UNIT (LENGTH_MEASURE( 1.000000000000000100E-005 ), #12758, 'distance_accuracy_value', 'NONE');
#68 = ORIENTED_EDGE ( 'NONE', *, *, #5141, .F. ) ;
#69 = VERTEX_POINT ( 'NONE', #829 ) ;
#70 = DIRECTION ( 'NONE',  ( 0.0000000000000000000, 0.0000000000000000000, 1.000000000000000000 ) ) ;
#71 = DIRECTION ( 'NONE',  ( 0.0000000000000000000, 0.0000000000000000000, -1.000000000000000000 ) ) ;
#72 = MECHANICAL_DESIGN_GEOMETRIC_PRESENTATION_REPRESENTATION (  '', ( #11460 ), #765 ) ;
#73 = PRESENTATION_LAYER_ASSIGNMENT (  '', '', ( #11461 ) ) ;
#74 = EDGE_LOOP ( 'NONE', ( #3005, #4562, #620, #9948 ) ) ;
#75 = CARTESIAN_POINT ( 'NONE',  ( 5.564515665844479200, 11.08582716825071800, 4.905350693509642900 ) ) ;
#76 = VERTEX_POINT ( 'NONE', #9265 ) ;
#77 =( GEOMETRIC_REPRESENTATION_CONTEXT ( 3 ) GLOBAL_UNCERTAINTY_ASSIGNED_CONTEXT ( ( #8613 ) ) GLOBAL_UNIT_ASSIGNED_CONTEXT ( ( #2730, #10000, #3778 ) ) REPRESENTATION_CONTEXT ( 'NONE', 'WORKASPACE' ) );
#78 = SURFACE_STYLE_FILL_AREA ( #1376 ) ;
#79 = CARTESIAN_POINT ( 'NONE',  ( 5.333999999999999600, -0.8890000000000001200, -7.569200000000000400 ) ) ;
#80 = VERTEX_POINT ( 'NONE', #1801 ) ;
#81 = PRESENTATION_LAYER_ASSIGNMENT (  '', '', ( #12158 ) ) ;
#82 = PLANE ( 'NONE',  #12057 ) ;
#83 = ORIENTED_EDGE ( 'NONE', *, *, #301, .T. ) ;
#84 = PRESENTATION_STYLE_ASSIGNMENT (( #11179 ) ) ;
#85 = CYLINDRICAL_SURFACE ( 'NONE', #3909, 0.4999999999999987200 ) ;
#86 = DIRECTION ( 'NONE',  ( 0.0000000000000000000, 1.000000000000000000, 0.0000000000000000000 ) ) ;
#87 = FILL_AREA_STYLE_COLOUR ( '', #11319 ) ;
#88 =( NAMED_UNIT ( * ) PLANE_ANGLE_UNIT ( ) SI_UNIT ( $, .RADIAN. ) );
#89 = CARTESIAN_POINT ( 'NONE',  ( -8.890000000000000600, 8.848793326587076200, -5.680775462500001500 ) ) ;
#90 = DIRECTION ( 'NONE',  ( 0.0000000000000000000, -8.035116931169631900E-016, 1.000000000000000000 ) ) ;
#91 = SURFACE_STYLE_FILL_AREA ( #3438 ) ;
#92 = SURFACE_SIDE_STYLE ('',( #11052 ) ) ;
#93 = ORIENTED_EDGE ( 'NONE', *, *, #3620, .F. ) ;
#94 = DIRECTION ( 'NONE',  ( 0.0000000000000000000, -0.7981611615035165700, 0.6024439893196357200 ) ) ;
#95 = VERTEX_POINT ( 'NONE', #6390 ) ;
#96 = FILL_AREA_STYLE_COLOUR ( '', #694 ) ;
#97 = EDGE_CURVE ( 'NONE', #2965, #10719, #1810, .T. ) ;
#98 = VERTEX_POINT ( 'NONE', #9695 ) ;
#99 =( GEOMETRIC_REPRESENTATION_CONTEXT ( 3 ) GLOBAL_UNCERTAINTY_ASSIGNED_CONTEXT ( ( #6430 ) ) GLOBAL_UNIT_ASSIGNED_CONTEXT ( ( #12486, #6293, #65 ) ) REPRESENTATION_CONTEXT ( 'NONE', 'WORKASPACE' ) );
#100 = SURFACE_SIDE_STYLE ('',( #8418 ) ) ;
#101 = ADVANCED_FACE ( 'NONE', ( #9812 ), #510, .F. ) ;
#102 = VECTOR ( 'NONE', #2305, 1000.000000000000000 ) ;
#103 = PLANE ( 'NONE',  #7213 ) ;
#104 = PLANE ( 'NONE',  #7071 ) ;
#105 = LINE ( 'NONE', #10156, #5333 ) ;
#106 = PRESENTATION_STYLE_ASSIGNMENT (( #7389 ) ) ;
#107 = EDGE_CURVE ( 'NONE', #2326, #704, #3281, .T. ) ;
#108 = VERTEX_POINT ( 'NONE', #8035 ) ;
#109 =( NAMED_UNIT ( * ) PLANE_ANGLE_UNIT ( ) SI_UNIT ( $, .RADIAN. ) );
#110 = DIRECTION ( 'NONE',  ( 0.0000000000000000000, 0.0000000000000000000, 1.000000000000000000 ) ) ;
#111 = FACE_OUTER_BOUND ( 'NONE', #2102, .T. ) ;
#112 = FACE_BOUND ( 'NONE', #1766, .T. ) ;
#113 = EDGE_CURVE ( 'NONE', #98, #10367, #11226, .T. ) ;
#114 = PRESENTATION_STYLE_ASSIGNMENT (( #13333 ) ) ;
#115 = CYLINDRICAL_SURFACE ( 'NONE', #5399, 0.3048000000000000200 ) ;
#116 = ADVANCED_FACE ( 'NONE', ( #489 ), #7808, .F. ) ;
#117 = EDGE_LOOP ( 'NONE', ( #4201, #7260, #13277, #10422 ) ) ;
#118 = ORIENTED_EDGE ( 'NONE', *, *, #1609, .F. ) ;
#119 = PRESENTATION_STYLE_ASSIGNMENT (( #9960 ) ) ;
#120 = CYLINDRICAL_SURFACE ( 'NONE', #7045, 0.1270000000000003900 ) ;
#121 = CIRCLE ( 'NONE', #12661, 0.1270000000000003900 ) ;
#122 =( NAMED_UNIT ( * ) PLANE_ANGLE_UNIT ( ) SI_UNIT ( $, .RADIAN. ) );
#123 = DIRECTION ( 'NONE',  ( 0.0000000000000000000, 0.0000000000000000000, 1.000000000000000000 ) ) ;
#124 = ORIENTED_EDGE ( 'NONE', *, *, #11670, .F. ) ;
#125 = CARTESIAN_POINT ( 'NONE',  ( -4.254710354999999400, 11.08582716788992400, 4.905350695029378400 ) ) ;
#126 = LINE ( 'NONE', #8823, #9921 ) ;
#127 = CIRCLE ( 'NONE', #11348, 0.1270000000000003900 ) ;
#128 = FILL_AREA_STYLE_COLOUR ( '', #2120 ) ;
#129 = ORIENTED_EDGE ( 'NONE', *, *, #2853, .F. ) ;
#130 = PRESENTATION_LAYER_ASSIGNMENT (  '', '', ( #12888 ) ) ;
#131 = VECTOR ( 'NONE', #2691, 999.9999999999998900 ) ;
#132 = ADVANCED_FACE ( 'NONE', ( #4740 ), #7454, .F. ) ;
#133 = CARTESIAN_POINT ( 'NONE',  ( -8.635999999999999200, 5.524499999999999700, -8.964998317110001800 ) ) ;
#135 = STYLED_ITEM ( 'NONE', ( #4220 ), #788 ) ;
#134 = SURFACE_STYLE_FILL_AREA ( #4919 ) ;
#136 = ORIENTED_EDGE ( 'NONE', *, *, #11871, .F. ) ;
#137 = CARTESIAN_POINT ( 'NONE',  ( -7.772400000000000200, -1.778000000000000200, 4.953000000000001200 ) ) ;
#138 = CARTESIAN_POINT ( 'NONE',  ( -8.890000000000000600, 0.0000000000000000000, -7.924799999999999400 ) ) ;
#139 = EDGE_LOOP ( 'NONE', ( #11341, #2198, #6104, #11338 ) ) ;
#140 = ORIENTED_EDGE ( 'NONE', *, *, #5561, .T. ) ;
#141 =( NAMED_UNIT ( * ) SI_UNIT ( $, .STERADIAN. ) SOLID_ANGLE_UNIT ( ) );
#142 = SURFACE_STYLE_FILL_AREA ( #4445 ) ;
#143 = EDGE_CURVE ( 'NONE', #9683, #4395, #9301, .T. ) ;
#144 = VECTOR ( 'NONE', #3297, 1000.000000000000000 ) ;
#145 = PLANE ( 'NONE',  #4674 ) ;
#146 = DIRECTION ( 'NONE',  ( -0.0000000000000000000, -0.0000000000000000000, -1.000000000000000000 ) ) ;
#147 = FACE_OUTER_BOUND ( 'NONE', #6870, .T. ) ;
#148 = MECHANICAL_DESIGN_GEOMETRIC_PRESENTATION_REPRESENTATION (  '', ( #12212 ), #835 ) ;
#149 = ORIENTED_EDGE ( 'NONE', *, *, #4758, .F. ) ;
#150 = CARTESIAN_POINT ( 'NONE',  ( -7.772400000000000200, 0.0000000000000000000, 8.000999999999999400 ) ) ;
#151 = AXIS2_PLACEMENT_3D ( 'NONE', #594, #1666, #5862 ) ;
#152 = FACE_OUTER_BOUND ( 'NONE', #5622, .T. ) ;
#153 =( GEOMETRIC_REPRESENTATION_CONTEXT ( 3 ) GLOBAL_UNCERTAINTY_ASSIGNED_CONTEXT ( ( #7339 ) ) GLOBAL_UNIT_ASSIGNED_CONTEXT ( ( #7295, #7341, #7562 ) ) REPRESENTATION_CONTEXT ( 'NONE', 'WORKASPACE' ) );
#154 = PRESENTATION_STYLE_ASSIGNMENT (( #5901 ) ) ;
#155 = CARTESIAN_POINT ( 'NONE',  ( -9.011669007002675300, 10.22785107917573400, 10.27900907233857800 ) ) ;
#156 = ORIENTED_EDGE ( 'NONE', *, *, #860, .F. ) ;
#157 = FILL_AREA_STYLE ('',( #11548 ) ) ;
#158 = CARTESIAN_POINT ( 'NONE',  ( -8.762999999999999900, 11.04899999999999900, -11.82668283600000300 ) ) ;
#159 = AXIS2_PLACEMENT_3D ( 'NONE', #10487, #4257, #11494 ) ;
#160 = EDGE_CURVE ( 'NONE', #6257, #6755, #3770, .T. ) ;
#161 = LINE ( 'NONE', #13344, #2962 ) ;
#162 = DIRECTION ( 'NONE',  ( -0.0000000000000000000, -0.0000000000000000000, -1.000000000000000000 ) ) ;
#163 = EDGE_CURVE ( 'NONE', #4084, #12228, #984, .T. ) ;
#164 = ORIENTED_EDGE ( 'NONE', *, *, #6753, .T. ) ;
#165 = ORIENTED_EDGE ( 'NONE', *, *, #10414, .F. ) ;
#166 = DIRECTION ( 'NONE',  ( -1.000000000000000000, 0.0000000000000000000, 0.0000000000000000000 ) ) ;
#167 = VECTOR ( 'NONE', #7758, 1000.000000000000000 ) ;
#168 = FILL_AREA_STYLE_COLOUR ( '', #2638 ) ;
#169 = VERTEX_POINT ( 'NONE', #8447 ) ;
#170 = SURFACE_STYLE_FILL_AREA ( #9231 ) ;
#171 = SURFACE_STYLE_FILL_AREA ( #12949 ) ;
#172 = LINE ( 'NONE', #4735, #6691 ) ;
#173 = DIRECTION ( 'NONE',  ( 0.0000000000000000000, 0.0000000000000000000, -1.000000000000000000 ) ) ;
#174 =( NAMED_UNIT ( * ) SI_UNIT ( $, .STERADIAN. ) SOLID_ANGLE_UNIT ( ) );
#175 = PRESENTATION_LAYER_ASSIGNMENT (  '', '', ( #865 ) ) ;
#176 = CARTESIAN_POINT ( 'NONE',  ( -8.890000000000000600, 0.0000000000000000000, -10.10920000000000100 ) ) ;
#177 = FILL_AREA_STYLE_COLOUR ( '', #10810 ) ;
#178 =( NAMED_UNIT ( * ) PLANE_ANGLE_UNIT ( ) SI_UNIT ( $, .RADIAN. ) );
#179 = UNCERTAINTY_MEASURE_WITH_UNIT (LENGTH_MEASURE( 1.000000000000000100E-005 ), #7924, 'distance_accuracy_value', 'NONE');
#180 = DIRECTION ( 'NONE',  ( 1.000000000000000000, 1.707404996040162400E-015, 0.0000000000000000000 ) ) ;
#181 = PRESENTATION_LAYER_ASSIGNMENT (  '', '', ( #12248 ) ) ;
#182 = DIRECTION ( 'NONE',  ( 0.0000000000000000000, 0.0000000000000000000, -1.000000000000000000 ) ) ;
#183 = FILL_AREA_STYLE ('',( #10575 ) ) ;
#184 = CARTESIAN_POINT ( 'NONE',  ( 9.080599713000001600, 10.39713725900000300, 8.814624416000002700 ) ) ;
#185 =( NAMED_UNIT ( * ) PLANE_ANGLE_UNIT ( ) SI_UNIT ( $, .RADIAN. ) );
#186 = ADVANCED_FACE ( 'NONE', ( #8969 ), #9211, .F. ) ;
#187 = VECTOR ( 'NONE', #7177, 1000.000000000000000 ) ;
#188 = CARTESIAN_POINT ( 'NONE',  ( -8.890000000000000600, 0.0000000000000000000, -7.569200000000000400 ) ) ;
#189 = ORIENTED_EDGE ( 'NONE', *, *, #5821, .T. ) ;
#190 = DIRECTION ( 'NONE',  ( 0.0000000000000000000, 0.0000000000000000000, -1.000000000000000000 ) ) ;
#191 = EDGE_CURVE ( 'NONE', #3283, #3479, #2472, .T. ) ;
#192 = CARTESIAN_POINT ( 'NONE',  ( 3.267003117000000700, -0.8890000000000001200, -1.338284043000000000 ) ) ;
#193 = CARTESIAN_POINT ( 'NONE',  ( -4.317999999999999600, 0.0000000000000000000, -10.46480000000000000 ) ) ;
#194 = EDGE_CURVE ( 'NONE', #1351, #10047, #3430, .T. ) ;
#195 =( NAMED_UNIT ( * ) PLANE_ANGLE_UNIT ( ) SI_UNIT ( $, .RADIAN. ) );
#196 = SURFACE_STYLE_USAGE ( .BOTH. , #6432 ) ;
#197 = EDGE_LOOP ( 'NONE', ( #1398, #3944, #8293, #4524 ) ) ;
#198 = CARTESIAN_POINT ( 'NONE',  ( -6.299820371000000000, -1.778000000000000200, -1.143000000000000200 ) ) ;
#199 = CARTESIAN_POINT ( 'NONE',  ( 8.890000000000000600, 0.0000000000000000000, -8.964998325999999900 ) ) ;
#200 = DIRECTION ( 'NONE',  ( -1.000000000000000000, 0.0000000000000000000, 0.0000000000000000000 ) ) ;
#201 = DIRECTION ( 'NONE',  ( 0.0000000000000000000, 0.0000000000000000000, 1.000000000000000000 ) ) ;
#202 = CARTESIAN_POINT ( 'NONE',  ( 9.016999999999997700, 1.658000621000000200, -10.24599881200000000 ) ) ;
#203 = MECHANICAL_DESIGN_GEOMETRIC_PRESENTATION_REPRESENTATION (  '', ( #12278 ), #899 ) ;
#204 = AXIS2_PLACEMENT_3D ( 'NONE', #9505, #8898, #8989 ) ;
#205 = COLOUR_RGB ( '',0.7490196078431372600, 1.000000000000000000, 1.000000000000000000 ) ;
#206 = AXIS2_PLACEMENT_3D ( 'NONE', #10227, #4005, #11249 ) ;
#207 = SURFACE_SIDE_STYLE ('',( #9006 ) ) ;
#208 = CARTESIAN_POINT ( 'NONE',  ( 3.263927861116458400, -1.778000000000000200, -1.158705249879485000 ) ) ;
#209 = VERTEX_POINT ( 'NONE', #11722 ) ;
#210 = EDGE_CURVE ( 'NONE', #10691, #4526, #2130, .T. ) ;
#211 = CARTESIAN_POINT ( 'NONE',  ( -5.530603067000000400, 10.54099999999999900, 3.301999999999999600 ) ) ;
#212 = PRESENTATION_STYLE_ASSIGNMENT (( #1048 ) ) ;
#213 = FILL_AREA_STYLE ('',( #11607 ) ) ;
#214 = STYLED_ITEM ( 'NONE', ( #6455 ), #8584 ) ;
#215 = CARTESIAN_POINT ( 'NONE',  ( -9.016999999999997700, 9.737793325999998500, -4.489386680947904800 ) ) ;
#216 = ORIENTED_EDGE ( 'NONE', *, *, #7985, .T. ) ;
#217 = VERTEX_POINT ( 'NONE', #11553 ) ;
#218 = MECHANICAL_DESIGN_GEOMETRIC_PRESENTATION_REPRESENTATION (  '', ( #11612 ), #929 ) ;
#219 = DIRECTION ( 'NONE',  ( 0.0000000000000000000, -1.000000000000000000, 0.0000000000000000000 ) ) ;
#220 = ORIENTED_EDGE ( 'NONE', *, *, #10002, .T. ) ;
#221 = CARTESIAN_POINT ( 'NONE',  ( 9.016999999999999500, 9.229793325999999400, -4.489386681000000900 ) ) ;
#222 = FILL_AREA_STYLE ('',( #12655 ) ) ;
#223 = STYLED_ITEM ( 'NONE', ( #1751 ), #1423 ) ;
#224 = ORIENTED_EDGE ( 'NONE', *, *, #12491, .T. ) ;
#225 = STYLED_ITEM ( 'NONE', ( #2785 ), #7902 ) ;
#226 = SURFACE_STYLE_FILL_AREA ( #3611 ) ;
#227 =( GEOMETRIC_REPRESENTATION_CONTEXT ( 3 ) GLOBAL_UNCERTAINTY_ASSIGNED_CONTEXT ( ( #5529 ) ) GLOBAL_UNIT_ASSIGNED_CONTEXT ( ( #10907, #4667, #11894 ) ) REPRESENTATION_CONTEXT ( 'NONE', 'WORKASPACE' ) );
#228 =( NAMED_UNIT ( * ) SI_UNIT ( $, .STERADIAN. ) SOLID_ANGLE_UNIT ( ) );
#229 = EDGE_CURVE ( 'NONE', #8575, #4160, #4899, .T. ) ;
#230 = UNCERTAINTY_MEASURE_WITH_UNIT (LENGTH_MEASURE( 1.000000000000000100E-005 ), #2145, 'distance_accuracy_value', 'NONE');
#231 = EDGE_LOOP ( 'NONE', ( #604, #4806, #11209, #7165 ) ) ;
#232 = ORIENTED_EDGE ( 'NONE', *, *, #11182, .F. ) ;
#233 = PRESENTATION_LAYER_ASSIGNMENT (  '', '', ( #12324 ) ) ;
#234 =( NAMED_UNIT ( * ) SI_UNIT ( $, .STERADIAN. ) SOLID_ANGLE_UNIT ( ) );
#235 = CARTESIAN_POINT ( 'NONE',  ( 1.270000000000000000, -1.778000000000000200, -7.569200000000000400 ) ) ;
#236 = ORIENTED_EDGE ( 'NONE', *, *, #11008, .T. ) ;
#237 = FILL_AREA_STYLE_COLOUR ( '', #8460 ) ;
#238 = VERTEX_POINT ( 'NONE', #11401 ) ;
#239 = CARTESIAN_POINT ( 'NONE',  ( -3.149999998530000700, 8.195800000453500500, 12.06500000000000100 ) ) ;
#240 = CARTESIAN_POINT ( 'NONE',  ( -6.388072139000000100, -0.8890000000000001200, -1.051672975000000000 ) ) ;
#241 = DIRECTION ( 'NONE',  ( -1.000000000000000000, 0.0000000000000000000, 0.0000000000000000000 ) ) ;
#242 = MECHANICAL_DESIGN_GEOMETRIC_PRESENTATION_REPRESENTATION (  '', ( #11641 ), #956 ) ;
#243 =( GEOMETRIC_REPRESENTATION_CONTEXT ( 3 ) GLOBAL_UNCERTAINTY_ASSIGNED_CONTEXT ( ( #10273 ) ) GLOBAL_UNIT_ASSIGNED_CONTEXT ( ( #5365, #12566, #6387 ) ) REPRESENTATION_CONTEXT ( 'NONE', 'WORKASPACE' ) );
#244 = SURFACE_STYLE_FILL_AREA ( #3481 ) ;
#245 =( NAMED_UNIT ( * ) PLANE_ANGLE_UNIT ( ) SI_UNIT ( $, .RADIAN. ) );
#246 = ORIENTED_EDGE ( 'NONE', *, *, #7881, .F. ) ;
#247 = DIRECTION ( 'NONE',  ( -1.000000000000000000, 0.0000000000000000000, 0.0000000000000000000 ) ) ;
#248 = EDGE_LOOP ( 'NONE', ( #4189, #8362, #7391, #4376 ) ) ;
#249 = CARTESIAN_POINT ( 'NONE',  ( 2.031999999999999600, 9.845800000000000600, 3.505199999999999900 ) ) ;
#250 = B_SPLINE_CURVE_WITH_KNOTS ( 'NONE', 3,
 ( #8088, #1850, #9141, #2926 ),
 .UNSPECIFIED., .F., .F.,
 ( 4, 4 ),
 ( 4.171442740523885500E-013, 0.0001673883736114921700 ),
 .UNSPECIFIED. ) ;
#251 = ADVANCED_FACE ( 'NONE', ( #10431 ), #801, .T. ) ;
#252 = LINE ( 'NONE', #9628, #5483 ) ;
#253 = PRESENTATION_LAYER_ASSIGNMENT (  '', '', ( #9616 ) ) ;
#254 = ORIENTED_EDGE ( 'NONE', *, *, #3981, .F. ) ;
#255 = ORIENTED_EDGE ( 'NONE', *, *, #2312, .T. ) ;
#256 = SURFACE_STYLE_FILL_AREA ( #12019 ) ;
#257 = FILL_AREA_STYLE ('',( #9618 ) ) ;
#258 = CARTESIAN_POINT ( 'NONE',  ( 0.0000000000000000000, 8.195800001814001600, 12.06500000000000100 ) ) ;
#259 = PRESENTATION_LAYER_ASSIGNMENT (  '', '', ( #12341 ) ) ;
#260 = VECTOR ( 'NONE', #5841, 1000.000000000000000 ) ;
#261 = CARTESIAN_POINT ( 'NONE',  ( 8.382000000000001400, 2.758984659726385400, 10.55267244927814100 ) ) ;
#262 = VERTEX_POINT ( 'NONE', #10905 ) ;
#263 = DIRECTION ( 'NONE',  ( 0.0000000000000000000, 0.0000000000000000000, -1.000000000000000000 ) ) ;
#264 = ORIENTED_EDGE ( 'NONE', *, *, #6338, .T. ) ;
#265 = SURFACE_STYLE_FILL_AREA ( #8301 ) ;
#266 = MECHANICAL_DESIGN_GEOMETRIC_PRESENTATION_REPRESENTATION (  '', ( #11659 ), #978 ) ;
#267 = VERTEX_POINT ( 'NONE', #11023 ) ;
#268 =( LENGTH_UNIT ( ) NAMED_UNIT ( * ) SI_UNIT ( .MILLI., .METRE. ) );
#269 = DIRECTION ( 'NONE',  ( 3.414809992080330300E-015, 1.000000000000000000, -1.707404996040165200E-015 ) ) ;
#270 = COLOUR_RGB ( '',0.7490196078431372600, 1.000000000000000000, 1.000000000000000000 ) ;
#271 = DIRECTION ( 'NONE',  ( 0.0000000000000000000, 0.9993539390586464500, 0.03594029059380551800 ) ) ;
#272 = CYLINDRICAL_SURFACE ( 'NONE', #10348, 0.2327200929999988200 ) ;
#273 = CARTESIAN_POINT ( 'NONE',  ( 5.950000000000000200, 1.345799999999999900, 3.505199999999999900 ) ) ;
#274 = CARTESIAN_POINT ( 'NONE',  ( -4.317999999999999600, 0.0000000000000000000, -10.10920000000000100 ) ) ;
#275 = DIRECTION ( 'NONE',  ( 0.0000000000000000000, 0.0000000000000000000, 1.000000000000000000 ) ) ;
#276 = VERTEX_POINT ( 'NONE', #11316 ) ;
#277 = EDGE_CURVE ( 'NONE', #5618, #10804, #11521, .T. ) ;
#278 = ORIENTED_EDGE ( 'NONE', *, *, #3981, .T. ) ;
#279 = VECTOR ( 'NONE', #10082, 1000.000000000000000 ) ;
#280 =( GEOMETRIC_REPRESENTATION_CONTEXT ( 3 ) GLOBAL_UNCERTAINTY_ASSIGNED_CONTEXT ( ( #6246 ) ) GLOBAL_UNIT_ASSIGNED_CONTEXT ( ( #4827, #12052, #5892 ) ) REPRESENTATION_CONTEXT ( 'NONE', 'WORKASPACE' ) );
#281 = VERTEX_POINT ( 'NONE', #5985 ) ;
#282 = FACE_OUTER_BOUND ( 'NONE', #3971, .T. ) ;
#283 = LINE ( 'NONE', #2750, #3089 ) ;
#284 = DIRECTION ( 'NONE',  ( 1.000000000000000000, -1.707404996040162200E-015, 0.0000000000000000000 ) ) ;
#285 = CARTESIAN_POINT ( 'NONE',  ( -4.254710354999999400, 10.96964580000000200, 11.03698555000000100 ) ) ;
#287 = UNCERTAINTY_MEASURE_WITH_UNIT (LENGTH_MEASURE( 1.000000000000000100E-005 ), #808, 'distance_accuracy_value', 'NONE');
#286 = LINE ( 'NONE', #7998, #10730 ) ;
#288 = CARTESIAN_POINT ( 'NONE',  ( -8.890000000000000600, 8.848793326146768800, -3.781386573399692500 ) ) ;
#289 = CARTESIAN_POINT ( 'NONE',  ( 8.636000000000001000, 10.54099999999999900, 8.271012280999999100 ) ) ;
#290 = VERTEX_POINT ( 'NONE', #10680 ) ;
#291 = DIRECTION ( 'NONE',  ( -1.000000000000000000, -0.0000000000000000000, -0.0000000000000000000 ) ) ;
#292 =( NAMED_UNIT ( * ) SI_UNIT ( $, .STERADIAN. ) SOLID_ANGLE_UNIT ( ) );
#293 = DIRECTION ( 'NONE',  ( -0.0000000000000000000, -0.0000000000000000000, 1.000000000000000000 ) ) ;
#294 = ORIENTED_EDGE ( 'NONE', *, *, #6951, .T. ) ;
#295 = EDGE_CURVE ( 'NONE', #7640, #13030, #6344, .T. ) ;
#296 = ORIENTED_EDGE ( 'NONE', *, *, #11949, .T. ) ;
#297 = PLANE ( 'NONE',  #11103 ) ;
#298 = FILL_AREA_STYLE_COLOUR ( '', #7423 ) ;
#299 = LINE ( 'NONE', #1632, #2768 ) ;
#300 = VECTOR ( 'NONE', #1749, 1000.000000000000000 ) ;
#301 = EDGE_CURVE ( 'NONE', #3810, #4438, #9119, .T. ) ;
#302 = SURFACE_STYLE_USAGE ( .BOTH. , #319 ) ;
#303 = DIRECTION ( 'NONE',  ( 0.0000000000000000000, 0.0000000000000000000, -1.000000000000000000 ) ) ;
#305 = VECTOR ( 'NONE', #3762, 1000.000000000000000 ) ;
#304 = DIRECTION ( 'NONE',  ( 1.000000000000000000, 0.0000000000000000000, 0.0000000000000000000 ) ) ;
#306 = FACE_OUTER_BOUND ( 'NONE', #4133, .T. ) ;
#307 = ORIENTED_EDGE ( 'NONE', *, *, #9731, .F. ) ;
#308 = EDGE_CURVE ( 'NONE', #5367, #717, #3587, .T. ) ;
#309 = ORIENTED_EDGE ( 'NONE', *, *, #7179, .F. ) ;
#310 = SURFACE_SIDE_STYLE ('',( #13166 ) ) ;
#311 = PLANE ( 'NONE',  #6587 ) ;
#312 = FACE_BOUND ( 'NONE', #11326, .T. ) ;
#313 = VECTOR ( 'NONE', #12418, 1000.000000000000000 ) ;
#314 = STYLED_ITEM ( 'NONE', ( #6287 ), #3537 ) ;
#315 = COLOUR_RGB ( '',0.7490196078431372600, 1.000000000000000000, 1.000000000000000000 ) ;
#316 = CARTESIAN_POINT ( 'NONE',  ( 8.890000000000000600, 8.248718325999997000, -2.335149762999999500 ) ) ;
#317 = ORIENTED_EDGE ( 'NONE', *, *, #9462, .F. ) ;
#318 =( GEOMETRIC_REPRESENTATION_CONTEXT ( 3 ) GLOBAL_UNCERTAINTY_ASSIGNED_CONTEXT ( ( #5016 ) ) GLOBAL_UNIT_ASSIGNED_CONTEXT ( ( #8590, #2373, #9660 ) ) REPRESENTATION_CONTEXT ( 'NONE', 'WORKASPACE' ) );
#319 = SURFACE_SIDE_STYLE ('',( #422 ) ) ;
#320 = CARTESIAN_POINT ( 'NONE',  ( -8.610599999999999800, 10.54099999999999900, 8.814624416000002700 ) ) ;
#321 = CARTESIAN_POINT ( 'NONE',  ( -7.264400000000000200, -1.778000000000000200, 8.000999999999999400 ) ) ;
#322 = EDGE_LOOP ( 'NONE', ( #6574, #3582, #3119, #1511 ) ) ;
#323 = SURFACE_SIDE_STYLE ('',( #11522 ) ) ;
#324 = EDGE_CURVE ( 'NONE', #8575, #4731, #476, .T. ) ;
#325 = PLANE ( 'NONE',  #11283 ) ;
#326 = ADVANCED_FACE ( 'NONE', ( #8469 ), #9917, .F. ) ;
#327 = ORIENTED_EDGE ( 'NONE', *, *, #3500, .T. ) ;
#328 = SURFACE_STYLE_FILL_AREA ( #9379 ) ;
#329 =( NAMED_UNIT ( * ) PLANE_ANGLE_UNIT ( ) SI_UNIT ( $, .RADIAN. ) );
#330 = AXIS2_PLACEMENT_3D ( 'NONE', #9480, #9520, #7420 ) ;
#331 = DIRECTION ( 'NONE',  ( -0.0000000000000000000, -0.0000000000000000000, -1.000000000000000000 ) ) ;
#332 = DIRECTION ( 'NONE',  ( 0.0000000000000000000, 0.0000000000000000000, -1.000000000000000000 ) ) ;
#333 = SURFACE_SIDE_STYLE ('',( #8464 ) ) ;
#334 = CARTESIAN_POINT ( 'NONE',  ( 6.388072139125809700, -1.778000000000000000, -1.051672975121573000 ) ) ;
#335 =( GEOMETRIC_REPRESENTATION_CONTEXT ( 3 ) GLOBAL_UNCERTAINTY_ASSIGNED_CONTEXT ( ( #2139 ) ) GLOBAL_UNIT_ASSIGNED_CONTEXT ( ( #8676, #2469, #9744 ) ) REPRESENTATION_CONTEXT ( 'NONE', 'WORKASPACE' ) );
#336 = CARTESIAN_POINT ( 'NONE',  ( 8.635999999999999200, 8.248718325999997000, -9.026401162000000900 ) ) ;
#337 =( NAMED_UNIT ( * ) PLANE_ANGLE_UNIT ( ) SI_UNIT ( $, .RADIAN. ) );
#338 = FILL_AREA_STYLE_COLOUR ( '', #3408 ) ;
#339 = CARTESIAN_POINT ( 'NONE',  ( -8.635999999999999200, 11.04899999999999900, -12.06500000000000100 ) ) ;
#340 = CARTESIAN_POINT ( 'NONE',  ( -8.890000000000002300, 0.9500005112220001300, -10.51499916300000100 ) ) ;
#341 = FILL_AREA_STYLE ('',( #12759 ) ) ;
#342 = VECTOR ( 'NONE', #11456, 1000.000000000000000 ) ;
#343 = ORIENTED_EDGE ( 'NONE', *, *, #1779, .T. ) ;
#344 = CARTESIAN_POINT ( 'NONE',  ( -9.230315996305011000, 3.841033479922716600, 10.10464051027591400 ) ) ;
#345 =( GEOMETRIC_REPRESENTATION_CONTEXT ( 3 ) GLOBAL_UNCERTAINTY_ASSIGNED_CONTEXT ( ( #12239 ) ) GLOBAL_UNIT_ASSIGNED_CONTEXT ( ( #3504, #10806, #4558 ) ) REPRESENTATION_CONTEXT ( 'NONE', 'WORKASPACE' ) );
#346 =( NAMED_UNIT ( * ) PLANE_ANGLE_UNIT ( ) SI_UNIT ( $, .RADIAN. ) );
#347 = CARTESIAN_POINT ( 'NONE',  ( -8.890000000000000600, 0.0000000000000000000, 8.000999999999999400 ) ) ;
#348 = CARTESIAN_POINT ( 'NONE',  ( -8.890000000000000600, -1.165775448057019000, -0.5080000027966560200 ) ) ;
#349 = ORIENTED_EDGE ( 'NONE', *, *, #5094, .T. ) ;
#350 = ORIENTED_EDGE ( 'NONE', *, *, #7648, .T. ) ;
#351 = CARTESIAN_POINT ( 'NONE',  ( -3.747926352000000800, 10.54100000000000000, 11.56604519000000100 ) ) ;
#352 =( NAMED_UNIT ( * ) PLANE_ANGLE_UNIT ( ) SI_UNIT ( $, .RADIAN. ) );
#353 = DIRECTION ( 'NONE',  ( -0.0000000000000000000, -1.000000000000000000, -0.0000000000000000000 ) ) ;
#354 = VECTOR ( 'NONE', #3546, 1000.000000000000000 ) ;
#355 = VECTOR ( 'NONE', #816, 1000.000000000000000 ) ;
#356 =( NAMED_UNIT ( * ) PLANE_ANGLE_UNIT ( ) SI_UNIT ( $, .RADIAN. ) );
#357 = EDGE_CURVE ( 'NONE', #9285, #5460, #4729, .T. ) ;
#358 = ORIENTED_EDGE ( 'NONE', *, *, #12363, .T. ) ;
#359 = VERTEX_POINT ( 'NONE', #12568 ) ;
#360 = CARTESIAN_POINT ( 'NONE',  ( -8.635999999999999200, 9.229793325999999400, -4.673387328999999600 ) ) ;
#361 = EDGE_CURVE ( 'NONE', #7076, #11592, #7164, .T. ) ;
#362 = SURFACE_STYLE_USAGE ( .BOTH. , #4513 ) ;
#363 = DIRECTION ( 'NONE',  ( 0.0000000000000000000, 1.000000000000000000, 0.0000000000000000000 ) ) ;
#364 =( BOUNDED_CURVE ( )  B_SPLINE_CURVE ( 3, ( #1248, #7499, #155, #8529 ),
 .UNSPECIFIED., .F., .F. ) 
 B_SPLINE_CURVE_WITH_KNOTS ( ( 4, 4 ),
 ( 5.423197840727100400, 5.495289615611014300 ),
 .UNSPECIFIED. ) 
 CURVE ( )  GEOMETRIC_REPRESENTATION_ITEM ( )  RATIONAL_B_SPLINE_CURVE ( ( 1.000000000000000000, 0.9995669448918118600, 0.9995669448918118600, 1.000000000000000000 ) ) 
 REPRESENTATION_ITEM ( '' )  );
#365 = SURFACE_STYLE_USAGE ( .BOTH. , #6607 ) ;
#366 = EDGE_LOOP ( 'NONE', ( #10088, #12629, #11581, #7280 ) ) ;
#367 = DIRECTION ( 'NONE',  ( 0.0000000000000000000, 0.0000000000000000000, -1.000000000000000000 ) ) ;
#368 = DIRECTION ( 'NONE',  ( -0.0000000000000000000, -1.000000000000000000, -0.0000000000000000000 ) ) ;
#369 = FILL_AREA_STYLE_COLOUR ( '', #8746 ) ;
#370 = ORIENTED_EDGE ( 'NONE', *, *, #10893, .T. ) ;
#371 = CARTESIAN_POINT ( 'NONE',  ( 9.080599712968789200, 10.39713725914011600, 8.814624416000002700 ) ) ;
#372 = ORIENTED_EDGE ( 'NONE', *, *, #6825, .F. ) ;
#373 = STYLED_ITEM ( 'NONE', ( #13241 ), #3143 ) ;
#374 = ADVANCED_FACE ( 'NONE', ( #1637 ), #11363, .F. ) ;
#375 = COLOUR_RGB ( '',0.7490196078431372600, 1.000000000000000000, 1.000000000000000000 ) ;
#376 = AXIS2_PLACEMENT_3D ( 'NONE', #6550, #6561, #10764 ) ;
#377 = CYLINDRICAL_SURFACE ( 'NONE', #11709, 0.1269999999999999500 ) ;
#378 = DIRECTION ( 'NONE',  ( 1.000000000000000000, 0.0000000000000000000, 0.0000000000000000000 ) ) ;
#379 =( LENGTH_UNIT ( ) NAMED_UNIT ( * ) SI_UNIT ( .MILLI., .METRE. ) );
#380 = FILL_AREA_STYLE_COLOUR ( '', #11627 ) ;
#381 = EDGE_LOOP ( 'NONE', ( #1065, #8204, #6917, #93 ) ) ;
#382 = EDGE_LOOP ( 'NONE', ( #11375, #7379, #10208, #1042 ) ) ;
#383 = EDGE_CURVE ( 'NONE', #7802, #2127, #8954, .T. ) ;
#384 = CARTESIAN_POINT ( 'NONE',  ( 4.254710354999999400, 11.14202321650000000, 11.49329482250000100 ) ) ;
#385 = ORIENTED_EDGE ( 'NONE', *, *, #13453, .T. ) ;
#386 = PRESENTATION_LAYER_ASSIGNMENT (  '', '', ( #12471 ) ) ;
#387 = FACE_OUTER_BOUND ( 'NONE', #1833, .T. ) ;
#388 = FILL_AREA_STYLE ('',( #369 ) ) ;
#389 = DIRECTION ( 'NONE',  ( -0.0000000000000000000, -1.000000000000000000, -0.0000000000000000000 ) ) ;
#390 = SURFACE_STYLE_USAGE ( .BOTH. , #441 ) ;
#391 = PRESENTATION_LAYER_ASSIGNMENT (  '', '', ( #1104 ) ) ;
#392 = UNCERTAINTY_MEASURE_WITH_UNIT (LENGTH_MEASURE( 1.000000000000000100E-005 ), #10789, 'distance_accuracy_value', 'NONE');
#393 = DIRECTION ( 'NONE',  ( 0.0000000000000000000, 0.0000000000000000000, 1.000000000000000000 ) ) ;
#394 = EDGE_LOOP ( 'NONE', ( #8807, #5510, #3852, #11673 ) ) ;
#395 = CARTESIAN_POINT ( 'NONE',  ( 8.636000000000001000, 2.350001269000000300, -10.24599881205209500 ) ) ;
#396 = ORIENTED_EDGE ( 'NONE', *, *, #3558, .F. ) ;
#398 = PRESENTATION_LAYER_ASSIGNMENT (  '', '', ( #13165 ) ) ;
#397 =( NAMED_UNIT ( * ) PLANE_ANGLE_UNIT ( ) SI_UNIT ( $, .RADIAN. ) );
#399 = PRESENTATION_LAYER_ASSIGNMENT (  '', '', ( #12483 ) ) ;
#400 = ORIENTED_EDGE ( 'NONE', *, *, #7167, .T. ) ;
#401 = FACE_OUTER_BOUND ( 'NONE', #382, .T. ) ;
#402 = DIRECTION ( 'NONE',  ( 0.0000000000000000000, 0.0000000000000000000, 1.000000000000000000 ) ) ;
#403 = LINE ( 'NONE', #4407, #8398 ) ;
#404 = EDGE_CURVE ( 'NONE', #8015, #2705, #6187, .T. ) ;
#405 = AXIS2_PLACEMENT_3D ( 'NONE', #9975, #3739, #10992 ) ;
#406 = FILL_AREA_STYLE_COLOUR ( '', #7442 ) ;
#407 = SURFACE_STYLE_USAGE ( .BOTH. , #6651 ) ;
#408 = COLOUR_RGB ( '',0.7490196078431372600, 1.000000000000000000, 1.000000000000000000 ) ;
#409 = DIRECTION ( 'NONE',  ( -1.000000000000000000, 0.0000000000000000000, 0.0000000000000000000 ) ) ;
#410 = VERTEX_POINT ( 'NONE', #12347 ) ;
#411 = ORIENTED_EDGE ( 'NONE', *, *, #853, .F. ) ;
#412 = DIRECTION ( 'NONE',  ( 0.0000000000000000000, 1.000000000000000000, 0.0000000000000000000 ) ) ;
#413 = ORIENTED_EDGE ( 'NONE', *, *, #5313, .F. ) ;
#414 = DIRECTION ( 'NONE',  ( 0.0000000000000000000, 0.0000000000000000000, 1.000000000000000000 ) ) ;
#415 = CARTESIAN_POINT ( 'NONE',  ( 5.841999999999999600, 0.0000000000000000000, -10.10920000000000100 ) ) ;
#416 = VERTEX_POINT ( 'NONE', #12163 ) ;
#417 = VERTEX_POINT ( 'NONE', #12297 ) ;
#418 =( NAMED_UNIT ( * ) SI_UNIT ( $, .STERADIAN. ) SOLID_ANGLE_UNIT ( ) );
#419 = LINE ( 'NONE', #4418, #8413 ) ;
#420 = FILL_AREA_STYLE ('',( #9797 ) ) ;
#421 = FILL_AREA_STYLE ('',( #6618 ) ) ;
#422 = SURFACE_STYLE_FILL_AREA ( #388 ) ;
#423 = ORIENTED_EDGE ( 'NONE', *, *, #9904, .T. ) ;
#424 = VECTOR ( 'NONE', #12477, 1000.000000000000000 ) ;
#425 = PRESENTATION_STYLE_ASSIGNMENT (( #10344 ) ) ;
#426 = CARTESIAN_POINT ( 'NONE',  ( 8.990000000000000200, 1.247224551999999600, -0.8382000000000000600 ) ) ;
#427 = CARTESIAN_POINT ( 'NONE',  ( 5.801475412105868500, 11.23840813390762600, 11.42054445889659500 ) ) ;
#428 = VERTEX_POINT ( 'NONE', #12800 ) ;
#429 = SURFACE_SIDE_STYLE ('',( #11101 ) ) ;
#430 = MECHANICAL_DESIGN_GEOMETRIC_PRESENTATION_REPRESENTATION (  '', ( #12512 ), #1140 ) ;
#431 = VECTOR ( 'NONE', #9051, 1000.000000000000000 ) ;
#432 = FACE_BOUND ( 'NONE', #2099, .T. ) ;
#433 = CARTESIAN_POINT ( 'NONE',  ( 7.264400000000000200, -0.8890000000000001200, 8.000999999999999400 ) ) ;
#434 = VECTOR ( 'NONE', #9207, 1000.000000000000000 ) ;
#435 =( NAMED_UNIT ( * ) SI_UNIT ( $, .STERADIAN. ) SOLID_ANGLE_UNIT ( ) );
#436 = ORIENTED_EDGE ( 'NONE', *, *, #12600, .T. ) ;
#437 = CARTESIAN_POINT ( 'NONE',  ( 4.737748231875017700, 2.862775973761842200E-016, 0.3664724568706612700 ) ) ;
#438 = SURFACE_SIDE_STYLE ('',( #901 ) ) ;
#439 = VERTEX_POINT ( 'NONE', #12203 ) ;
#440 = VECTOR ( 'NONE', #5723, 1000.000000000000000 ) ;
#441 = SURFACE_SIDE_STYLE ('',( #1591 ) ) ;
#442 = DIRECTION ( 'NONE',  ( 1.000000000000000000, 0.0000000000000000000, 0.0000000000000000000 ) ) ;
#443 = LINE ( 'NONE', #7951, #2925 ) ;
#444 = CARTESIAN_POINT ( 'NONE',  ( -5.029410354999999600, 11.08582716800000000, 4.905350693000001700 ) ) ;
#445 = PLANE ( 'NONE',  #1950 ) ;
#446 = VERTEX_POINT ( 'NONE', #12246 ) ;
#447 = UNCERTAINTY_MEASURE_WITH_UNIT (LENGTH_MEASURE( 1.000000000000000100E-005 ), #3939, 'distance_accuracy_value', 'NONE');
#448 = ADVANCED_FACE ( 'NONE', ( #8304 ), #12026, .F. ) ;
#449 = PRESENTATION_STYLE_ASSIGNMENT (( #5966 ) ) ;
#450 = EDGE_CURVE ( 'NONE', #267, #2352, #5438, .T. ) ;
#451 = STYLED_ITEM ( 'NONE', ( #931 ), #6334 ) ;
#452 = ORIENTED_EDGE ( 'NONE', *, *, #6222, .F. ) ;
#453 = ORIENTED_EDGE ( 'NONE', *, *, #1342, .T. ) ;
#454 = SURFACE_STYLE_FILL_AREA ( #183 ) ;
#455 = CARTESIAN_POINT ( 'NONE',  ( -8.382000000000001400, 2.776954804999999900, 10.05299548000000000 ) ) ;
#456 = CARTESIAN_POINT ( 'NONE',  ( -8.890000000000000600, 0.0000000000000000000, 12.06500000000000100 ) ) ;
#457 = CIRCLE ( 'NONE', #376, 0.5000000000000004400 ) ;
#458 = VECTOR ( 'NONE', #11805, 1000.000000000000000 ) ;
#459 =( NAMED_UNIT ( * ) SI_UNIT ( $, .STERADIAN. ) SOLID_ANGLE_UNIT ( ) );
#460 = ORIENTED_EDGE ( 'NONE', *, *, #973, .F. ) ;
#461 = DIRECTION ( 'NONE',  ( -1.000000000000000000, -0.0000000000000000000, -0.0000000000000000000 ) ) ;
#462 = COLOUR_RGB ( '',0.7529411764705882200, 1.000000000000000000, 1.000000000000000000 ) ;
#463 = CARTESIAN_POINT ( 'NONE',  ( -8.382000000000001400, 2.276954804999999900, 9.050557955000002200 ) ) ;
#465 = STYLED_ITEM ( 'NONE', ( #1489 ), #101 ) ;
#464 = LINE ( 'NONE', #3350, #11203 ) ;
#466 = STYLED_ITEM ( 'NONE', ( #12006 ), #6540 ) ;
#467 = PLANE ( 'NONE',  #10865 ) ;
#468 = FILL_AREA_STYLE_COLOUR ( '', #7252 ) ;
#469 = VERTEX_POINT ( 'NONE', #9714 ) ;
#470 = ORIENTED_EDGE ( 'NONE', *, *, #13389, .T. ) ;
#471 = FILL_AREA_STYLE_COLOUR ( '', #7452 ) ;
#472 = CARTESIAN_POINT ( 'NONE',  ( 8.890000000436739200, 10.54099999999999900, 8.814624416000002700 ) ) ;
#473 = EDGE_CURVE ( 'NONE', #4269, #5214, #12791, .T. ) ;
#474 = VECTOR ( 'NONE', #4483, 1000.000000000000000 ) ;
#475 = SURFACE_STYLE_FILL_AREA ( #11270 ) ;
#476 = LINE ( 'NONE', #10209, #5714 ) ;
#477 = STYLED_ITEM ( 'NONE', ( #12902 ), #8458 ) ;
#478 = VERTEX_POINT ( 'NONE', #7986 ) ;
#479 = PRESENTATION_STYLE_ASSIGNMENT (( #7074 ) ) ;
#480 = SURFACE_STYLE_USAGE ( .BOTH. , #6714 ) ;
#481 = UNCERTAINTY_MEASURE_WITH_UNIT (LENGTH_MEASURE( 1.000000000000000100E-005 ), #8495, 'distance_accuracy_value', 'NONE');
#482 = CARTESIAN_POINT ( 'NONE',  ( -7.518399999999999700, -1.778000000000000200, 7.493000000000000300 ) ) ;
#483 = MECHANICAL_DESIGN_GEOMETRIC_PRESENTATION_REPRESENTATION (  '', ( #12546 ), #1187 ) ;
#484 = ORIENTED_EDGE ( 'NONE', *, *, #4742, .T. ) ;
#485 = CARTESIAN_POINT ( 'NONE',  ( 3.228254885999999800, -1.778000000000000500, -1.246957018000000000 ) ) ;
#486 =( NAMED_UNIT ( * ) SI_UNIT ( $, .STERADIAN. ) SOLID_ANGLE_UNIT ( ) );
#487 = STYLED_ITEM ( 'NONE', ( #1096 ), #1218 ) ;
#488 = STYLED_ITEM ( 'NONE', ( #4892 ), #7702 ) ;
#489 = FACE_OUTER_BOUND ( 'NONE', #3564, .T. ) ;
#490 = ORIENTED_EDGE ( 'NONE', *, *, #807, .F. ) ;
#491 =( NAMED_UNIT ( * ) PLANE_ANGLE_UNIT ( ) SI_UNIT ( $, .RADIAN. ) );
#492 = DIRECTION ( 'NONE',  ( 0.0000000000000000000, 0.0000000000000000000, -1.000000000000000000 ) ) ;
#493 =( GEOMETRIC_REPRESENTATION_CONTEXT ( 3 ) GLOBAL_UNCERTAINTY_ASSIGNED_CONTEXT ( ( #5546 ) ) GLOBAL_UNIT_ASSIGNED_CONTEXT ( ( #3404, #10682, #4450 ) ) REPRESENTATION_CONTEXT ( 'NONE', 'WORKASPACE' ) );
#494 = EDGE_CURVE ( 'NONE', #11248, #4092, #11054, .T. ) ;
#495 = AXIS2_PLACEMENT_3D ( 'NONE', #9430, #3190, #10470 ) ;
#496 = CARTESIAN_POINT ( 'NONE',  ( 3.301999999999999600, -1.778000000000000200, -7.924799999999999400 ) ) ;
#497 = UNCERTAINTY_MEASURE_WITH_UNIT (LENGTH_MEASURE( 1.000000000000000100E-005 ), #8885, 'distance_accuracy_value', 'NONE');
#498 = FILL_AREA_STYLE_COLOUR ( '', #11669 ) ;
#499 = UNCERTAINTY_MEASURE_WITH_UNIT (LENGTH_MEASURE( 1.000000000000000100E-005 ), #11921, 'distance_accuracy_value', 'NONE');
#500 = EDGE_LOOP ( 'NONE', ( #9718, #12087, #6812, #12344 ) ) ;
#501 = MECHANICAL_DESIGN_GEOMETRIC_PRESENTATION_REPRESENTATION (  '', ( #12572 ), #1214 ) ;
#502 = LINE ( 'NONE', #10756, #11242 ) ;
#503 = SURFACE_STYLE_USAGE ( .BOTH. , #12834 ) ;
#504 = CARTESIAN_POINT ( 'NONE',  ( 8.635999999999999200, 10.04879397399999900, -4.581387004999999800 ) ) ;
#505 = CARTESIAN_POINT ( 'NONE',  ( 8.890000000000002300, 10.54099999999999900, 8.271012280999999100 ) ) ;
#506 = LINE ( 'NONE', #941, #187 ) ;
#507 =( LENGTH_UNIT ( ) NAMED_UNIT ( * ) SI_UNIT ( .MILLI., .METRE. ) );
#508 = SURFACE_SIDE_STYLE ('',( #1445 ) ) ;
#509 = CARTESIAN_POINT ( 'NONE',  ( -4.254710354999999400, 10.64219414800000000, 11.56604519000000100 ) ) ;
#510 = PLANE ( 'NONE',  #5375 ) ;
#511 = SURFACE_STYLE_USAGE ( .BOTH. , #6747 ) ;
#512 = DIRECTION ( 'NONE',  ( 0.0000000000000000000, 0.0000000000000000000, 1.000000000000000000 ) ) ;
#513 = VERTEX_POINT ( 'NONE', #12108 ) ;
#514 = CARTESIAN_POINT ( 'NONE',  ( -8.382000000000001400, 10.54099999999999900, 9.551776716999999200 ) ) ;
#515 = STYLED_ITEM ( 'NONE', ( #8736 ), #4965 ) ;
#516 = SURFACE_SIDE_STYLE ('',( #6818 ) ) ;
#517 = ADVANCED_FACE ( 'NONE', ( #10094 ), #7509, .F. ) ;
#518 = COLOUR_RGB ( '',0.7490196078431372600, 1.000000000000000000, 1.000000000000000000 ) ;
#519 = AXIS2_PLACEMENT_3D ( 'NONE', #8506, #2295, #9566 ) ;
#520 = PLANE ( 'NONE',  #5655 ) ;
#521 = ORIENTED_EDGE ( 'NONE', *, *, #7670, .F. ) ;
#522 =( NAMED_UNIT ( * ) SI_UNIT ( $, .STERADIAN. ) SOLID_ANGLE_UNIT ( ) );
#523 = ORIENTED_EDGE ( 'NONE', *, *, #6680, .F. ) ;
#524 = SURFACE_STYLE_USAGE ( .BOTH. , #6766 ) ;
#525 = CARTESIAN_POINT ( 'NONE',  ( 4.527472041999999400, 10.79499999999999800, 3.301999999999999600 ) ) ;
#526 = ORIENTED_EDGE ( 'NONE', *, *, #9731, .T. ) ;
#527 = EDGE_CURVE ( 'NONE', #3095, #3992, #1785, .T. ) ;
#528 = DIRECTION ( 'NONE',  ( 1.000000000000000000, 0.0000000000000000000, 0.0000000000000000000 ) ) ;
#529 = DIRECTION ( 'NONE',  ( 0.0000000000000000000, -1.000000000000000000, 0.0000000000000000000 ) ) ;
#530 = ORIENTED_EDGE ( 'NONE', *, *, #7206, .F. ) ;
#531 = CARTESIAN_POINT ( 'NONE',  ( -7.264400000000000200, 0.0000000000000000000, 2.920999999999999800 ) ) ;
#532 = CARTESIAN_POINT ( 'NONE',  ( -2.032000000000000500, -1.778000000000000200, -10.10920000000000100 ) ) ;
#533 = DIRECTION ( 'NONE',  ( 1.000000000000000000, 0.0000000000000000000, 0.0000000000000000000 ) ) ;
#534 = VECTOR ( 'NONE', #10405, 1000.000000000000000 ) ;
#535 = FACE_OUTER_BOUND ( 'NONE', #9385, .T. ) ;
#536 = UNCERTAINTY_MEASURE_WITH_UNIT (LENGTH_MEASURE( 1.000000000000000100E-005 ), #3521, 'distance_accuracy_value', 'NONE');
#537 = EDGE_CURVE ( 'NONE', #7597, #9190, #789, .T. ) ;
#538 = ORIENTED_EDGE ( 'NONE', *, *, #9010, .T. ) ;
#539 = EDGE_LOOP ( 'NONE', ( #9414, #13380, #5159, #677 ) ) ;
#540 = PLANE ( 'NONE',  #8610 ) ;
#541 = CARTESIAN_POINT ( 'NONE',  ( 1.778000000000000200, -1.778000000000000200, -10.46480000000000000 ) ) ;
#542 = EDGE_CURVE ( 'NONE', #5211, #2501, #11510, .T. ) ;
#543 = CARTESIAN_POINT ( 'NONE',  ( 3.747926352240001300, 11.04899999999999900, 11.56604519272999800 ) ) ;
#544 = ORIENTED_EDGE ( 'NONE', *, *, #12034, .F. ) ;
#545 = ORIENTED_EDGE ( 'NONE', *, *, #2517, .F. ) ;
#546 = PLANE ( 'NONE',  #3918 ) ;
#547 = CARTESIAN_POINT ( 'NONE',  ( 8.762999999999999900, 0.9500005130000001000, -11.06499945999999900 ) ) ;
#548 = EDGE_CURVE ( 'NONE', #2911, #4221, #8780, .T. ) ;
#549 = FACE_OUTER_BOUND ( 'NONE', #12094, .T. ) ;
#550 = DIRECTION ( 'NONE',  ( 0.6948958119175191500, 0.0000000000000000000, -0.7191104300310848800 ) ) ;
#551 = CARTESIAN_POINT ( 'NONE',  ( 3.301999999999999600, -1.778000000000000200, -7.924799999999999400 ) ) ;
#552 = SURFACE_STYLE_USAGE ( .BOTH. , #6800 ) ;
#553 = VECTOR ( 'NONE', #10674, 1000.000000000000000 ) ;
#554 = CARTESIAN_POINT ( 'NONE',  ( -8.890000000000000600, 11.04899999999999900, -11.82668283600000300 ) ) ;
#555 = VERTEX_POINT ( 'NONE', #10814 ) ;
#556 = ORIENTED_EDGE ( 'NONE', *, *, #8229, .T. ) ;
#557 = DIRECTION ( 'NONE',  ( 1.000000000000000000, 0.0000000000000000000, 0.0000000000000000000 ) ) ;
#558 =( GEOMETRIC_REPRESENTATION_CONTEXT ( 3 ) GLOBAL_UNCERTAINTY_ASSIGNED_CONTEXT ( ( #9270 ) ) GLOBAL_UNIT_ASSIGNED_CONTEXT ( ( #6072, #13281, #7102 ) ) REPRESENTATION_CONTEXT ( 'NONE', 'WORKASPACE' ) );
#559 =( GEOMETRIC_REPRESENTATION_CONTEXT ( 3 ) GLOBAL_UNCERTAINTY_ASSIGNED_CONTEXT ( ( #10139 ) ) GLOBAL_UNIT_ASSIGNED_CONTEXT ( ( #6615, #6664, #6710 ) ) REPRESENTATION_CONTEXT ( 'NONE', 'WORKASPACE' ) );
#560 = ORIENTED_EDGE ( 'NONE', *, *, #7262, .T. ) ;
#561 = ORIENTED_EDGE ( 'NONE', *, *, #11537, .T. ) ;
#562 = PRESENTATION_LAYER_ASSIGNMENT (  '', '', ( #12647 ) ) ;
#563 = VECTOR ( 'NONE', #11761, 1000.000000000000000 ) ;
#564 = CARTESIAN_POINT ( 'NONE',  ( 3.355254885999997800, 0.0000000000000000000, -1.246957018000000000 ) ) ;
#565 = DIRECTION ( 'NONE',  ( -1.000000000000000000, -0.0000000000000000000, -0.0000000000000000000 ) ) ;
#566 = CARTESIAN_POINT ( 'NONE',  ( 7.227737259999998700, 8.536145111999999800, 8.814624416000002700 ) ) ;
#567 = EDGE_CURVE ( 'NONE', #7960, #10855, #3572, .T. ) ;
#568 = ORIENTED_EDGE ( 'NONE', *, *, #8341, .T. ) ;
#569 = EDGE_LOOP ( 'NONE', ( #6063, #3871, #7716, #3980, #12943, #3505, #3511, #10526, #2112 ) ) ;
#570 = EDGE_CURVE ( 'NONE', #690, #7402, #457, .T. ) ;
#571 = ORIENTED_EDGE ( 'NONE', *, *, #8777, .T. ) ;
#572 = ORIENTED_EDGE ( 'NONE', *, *, #8853, .F. ) ;
#573 = CARTESIAN_POINT ( 'NONE',  ( -9.016999999999999500, 1.150000621000000200, -10.11899881199999900 ) ) ;
#575 = CARTESIAN_POINT ( 'NONE',  ( 4.829075255999996800, 0.0000000000000000000, 0.2782206890000000800 ) ) ;
#574 = CIRCLE ( 'NONE', #3458, 0.1269999999999999500 ) ;
#576 = COLOUR_RGB ( '',0.7490196078431372600, 1.000000000000000000, 1.000000000000000000 ) ;
#577 = STYLED_ITEM ( 'NONE', ( #7464 ), #4495 ) ;
#578 = FACE_BOUND ( 'NONE', #4040, .T. ) ;
#580 = STYLED_ITEM ( 'NONE', ( #708 ), #2049 ) ;
#579 =( NAMED_UNIT ( * ) SI_UNIT ( $, .STERADIAN. ) SOLID_ANGLE_UNIT ( ) );
#581 =( LENGTH_UNIT ( ) NAMED_UNIT ( * ) SI_UNIT ( .MILLI., .METRE. ) );
#582 = LINE ( 'NONE', #3570, #260 ) ;
#583 = ADVANCED_FACE ( 'NONE', ( #5700 ), #6539, .F. ) ;
#584 = ORIENTED_EDGE ( 'NONE', *, *, #3924, .F. ) ;
#585 = PRESENTATION_LAYER_ASSIGNMENT (  '', '', ( #11294 ) ) ;
#586 = PRESENTATION_STYLE_ASSIGNMENT (( #5444 ) ) ;
#587 = VECTOR ( 'NONE', #12510, 1000.000000000000000 ) ;
#588 = ORIENTED_EDGE ( 'NONE', *, *, #1364, .T. ) ;
#589 = ORIENTED_EDGE ( 'NONE', *, *, #7797, .F. ) ;
#590 = CARTESIAN_POINT ( 'NONE',  ( 8.890000000000000600, -0.7111962200000000500, -0.8382000000000000600 ) ) ;
#591 = LINE ( 'NONE', #12710, #3069 ) ;
#592 = CARTESIAN_POINT ( 'NONE',  ( -6.349999999999999600, 0.0000000000000000000, -10.46480000000000000 ) ) ;
#593 = DIRECTION ( 'NONE',  ( 0.03594029052531119700, 0.0000000000000000000, -0.9993539390611097000 ) ) ;
#594 = CARTESIAN_POINT ( 'NONE',  ( 9.016999999999999500, 1.658000621000000200, -10.24599881200000000 ) ) ;
#595 = CARTESIAN_POINT ( 'NONE',  ( -7.772400000000000200, -0.8890000000000001200, 4.953000000000001200 ) ) ;
#596 = FILL_AREA_STYLE ('',( #4756 ) ) ;
#597 =( LENGTH_UNIT ( ) NAMED_UNIT ( * ) SI_UNIT ( .MILLI., .METRE. ) );
#598 = ORIENTED_EDGE ( 'NONE', *, *, #4054, .T. ) ;
#599 = LINE ( 'NONE', #13103, #6156 ) ;
#600 = SURFACE_SIDE_STYLE ('',( #7006 ) ) ;
#601 = SURFACE_STYLE_USAGE ( .BOTH. , #6851 ) ;
#602 = CARTESIAN_POINT ( 'NONE',  ( 8.890000000000000600, 10.74927999919566600, 12.06500000000000100 ) ) ;
#603 = MECHANICAL_DESIGN_GEOMETRIC_PRESENTATION_REPRESENTATION (  '', ( #11983 ), #1318 ) ;
#604 = ORIENTED_EDGE ( 'NONE', *, *, #6315, .T. ) ;
#605 = VECTOR ( 'NONE', #8733, 1000.000000000000000 ) ;
#606 = SURFACE_STYLE_FILL_AREA ( #9189 ) ;
#607 = EDGE_LOOP ( 'NONE', ( #5794, #1378, #4977, #436 ) ) ;
#608 = EDGE_LOOP ( 'NONE', ( #10840, #83, #2259, #4706 ) ) ;
#609 = CARTESIAN_POINT ( 'NONE',  ( 8.826499999999999300, 9.737793325999998500, -4.489386681000000900 ) ) ;
#610 = CARTESIAN_POINT ( 'NONE',  ( 6.096000000000000100, -1.778000000000000200, -10.46480000000000000 ) ) ;
#611 =( NAMED_UNIT ( * ) SI_UNIT ( $, .STERADIAN. ) SOLID_ANGLE_UNIT ( ) );
#612 = STYLED_ITEM ( 'NONE', ( #5731 ), #5530 ) ;
#613 = LINE ( 'NONE', #9021, #300 ) ;
#614 = CARTESIAN_POINT ( 'NONE',  ( 5.794543052289987500, 11.09975097867829200, 11.22993964873553800 ) ) ;
#615 = CARTESIAN_POINT ( 'NONE',  ( -3.301999999999999600, -1.778000000000000200, -7.747000000000000800 ) ) ;
#616 = VERTEX_POINT ( 'NONE', #2679 ) ;
#618 = UNCERTAINTY_MEASURE_WITH_UNIT (LENGTH_MEASURE( 1.000000000000000100E-005 ), #7914, 'distance_accuracy_value', 'NONE');
#617 = PRESENTATION_STYLE_ASSIGNMENT (( #3488 ) ) ;
#619 = CARTESIAN_POINT ( 'NONE',  ( -8.635999999999997500, 9.737793325829869700, -4.673387328999999600 ) ) ;
#620 = ORIENTED_EDGE ( 'NONE', *, *, #7530, .F. ) ;
#621 = DIRECTION ( 'NONE',  ( 0.0000000000000000000, 1.000000000000000000, 0.0000000000000000000 ) ) ;
#622 = EDGE_CURVE ( 'NONE', #12564, #12268, #10243, .T. ) ;
#623 = ORIENTED_EDGE ( 'NONE', *, *, #10836, .F. ) ;
#624 = VECTOR ( 'NONE', #8353, 1000.000000000000000 ) ;
#625 = DIRECTION ( 'NONE',  ( -0.0000000000000000000, -0.0000000000000000000, -1.000000000000000000 ) ) ;
#626 =( GEOMETRIC_REPRESENTATION_CONTEXT ( 3 ) GLOBAL_UNCERTAINTY_ASSIGNED_CONTEXT ( ( #5826 ) ) GLOBAL_UNIT_ASSIGNED_CONTEXT ( ( #7181, #947, #8225 ) ) REPRESENTATION_CONTEXT ( 'NONE', 'WORKASPACE' ) );
#627 = COLOUR_RGB ( '',0.7490196078431372600, 1.000000000000000000, 1.000000000000000000 ) ;
#628 = SURFACE_STYLE_USAGE ( .BOTH. , #6874 ) ;
#629 = LINE ( 'NONE', #10350, #8300 ) ;
#630 = EDGE_CURVE ( 'NONE', #4066, #13069, #4711, .T. ) ;
#631 = SURFACE_STYLE_FILL_AREA ( #11892 ) ;
#632 = ORIENTED_EDGE ( 'NONE', *, *, #4313, .T. ) ;
#633 = EDGE_CURVE ( 'NONE', #6424, #10333, #9936, .T. ) ;
#634 = COLOUR_RGB ( '',0.7490196078431372600, 1.000000000000000000, 1.000000000000000000 ) ;
#635 = CARTESIAN_POINT ( 'NONE',  ( 8.762999999999999900, 7.948998325999999900, -8.664998163999998200 ) ) ;
#636 =( NAMED_UNIT ( * ) PLANE_ANGLE_UNIT ( ) SI_UNIT ( $, .RADIAN. ) );
#637 = VERTEX_POINT ( 'NONE', #11724 ) ;
#638 = CARTESIAN_POINT ( 'NONE',  ( 5.841999999999999600, 0.0000000000000000000, -10.46480000000000000 ) ) ;
#639 = VECTOR ( 'NONE', #4848, 1000.000000000000000 ) ;
#640 =( GEOMETRIC_REPRESENTATION_CONTEXT ( 3 ) GLOBAL_UNCERTAINTY_ASSIGNED_CONTEXT ( ( #618 ) ) GLOBAL_UNIT_ASSIGNED_CONTEXT ( ( #7914, #7034, #6995 ) ) REPRESENTATION_CONTEXT ( 'NONE', 'WORKASPACE' ) );
#641 = SURFACE_STYLE_USAGE ( .BOTH. , #6887 ) ;
#642 =( NAMED_UNIT ( * ) PLANE_ANGLE_UNIT ( ) SI_UNIT ( $, .RADIAN. ) );
#643 = SURFACE_STYLE_FILL_AREA ( #8764 ) ;
#644 =( GEOMETRIC_REPRESENTATION_CONTEXT ( 3 ) GLOBAL_UNCERTAINTY_ASSIGNED_CONTEXT ( ( #11801 ) ) GLOBAL_UNIT_ASSIGNED_CONTEXT ( ( #13057, #12984, #13016 ) ) REPRESENTATION_CONTEXT ( 'NONE', 'WORKASPACE' ) );
#645 = VERTEX_POINT ( 'NONE', #1675 ) ;
#646 = FACE_OUTER_BOUND ( 'NONE', #11924, .T. ) ;
#647 = SURFACE_STYLE_FILL_AREA ( #4815 ) ;
#648 = CARTESIAN_POINT ( 'NONE',  ( -8.635999999999999200, 8.848793325999999100, -3.781386573000000300 ) ) ;
#649 = DIRECTION ( 'NONE',  ( -0.7980727301758536700, -0.6023772509635898500, -0.01488505529741974100 ) ) ;
#650 = CARTESIAN_POINT ( 'NONE',  ( 8.635999999999999200, 0.0000000000000000000, -12.06500000000000100 ) ) ;
#651 = EDGE_CURVE ( 'NONE', #668, #8575, #9613, .T. ) ;
#652 = CARTESIAN_POINT ( 'NONE',  ( 8.635999999999999200, 11.04899999999999900, -11.82668282995000000 ) ) ;
#653 = CARTESIAN_POINT ( 'NONE',  ( -5.950000000000000200, 1.345799999999999900, 3.505199999999999900 ) ) ;
#654 = EDGE_CURVE ( 'NONE', #9694, #8549, #7483, .T. ) ;
#655 = ADVANCED_FACE ( 'NONE', ( #1619 ), #11040, .T. ) ;
#656 = EDGE_CURVE ( 'NONE', #7802, #2179, #8607, .T. ) ;
#657 = PRESENTATION_LAYER_ASSIGNMENT (  '', '', ( #13431 ) ) ;
#658 = PRESENTATION_STYLE_ASSIGNMENT (( #4917 ) ) ;
#659 =( NAMED_UNIT ( * ) SI_UNIT ( $, .STERADIAN. ) SOLID_ANGLE_UNIT ( ) );
#660 = MECHANICAL_DESIGN_GEOMETRIC_PRESENTATION_REPRESENTATION (  '', ( #10708 ), #1371 ) ;
#661 =( NAMED_UNIT ( * ) SI_UNIT ( $, .STERADIAN. ) SOLID_ANGLE_UNIT ( ) );
#662 =( LENGTH_UNIT ( ) NAMED_UNIT ( * ) SI_UNIT ( .MILLI., .METRE. ) );
#663 = MECHANICAL_DESIGN_GEOMETRIC_PRESENTATION_REPRESENTATION (  '', ( #12732 ), #1377 ) ;
#664 = STYLED_ITEM ( 'NONE', ( #8933 ), #8105 ) ;
#665 = VECTOR ( 'NONE', #8315, 1000.000000000000000 ) ;
#666 = CARTESIAN_POINT ( 'NONE',  ( 8.715588148000000100, 8.742905755999999000, 9.706843757000001500 ) ) ;
#667 = SURFACE_STYLE_USAGE ( .BOTH. , #6904 ) ;
#668 = VERTEX_POINT ( 'NONE', #12804 ) ;
#669 = EDGE_CURVE ( 'NONE', #8895, #2872, #5526, .T. ) ;
#670 = DIRECTION ( 'NONE',  ( 0.0000000000000000000, 0.0000000000000000000, 1.000000000000000000 ) ) ;
#671 = PRESENTATION_LAYER_ASSIGNMENT (  '', '', ( #12741 ) ) ;
#672 = DIRECTION ( 'NONE',  ( 0.0000000000000000000, 1.000000000000000000, 0.0000000000000000000 ) ) ;
#673 = PRESENTATION_STYLE_ASSIGNMENT (( #6860 ) ) ;
#674 = UNCERTAINTY_MEASURE_WITH_UNIT (LENGTH_MEASURE( 1.000000000000000100E-005 ), #11794, 'distance_accuracy_value', 'NONE');
#675 = ORIENTED_EDGE ( 'NONE', *, *, #1779, .F. ) ;
#676 = MECHANICAL_DESIGN_GEOMETRIC_PRESENTATION_REPRESENTATION (  '', ( #12756 ), #1396 ) ;
#677 = ORIENTED_EDGE ( 'NONE', *, *, #11695, .T. ) ;
#678 = STYLED_ITEM ( 'NONE', ( #5238 ), #10579 ) ;
#679 = DIRECTION ( 'NONE',  ( -1.000000000000000000, -0.0000000000000000000, -0.0000000000000000000 ) ) ;
#680 = CARTESIAN_POINT ( 'NONE',  ( 2.286000000000000000, 0.0000000000000000000, -12.06500000000000100 ) ) ;
#681 = DIRECTION ( 'NONE',  ( -1.000000000000000000, -0.0000000000000000000, -0.0000000000000000000 ) ) ;
#682 = PRESENTATION_STYLE_ASSIGNMENT (( #4409 ) ) ;
#683 = DIRECTION ( 'NONE',  ( 0.0000000000000000000, 0.0000000000000000000, -1.000000000000000000 ) ) ;
#684 =( GEOMETRIC_REPRESENTATION_CONTEXT ( 3 ) GLOBAL_UNCERTAINTY_ASSIGNED_CONTEXT ( ( #733 ) ) GLOBAL_UNIT_ASSIGNED_CONTEXT ( ( #6600, #356, #7669 ) ) REPRESENTATION_CONTEXT ( 'NONE', 'WORKASPACE' ) );
#685 = CARTESIAN_POINT ( 'NONE',  ( -2.286000000000000500, -0.8890000000000001200, -10.46480000000000000 ) ) ;
#686 = SURFACE_STYLE_USAGE ( .BOTH. , #1344 ) ;
#687 = DIRECTION ( 'NONE',  ( 0.0000000000000000000, 0.0000000000000000000, -1.000000000000000000 ) ) ;
#688 = CARTESIAN_POINT ( 'NONE',  ( -8.635999999999999200, 8.975793325779960700, -4.581387004999999800 ) ) ;
#689 = CARTESIAN_POINT ( 'NONE',  ( 7.693529550000000900, 9.954909269760914700, 12.19470501267064400 ) ) ;
#690 = VERTEX_POINT ( 'NONE', #13010 ) ;
#691 = STYLED_ITEM ( 'NONE', ( #5241 ), #5179 ) ;
#692 = CARTESIAN_POINT ( 'NONE',  ( 1.016000000000000000, -1.778000000000000200, -7.935942080000001100 ) ) ;
#693 = VERTEX_POINT ( 'NONE', #12723 ) ;
#694 = COLOUR_RGB ( '',0.7490196078431372600, 1.000000000000000000, 1.000000000000000000 ) ;
#695 = COLOUR_RGB ( '',0.7490196078431372600, 1.000000000000000000, 1.000000000000000000 ) ;
#696 = EDGE_CURVE ( 'NONE', #10569, #12245, #10747, .T. ) ;
#697 =( NAMED_UNIT ( * ) PLANE_ANGLE_UNIT ( ) SI_UNIT ( $, .RADIAN. ) );
#698 = CARTESIAN_POINT ( 'NONE',  ( -5.950000000000000200, 8.195800001000000300, 3.505199999999999900 ) ) ;
#699 = ORIENTED_EDGE ( 'NONE', *, *, #7493, .F. ) ;
#700 = DIRECTION ( 'NONE',  ( 0.0000000000000000000, 0.0000000000000000000, -1.000000000000000000 ) ) ;
#701 = ORIENTED_EDGE ( 'NONE', *, *, #5799, .T. ) ;
#702 = CARTESIAN_POINT ( 'NONE',  ( -8.890000000000000600, 0.0000000000000000000, -10.46480000000000000 ) ) ;
#703 = PLANE ( 'NONE',  #5795 ) ;
#704 = VERTEX_POINT ( 'NONE', #13044 ) ;
#705 = EDGE_CURVE ( 'NONE', #3628, #1351, #13443, .T. ) ;
#706 = CARTESIAN_POINT ( 'NONE',  ( -8.635999999999999200, -1.165775448000000000, -1.143000000000000200 ) ) ;
#707 = STYLED_ITEM ( 'NONE', ( #4861 ), #6247 ) ;
#708 = PRESENTATION_STYLE_ASSIGNMENT (( #8297 ) ) ;
#709 = ORIENTED_EDGE ( 'NONE', *, *, #5363, .F. ) ;
#710 = PLANE ( 'NONE',  #3295 ) ;
#711 = ORIENTED_EDGE ( 'NONE', *, *, #2537, .F. ) ;
#712 = SURFACE_STYLE_USAGE ( .BOTH. , #6956 ) ;
#713 = PLANE ( 'NONE',  #7974 ) ;
#714 = DIRECTION ( 'NONE',  ( 0.0000000000000000000, 1.000000000000000000, 0.0000000000000000000 ) ) ;
#715 = ADVANCED_FACE ( 'NONE', ( #8288 ), #3811, .T. ) ;
#716 = CARTESIAN_POINT ( 'NONE',  ( -3.149999998530000700, 9.845799999270749200, 12.06500000000000100 ) ) ;
#717 = VERTEX_POINT ( 'NONE', #3776 ) ;
#718 = SURFACE_STYLE_FILL_AREA ( #11933 ) ;
#719 = CARTESIAN_POINT ( 'NONE',  ( 8.826499999999999300, 2.350001268999999800, -9.991998812000000300 ) ) ;
#720 = DIRECTION ( 'NONE',  ( 0.0000000000000000000, 0.0000000000000000000, -1.000000000000000000 ) ) ;
#721 = LINE ( 'NONE', #6589, #3503 ) ;
#722 = ORIENTED_EDGE ( 'NONE', *, *, #5720, .F. ) ;
#723 = VERTEX_POINT ( 'NONE', #13365 ) ;
#724 = DIRECTION ( 'NONE',  ( -1.000000000000000000, -0.0000000000000000000, -0.0000000000000000000 ) ) ;
#725 = PRESENTATION_LAYER_ASSIGNMENT (  '', '', ( #1455 ) ) ;
#726 = VERTEX_POINT ( 'NONE', #13378 ) ;
#727 = ORIENTED_EDGE ( 'NONE', *, *, #10016, .T. ) ;
#728 = VECTOR ( 'NONE', #3889, 1000.000000000000000 ) ;
#729 = SURFACE_STYLE_FILL_AREA ( #8579 ) ;
#730 = DIRECTION ( 'NONE',  ( -0.7191104300310848800, 0.0000000000000000000, 0.6948958119175191500 ) ) ;
#731 = COLOUR_RGB ( '',0.7490196078431372600, 1.000000000000000000, 1.000000000000000000 ) ;
#732 = DIRECTION ( 'NONE',  ( -1.000000000000000000, -1.707404996040159200E-015, 0.0000000000000000000 ) ) ;
#733 = UNCERTAINTY_MEASURE_WITH_UNIT (LENGTH_MEASURE( 1.000000000000000100E-005 ), #6600, 'distance_accuracy_value', 'NONE');
#734 = AXIS2_PLACEMENT_3D ( 'NONE', #8695, #2488, #9768 ) ;
#735 = VERTEX_POINT ( 'NONE', #4202 ) ;
#736 = ORIENTED_EDGE ( 'NONE', *, *, #7972, .F. ) ;
#737 = AXIS2_PLACEMENT_3D ( 'NONE', #9596, #9571, #9538 ) ;
#738 = PRESENTATION_STYLE_ASSIGNMENT (( #10522 ) ) ;
#739 = STYLED_ITEM ( 'NONE', ( #8914 ), #7512 ) ;
#740 = VECTOR ( 'NONE', #9682, 1000.000000000000100 ) ;
#741 = SURFACE_STYLE_FILL_AREA ( #3422 ) ;
#742 = ORIENTED_EDGE ( 'NONE', *, *, #8917, .T. ) ;
#743 = DIRECTION ( 'NONE',  ( -1.000000000000000000, 1.734723475976806300E-015, 0.0000000000000000000 ) ) ;
#744 = ORIENTED_EDGE ( 'NONE', *, *, #13389, .F. ) ;
#745 = DIRECTION ( 'NONE',  ( 0.0000000000000000000, 0.0000000000000000000, -1.000000000000000000 ) ) ;
#746 = SURFACE_STYLE_FILL_AREA ( #12835 ) ;
#747 = CARTESIAN_POINT ( 'NONE',  ( 4.262634348821996400, 11.33726467005825200, 11.33455268758283000 ) ) ;
#748 = FACE_OUTER_BOUND ( 'NONE', #10196, .T. ) ;
#749 = EDGE_CURVE ( 'NONE', #10669, #1348, #6970, .T. ) ;
#750 = FILL_AREA_STYLE ('',( #4911 ) ) ;
#751 = CARTESIAN_POINT ( 'NONE',  ( 9.032639892500000700, 3.766725516000000200, 8.814624416000002700 ) ) ;
#752 = PRESENTATION_LAYER_ASSIGNMENT (  '', '', ( #12826 ) ) ;
#753 = COLOUR_RGB ( '',0.7490196078431372600, 1.000000000000000000, 1.000000000000000000 ) ;
#754 = LINE ( 'NONE', #689, #5980 ) ;
#755 = EDGE_LOOP ( 'NONE', ( #13360, #10985, #13211, #7435 ) ) ;
#756 = FILL_AREA_STYLE ('',( #889 ) ) ;
#757 = SURFACE_SIDE_STYLE ('',( #22 ) ) ;
#758 = ORIENTED_EDGE ( 'NONE', *, *, #2132, .T. ) ;
#759 = LINE ( 'NONE', #5116, #11480 ) ;
#760 = EDGE_LOOP ( 'NONE', ( #5133, #12319, #10524, #4662 ) ) ;
#761 = CARTESIAN_POINT ( 'NONE',  ( 8.635999999999999200, 2.350001268999999800, -9.991998812000000300 ) ) ;
#762 = SURFACE_STYLE_FILL_AREA ( #4971 ) ;
#763 = FACE_OUTER_BOUND ( 'NONE', #3846, .T. ) ;
#765 =( GEOMETRIC_REPRESENTATION_CONTEXT ( 3 ) GLOBAL_UNCERTAINTY_ASSIGNED_CONTEXT ( ( #836 ) ) GLOBAL_UNIT_ASSIGNED_CONTEXT ( ( #6500, #6450, #6406 ) ) REPRESENTATION_CONTEXT ( 'NONE', 'WORKASPACE' ) );
#764 = SURFACE_SIDE_STYLE ('',( #11273 ) ) ;
#766 =( NAMED_UNIT ( * ) SI_UNIT ( $, .STERADIAN. ) SOLID_ANGLE_UNIT ( ) );
#767 = DIRECTION ( 'NONE',  ( 0.0000000000000000000, 0.0000000000000000000, -1.000000000000000000 ) ) ;
#768 = MECHANICAL_DESIGN_GEOMETRIC_PRESENTATION_REPRESENTATION (  '', ( #11461 ), #1479 ) ;
#769 = FACE_BOUND ( 'NONE', #322, .T. ) ;
#770 = LINE ( 'NONE', #3123, #6306 ) ;
#771 = ORIENTED_EDGE ( 'NONE', *, *, #5024, .T. ) ;
#772 = ORIENTED_EDGE ( 'NONE', *, *, #10049, .T. ) ;
#773 = FILL_AREA_STYLE_COLOUR ( '', #6147 ) ;
#774 = CARTESIAN_POINT ( 'NONE',  ( 6.684242382000000800, 7.530902241999999800, 12.06500000000000100 ) ) ;
#775 = MECHANICAL_DESIGN_GEOMETRIC_PRESENTATION_REPRESENTATION (  '', ( #12158 ), #1495 ) ;
#776 = FACE_OUTER_BOUND ( 'NONE', #9550, .T. ) ;
#777 = ORIENTED_EDGE ( 'NONE', *, *, #7545, .F. ) ;
#778 = CARTESIAN_POINT ( 'NONE',  ( 8.635999999999999200, 8.848793325999999100, -5.381387436999999900 ) ) ;
#779 = PLANE ( 'NONE',  #1172 ) ;
#780 = DIRECTION ( 'NONE',  ( -1.000000000000000000, 0.0000000000000000000, 0.0000000000000000000 ) ) ;
#781 = FILL_AREA_STYLE ('',( #13186 ) ) ;
#782 = VERTEX_POINT ( 'NONE', #7095 ) ;
#783 = STYLED_ITEM ( 'NONE', ( #2622 ), #11372 ) ;
#784 = ORIENTED_EDGE ( 'NONE', *, *, #8080, .F. ) ;
#785 = FILL_AREA_STYLE_COLOUR ( '', #13253 ) ;
#786 = PRESENTATION_STYLE_ASSIGNMENT (( #8888 ) ) ;
#787 = VECTOR ( 'NONE', #146, 1000.000000000000000 ) ;
#788 = ADVANCED_FACE ( 'NONE', ( #1451 ), #8439, .T. ) ;
#789 = CIRCLE ( 'NONE', #11767, 0.4999999999999987200 ) ;
#790 = VECTOR ( 'NONE', #12879, 1000.000000000000000 ) ;
#791 = ORIENTED_EDGE ( 'NONE', *, *, #7845, .F. ) ;
#792 = VECTOR ( 'NONE', #2279, 1000.000000000000000 ) ;
#793 = VECTOR ( 'NONE', #8530, 1000.000000000000000 ) ;
#794 = SURFACE_STYLE_USAGE ( .BOTH. , #7027 ) ;
#795 = EDGE_CURVE ( 'NONE', #6412, #2554, #11181, .T. ) ;
#796 =( NAMED_UNIT ( * ) SI_UNIT ( $, .STERADIAN. ) SOLID_ANGLE_UNIT ( ) );
#797 = PRESENTATION_STYLE_ASSIGNMENT (( #9225 ) ) ;
#798 = CARTESIAN_POINT ( 'NONE',  ( 8.890000000000000600, -1.165775448000000000, -0.5080000027966560200 ) ) ;
#799 = FILL_AREA_STYLE ('',( #13199 ) ) ;
#800 = VECTOR ( 'NONE', #2999, 1000.000000000000000 ) ;
#801 = CYLINDRICAL_SURFACE ( 'NONE', #8586, 4.557235704000000000 ) ;
#802 = COLOUR_RGB ( '',0.7490196078431372600, 1.000000000000000000, 1.000000000000000000 ) ;
#803 = SURFACE_STYLE_FILL_AREA ( #9151 ) ;
#804 = ORIENTED_EDGE ( 'NONE', *, *, #13033, .F. ) ;
#805 = DIRECTION ( 'NONE',  ( 1.000000000000000000, 0.0000000000000000000, 0.0000000000000000000 ) ) ;
#806 = FACE_OUTER_BOUND ( 'NONE', #1556, .T. ) ;
#807 = EDGE_CURVE ( 'NONE', #2326, #3387, #443, .T. ) ;
#808 =( LENGTH_UNIT ( ) NAMED_UNIT ( * ) SI_UNIT ( .MILLI., .METRE. ) );
#809 = DIRECTION ( 'NONE',  ( -0.0000000000000000000, -1.000000000000000000, -0.0000000000000000000 ) ) ;
#810 = CARTESIAN_POINT ( 'NONE',  ( -9.017000000000001200, 1.150000620999999300, -10.24599881190228800 ) ) ;
#811 = ORIENTED_EDGE ( 'NONE', *, *, #3875, .F. ) ;
#812 = EDGE_CURVE ( 'NONE', #7104, #9041, #5690, .T. ) ;
#813 = VERTEX_POINT ( 'NONE', #8026 ) ;
#814 = PRESENTATION_STYLE_ASSIGNMENT (( #12269 ) ) ;
#815 = ADVANCED_FACE ( 'NONE', ( #5353 ), #8600, .F. ) ;
#816 = DIRECTION ( 'NONE',  ( -1.000000000000000000, 0.0000000000000000000, 0.0000000000000000000 ) ) ;
#817 = ORIENTED_EDGE ( 'NONE', *, *, #11124, .F. ) ;
#818 = DIRECTION ( 'NONE',  ( -0.0000000000000000000, -0.0000000000000000000, 1.000000000000000000 ) ) ;
#819 = UNCERTAINTY_MEASURE_WITH_UNIT (LENGTH_MEASURE( 1.000000000000000100E-005 ), #3084, 'distance_accuracy_value', 'NONE');
#820 = DIRECTION ( 'NONE',  ( 0.0000000000000000000, 1.000000000000000000, 0.0000000000000000000 ) ) ;
#821 = MECHANICAL_DESIGN_GEOMETRIC_PRESENTATION_REPRESENTATION (  '', ( #12888 ), #1536 ) ;
#822 = CARTESIAN_POINT ( 'NONE',  ( 8.382000000000001400, 2.276954804999999900, 9.050557955000002200 ) ) ;
#823 = ORIENTED_EDGE ( 'NONE', *, *, #5994, .T. ) ;
#824 = FILL_AREA_STYLE_COLOUR ( '', #8426 ) ;
#825 = PRESENTATION_LAYER_ASSIGNMENT (  '', '', ( #135 ) ) ;
#826 = SURFACE_STYLE_FILL_AREA ( #10966 ) ;
#827 = SURFACE_STYLE_FILL_AREA ( #12614 ) ;
#828 = STYLED_ITEM ( 'NONE', ( #1275 ), #7172 ) ;
#829 = CARTESIAN_POINT ( 'NONE',  ( -2.286000000000000500, -1.778000000000000200, -10.46480000000000200 ) ) ;
#830 = SURFACE_STYLE_USAGE ( .BOTH. , #7058 ) ;
#831 = CARTESIAN_POINT ( 'NONE',  ( 8.970000964000000500, 10.26972777700000000, 9.589324416000002000 ) ) ;
#832 = CARTESIAN_POINT ( 'NONE',  ( 5.841999999999999600, -1.778000000000000200, -10.10920000000000100 ) ) ;
#833 = CARTESIAN_POINT ( 'NONE',  ( 8.635999999999999200, -0.9057900500000001200, -1.778000000000000200 ) ) ;
#834 = EDGE_CURVE ( 'NONE', #898, #2379, #126, .T. ) ;
#835 =( GEOMETRIC_REPRESENTATION_CONTEXT ( 3 ) GLOBAL_UNCERTAINTY_ASSIGNED_CONTEXT ( ( #5305 ) ) GLOBAL_UNIT_ASSIGNED_CONTEXT ( ( #6417, #185, #7485 ) ) REPRESENTATION_CONTEXT ( 'NONE', 'WORKASPACE' ) );
#836 = UNCERTAINTY_MEASURE_WITH_UNIT (LENGTH_MEASURE( 1.000000000000000100E-005 ), #6500, 'distance_accuracy_value', 'NONE');
#837 = CARTESIAN_POINT ( 'NONE',  ( 8.826499999999999300, 1.150000621000000200, -9.991998812000000300 ) ) ;
#838 = ORIENTED_EDGE ( 'NONE', *, *, #9839, .T. ) ;
#839 = CARTESIAN_POINT ( 'NONE',  ( 2.031999998729999500, 10.84579999888874900, 12.06500000000000300 ) ) ;
#840 = ORIENTED_EDGE ( 'NONE', *, *, #2165, .T. ) ;
#841 = VERTEX_POINT ( 'NONE', #8949 ) ;
#842 = MECHANICAL_DESIGN_GEOMETRIC_PRESENTATION_REPRESENTATION (  '', ( #12909 ), #1553 ) ;
#843 = LINE ( 'NONE', #7683, #11564 ) ;
#844 =( LENGTH_UNIT ( ) NAMED_UNIT ( * ) SI_UNIT ( .MILLI., .METRE. ) );
#845 = DIRECTION ( 'NONE',  ( 1.000000000000000000, -0.0000000000000000000, 0.0000000000000000000 ) ) ;
#846 = COLOUR_RGB ( '',0.7490196078431372600, 1.000000000000000000, 1.000000000000000000 ) ;
#847 = STYLED_ITEM ( 'NONE', ( #6621 ), #8309 ) ;
#848 = VECTOR ( 'NONE', #11947, 1000.000000000000000 ) ;
#849 = CARTESIAN_POINT ( 'NONE',  ( 8.635999999999999200, 2.758984659731570100, 10.55267244953034700 ) ) ;
#850 =( LENGTH_UNIT ( ) NAMED_UNIT ( * ) SI_UNIT ( .MILLI., .METRE. ) );
#851 = PRESENTATION_LAYER_ASSIGNMENT (  '', '', ( #12918 ) ) ;
#852 = DIRECTION ( 'NONE',  ( 1.000000000000000000, 0.0000000000000000000, 0.0000000000000000000 ) ) ;
#853 = EDGE_CURVE ( 'NONE', #13085, #10804, #12287, .T. ) ;
#854 = UNCERTAINTY_MEASURE_WITH_UNIT (LENGTH_MEASURE( 1.000000000000000100E-005 ), #3715, 'distance_accuracy_value', 'NONE');
#855 = ORIENTED_EDGE ( 'NONE', *, *, #11774, .T. ) ;
#856 = FILL_AREA_STYLE_COLOUR ( '', #9133 ) ;
#857 =( NAMED_UNIT ( * ) SI_UNIT ( $, .STERADIAN. ) SOLID_ANGLE_UNIT ( ) );
#858 = FILL_AREA_STYLE_COLOUR ( '', #6821 ) ;
#859 = ORIENTED_EDGE ( 'NONE', *, *, #3558, .T. ) ;
#860 = EDGE_CURVE ( 'NONE', #4990, #841, #7125, .T. ) ;
#861 = ADVANCED_FACE ( 'NONE', ( #6806 ), #9392, .F. ) ;
#862 = COLOUR_RGB ( '',0.7529411764705882200, 1.000000000000000000, 1.000000000000000000 ) ;
#863 = ORIENTED_EDGE ( 'NONE', *, *, #11587, .F. ) ;
#864 = CARTESIAN_POINT ( 'NONE',  ( -9.017000000000001200, 1.842001269000000100, -10.75399881200000100 ) ) ;
#865 = STYLED_ITEM ( 'NONE', ( #1635 ), #10970 ) ;
#866 = CARTESIAN_POINT ( 'NONE',  ( 3.301999999999999600, -1.778000000000000200, -7.569200000000000400 ) ) ;
#867 = ORIENTED_EDGE ( 'NONE', *, *, #4140, .T. ) ;
#868 = CARTESIAN_POINT ( 'NONE',  ( -7.264400000000000200, 0.0000000000000000000, 2.413000000000000300 ) ) ;
#869 = ORIENTED_EDGE ( 'NONE', *, *, #191, .F. ) ;
#870 = SURFACE_SIDE_STYLE ('',( #8094 ) ) ;
#871 = UNCERTAINTY_MEASURE_WITH_UNIT (LENGTH_MEASURE( 1.000000000000000100E-005 ), #7582, 'distance_accuracy_value', 'NONE');
#872 = DIRECTION ( 'NONE',  ( 0.0000000000000000000, 0.0000000000000000000, -1.000000000000000000 ) ) ;
#873 = CARTESIAN_POINT ( 'NONE',  ( 2.286000000000000500, -0.8890000000000001200, -10.10920000000000100 ) ) ;
#874 = CARTESIAN_POINT ( 'NONE',  ( -9.090000013000000900, 3.705154819000000100, 9.108730023999999800 ) ) ;
#875 = LINE ( 'NONE', #12875, #3659 ) ;
#876 = ORIENTED_EDGE ( 'NONE', *, *, #6478, .F. ) ;
#877 = MECHANICAL_DESIGN_GEOMETRIC_PRESENTATION_REPRESENTATION (  '', ( #12248 ), #1590 ) ;
#878 = ORIENTED_EDGE ( 'NONE', *, *, #1630, .T. ) ;
#879 = ADVANCED_FACE ( 'NONE', ( #282 ), #8983, .F. ) ;
#880 =( NAMED_UNIT ( * ) SI_UNIT ( $, .STERADIAN. ) SOLID_ANGLE_UNIT ( ) );
#881 = PLANE ( 'NONE',  #11883 ) ;
#882 = LINE ( 'NONE', #10029, #6109 ) ;
#883 = EDGE_LOOP ( 'NONE', ( #11937, #246, #10999, #863 ) ) ;
#884 = EDGE_LOOP ( 'NONE', ( #2672, #3226, #9814, #13019 ) ) ;
#885 = CARTESIAN_POINT ( 'NONE',  ( -6.299820371000001800, 0.0000000000000000000, -1.143000000000000200 ) ) ;
#886 = CARTESIAN_POINT ( 'NONE',  ( -9.213783128420521600, 10.25428737918112900, 8.837919531578444700 ) ) ;
#887 = STYLED_ITEM ( 'NONE', ( #8912 ), #11745 ) ;
#888 = EDGE_CURVE ( 'NONE', #6772, #8699, #12772, .T. ) ;
#889 = FILL_AREA_STYLE_COLOUR ( '', #7954 ) ;
#890 = EDGE_CURVE ( 'NONE', #12038, #8874, #7620, .T. ) ;
#891 = VERTEX_POINT ( 'NONE', #592 ) ;
#892 = DIRECTION ( 'NONE',  ( -8.537024980200826700E-016, 1.000000000000000000, 0.0000000000000000000 ) ) ;
#893 = LINE ( 'NONE', #339, #6433 ) ;
#894 = FACE_OUTER_BOUND ( 'NONE', #1951, .T. ) ;
#895 = UNCERTAINTY_MEASURE_WITH_UNIT (LENGTH_MEASURE( 1.000000000000000100E-005 ), #597, 'distance_accuracy_value', 'NONE');
#896 = PLANE ( 'NONE',  #4263 ) ;
#897 = ORIENTED_EDGE ( 'NONE', *, *, #3789, .F. ) ;
#898 = VERTEX_POINT ( 'NONE', #9743 ) ;
#899 =( GEOMETRIC_REPRESENTATION_CONTEXT ( 3 ) GLOBAL_UNCERTAINTY_ASSIGNED_CONTEXT ( ( #13203 ) ) GLOBAL_UNIT_ASSIGNED_CONTEXT ( ( #4616, #4573, #4535 ) ) REPRESENTATION_CONTEXT ( 'NONE', 'WORKASPACE' ) );
#900 = DIRECTION ( 'NONE',  ( 0.0000000000000000000, 0.7981611615035165700, -0.6024439893196357200 ) ) ;
#901 = SURFACE_STYLE_FILL_AREA ( #6689 ) ;
#902 = PRESENTATION_LAYER_ASSIGNMENT (  '', '', ( #12980 ) ) ;
#903 = VERTEX_POINT ( 'NONE', #9070 ) ;
#904 = EDGE_LOOP ( 'NONE', ( #2028, #1038, #9891, #11524 ) ) ;
#905 = AXIS2_PLACEMENT_3D ( 'NONE', #12322, #6138, #13349 ) ;
#906 = LINE ( 'NONE', #4185, #3695 ) ;
#907 = DIRECTION ( 'NONE',  ( -1.000000000000000000, -0.0000000000000000000, -0.0000000000000000000 ) ) ;
#908 =( NAMED_UNIT ( * ) SI_UNIT ( $, .STERADIAN. ) SOLID_ANGLE_UNIT ( ) );
#909 = LINE ( 'NONE', #1407, #6136 ) ;
#910 = DIRECTION ( 'NONE',  ( -1.000000000000000000, 0.0000000000000000000, 0.0000000000000000000 ) ) ;
#911 = PLANE ( 'NONE',  #1297 ) ;
#912 = LINE ( 'NONE', #6514, #11628 ) ;
#913 = EDGE_CURVE ( 'NONE', #3049, #6924, #12436, .T. ) ;
#914 = DIRECTION ( 'NONE',  ( 0.0000000000000000000, 0.0000000000000000000, 1.000000000000000000 ) ) ;
#915 = CARTESIAN_POINT ( 'NONE',  ( 8.635999999999999200, 7.948998323078999600, -8.964998317110001800 ) ) ;
#916 = LINE ( 'NONE', #10744, #11313 ) ;
#917 =( NAMED_UNIT ( * ) PLANE_ANGLE_UNIT ( ) SI_UNIT ( $, .RADIAN. ) );
#918 = VERTEX_POINT ( 'NONE', #5040 ) ;
#919 = PRESENTATION_LAYER_ASSIGNMENT (  '', '', ( #214 ) ) ;
#920 = ORIENTED_EDGE ( 'NONE', *, *, #12966, .T. ) ;
#921 = VECTOR ( 'NONE', #10, 1000.000000000000000 ) ;
#922 = ORIENTED_EDGE ( 'NONE', *, *, #6222, .T. ) ;
#923 = ORIENTED_EDGE ( 'NONE', *, *, #10461, .T. ) ;
#924 = COLOUR_RGB ( '',0.7490196078431372600, 1.000000000000000000, 1.000000000000000000 ) ;
#925 = DIRECTION ( 'NONE',  ( 0.0000000000000000000, 0.0000000000000000000, -1.000000000000000000 ) ) ;
#927 = SURFACE_STYLE_FILL_AREA ( #12872 ) ;
#926 = DIRECTION ( 'NONE',  ( -1.000000000000000000, 0.0000000000000000000, 0.0000000000000000000 ) ) ;
#928 = LINE ( 'NONE', #5916, #6458 ) ;
#929 =( GEOMETRIC_REPRESENTATION_CONTEXT ( 3 ) GLOBAL_UNCERTAINTY_ASSIGNED_CONTEXT ( ( #11752 ) ) GLOBAL_UNIT_ASSIGNED_CONTEXT ( ( #11406, #5230, #12430 ) ) REPRESENTATION_CONTEXT ( 'NONE', 'WORKASPACE' ) );
#930 = ADVANCED_FACE ( 'NONE', ( #6954 ), #8805, .F. ) ;
#931 = PRESENTATION_STYLE_ASSIGNMENT (( #3244 ) ) ;
#932 = AXIS2_PLACEMENT_3D ( 'NONE', #2419, #4743, #2400 ) ;
#933 = VECTOR ( 'NONE', #12945, 1000.000000000000000 ) ;
#934 = LINE ( 'NONE', #2310, #13078 ) ;
#935 = AXIS2_PLACEMENT_3D ( 'NONE', #1025, #8314, #2087 ) ;
#936 = ORIENTED_EDGE ( 'NONE', *, *, #4758, .T. ) ;
#937 = DIRECTION ( 'NONE',  ( 0.0000000000000000000, 1.000000000000000000, 0.0000000000000000000 ) ) ;
#938 = DIRECTION ( 'NONE',  ( -0.0000000000000000000, -1.000000000000000000, -0.0000000000000000000 ) ) ;
#939 = UNCERTAINTY_MEASURE_WITH_UNIT (LENGTH_MEASURE( 1.000000000000000100E-005 ), #11877, 'distance_accuracy_value', 'NONE');
#940 = ORIENTED_EDGE ( 'NONE', *, *, #5463, .F. ) ;
#941 = CARTESIAN_POINT ( 'NONE',  ( -7.518399999999999700, -1.778000000000000200, 4.953000000000001200 ) ) ;
#942 = EDGE_CURVE ( 'NONE', #8187, #6802, #8674, .T. ) ;
#943 = VECTOR ( 'NONE', #5216, 1000.000000000000000 ) ;
#944 = ORIENTED_EDGE ( 'NONE', *, *, #548, .T. ) ;
#945 = LINE ( 'NONE', #12816, #6163 ) ;
#946 = FILL_AREA_STYLE ('',( #10285 ) ) ;
#947 =( NAMED_UNIT ( * ) PLANE_ANGLE_UNIT ( ) SI_UNIT ( $, .RADIAN. ) );
#948 = MECHANICAL_DESIGN_GEOMETRIC_PRESENTATION_REPRESENTATION (  '', ( #12324 ), #1659 ) ;
#949 = COLOUR_RGB ( '',0.7529411764705882200, 1.000000000000000000, 1.000000000000000000 ) ;
#950 = DIRECTION ( 'NONE',  ( 0.0000000000000000000, 0.0000000000000000000, -1.000000000000000000 ) ) ;
#951 = ORIENTED_EDGE ( 'NONE', *, *, #9314, .T. ) ;
#953 = FACE_OUTER_BOUND ( 'NONE', #5039, .T. ) ;
#952 = CARTESIAN_POINT ( 'NONE',  ( 5.530603067000000400, 10.54099999999999900, 3.302000000000000000 ) ) ;
#954 = ORIENTED_EDGE ( 'NONE', *, *, #7222, .F. ) ;
#955 = COLOUR_RGB ( '',0.7529411764705882200, 1.000000000000000000, 1.000000000000000000 ) ;
#956 =( GEOMETRIC_REPRESENTATION_CONTEXT ( 3 ) GLOBAL_UNCERTAINTY_ASSIGNED_CONTEXT ( ( #2109 ) ) GLOBAL_UNIT_ASSIGNED_CONTEXT ( ( #5280, #5246, #5205 ) ) REPRESENTATION_CONTEXT ( 'NONE', 'WORKASPACE' ) );
#957 = CIRCLE ( 'NONE', #10937, 0.2327200929999988200 ) ;
#958 = DIRECTION ( 'NONE',  ( -0.0000000000000000000, -1.000000000000000000, -0.0000000000000000000 ) ) ;
#959 = ORIENTED_EDGE ( 'NONE', *, *, #3205, .F. ) ;
#960 = VECTOR ( 'NONE', #12753, 1000.000000000000000 ) ;
#961 = ADVANCED_FACE ( 'NONE', ( #5993 ), #5286, .T. ) ;
#962 = MECHANICAL_DESIGN_GEOMETRIC_PRESENTATION_REPRESENTATION (  '', ( #9616 ), #1668 ) ;
#963 = FACE_OUTER_BOUND ( 'NONE', #7614, .T. ) ;
#964 = ORIENTED_EDGE ( 'NONE', *, *, #8499, .T. ) ;
#965 = PLANE ( 'NONE',  #12847 ) ;
#966 = LINE ( 'NONE', #9371, #6497 ) ;
#967 = MECHANICAL_DESIGN_GEOMETRIC_PRESENTATION_REPRESENTATION (  '', ( #12341 ), #1676 ) ;
#968 = CARTESIAN_POINT ( 'NONE',  ( -9.328769260999999700, 3.951561814999999800, 9.332089112000003800 ) ) ;
#969 = CARTESIAN_POINT ( 'NONE',  ( -8.635999999999999200, 9.448793649999998900, -3.981386681000000500 ) ) ;
#970 = PRESENTATION_STYLE_ASSIGNMENT (( #5709 ) ) ;
#971 = COLOUR_RGB ( '',0.7490196078431372600, 1.000000000000000000, 1.000000000000000000 ) ;
#972 = EDGE_LOOP ( 'NONE', ( #10287, #2113, #3216, #11021, #2437, #2766 ) ) ;
#973 = EDGE_CURVE ( 'NONE', #12245, #3068, #7780, .T. ) ;
#974 = LINE ( 'NONE', #10372, #6191 ) ;
#975 = CARTESIAN_POINT ( 'NONE',  ( 3.887860703999999500, 10.54099999999999900, 7.675037530000000900 ) ) ;
#976 = PLANE ( 'NONE',  #6012 ) ;
#977 = SURFACE_STYLE_FILL_AREA ( #4222 ) ;
#978 =( GEOMETRIC_REPRESENTATION_CONTEXT ( 3 ) GLOBAL_UNCERTAINTY_ASSIGNED_CONTEXT ( ( #8280 ) ) GLOBAL_UNIT_ASSIGNED_CONTEXT ( ( #12858, #6682, #435 ) ) REPRESENTATION_CONTEXT ( 'NONE', 'WORKASPACE' ) );
#979 = DIRECTION ( 'NONE',  ( 1.000000000000000000, -0.0000000000000000000, -0.0000000000000000000 ) ) ;
#980 =( NAMED_UNIT ( * ) SI_UNIT ( $, .STERADIAN. ) SOLID_ANGLE_UNIT ( ) );
#981 = ORIENTED_EDGE ( 'NONE', *, *, #7447, .T. ) ;
#982 = LINE ( 'NONE', #2171, #11690 ) ;
#983 = VECTOR ( 'NONE', #13015, 1000.000000000000000 ) ;
#984 = LINE ( 'NONE', #9449, #6199 ) ;
#985 = ORIENTED_EDGE ( 'NONE', *, *, #6481, .T. ) ;
#986 = SURFACE_STYLE_USAGE ( .BOTH. , #7217 ) ;
#987 = EDGE_CURVE ( 'NONE', #10804, #3487, #10547, .T. ) ;
#988 = DIRECTION ( 'NONE',  ( -0.0000000000000000000, -0.0000000000000000000, -1.000000000000000000 ) ) ;
#989 = VECTOR ( 'NONE', #4775, 1000.000000000000000 ) ;
#990 = FILL_AREA_STYLE_COLOUR ( '', #11081 ) ;
#991 = PRESENTATION_STYLE_ASSIGNMENT (( #13119 ) ) ;
#992 = CARTESIAN_POINT ( 'NONE',  ( -5.333999999999999600, -0.8890000000000001200, -7.569200000000000400 ) ) ;
#993 = CARTESIAN_POINT ( 'NONE',  ( -7.264400000000000200, -1.778000000000000200, 7.747000000000000800 ) ) ;
#994 = ORIENTED_EDGE ( 'NONE', *, *, #8567, .F. ) ;
#995 = ORIENTED_EDGE ( 'NONE', *, *, #4491, .T. ) ;
#996 = VECTOR ( 'NONE', #2808, 1000.000000000000000 ) ;
#997 = EDGE_CURVE ( 'NONE', #1730, #6189, #13239, .T. ) ;
#998 = CARTESIAN_POINT ( 'NONE',  ( 5.793645411768150800, 11.13635380593683500, 11.20525907735758000 ) ) ;
#999 = DIRECTION ( 'NONE',  ( 1.000000000000000000, 0.0000000000000000000, 0.0000000000000000000 ) ) ;
#1000 = FILL_AREA_STYLE_COLOUR ( '', #8289 ) ;
#1001 = ADVANCED_FACE ( 'NONE', ( #12922 ), #4610, .F. ) ;
#1002 = EDGE_CURVE ( 'NONE', #5348, #8557, #3708, .T. ) ;
#1003 = CARTESIAN_POINT ( 'NONE',  ( 0.0000000000000000000, 9.952328654358002100, 12.06500000000000100 ) ) ;
#1004 = EDGE_CURVE ( 'NONE', #11228, #5746, #11948, .T. ) ;
#1005 = EDGE_LOOP ( 'NONE', ( #5931, #2188, #4721, #4493 ) ) ;
#1006 = DIRECTION ( 'NONE',  ( 0.0000000000000000000, 0.0000000000000000000, -1.000000000000000000 ) ) ;
#1007 = FILL_AREA_STYLE ('',( #12744 ) ) ;
#1008 = SURFACE_STYLE_USAGE ( .BOTH. , #7246 ) ;
#1009 = VECTOR ( 'NONE', #10989, 1000.000000000000000 ) ;
#1010 = AXIS2_PLACEMENT_3D ( 'NONE', #12516, #6328, #94 ) ;
#1011 = CARTESIAN_POINT ( 'NONE',  ( -4.917327024617395500, -1.778000000000000500, 0.3695477133697210900 ) ) ;
#1012 =( LENGTH_UNIT ( ) NAMED_UNIT ( * ) SI_UNIT ( .MILLI., .METRE. ) );
#1013 = COLOUR_RGB ( '',0.7529411764705882200, 1.000000000000000000, 1.000000000000000000 ) ;
#1014 = AXIS2_PLACEMENT_3D ( 'NONE', #3618, #2441, #5594 ) ;
#1015 = DIRECTION ( 'NONE',  ( -1.000000000000000000, 0.0000000000000000000, 0.0000000000000000000 ) ) ;
#1016 =( NAMED_UNIT ( * ) SI_UNIT ( $, .STERADIAN. ) SOLID_ANGLE_UNIT ( ) );
#1017 = ORIENTED_EDGE ( 'NONE', *, *, #4296, .T. ) ;
#1018 = SURFACE_SIDE_STYLE ('',( #12433 ) ) ;
#1019 = ORIENTED_EDGE ( 'NONE', *, *, #987, .T. ) ;
#1020 = LINE ( 'NONE', #5422, #6227 ) ;
#1021 = STYLED_ITEM ( 'NONE', ( #7056 ), #9411 ) ;
#1022 = EDGE_CURVE ( 'NONE', #1811, #6224, #6457, .T. ) ;
#1023 = VECTOR ( 'NONE', #8501, 1000.000000000000000 ) ;
#1024 = ADVANCED_FACE ( 'NONE', ( #11637 ), #13113, .F. ) ;
#1025 = CARTESIAN_POINT ( 'NONE',  ( 2.794000000000000000, -1.778000000000000200, -7.569200000000000400 ) ) ;
#1026 = DIRECTION ( 'NONE',  ( -0.0002392222829775400600, -0.9999999713863492200, 0.0000000000000000000 ) ) ;
#1027 = ORIENTED_EDGE ( 'NONE', *, *, #1382, .T. ) ;
#1028 =( NAMED_UNIT ( * ) SI_UNIT ( $, .STERADIAN. ) SOLID_ANGLE_UNIT ( ) );
#1029 = MECHANICAL_DESIGN_GEOMETRIC_PRESENTATION_REPRESENTATION (  '', ( #13089 ), #1738 ) ;
#1030 = ORIENTED_EDGE ( 'NONE', *, *, #8058, .F. ) ;
#1031 = VECTOR ( 'NONE', #6283, 1000.000000000000000 ) ;
#1032 = DIRECTION ( 'NONE',  ( 0.0000000000000000000, 1.000000000000000000, 0.0000000000000000000 ) ) ;
#1033 = LINE ( 'NONE', #10240, #6242 ) ;
#1034 = STYLED_ITEM ( 'NONE', ( #1178 ), #12889 ) ;
#1035 = SURFACE_STYLE_FILL_AREA ( #12152 ) ;
#1036 = ORIENTED_EDGE ( 'NONE', *, *, #11086, .T. ) ;
#1037 = PLANE ( 'NONE',  #495 ) ;
#1038 = ORIENTED_EDGE ( 'NONE', *, *, #12970, .F. ) ;
#1039 = FILL_AREA_STYLE_COLOUR ( '', #2473 ) ;
#1040 = CARTESIAN_POINT ( 'NONE',  ( -8.636000000000001000, 2.758984659000000200, 10.55267244900000100 ) ) ;
#1041 = LINE ( 'NONE', #6702, #6255 ) ;
#1042 = ORIENTED_EDGE ( 'NONE', *, *, #4309, .F. ) ;
#1043 = CARTESIAN_POINT ( 'NONE',  ( -7.772400000000000200, 0.0000000000000000000, 7.493000000000001200 ) ) ;
#1044 = DIRECTION ( 'NONE',  ( -1.000000000000000000, -0.0000000000000000000, -0.0000000000000000000 ) ) ;
#1045 = DIRECTION ( 'NONE',  ( -1.000000000000000000, -0.0000000000000000000, -0.0000000000000000000 ) ) ;
#1046 = ORIENTED_EDGE ( 'NONE', *, *, #3604, .F. ) ;
#1047 = DIRECTION ( 'NONE',  ( 0.0000000000000000000, 0.0000000000000000000, -1.000000000000000000 ) ) ;
#1048 = SURFACE_STYLE_USAGE ( .BOTH. , #7304 ) ;
#1049 = STYLED_ITEM ( 'NONE', ( #9127 ), #5735 ) ;
#1050 = CARTESIAN_POINT ( 'NONE',  ( 5.983580289999999900, 7.039604364000000600, 10.36402441600000100 ) ) ;
#1051 = ADVANCED_FACE ( 'NONE', ( #2413 ), #12098, .F. ) ;
#1052 = VERTEX_POINT ( 'NONE', #10656 ) ;
#1053 = VERTEX_POINT ( 'NONE', #10602 ) ;
#1054 = VECTOR ( 'NONE', #3694, 1000.000000000000000 ) ;
#1055 = DIRECTION ( 'NONE',  ( 0.0000000000000000000, 0.0000000000000000000, -1.000000000000000000 ) ) ;
#1056 = ORIENTED_EDGE ( 'NONE', *, *, #1179, .T. ) ;
#1057 = ORIENTED_EDGE ( 'NONE', *, *, #4742, .F. ) ;
#1058 = FILL_AREA_STYLE_COLOUR ( '', #8298 ) ;
#1059 = CARTESIAN_POINT ( 'NONE',  ( -8.635999999999999200, 0.0000000000000000000, -8.664998163999998200 ) ) ;
#1060 = EDGE_CURVE ( 'NONE', #3145, #4536, #6942, .T. ) ;
#1061 = UNCERTAINTY_MEASURE_WITH_UNIT (LENGTH_MEASURE( 1.000000000000000100E-005 ), #9484, 'distance_accuracy_value', 'NONE');
#1062 = DIRECTION ( 'NONE',  ( 0.0000000000000000000, 0.0000000000000000000, -1.000000000000000000 ) ) ;
#1063 = PLANE ( 'NONE',  #10418 ) ;
#1064 = EDGE_CURVE ( 'NONE', #7157, #11868, #9739, .T. ) ;
#1065 = ORIENTED_EDGE ( 'NONE', *, *, #9192, .T. ) ;
#1066 = VERTEX_POINT ( 'NONE', #9828 ) ;
#1067 = CARTESIAN_POINT ( 'NONE',  ( -4.027795055999998700, 10.54099999999999900, 3.784029870000000400 ) ) ;
#1068 = FILL_AREA_STYLE ('',( #6360 ) ) ;
#1069 = ORIENTED_EDGE ( 'NONE', *, *, #7545, .T. ) ;
#1070 = LINE ( 'NONE', #7383, #11465 ) ;
#1071 = ORIENTED_EDGE ( 'NONE', *, *, #1359, .T. ) ;
#1072 = CIRCLE ( 'NONE', #7904, 0.1270000000000003900 ) ;
#1073 = PRESENTATION_STYLE_ASSIGNMENT (( #9699 ) ) ;
#1074 =( NAMED_UNIT ( * ) PLANE_ANGLE_UNIT ( ) SI_UNIT ( $, .RADIAN. ) );
#1075 = SURFACE_SIDE_STYLE ('',( #7784 ) ) ;
#1076 = FACE_OUTER_BOUND ( 'NONE', #12886, .T. ) ;
#1077 = DIRECTION ( 'NONE',  ( -0.0000000000000000000, -0.0000000000000000000, -1.000000000000000000 ) ) ;
#1078 = LINE ( 'NONE', #10055, #3870 ) ;
#1079 = AXIS2_PLACEMENT_3D ( 'NONE', #10236, #10963, #7918 ) ;
#1080 = ADVANCED_FACE ( 'NONE', ( #3867 ), #11809, .F. ) ;
#1081 = EDGE_LOOP ( 'NONE', ( #2202, #9565, #10284, #1746 ) ) ;
#1082 = STYLED_ITEM ( 'NONE', ( #2945 ), #583 ) ;
#1083 = STYLED_ITEM ( 'NONE', ( #7642 ), #7065 ) ;
#1084 = VECTOR ( 'NONE', #4083, 1000.000000000000000 ) ;
#1085 = ORIENTED_EDGE ( 'NONE', *, *, #5010, .F. ) ;
#1086 = DIRECTION ( 'NONE',  ( 1.000000000000000000, 0.0000000000000000000, 0.0000000000000000000 ) ) ;
#1087 = PLANE ( 'NONE',  #12482 ) ;
#1088 = VECTOR ( 'NONE', #4687, 1000.000000000000000 ) ;
#1089 = EDGE_CURVE ( 'NONE', #6404, #8511, #10234, .T. ) ;
#1090 =( NAMED_UNIT ( * ) SI_UNIT ( $, .STERADIAN. ) SOLID_ANGLE_UNIT ( ) );
#1091 = FACE_BOUND ( 'NONE', #12638, .T. ) ;
#1092 = CARTESIAN_POINT ( 'NONE',  ( -8.890000000000000600, 10.54099999999999900, 10.83254115400000100 ) ) ;
#1093 = EDGE_CURVE ( 'NONE', #9558, #12870, #12942, .T. ) ;
#1094 = DIRECTION ( 'NONE',  ( -1.000000000000000000, 0.0000000000000000000, 0.0000000000000000000 ) ) ;
#1095 = MECHANICAL_DESIGN_GEOMETRIC_PRESENTATION_REPRESENTATION (  '', ( #12471 ), #1809 ) ;
#1096 = PRESENTATION_STYLE_ASSIGNMENT (( #5420 ) ) ;
#1097 = CARTESIAN_POINT ( 'NONE',  ( 8.890000000000000600, 0.0000000000000000000, 12.06500000000000100 ) ) ;
#1098 =( LENGTH_UNIT ( ) NAMED_UNIT ( * ) SI_UNIT ( .MILLI., .METRE. ) );
#1099 = ORIENTED_EDGE ( 'NONE', *, *, #12261, .F. ) ;
#1100 = EDGE_LOOP ( 'NONE', ( #12734, #526, #1780, #12768 ) ) ;
#1101 = CARTESIAN_POINT ( 'NONE',  ( -10.90189126881141300, 8.324305031068627500, 10.23197145904571300 ) ) ;
#1102 = PRESENTATION_STYLE_ASSIGNMENT (( #11108 ) ) ;
#1103 = FACE_OUTER_BOUND ( 'NONE', #12957, .T. ) ;
#1104 = STYLED_ITEM ( 'NONE', ( #10091 ), #4243 ) ;
#1105 = SURFACE_STYLE_FILL_AREA ( #12263 ) ;
#1106 = MECHANICAL_DESIGN_GEOMETRIC_PRESENTATION_REPRESENTATION (  '', ( #13165 ), #1818 ) ;
#1107 = VERTEX_POINT ( 'NONE', #11135 ) ;
#1108 = FACE_OUTER_BOUND ( 'NONE', #3555, .T. ) ;
#1109 = MECHANICAL_DESIGN_GEOMETRIC_PRESENTATION_REPRESENTATION (  '', ( #12483 ), #1819 ) ;
#1110 = CARTESIAN_POINT ( 'NONE',  ( -8.658011851999999600, 9.952328655000000500, 12.19200266200000000 ) ) ;
#1111 = STYLED_ITEM ( 'NONE', ( #6734 ), #12479 ) ;
#1112 = SURFACE_SIDE_STYLE ('',( #8660 ) ) ;
#1113 = EDGE_CURVE ( 'NONE', #4079, #11811, #4703, .T. ) ;
#1114 = COLOUR_RGB ( '',0.7490196078431372600, 1.000000000000000000, 1.000000000000000000 ) ;
#1115 = DIRECTION ( 'NONE',  ( -0.6948958118341513900, 0.0000000000000000000, 0.7191104301116454400 ) ) ;
#1116 = CARTESIAN_POINT ( 'NONE',  ( -8.762999999999999900, -1.165775448000000000, -1.778000000000000200 ) ) ;
#1117 = STYLED_ITEM ( 'NONE', ( #11251 ), #10172 ) ;
#1118 = LINE ( 'NONE', #2593, #3906 ) ;
#1119 = DIRECTION ( 'NONE',  ( -1.000000000000000000, 0.0000000000000000000, 0.0000000000000000000 ) ) ;
#1120 = PRESENTATION_STYLE_ASSIGNMENT (( #9149 ) ) ;
#1121 = LINE ( 'NONE', #3486, #9107 ) ;
#1122 = VERTEX_POINT ( 'NONE', #8850 ) ;
#1123 = SURFACE_SIDE_STYLE ('',( #2133 ) ) ;
#1124 = CARTESIAN_POINT ( 'NONE',  ( -7.264400000000000200, -1.778000000000000200, 4.953000000000001200 ) ) ;
#1125 = CARTESIAN_POINT ( 'NONE',  ( -1.270000000000000000, -1.778000000000000200, -7.569200000000000400 ) ) ;
#1126 = AXIS2_PLACEMENT_3D ( 'NONE', #7992, #1752, #9023 ) ;
#1127 = SURFACE_SIDE_STYLE ('',( #6789 ) ) ;
#1128 = ADVANCED_FACE ( 'NONE', ( #7472 ), #9156, .F. ) ;
#1129 = EDGE_LOOP ( 'NONE', ( #4653, #12256, #1535, #8964 ) ) ;
#1130 = VECTOR ( 'NONE', #9177, 1000.000000000000000 ) ;
#1131 = CARTESIAN_POINT ( 'NONE',  ( -9.090344279295232300, 10.13973070861135100, 9.558682844999999900 ) ) ;
#1132 = LINE ( 'NONE', #13280, #6341 ) ;
#1133 = DIRECTION ( 'NONE',  ( -0.0000000000000000000, -1.000000000000000000, -0.0000000000000000000 ) ) ;
#1134 = VECTOR ( 'NONE', #9820, 1000.000000000000100 ) ;
#1135 = LINE ( 'NONE', #10339, #6668 ) ;
#1136 = ORIENTED_EDGE ( 'NONE', *, *, #1284, .F. ) ;
#1137 = COLOUR_RGB ( '',0.7490196078431372600, 1.000000000000000000, 1.000000000000000000 ) ;
#1138 = FILL_AREA_STYLE ('',( #87 ) ) ;
#1139 = SURFACE_SIDE_STYLE ('',( #2374 ) ) ;
#1140 =( GEOMETRIC_REPRESENTATION_CONTEXT ( 3 ) GLOBAL_UNCERTAINTY_ASSIGNED_CONTEXT ( ( #6185 ) ) GLOBAL_UNIT_ASSIGNED_CONTEXT ( ( #4112, #11340, #5148 ) ) REPRESENTATION_CONTEXT ( 'NONE', 'WORKASPACE' ) );
#1141 = CARTESIAN_POINT ( 'NONE',  ( 5.680417080999999900, 11.04899999999999900, 8.092053031500000800 ) ) ;
#1142 = DIRECTION ( 'NONE',  ( 0.0000000000000000000, 0.0000000000000000000, -1.000000000000000000 ) ) ;
#1143 =( LENGTH_UNIT ( ) NAMED_UNIT ( * ) SI_UNIT ( .MILLI., .METRE. ) );
#1144 = DIRECTION ( 'NONE',  ( -1.000000000000000000, 0.0000000000000000000, 0.0000000000000000000 ) ) ;
#1145 = CIRCLE ( 'NONE', #6762, 0.3047999999999996300 ) ;
#1146 = VECTOR ( 'NONE', #12840, 1000.000000000000000 ) ;
#1147 = ADVANCED_FACE ( 'NONE', ( #953 ), #7682, .F. ) ;
#1148 =( NAMED_UNIT ( * ) PLANE_ANGLE_UNIT ( ) SI_UNIT ( $, .RADIAN. ) );
#1149 = ORIENTED_EDGE ( 'NONE', *, *, #3625, .F. ) ;
#1150 = PRESENTATION_STYLE_ASSIGNMENT (( #7078 ) ) ;
#1151 = PRESENTATION_STYLE_ASSIGNMENT (( #9809 ) ) ;
#1152 = CARTESIAN_POINT ( 'NONE',  ( 8.635999999999999200, 10.74927999999999900, 0.5892800000000002500 ) ) ;
#1153 =( LENGTH_UNIT ( ) NAMED_UNIT ( * ) SI_UNIT ( .MILLI., .METRE. ) );
#1154 = FACE_OUTER_BOUND ( 'NONE', #4326, .T. ) ;
#1155 = ADVANCED_FACE ( 'NONE', ( #2765 ), #6476, .F. ) ;
#1156 = EDGE_LOOP ( 'NONE', ( #6113, #8536, #4470, #12718 ) ) ;
#1157 = PRESENTATION_STYLE_ASSIGNMENT (( #11963 ) ) ;
#1158 = SURFACE_SIDE_STYLE ('',( #12001 ) ) ;
#1159 = DIRECTION ( 'NONE',  ( -0.0000000000000000000, -0.0000000000000000000, 1.000000000000000000 ) ) ;
#1160 = EDGE_CURVE ( 'NONE', #446, #12300, #6960, .T. ) ;
#1161 = CARTESIAN_POINT ( 'NONE',  ( 6.683662506000000100, 9.954909269000001600, 12.27084082950000100 ) ) ;
#1162 = CARTESIAN_POINT ( 'NONE',  ( 8.762999999999999900, 2.550001377000000500, -11.06499945999999900 ) ) ;
#1163 = AXIS2_PLACEMENT_3D ( 'NONE', #39, #5243, #4239 ) ;
#1164 = ORIENTED_EDGE ( 'NONE', *, *, #2492, .F. ) ;
#1165 =( NAMED_UNIT ( * ) SI_UNIT ( $, .STERADIAN. ) SOLID_ANGLE_UNIT ( ) );
#1166 = SURFACE_SIDE_STYLE ('',( #4556 ) ) ;
#1167 = FILL_AREA_STYLE ('',( #6392 ) ) ;
#1168 = UNCERTAINTY_MEASURE_WITH_UNIT (LENGTH_MEASURE( 1.000000000000000100E-005 ), #1702, 'distance_accuracy_value', 'NONE');
#1169 = CARTESIAN_POINT ( 'NONE',  ( 5.983580289999999900, 7.039604364000000600, 8.814624416000002700 ) ) ;
#1170 = DIRECTION ( 'NONE',  ( 0.0000000000000000000, 0.0000000000000000000, -1.000000000000000000 ) ) ;
#1171 = SURFACE_SIDE_STYLE ('',( #6350 ) ) ;
#1172 = AXIS2_PLACEMENT_3D ( 'NONE', #648, #687, #9792 ) ;
#1173 = ORIENTED_EDGE ( 'NONE', *, *, #1784, .T. ) ;
#1174 = AXIS2_PLACEMENT_3D ( 'NONE', #9887, #2623, #9938 ) ;
#1175 = CARTESIAN_POINT ( 'NONE',  ( 9.016999999999999500, 9.229793325999999400, -4.673387328999999600 ) ) ;
#1176 = ORIENTED_EDGE ( 'NONE', *, *, #1064, .T. ) ;
#1177 = DIRECTION ( 'NONE',  ( 1.000000000000000000, 0.0000000000000000000, 0.0000000000000000000 ) ) ;
#1178 = PRESENTATION_STYLE_ASSIGNMENT (( #1496 ) ) ;
#1179 = EDGE_CURVE ( 'NONE', #11672, #11462, #1765, .T. ) ;
#1180 = PLANE ( 'NONE',  #6101 ) ;
#1181 = SURFACE_STYLE_FILL_AREA ( #8726 ) ;
#1182 = DIRECTION ( 'NONE',  ( 0.0000000000000000000, 0.0000000000000000000, -1.000000000000000000 ) ) ;
#1183 = AXIS2_PLACEMENT_3D ( 'NONE', #10481, #5293, #6374 ) ;
#1184 = DIRECTION ( 'NONE',  ( 0.0000000000000000000, 0.0000000000000000000, -1.000000000000000000 ) ) ;
#1185 = DIRECTION ( 'NONE',  ( 0.0000000000000000000, 1.000000000000000000, 0.0000000000000000000 ) ) ;
#1186 = ORIENTED_EDGE ( 'NONE', *, *, #8535, .T. ) ;
#1187 =( GEOMETRIC_REPRESENTATION_CONTEXT ( 3 ) GLOBAL_UNCERTAINTY_ASSIGNED_CONTEXT ( ( #12343 ) ) GLOBAL_UNIT_ASSIGNED_CONTEXT ( ( #12144, #5964, #13171 ) ) REPRESENTATION_CONTEXT ( 'NONE', 'WORKASPACE' ) );
#1188 = FILL_AREA_STYLE_COLOUR ( '', #4992 ) ;
#1189 = CYLINDRICAL_SURFACE ( 'NONE', #8533, 0.5000000000000004400 ) ;
#1190 = DIRECTION ( 'NONE',  ( 0.0000000000000000000, 1.000000000000000000, 0.0000000000000000000 ) ) ;
#1191 = VERTEX_POINT ( 'NONE', #6929 ) ;
#1193 = AXIS2_PLACEMENT_3D ( 'NONE', #5943, #5905, #5857 ) ;
#1192 = FILL_AREA_STYLE_COLOUR ( '', #1393 ) ;
#1194 = VECTOR ( 'NONE', #2103, 1000.000000000000000 ) ;
#1195 = AXIS2_PLACEMENT_3D ( 'NONE', #13158, #6989, #745 ) ;
#1196 = CARTESIAN_POINT ( 'NONE',  ( 8.890000000000000600, 0.0000000000000000000, -8.664998163999998200 ) ) ;
#1197 = FACE_OUTER_BOUND ( 'NONE', #8379, .T. ) ;
#1198 = PRESENTATION_LAYER_ASSIGNMENT (  '', '', ( #1897 ) ) ;
#1199 = DIRECTION ( 'NONE',  ( 0.7981611587262271700, -0.6024439929991886000, 0.0000000000000000000 ) ) ;
#1200 = EDGE_CURVE ( 'NONE', #6224, #12386, #9424, .T. ) ;
#1201 = ORIENTED_EDGE ( 'NONE', *, *, #1064, .F. ) ;
#1202 = PRESENTATION_LAYER_ASSIGNMENT (  '', '', ( #13259 ) ) ;
#1203 =( NAMED_UNIT ( * ) PLANE_ANGLE_UNIT ( ) SI_UNIT ( $, .RADIAN. ) );
#1204 = FILL_AREA_STYLE ('',( #6385 ) ) ;
#1205 = SURFACE_STYLE_USAGE ( .BOTH. , #7446 ) ;
#1206 = DIRECTION ( 'NONE',  ( -0.0000000000000000000, -0.0000000000000000000, 1.000000000000000000 ) ) ;
#1207 = DIRECTION ( 'NONE',  ( 1.000000000000000000, -0.0000000000000000000, 0.0000000000000000000 ) ) ;
#1208 = ORIENTED_EDGE ( 'NONE', *, *, #8563, .F. ) ;
#1209 = EDGE_LOOP ( 'NONE', ( #8747, #7417, #7422, #5945 ) ) ;
#1210 = FILL_AREA_STYLE_COLOUR ( '', #20 ) ;
#1211 = CARTESIAN_POINT ( 'NONE',  ( -9.090000013377888900, 3.705154818675402000, 9.289856516030900100 ) ) ;
#1212 = SURFACE_SIDE_STYLE ('',( #12411 ) ) ;
#1213 = STYLED_ITEM ( 'NONE', ( #4900 ), #2471 ) ;
#1214 =( GEOMETRIC_REPRESENTATION_CONTEXT ( 3 ) GLOBAL_UNCERTAINTY_ASSIGNED_CONTEXT ( ( #10130 ) ) GLOBAL_UNIT_ASSIGNED_CONTEXT ( ( #11381, #5186, #12392 ) ) REPRESENTATION_CONTEXT ( 'NONE', 'WORKASPACE' ) );
#1215 = VERTEX_POINT ( 'NONE', #8471 ) ;
#1216 = DIRECTION ( 'NONE',  ( -0.0000000000000000000, -0.0000000000000000000, 1.000000000000000000 ) ) ;
#1217 = UNCERTAINTY_MEASURE_WITH_UNIT (LENGTH_MEASURE( 1.000000000000000100E-005 ), #3767, 'distance_accuracy_value', 'NONE');
#1218 = ADVANCED_FACE ( 'NONE', ( #3884 ), #115, .T. ) ;
#1219 = STYLED_ITEM ( 'NONE', ( #10722 ), #13246 ) ;
#1220 = CIRCLE ( 'NONE', #10015, 0.3047999999999996300 ) ;
#1221 = CARTESIAN_POINT ( 'NONE',  ( 7.772400000000001100, -1.778000000000000200, 7.493000000000000300 ) ) ;
#1222 = DIRECTION ( 'NONE',  ( 0.0000000000000000000, -1.000000000000000000, 0.0000000000000000000 ) ) ;
#1223 = PLANE ( 'NONE',  #11705 ) ;
#1224 = ORIENTED_EDGE ( 'NONE', *, *, #6572, .T. ) ;
#1225 = PRESENTATION_LAYER_ASSIGNMENT (  '', '', ( #515 ) ) ;
#1226 = ORIENTED_EDGE ( 'NONE', *, *, #1060, .F. ) ;
#1227 = CARTESIAN_POINT ( 'NONE',  ( -8.890000000000000600, 0.0000000000000000000, -12.06500000000000100 ) ) ;
#1228 = ORIENTED_EDGE ( 'NONE', *, *, #12210, .F. ) ;
#1229 = EDGE_LOOP ( 'NONE', ( #9867, #1824, #1186, #10772 ) ) ;
#1230 = PRESENTATION_LAYER_ASSIGNMENT (  '', '', ( #13290 ) ) ;
#1231 = SURFACE_STYLE_FILL_AREA ( #8244 ) ;
#1232 =( NAMED_UNIT ( * ) SI_UNIT ( $, .STERADIAN. ) SOLID_ANGLE_UNIT ( ) );
#1233 = CARTESIAN_POINT ( 'NONE',  ( -3.267003117148265600, -1.778000000000000200, -1.338284043143272300 ) ) ;
#1234 = CARTESIAN_POINT ( 'NONE',  ( 8.990000000000000200, -0.7111962200000000500, -1.143000000000000200 ) ) ;
#1235 = VECTOR ( 'NONE', #3461, 1000.000000000000000 ) ;
#1236 = SURFACE_STYLE_USAGE ( .BOTH. , #7481 ) ;
#1237 = ORIENTED_EDGE ( 'NONE', *, *, #2409, .T. ) ;
#1238 = DIRECTION ( 'NONE',  ( -0.7981611590040701400, 0.6024439926310822800, 0.0000000000000000000 ) ) ;
#1239 = ORIENTED_EDGE ( 'NONE', *, *, #7493, .T. ) ;
#1240 = SURFACE_STYLE_FILL_AREA ( #2302 ) ;
#1241 =( LENGTH_UNIT ( ) NAMED_UNIT ( * ) SI_UNIT ( .MILLI., .METRE. ) );
#1242 = VECTOR ( 'NONE', #5606, 1000.000000000000000 ) ;
#1243 = EDGE_CURVE ( 'NONE', #513, #8700, #5679, .T. ) ;
#1244 = ORIENTED_EDGE ( 'NONE', *, *, #3184, .F. ) ;
#1245 = STYLED_ITEM ( 'NONE', ( #8945 ), #6061 ) ;
#1246 = DIRECTION ( 'NONE',  ( 1.000000000000000000, -0.0000000000000000000, 0.0000000000000000000 ) ) ;
#1247 = VECTOR ( 'NONE', #6462, 1000.000000000000000 ) ;
#1248 = CARTESIAN_POINT ( 'NONE',  ( -9.090344282899101500, 10.13973070442536100, 10.27683157202811900 ) ) ;
#1249 = ORIENTED_EDGE ( 'NONE', *, *, #324, .T. ) ;
#1250 = FACE_OUTER_BOUND ( 'NONE', #8864, .T. ) ;
#1251 =( NAMED_UNIT ( * ) PLANE_ANGLE_UNIT ( ) SI_UNIT ( $, .RADIAN. ) );
#1252 = EDGE_CURVE ( 'NONE', #2110, #9417, #8429, .T. ) ;
#1253 = ORIENTED_EDGE ( 'NONE', *, *, #7650, .F. ) ;
#1254 = FACE_OUTER_BOUND ( 'NONE', #12508, .T. ) ;
#1255 = SURFACE_STYLE_USAGE ( .BOTH. , #1307 ) ;
#1256 = DIRECTION ( 'NONE',  ( -1.000000000000000000, -1.707404996040159200E-015, 0.0000000000000000000 ) ) ;
#1257 = CARTESIAN_POINT ( 'NONE',  ( -0.7620000000000005700, 0.0000000000000000000, -12.06500000000000100 ) ) ;
#1258 = VECTOR ( 'NONE', #13287, 1000.000000000000000 ) ;
#1259 = EDGE_CURVE ( 'NONE', #10561, #10953, #10875, .T. ) ;
#1260 = DIRECTION ( 'NONE',  ( 1.000000000000000000, -0.0000000000000000000, 0.0000000000000000000 ) ) ;
#1261 = DIRECTION ( 'NONE',  ( 0.0000000000000000000, -1.000000000000000000, 0.0000000000000000000 ) ) ;
#1262 = SURFACE_STYLE_FILL_AREA ( #4318 ) ;
#1263 = LINE ( 'NONE', #2616, #6465 ) ;
#1264 = VECTOR ( 'NONE', #3359, 1000.000000000000000 ) ;
#1265 = EDGE_CURVE ( 'NONE', #6125, #6948, #5346, .T. ) ;
#1266 = FACE_OUTER_BOUND ( 'NONE', #12574, .T. ) ;
#1267 = LINE ( 'NONE', #7297, #8922 ) ;
#1268 =( LENGTH_UNIT ( ) NAMED_UNIT ( * ) SI_UNIT ( .MILLI., .METRE. ) );
#1269 = ORIENTED_EDGE ( 'NONE', *, *, #8494, .F. ) ;
#1270 = DIRECTION ( 'NONE',  ( -0.0000000000000000000, 0.0000000000000000000, 1.000000000000000000 ) ) ;
#1271 = PRESENTATION_STYLE_ASSIGNMENT (( #11762 ) ) ;
#1272 = LINE ( 'NONE', #2482, #9258 ) ;
#1273 = FACE_OUTER_BOUND ( 'NONE', #1405, .T. ) ;
#1274 = PRESENTATION_LAYER_ASSIGNMENT (  '', '', ( #1978 ) ) ;
#1275 = PRESENTATION_STYLE_ASSIGNMENT (( #10041 ) ) ;
#1276 = DIRECTION ( 'NONE',  ( 0.0000000000000000000, -1.000000000000000000, 0.0000000000000000000 ) ) ;
#1277 = SURFACE_STYLE_USAGE ( .BOTH. , #7522 ) ;
#1278 = PRESENTATION_LAYER_ASSIGNMENT (  '', '', ( #1980 ) ) ;
#1279 = MECHANICAL_DESIGN_GEOMETRIC_PRESENTATION_REPRESENTATION (  '', ( #12647 ), #1983 ) ;
#1280 = ORIENTED_EDGE ( 'NONE', *, *, #5791, .F. ) ;
#1281 = UNCERTAINTY_MEASURE_WITH_UNIT (LENGTH_MEASURE( 1.000000000000000100E-005 ), #2562, 'distance_accuracy_value', 'NONE');
#1282 = DIRECTION ( 'NONE',  ( 1.000000000000000000, -0.0000000000000000000, -0.0000000000000000000 ) ) ;
#1283 = CIRCLE ( 'NONE', #12733, 0.1270000000000003900 ) ;
#1284 = EDGE_CURVE ( 'NONE', #11006, #693, #2917, .T. ) ;
#1285 = CARTESIAN_POINT ( 'NONE',  ( 6.388072139000000100, -0.8890000000000001200, -1.051672975000000000 ) ) ;
#1286 = DIRECTION ( 'NONE',  ( -0.0000000000000000000, 0.9993539390632588700, -0.03594029046555317900 ) ) ;
#1287 = SURFACE_STYLE_USAGE ( .BOTH. , #7528 ) ;
#1288 = PRESENTATION_STYLE_ASSIGNMENT (( #6454 ) ) ;
#1289 = PRESENTATION_STYLE_ASSIGNMENT (( #2003 ) ) ;
#1290 = STYLED_ITEM ( 'NONE', ( #10981 ), #9299 ) ;
#1291 = EDGE_CURVE ( 'NONE', #7544, #12578, #7785, .T. ) ;
#1292 = ORIENTED_EDGE ( 'NONE', *, *, #97, .F. ) ;
#1293 = ADVANCED_FACE ( 'NONE', ( #2256 ), #3693, .F. ) ;
#1294 = DIRECTION ( 'NONE',  ( 0.0000000000000000000, 0.0000000000000000000, -1.000000000000000000 ) ) ;
#1295 = PRESENTATION_LAYER_ASSIGNMENT (  '', '', ( #577 ) ) ;
#1296 = ORIENTED_EDGE ( 'NONE', *, *, #10998, .F. ) ;
#1297 = AXIS2_PLACEMENT_3D ( 'NONE', #4127, #4515, #4974 ) ;
#1298 = DIRECTION ( 'NONE',  ( -0.0000000000000000000, 0.7071067811865477900, 0.7071067811865473500 ) ) ;
#1299 = UNCERTAINTY_MEASURE_WITH_UNIT (LENGTH_MEASURE( 1.000000000000000100E-005 ), #12050, 'distance_accuracy_value', 'NONE');
#1300 = VECTOR ( 'NONE', #1514, 1000.000000000000000 ) ;
#1301 = VECTOR ( 'NONE', #4967, 1000.000000000000000 ) ;
#1302 = ORIENTED_EDGE ( 'NONE', *, *, #7185, .T. ) ;
#1303 = FILL_AREA_STYLE ('',( #237 ) ) ;
#1304 = VECTOR ( 'NONE', #2560, 1000.000000000000000 ) ;
#1305 = MECHANICAL_DESIGN_GEOMETRIC_PRESENTATION_REPRESENTATION (  '', ( #11294 ), #1999 ) ;
#1306 = LINE ( 'NONE', #13448, #6835 ) ;
#1307 = SURFACE_SIDE_STYLE ('',( #6535 ) ) ;
#1308 = CARTESIAN_POINT ( 'NONE',  ( 3.149999998529999800, 9.845799999270751000, 12.06500000000000300 ) ) ;
#1309 = EDGE_LOOP ( 'NONE', ( #11347, #6077, #1069, #10253 ) ) ;
#1310 =( NAMED_UNIT ( * ) PLANE_ANGLE_UNIT ( ) SI_UNIT ( $, .RADIAN. ) );
#1311 = DIRECTION ( 'NONE',  ( 0.0000000000000000000, 0.0000000000000000000, 1.000000000000000000 ) ) ;
#1312 = LINE ( 'NONE', #8390, #6515 ) ;
#1313 = VECTOR ( 'NONE', #3806, 1000.000000000000000 ) ;
#1314 = VERTEX_POINT ( 'NONE', #3393 ) ;
#1315 = LINE ( 'NONE', #11999, #6522 ) ;
#1316 = LINE ( 'NONE', #1679, #12008 ) ;
#1317 = DIRECTION ( 'NONE',  ( 0.0000000000000000000, 0.0000000000000000000, 1.000000000000000000 ) ) ;
#1318 =( GEOMETRIC_REPRESENTATION_CONTEXT ( 3 ) GLOBAL_UNCERTAINTY_ASSIGNED_CONTEXT ( ( #9288 ) ) GLOBAL_UNIT_ASSIGNED_CONTEXT ( ( #8514, #2304, #9578 ) ) REPRESENTATION_CONTEXT ( 'NONE', 'WORKASPACE' ) );
#1319 = SURFACE_STYLE_USAGE ( .BOTH. , #7551 ) ;
#1320 = ORIENTED_EDGE ( 'NONE', *, *, #4913, .F. ) ;
#1321 = CARTESIAN_POINT ( 'NONE',  ( -4.317999999999999600, -1.778000000000000200, -10.10920000000000100 ) ) ;
#1322 = SURFACE_SIDE_STYLE ('',( #4543 ) ) ;
#1323 = LINE ( 'NONE', #7580, #4111 ) ;
#1324 = FACE_OUTER_BOUND ( 'NONE', #10670, .T. ) ;
#1325 = COLOUR_RGB ( '',0.7490196078431372600, 1.000000000000000000, 1.000000000000000000 ) ;
#1326 = DIRECTION ( 'NONE',  ( -1.000000000000000000, 0.0000000000000000000, 0.0000000000000000000 ) ) ;
#1327 = PLANE ( 'NONE',  #4725 ) ;
#1328 = AXIS2_PLACEMENT_3D ( 'NONE', #1586, #8857, #2663 ) ;
#1329 = CARTESIAN_POINT ( 'NONE',  ( -8.635999999999999200, 9.448793649999998900, -3.781386573000000300 ) ) ;
#1330 = ORIENTED_EDGE ( 'NONE', *, *, #5271, .F. ) ;
#1331 = DIRECTION ( 'NONE',  ( -0.0000000000000000000, -0.0000000000000000000, 1.000000000000000000 ) ) ;
#1332 = ORIENTED_EDGE ( 'NONE', *, *, #8931, .F. ) ;
#1333 = EDGE_CURVE ( 'NONE', #6839, #3640, #9249, .T. ) ;
#1334 = VERTEX_POINT ( 'NONE', #3329 ) ;
#1335 = PRESENTATION_LAYER_ASSIGNMENT (  '', '', ( #2035 ) ) ;
#1336 = LINE ( 'NONE', #6757, #6547 ) ;
#1337 = SURFACE_STYLE_USAGE ( .BOTH. , #1367 ) ;
#1338 = CARTESIAN_POINT ( 'NONE',  ( -4.825999999999999600, -0.8890000000000001200, -7.569200000000000400 ) ) ;
#1339 = EDGE_CURVE ( 'NONE', #726, #11227, #6466, .T. ) ;
#1340 = DIRECTION ( 'NONE',  ( 0.0000000000000000000, 0.0000000000000000000, 1.000000000000000000 ) ) ;
#1341 = CARTESIAN_POINT ( 'NONE',  ( 8.890000000000002300, 0.9500005125555001100, -9.864998812275001000 ) ) ;
#1342 = EDGE_CURVE ( 'NONE', #3858, #3048, #3716, .T. ) ;
#1343 = CARTESIAN_POINT ( 'NONE',  ( 8.599018703999998800, 3.664139748000001100, 10.36402441600000100 ) ) ;
#1344 = SURFACE_SIDE_STYLE ('',( #10748 ) ) ;
#1345 = ORIENTED_EDGE ( 'NONE', *, *, #357, .F. ) ;
#1346 = FILL_AREA_STYLE ('',( #1493 ) ) ;
#1347 = SURFACE_SIDE_STYLE ('',( #12953 ) ) ;
#1348 = VERTEX_POINT ( 'NONE', #1551 ) ;
#1349 = LINE ( 'NONE', #10553, #6883 ) ;
#1350 = CARTESIAN_POINT ( 'NONE',  ( -8.636000000000001000, 9.229793325999999400, -3.981386681000000500 ) ) ;
#1351 = VERTEX_POINT ( 'NONE', #1617 ) ;
#1352 = LINE ( 'NONE', #10560, #1023 ) ;
#1353 = PRESENTATION_LAYER_ASSIGNMENT (  '', '', ( #2047 ) ) ;
#1354 = ADVANCED_FACE ( 'NONE', ( #8915 ), #5182, .T. ) ;
#1355 = PRESENTATION_LAYER_ASSIGNMENT (  '', '', ( #2051 ) ) ;
#1356 = UNCERTAINTY_MEASURE_WITH_UNIT (LENGTH_MEASURE( 1.000000000000000100E-005 ), #3212, 'distance_accuracy_value', 'NONE');
#1357 = AXIS2_PLACEMENT_3D ( 'NONE', #198, #7506, #1256 ) ;
#1358 =( LENGTH_UNIT ( ) NAMED_UNIT ( * ) SI_UNIT ( .MILLI., .METRE. ) );
#1359 = EDGE_CURVE ( 'NONE', #12820, #8126, #10716, .T. ) ;
#1360 = SURFACE_STYLE_USAGE ( .BOTH. , #7593 ) ;
#1361 = ORIENTED_EDGE ( 'NONE', *, *, #10283, .T. ) ;
#1362 = FILL_AREA_STYLE_COLOUR ( '', #4274 ) ;
#1363 = EDGE_CURVE ( 'NONE', #7696, #4150, #934, .T. ) ;
#1364 = EDGE_CURVE ( 'NONE', #12442, #446, #2423, .T. ) ;
#1365 = PLANE ( 'NONE',  #12349 ) ;
#1366 = MECHANICAL_DESIGN_GEOMETRIC_PRESENTATION_REPRESENTATION (  '', ( #13431 ), #2070 ) ;
#1367 = SURFACE_SIDE_STYLE ('',( #4523 ) ) ;
#1368 = DIRECTION ( 'NONE',  ( -0.7981611587262271700, -0.6024439929991886000, 0.0000000000000000000 ) ) ;
#1369 = SURFACE_SIDE_STYLE ('',( #91 ) ) ;
#1370 = VERTEX_POINT ( 'NONE', #1835 ) ;
#1371 =( GEOMETRIC_REPRESENTATION_CONTEXT ( 3 ) GLOBAL_UNCERTAINTY_ASSIGNED_CONTEXT ( ( #6773 ) ) GLOBAL_UNIT_ASSIGNED_CONTEXT ( ( #3395, #10675, #4444 ) ) REPRESENTATION_CONTEXT ( 'NONE', 'WORKASPACE' ) );
#1372 = DIRECTION ( 'NONE',  ( 0.0000000000000000000, -0.03868174422168049000, -0.9992515812666841200 ) ) ;
#1373 = VERTEX_POINT ( 'NONE', #1760 ) ;
#1374 =( LENGTH_UNIT ( ) NAMED_UNIT ( * ) SI_UNIT ( .MILLI., .METRE. ) );
#1375 = DIRECTION ( 'NONE',  ( 0.03594029056241337900, 0.0000000000000000000, 0.9993539390597753200 ) ) ;
#1377 =( GEOMETRIC_REPRESENTATION_CONTEXT ( 3 ) GLOBAL_UNCERTAINTY_ASSIGNED_CONTEXT ( ( #8594 ) ) GLOBAL_UNIT_ASSIGNED_CONTEXT ( ( #4408, #4567, #4778 ) ) REPRESENTATION_CONTEXT ( 'NONE', 'WORKASPACE' ) );
#1376 = FILL_AREA_STYLE ('',( #8609 ) ) ;
#1378 = ORIENTED_EDGE ( 'NONE', *, *, #4296, .F. ) ;
#1379 = PRESENTATION_LAYER_ASSIGNMENT (  '', '', ( #664 ) ) ;
#1380 = LINE ( 'NONE', #831, #6901 ) ;
#1381 = AXIS2_PLACEMENT_3D ( 'NONE', #2859, #10127, #3900 ) ;
#1382 = EDGE_CURVE ( 'NONE', #12386, #5005, #2083, .T. ) ;
#1383 = VERTEX_POINT ( 'NONE', #1599 ) ;
#1384 = ORIENTED_EDGE ( 'NONE', *, *, #4876, .F. ) ;
#1385 = MECHANICAL_DESIGN_GEOMETRIC_PRESENTATION_REPRESENTATION (  '', ( #12741 ), #2096 ) ;
#1386 = CARTESIAN_POINT ( 'NONE',  ( 7.264400000000000200, -1.778000000000000200, 5.461000000000000300 ) ) ;
#1387 = SURFACE_STYLE_USAGE ( .BOTH. , #1369 ) ;
#1388 =( LENGTH_UNIT ( ) NAMED_UNIT ( * ) SI_UNIT ( .MILLI., .METRE. ) );
#1389 = ORIENTED_EDGE ( 'NONE', *, *, #9985, .F. ) ;
#1390 = DIRECTION ( 'NONE',  ( 0.0000000000000000000, 0.0000000000000000000, 1.000000000000000000 ) ) ;
#1391 = DIRECTION ( 'NONE',  ( 0.0000000000000000000, 0.0000000000000000000, 1.000000000000000000 ) ) ;
#1392 = FILL_AREA_STYLE ('',( #1488 ) ) ;
#1393 = COLOUR_RGB ( '',0.7490196078431372600, 1.000000000000000000, 1.000000000000000000 ) ;
#1394 = DIRECTION ( 'NONE',  ( -0.0000000000000000000, -0.0000000000000000000, -1.000000000000000000 ) ) ;
#1395 = PLANE ( 'NONE',  #1800 ) ;
#1396 =( GEOMETRIC_REPRESENTATION_CONTEXT ( 3 ) GLOBAL_UNCERTAINTY_ASSIGNED_CONTEXT ( ( #8890 ) ) GLOBAL_UNIT_ASSIGNED_CONTEXT ( ( #10856, #10820, #10783 ) ) REPRESENTATION_CONTEXT ( 'NONE', 'WORKASPACE' ) );
#1397 = AXIS2_PLACEMENT_3D ( 'NONE', #336, #7631, #1391 ) ;
#1398 = ORIENTED_EDGE ( 'NONE', *, *, #10169, .F. ) ;
#1399 = ORIENTED_EDGE ( 'NONE', *, *, #6753, .F. ) ;
#1400 = SURFACE_STYLE_USAGE ( .BOTH. , #7638 ) ;
#1401 = LINE ( 'NONE', #9717, #4176 ) ;
#1402 = AXIS2_PLACEMENT_3D ( 'NONE', #8663, #2453, #9724 ) ;
#1403 = VECTOR ( 'NONE', #8870, 1000.000000000000000 ) ;
#1404 = ORIENTED_EDGE ( 'NONE', *, *, #7013, .F. ) ;
#1405 = EDGE_LOOP ( 'NONE', ( #6234, #4460, #2693, #867, #11608, #2217, #400, #8910 ) ) ;
#1406 = CARTESIAN_POINT ( 'NONE',  ( -9.102690267982827900, 3.716977237874621800, 9.985070111914321700 ) ) ;
#1407 = CARTESIAN_POINT ( 'NONE',  ( 9.016999999999999500, 2.350001268999999800, -10.11899881199999900 ) ) ;
#1408 = PRESENTATION_LAYER_ASSIGNMENT (  '', '', ( #691 ) ) ;
#1409 = FACE_OUTER_BOUND ( 'NONE', #7451, .T. ) ;
#1410 = ORIENTED_EDGE ( 'NONE', *, *, #8235, .T. ) ;
#1411 = EDGE_LOOP ( 'NONE', ( #372, #4748, #1759, #6880 ) ) ;
#1412 = EDGE_CURVE ( 'NONE', #2866, #21, #10389, .T. ) ;
#1413 = ORIENTED_EDGE ( 'NONE', *, *, #2165, .F. ) ;
#1414 = ORIENTED_EDGE ( 'NONE', *, *, #11259, .F. ) ;
#1415 = VERTEX_POINT ( 'NONE', #1432 ) ;
#1416 = DIRECTION ( 'NONE',  ( -1.000000000000000000, 0.0000000000000000000, 0.0000000000000000000 ) ) ;
#1417 = DIRECTION ( 'NONE',  ( 1.000000000000000000, -0.0000000000000000000, 0.0000000000000000000 ) ) ;
#1418 = VECTOR ( 'NONE', #10201, 1000.000000000000000 ) ;
#1419 = CYLINDRICAL_SURFACE ( 'NONE', #8254, 0.5000000159999995500 ) ;
#1420 = LINE ( 'NONE', #2204, #13407 ) ;
#1421 = PLANE ( 'NONE',  #2477 ) ;
#1422 = CARTESIAN_POINT ( 'NONE',  ( 2.590999999999999700, 9.845800000000000600, 3.505199999999999900 ) ) ;
#1423 = ADVANCED_FACE ( 'NONE', ( #7287 ), #1469, .F. ) ;
#1424 = ORIENTED_EDGE ( 'NONE', *, *, #5146, .F. ) ;
#1425 = EDGE_CURVE ( 'NONE', #7515, #4084, #6289, .T. ) ;
#1426 = ORIENTED_EDGE ( 'NONE', *, *, #11930, .T. ) ;
#1427 = SURFACE_STYLE_USAGE ( .BOTH. , #12505 ) ;
#1428 = AXIS2_PLACEMENT_3D ( 'NONE', #11297, #5105, #12332 ) ;
#1429 = ORIENTED_EDGE ( 'NONE', *, *, #3096, .F. ) ;
#1430 = FACE_BOUND ( 'NONE', #1938, .T. ) ;
#1431 = VECTOR ( 'NONE', #11783, 1000.000000000000000 ) ;
#1432 = CARTESIAN_POINT ( 'NONE',  ( -3.263927861116458400, 3.642437063358525200E-016, -1.158705249879484300 ) ) ;
#1433 = LINE ( 'NONE', #2907, #9422 ) ;
#1434 =( LENGTH_UNIT ( ) NAMED_UNIT ( * ) SI_UNIT ( .MILLI., .METRE. ) );
#1435 = SURFACE_STYLE_FILL_AREA ( #11236 ) ;
#1436 = CARTESIAN_POINT ( 'NONE',  ( 8.635999999999999200, 1.150000621000000000, -10.46499913600000100 ) ) ;
#1437 = SURFACE_STYLE_USAGE ( .BOTH. , #7676 ) ;
#1438 = UNCERTAINTY_MEASURE_WITH_UNIT (LENGTH_MEASURE( 1.000000000000000100E-005 ), #4291, 'distance_accuracy_value', 'NONE');
#1439 = VECTOR ( 'NONE', #5772, 1000.000000000000000 ) ;
#1440 =( NAMED_UNIT ( * ) PLANE_ANGLE_UNIT ( ) SI_UNIT ( $, .RADIAN. ) );
#1441 = PLANE ( 'NONE',  #7193 ) ;
#1442 = ORIENTED_EDGE ( 'NONE', *, *, #2840, .F. ) ;
#1443 = STYLED_ITEM ( 'NONE', ( #8167 ), #40 ) ;
#1444 = ORIENTED_EDGE ( 'NONE', *, *, #3437, .T. ) ;
#1445 = SURFACE_STYLE_FILL_AREA ( #6743 ) ;
#1446 = CARTESIAN_POINT ( 'NONE',  ( 8.635999999999999200, 8.975793325853306500, -3.981386681000000500 ) ) ;
#1447 = CARTESIAN_POINT ( 'NONE',  ( -8.382000000000001400, 10.54100000000000000, 10.83254115400000100 ) ) ;
#1448 = VECTOR ( 'NONE', #5906, 1000.000000000000000 ) ;
#1449 = VECTOR ( 'NONE', #820, 1000.000000000000000 ) ;
#1451 = FACE_OUTER_BOUND ( 'NONE', #904, .T. ) ;
#1450 = CARTESIAN_POINT ( 'NONE',  ( 8.715588148000000100, 8.742905755999999000, 9.706843757000001500 ) ) ;
#1452 = EDGE_CURVE ( 'NONE', #8251, #10333, #10062, .T. ) ;
#1453 = EDGE_LOOP ( 'NONE', ( #9230, #6256, #10170, #12082, #7988, #9738, #2683, #11315, #12451 ) ) ;
#1454 = COLOUR_RGB ( '',0.7529411764705882200, 1.000000000000000000, 1.000000000000000000 ) ;
#1455 = STYLED_ITEM ( 'NONE', ( #3066 ), #8382 ) ;
#1456 = CYLINDRICAL_SURFACE ( 'NONE', #11003, 0.5079999999999997900 ) ;
#1457 = ORIENTED_EDGE ( 'NONE', *, *, #11584, .F. ) ;
#1458 = CARTESIAN_POINT ( 'NONE',  ( 8.889999999999998800, 2.276954807571085000, 1.700000918000001700 ) ) ;
#1459 =( NAMED_UNIT ( * ) SI_UNIT ( $, .STERADIAN. ) SOLID_ANGLE_UNIT ( ) );
#1460 = SURFACE_SIDE_STYLE ('',( #8564 ) ) ;
#1461 = EDGE_LOOP ( 'NONE', ( #3418, #12518, #4480, #699 ) ) ;
#1462 = PRESENTATION_STYLE_ASSIGNMENT (( #12612 ) ) ;
#1463 = PRESENTATION_LAYER_ASSIGNMENT (  '', '', ( #51 ) ) ;
#1464 =( NAMED_UNIT ( * ) SI_UNIT ( $, .STERADIAN. ) SOLID_ANGLE_UNIT ( ) );
#1465 = SURFACE_STYLE_FILL_AREA ( #8103 ) ;
#1466 = AXIS2_PLACEMENT_3D ( 'NONE', #10517, #10859, #11644 ) ;
#1467 = ORIENTED_EDGE ( 'NONE', *, *, #11280, .F. ) ;
#1468 = AXIS2_PLACEMENT_3D ( 'NONE', #4629, #11862, #5698 ) ;
#1469 = PLANE ( 'NONE',  #4432 ) ;
#1470 = EDGE_CURVE ( 'NONE', #4511, #10030, #754, .T. ) ;
#1471 = VERTEX_POINT ( 'NONE', #554 ) ;
#1472 = CARTESIAN_POINT ( 'NONE',  ( 6.310148756999999400, 10.54100000000000000, 11.56604519000000100 ) ) ;
#1473 = MECHANICAL_DESIGN_GEOMETRIC_PRESENTATION_REPRESENTATION (  '', ( #12826 ), #2169 ) ;
#1474 = VECTOR ( 'NONE', #12666, 1000.000000000000000 ) ;
#1475 = UNCERTAINTY_MEASURE_WITH_UNIT (LENGTH_MEASURE( 1.000000000000000100E-005 ), #6581, 'distance_accuracy_value', 'NONE');
#1476 = ORIENTED_EDGE ( 'NONE', *, *, #7444, .T. ) ;
#1477 = PRODUCT_CONTEXT ( 'NONE', #9777, 'mechanical' ) ;
#1478 = LINE ( 'NONE', #7067, #9461 ) ;
#1479 =( GEOMETRIC_REPRESENTATION_CONTEXT ( 3 ) GLOBAL_UNCERTAINTY_ASSIGNED_CONTEXT ( ( #3509 ) ) GLOBAL_UNIT_ASSIGNED_CONTEXT ( ( #13196, #7029, #796 ) ) REPRESENTATION_CONTEXT ( 'NONE', 'WORKASPACE' ) );
#1480 = FILL_AREA_STYLE_COLOUR ( '', #7941 ) ;
#1481 =( NAMED_UNIT ( * ) PLANE_ANGLE_UNIT ( ) SI_UNIT ( $, .RADIAN. ) );
#1482 = ORIENTED_EDGE ( 'NONE', *, *, #4098, .F. ) ;
#1483 =( NAMED_UNIT ( * ) PLANE_ANGLE_UNIT ( ) SI_UNIT ( $, .RADIAN. ) );
#1484 = LINE ( 'NONE', #3579, #6684 ) ;
#1485 = SURFACE_SIDE_STYLE ('',( #13437 ) ) ;
#1486 = AXIS2_PLACEMENT_3D ( 'NONE', #2786, #10046, #3813 ) ;
#1487 = CARTESIAN_POINT ( 'NONE',  ( -8.636000000000001000, 10.54099999999999900, 8.814624415980530300 ) ) ;
#1488 = FILL_AREA_STYLE_COLOUR ( '', #4867 ) ;
#1489 = PRESENTATION_STYLE_ASSIGNMENT (( #7016 ) ) ;
#1490 = VERTEX_POINT ( 'NONE', #437 ) ;
#1491 = FACE_OUTER_BOUND ( 'NONE', #12111, .T. ) ;
#1492 = LINE ( 'NONE', #5427, #6690 ) ;
#1493 = FILL_AREA_STYLE_COLOUR ( '', #9321 ) ;
#1494 = CARTESIAN_POINT ( 'NONE',  ( 7.264400000000000200, -1.778000000000000200, 5.461000000000000300 ) ) ;
#1495 =( GEOMETRIC_REPRESENTATION_CONTEXT ( 3 ) GLOBAL_UNCERTAINTY_ASSIGNED_CONTEXT ( ( #2953 ) ) GLOBAL_UNIT_ASSIGNED_CONTEXT ( ( #11430, #5249, #12459 ) ) REPRESENTATION_CONTEXT ( 'NONE', 'WORKASPACE' ) );
#1496 = SURFACE_STYLE_USAGE ( .BOTH. , #7721 ) ;
#1497 = ADVANCED_FACE ( 'NONE', ( #3536 ), #540, .F. ) ;
#1498 = ORIENTED_EDGE ( 'NONE', *, *, #9890, .T. ) ;
#1499 = CARTESIAN_POINT ( 'NONE',  ( 6.310148758399874300, 11.04899999999999900, 11.56604519134881800 ) ) ;
#1500 = AXIS2_PLACEMENT_3D ( 'NONE', #5018, #12231, #6059 ) ;
#1501 = SURFACE_SIDE_STYLE ('',( #7594 ) ) ;
#1502 =( LENGTH_UNIT ( ) NAMED_UNIT ( * ) SI_UNIT ( .MILLI., .METRE. ) );
#1503 = PRESENTATION_STYLE_ASSIGNMENT (( #12770 ) ) ;
#1504 = PLANE ( 'NONE',  #12146 ) ;
#1505 = CARTESIAN_POINT ( 'NONE',  ( -8.635999999999999200, 2.350001269000000300, -9.991998811853310500 ) ) ;
#1506 = CARTESIAN_POINT ( 'NONE',  ( 1.270000000000000000, -1.778000000000000200, -7.935942080000001100 ) ) ;
#1507 = PRESENTATION_STYLE_ASSIGNMENT (( #9226 ) ) ;
#1508 = EDGE_CURVE ( 'NONE', #10855, #1731, #2240, .T. ) ;
#1509 = DIRECTION ( 'NONE',  ( 1.000000000000000000, 0.0000000000000000000, 0.0000000000000000000 ) ) ;
#1510 =( LENGTH_UNIT ( ) NAMED_UNIT ( * ) SI_UNIT ( .MILLI., .METRE. ) );
#1511 = ORIENTED_EDGE ( 'NONE', *, *, #9652, .F. ) ;
#1512 = AXIS2_PLACEMENT_3D ( 'NONE', #5362, #12563, #6386 ) ;
#1513 = ORIENTED_EDGE ( 'NONE', *, *, #1967, .F. ) ;
#1514 = DIRECTION ( 'NONE',  ( -0.0000000000000000000, -0.0000000000000000000, -1.000000000000000000 ) ) ;
#1515 = FILL_AREA_STYLE ('',( #4601 ) ) ;
#1516 = SURFACE_SIDE_STYLE ('',( #7807 ) ) ;
#1517 = EDGE_CURVE ( 'NONE', #2440, #11713, #3223, .T. ) ;
#1518 = ORIENTED_EDGE ( 'NONE', *, *, #4518, .T. ) ;
#1519 = ORIENTED_EDGE ( 'NONE', *, *, #8737, .F. ) ;
#1520 = EDGE_LOOP ( 'NONE', ( #11300, #3326, #3520, #5633 ) ) ;
#1521 = DIRECTION ( 'NONE',  ( -3.469446951953611000E-015, -1.000000000000000000, 0.0000000000000000000 ) ) ;
#1522 = EDGE_CURVE ( 'NONE', #5824, #7047, #5004, .T. ) ;
#1523 =( NAMED_UNIT ( * ) SI_UNIT ( $, .STERADIAN. ) SOLID_ANGLE_UNIT ( ) );
#1524 = DIRECTION ( 'NONE',  ( 0.0000000000000000000, 0.0000000000000000000, 1.000000000000000000 ) ) ;
#1525 = DIRECTION ( 'NONE',  ( 0.0000000000000000000, 1.000000000000000000, 0.0000000000000000000 ) ) ;
#1526 = FILL_AREA_STYLE_COLOUR ( '', #9134 ) ;
#1527 = VECTOR ( 'NONE', #7731, 1000.000000000000000 ) ;
#1528 = UNCERTAINTY_MEASURE_WITH_UNIT (LENGTH_MEASURE( 1.000000000000000100E-005 ), #4844, 'distance_accuracy_value', 'NONE');
#1529 = DIRECTION ( 'NONE',  ( -0.03594029056241337900, 0.0000000000000000000, 0.9993539390597753200 ) ) ;
#1530 = CARTESIAN_POINT ( 'NONE',  ( -9.013953746901128400, 3.864325427750062500, 10.11177711857400600 ) ) ;
#1531 = DIRECTION ( 'NONE',  ( -8.537024980200812000E-016, 1.000000000000000000, 0.0000000000000000000 ) ) ;
#1532 = DIRECTION ( 'NONE',  ( 0.03594029052531141900, 0.0000000000000000000, -0.9993539390611098100 ) ) ;
#1533 = ORIENTED_EDGE ( 'NONE', *, *, #9198, .T. ) ;
#1534 = DIRECTION ( 'NONE',  ( -0.0000000000000000000, -0.0000000000000000000, -1.000000000000000000 ) ) ;
#1535 = ORIENTED_EDGE ( 'NONE', *, *, #13053, .F. ) ;
#1536 =( GEOMETRIC_REPRESENTATION_CONTEXT ( 3 ) GLOBAL_UNCERTAINTY_ASSIGNED_CONTEXT ( ( #11566 ) ) GLOBAL_UNIT_ASSIGNED_CONTEXT ( ( #12455, #11973, #11526 ) ) REPRESENTATION_CONTEXT ( 'NONE', 'WORKASPACE' ) );
#1537 = FACE_OUTER_BOUND ( 'NONE', #10584, .T. ) ;
#1538 = MECHANICAL_DESIGN_GEOMETRIC_PRESENTATION_REPRESENTATION (  '', ( #135 ), #2243 ) ;
#1539 = COLOUR_RGB ( '',0.7490196078431372600, 1.000000000000000000, 1.000000000000000000 ) ;
#1540 = AXIS2_PLACEMENT_3D ( 'NONE', #9998, #3773, #11024 ) ;
#1541 =( NAMED_UNIT ( * ) PLANE_ANGLE_UNIT ( ) SI_UNIT ( $, .RADIAN. ) );
#1542 = DIRECTION ( 'NONE',  ( 1.000000000000000000, -0.0000000000000000000, -0.0000000000000000000 ) ) ;
#1543 = ORIENTED_EDGE ( 'NONE', *, *, #8724, .F. ) ;
#1544 = DIRECTION ( 'NONE',  ( -0.0000000000000000000, -1.000000000000000000, -0.0000000000000000000 ) ) ;
#1545 = VERTEX_POINT ( 'NONE', #4794 ) ;
#1546 = EDGE_CURVE ( 'NONE', #12228, #6130, #12587, .T. ) ;
#1547 = ORIENTED_EDGE ( 'NONE', *, *, #3058, .T. ) ;
#1548 = DIRECTION ( 'NONE',  ( 3.414809992080318500E-015, 1.000000000000000000, 0.0000000000000000000 ) ) ;
#1549 = VERTEX_POINT ( 'NONE', #4640 ) ;
#1550 = VECTOR ( 'NONE', #7660, 1000.000000000000000 ) ;
#1551 = CARTESIAN_POINT ( 'NONE',  ( -8.382000000000001400, 2.758984659740489700, 8.550880985221349200 ) ) ;
#1552 = CARTESIAN_POINT ( 'NONE',  ( 8.635999999999999200, 9.349139162999998500, -0.8108608369999997800 ) ) ;
#1553 =( GEOMETRIC_REPRESENTATION_CONTEXT ( 3 ) GLOBAL_UNCERTAINTY_ASSIGNED_CONTEXT ( ( #1528 ) ) GLOBAL_UNIT_ASSIGNED_CONTEXT ( ( #4844, #12062, #5898 ) ) REPRESENTATION_CONTEXT ( 'NONE', 'WORKASPACE' ) );
#1554 = ORIENTED_EDGE ( 'NONE', *, *, #10461, .F. ) ;
#1555 = DIRECTION ( 'NONE',  ( -0.0000000000000000000, 0.9996948348383963800, 0.02470297952538165100 ) ) ;
#1556 = EDGE_LOOP ( 'NONE', ( #6013, #1017, #1602, #12684 ) ) ;
#1558 = STYLED_ITEM ( 'NONE', ( #12883 ), #1966 ) ;
#1557 = DIRECTION ( 'NONE',  ( 0.0000000000000000000, 0.0000000000000000000, 1.000000000000000000 ) ) ;
#1559 = ADVANCED_FACE ( 'NONE', ( #7100 ), #3372, .T. ) ;
#1560 = AXIS2_PLACEMENT_3D ( 'NONE', #5979, #13183, #7014 ) ;
#1561 = ORIENTED_EDGE ( 'NONE', *, *, #12128, .F. ) ;
#1562 = ORIENTED_EDGE ( 'NONE', *, *, #2806, .T. ) ;
#1563 = MECHANICAL_DESIGN_GEOMETRIC_PRESENTATION_REPRESENTATION (  '', ( #12918 ), #2274 ) ;
#1564 = EDGE_CURVE ( 'NONE', #5726, #5638, #8905, .T. ) ;
#1565 = EDGE_CURVE ( 'NONE', #11234, #4990, #916, .T. ) ;
#1566 = DIRECTION ( 'NONE',  ( -0.0000000000000000000, -1.000000000000000000, -0.0000000000000000000 ) ) ;
#1567 = DIRECTION ( 'NONE',  ( 0.0000000000000000000, 0.0000000000000000000, 1.000000000000000000 ) ) ;
#1568 = VECTOR ( 'NONE', #2772, 1000.000000000000000 ) ;
#1569 = ORIENTED_EDGE ( 'NONE', *, *, #494, .T. ) ;
#1570 =( NAMED_UNIT ( * ) SI_UNIT ( $, .STERADIAN. ) SOLID_ANGLE_UNIT ( ) );
#1571 =( LENGTH_UNIT ( ) NAMED_UNIT ( * ) SI_UNIT ( .MILLI., .METRE. ) );
#1572 = DIRECTION ( 'NONE',  ( 0.0000000000000000000, 0.0000000000000000000, -1.000000000000000000 ) ) ;
#1573 = DIRECTION ( 'NONE',  ( 0.0000000000000000000, 0.0000000000000000000, 1.000000000000000000 ) ) ;
#1574 = ORIENTED_EDGE ( 'NONE', *, *, #2585, .F. ) ;
#1575 = VERTEX_POINT ( 'NONE', #2264 ) ;
#1576 = PRESENTATION_STYLE_ASSIGNMENT (( #4710 ) ) ;
#1577 =( NAMED_UNIT ( * ) PLANE_ANGLE_UNIT ( ) SI_UNIT ( $, .RADIAN. ) );
#1578 = AXIS2_PLACEMENT_3D ( 'NONE', #9206, #4037, #8206 ) ;
#1579 = FILL_AREA_STYLE ('',( #1480 ) ) ;
#1580 = LINE ( 'NONE', #5480, #1247 ) ;
#1581 =( LENGTH_UNIT ( ) NAMED_UNIT ( * ) SI_UNIT ( .MILLI., .METRE. ) );
#1582 = ORIENTED_EDGE ( 'NONE', *, *, #2630, .F. ) ;
#1583 = LINE ( 'NONE', #915, #6783 ) ;
#1584 = VECTOR ( 'NONE', #1199, 1000.000000000000000 ) ;
#1585 = DIRECTION ( 'NONE',  ( -1.000000000000000000, 0.0000000000000000000, 0.0000000000000000000 ) ) ;
#1586 = CARTESIAN_POINT ( 'NONE',  ( -8.890000000000000600, 8.248718325999997000, -9.026401162000000900 ) ) ;
#1587 = EDGE_LOOP ( 'NONE', ( #11191, #5970, #10857, #2052 ) ) ;
#1588 = SURFACE_SIDE_STYLE ('',( #6794 ) ) ;
#1589 = CARTESIAN_POINT ( 'NONE',  ( -8.635999999999999200, 0.9500005130000001000, -9.864998812000001400 ) ) ;
#1590 =( GEOMETRIC_REPRESENTATION_CONTEXT ( 3 ) GLOBAL_UNCERTAINTY_ASSIGNED_CONTEXT ( ( #10954 ) ) GLOBAL_UNIT_ASSIGNED_CONTEXT ( ( #2229, #9511, #3279 ) ) REPRESENTATION_CONTEXT ( 'NONE', 'WORKASPACE' ) );
#1591 = SURFACE_STYLE_FILL_AREA ( #5790 ) ;
#1592 = UNCERTAINTY_MEASURE_WITH_UNIT (LENGTH_MEASURE( 1.000000000000000100E-005 ), #10294, 'distance_accuracy_value', 'NONE');
#1593 = UNCERTAINTY_MEASURE_WITH_UNIT (LENGTH_MEASURE( 1.000000000000000100E-005 ), #8084, 'distance_accuracy_value', 'NONE');
#1594 = VECTOR ( 'NONE', #6040, 1000.000000000000000 ) ;
#1595 = VECTOR ( 'NONE', #2016, 1000.000000000000000 ) ;
#1596 =( NAMED_UNIT ( * ) PLANE_ANGLE_UNIT ( ) SI_UNIT ( $, .RADIAN. ) );
#1597 = CARTESIAN_POINT ( 'NONE',  ( 6.391147395883542100, 3.898305459020167900E-017, -1.231251768120516000 ) ) ;
#1598 = ORIENTED_EDGE ( 'NONE', *, *, #6069, .F. ) ;
#1599 = CARTESIAN_POINT ( 'NONE',  ( 8.635999999999999200, 11.04899999999999900, 12.06500000000000100 ) ) ;
#1600 = PRESENTATION_STYLE_ASSIGNMENT (( #641 ) ) ;
#1601 = VECTOR ( 'NONE', #9170, 1000.000000000000000 ) ;
#1602 = ORIENTED_EDGE ( 'NONE', *, *, #997, .T. ) ;
#1603 = VECTOR ( 'NONE', #8994, 1000.000000000000100 ) ;
#1604 = AXIS2_PLACEMENT_3D ( 'NONE', #2798, #10060, #3827 ) ;
#1605 = VECTOR ( 'NONE', #5060, 1000.000000000000000 ) ;
#1606 = CARTESIAN_POINT ( 'NONE',  ( 4.266439159184068700, 11.09975096425310100, 11.22993965846142600 ) ) ;
#1607 = EDGE_CURVE ( 'NONE', #7073, #13356, #6140, .T. ) ;
#1608 = VECTOR ( 'NONE', #13134, 1000.000000000000000 ) ;
#1609 = EDGE_CURVE ( 'NONE', #13085, #10492, #582, .T. ) ;
#1610 = UNCERTAINTY_MEASURE_WITH_UNIT (LENGTH_MEASURE( 1.000000000000000100E-005 ), #9094, 'distance_accuracy_value', 'NONE');
#1611 = EDGE_LOOP ( 'NONE', ( #11167, #9046, #11661, #791 ) ) ;
#1612 = ORIENTED_EDGE ( 'NONE', *, *, #7360, .F. ) ;
#1613 = ORIENTED_EDGE ( 'NONE', *, *, #5887, .F. ) ;
#1614 = LINE ( 'NONE', #3441, #4380 ) ;
#1615 = COLOUR_RGB ( '',0.7490196078431372600, 1.000000000000000000, 1.000000000000000000 ) ;
#1616 = FACE_OUTER_BOUND ( 'NONE', #3337, .T. ) ;
#1617 = CARTESIAN_POINT ( 'NONE',  ( -5.804110354999999700, 10.65445416745673200, 11.56604519000000100 ) ) ;
#1618 = DIRECTION ( 'NONE',  ( 1.000000000000000000, 0.0000000000000000000, 0.0000000000000000000 ) ) ;
#1619 = FACE_OUTER_BOUND ( 'NONE', #10901, .T. ) ;
#1620 = FACE_OUTER_BOUND ( 'NONE', #9375, .T. ) ;
#1621 = SURFACE_SIDE_STYLE ('',( #3566 ) ) ;
#1622 = ORIENTED_EDGE ( 'NONE', *, *, #10444, .T. ) ;
#1623 = CARTESIAN_POINT ( 'NONE',  ( 4.829075255999998500, -1.778000000000000200, 0.2782206890000000800 ) ) ;
#1624 = MECHANICAL_DESIGN_GEOMETRIC_PRESENTATION_REPRESENTATION (  '', ( #12980 ), #2324 ) ;
#1625 = STYLED_ITEM ( 'NONE', ( #4732 ), #6732 ) ;
#1626 = PLANE ( 'NONE',  #10504 ) ;
#1627 = DIRECTION ( 'NONE',  ( 0.0000000000000000000, 1.000000000000000000, 0.0000000000000000000 ) ) ;
#1628 =( NAMED_UNIT ( * ) PLANE_ANGLE_UNIT ( ) SI_UNIT ( $, .RADIAN. ) );
#1629 = VERTEX_POINT ( 'NONE', #6588 ) ;
#1630 = EDGE_CURVE ( 'NONE', #1383, #217, #8250, .T. ) ;
#1631 = CARTESIAN_POINT ( 'NONE',  ( -6.310148758899999600, 11.04899999999999900, 11.56604519272999800 ) ) ;
#1632 = CARTESIAN_POINT ( 'NONE',  ( 5.029037554499999500, 11.04563829323599900, 11.56604519000000100 ) ) ;
#1633 = EDGE_CURVE ( 'NONE', #5303, #1107, #8566, .T. ) ;
#1634 = PRESENTATION_STYLE_ASSIGNMENT (( #9788 ) ) ;
#1635 = PRESENTATION_STYLE_ASSIGNMENT (( #12378 ) ) ;
#1636 = ADVANCED_FACE ( 'NONE', ( #3063 ), #4856, .T. ) ;
#1637 = FACE_OUTER_BOUND ( 'NONE', #9079, .T. ) ;
#1638 = MECHANICAL_DESIGN_GEOMETRIC_PRESENTATION_REPRESENTATION (  '', ( #214 ), #2334 ) ;
#1639 = ORIENTED_EDGE ( 'NONE', *, *, #1825, .F. ) ;
#1640 = DIRECTION ( 'NONE',  ( -1.000000000000000000, -8.537024980200839600E-016, 0.0000000000000000000 ) ) ;
#1641 = PLANE ( 'NONE',  #5520 ) ;
#1642 = CARTESIAN_POINT ( 'NONE',  ( 3.747926352000000800, 10.54100000000000000, 11.56604519000000100 ) ) ;
#1643 = DIRECTION ( 'NONE',  ( -1.000000000000000000, 0.0000000000000000000, 0.0000000000000000000 ) ) ;
#1644 = VERTEX_POINT ( 'NONE', #6853 ) ;
#1645 = DIRECTION ( 'NONE',  ( -1.000000000000000000, 0.0000000000000000000, 0.0000000000000000000 ) ) ;
#1646 = DIRECTION ( 'NONE',  ( -1.000000000000000000, 0.0000000000000000000, 0.0000000000000000000 ) ) ;
#1647 = LINE ( 'NONE', #4244, #9632 ) ;
#1648 = MECHANICAL_DESIGN_GEOMETRIC_PRESENTATION_REPRESENTATION (  '', ( #223 ), #2348 ) ;
#1649 =( BOUNDED_CURVE ( )  B_SPLINE_CURVE ( 3, ( #6780, #5753, #7835, #1606 ),
 .UNSPECIFIED., .F., .F. ) 
 B_SPLINE_CURVE_WITH_KNOTS ( ( 4, 4 ),
 ( 5.128346827218391200, 5.689930196253591500 ),
 .UNSPECIFIED. ) 
 CURVE ( )  GEOMETRIC_REPRESENTATION_ITEM ( )  RATIONAL_B_SPLINE_CURVE ( ( 1.000000000000000000, 0.9738909004451106200, 0.9738909004451106200, 1.000000000000000000 ) ) 
 REPRESENTATION_ITEM ( '' )  );
#1650 = PRESENTATION_LAYER_ASSIGNMENT (  '', '', ( #225 ) ) ;
#1651 = ORIENTED_EDGE ( 'NONE', *, *, #8144, .T. ) ;
#1652 =( NAMED_UNIT ( * ) SI_UNIT ( $, .STERADIAN. ) SOLID_ANGLE_UNIT ( ) );
#1653 = DIRECTION ( 'NONE',  ( -1.000000000000000000, -8.537024980200800100E-016, 0.0000000000000000000 ) ) ;
#1654 = VECTOR ( 'NONE', #3689, 1000.000000000000000 ) ;
#1655 = STYLED_ITEM ( 'NONE', ( #3188 ), #12274 ) ;
#1656 = EDGE_CURVE ( 'NONE', #6907, #13182, #11843, .T. ) ;
#1657 = LINE ( 'NONE', #8960, #7178 ) ;
#1658 = DIRECTION ( 'NONE',  ( 1.000000000000000000, -0.0000000000000000000, 0.0000000000000000000 ) ) ;
#1659 =( GEOMETRIC_REPRESENTATION_CONTEXT ( 3 ) GLOBAL_UNCERTAINTY_ASSIGNED_CONTEXT ( ( #9459 ) ) GLOBAL_UNIT_ASSIGNED_CONTEXT ( ( #3542, #10827, #4585 ) ) REPRESENTATION_CONTEXT ( 'NONE', 'WORKASPACE' ) );
#1660 = DIRECTION ( 'NONE',  ( -1.000000000000000000, -1.707404996040165200E-015, 0.0000000000000000000 ) ) ;
#1661 =( NAMED_UNIT ( * ) SI_UNIT ( $, .STERADIAN. ) SOLID_ANGLE_UNIT ( ) );
#1662 = STYLED_ITEM ( 'NONE', ( #3291 ), #10491 ) ;
#1663 = CARTESIAN_POINT ( 'NONE',  ( 8.826499999999999300, 8.975793326000001600, -3.981386681000000500 ) ) ;
#1664 = DIRECTION ( 'NONE',  ( 8.537024980200839600E-016, -1.000000000000000000, -0.0000000000000000000 ) ) ;
#1665 = DIRECTION ( 'NONE',  ( -0.0000000000000000000, -1.000000000000000000, -0.0000000000000000000 ) ) ;
#1666 = DIRECTION ( 'NONE',  ( -1.000000000000000000, -1.707404996040165300E-015, -0.0000000000000000000 ) ) ;
#1667 = CARTESIAN_POINT ( 'NONE',  ( 4.264688342302959800, 11.37117404642888700, 11.27807826195021500 ) ) ;
#1668 =( GEOMETRIC_REPRESENTATION_CONTEXT ( 3 ) GLOBAL_UNCERTAINTY_ASSIGNED_CONTEXT ( ( #1929 ) ) GLOBAL_UNIT_ASSIGNED_CONTEXT ( ( #1153, #8435, #2211 ) ) REPRESENTATION_CONTEXT ( 'NONE', 'WORKASPACE' ) );
#1669 = SURFACE_STYLE_USAGE ( .BOTH. , #7890 ) ;
#1670 = PRESENTATION_STYLE_ASSIGNMENT (( #5233 ) ) ;
#1671 = DIRECTION ( 'NONE',  ( 0.0000000000000000000, 0.9993539390632588700, -0.03594029046555317900 ) ) ;
#1672 =( NAMED_UNIT ( * ) PLANE_ANGLE_UNIT ( ) SI_UNIT ( $, .RADIAN. ) );
#1673 = CARTESIAN_POINT ( 'NONE',  ( -8.890000000000000600, 7.948998323623763800, -2.211001676376235900 ) ) ;
#1674 = ORIENTED_EDGE ( 'NONE', *, *, #6906, .T. ) ;
#1675 = CARTESIAN_POINT ( 'NONE',  ( 8.890000000000000600, 10.74927999999999900, 0.5892800000000002500 ) ) ;
#1676 =( GEOMETRIC_REPRESENTATION_CONTEXT ( 3 ) GLOBAL_UNCERTAINTY_ASSIGNED_CONTEXT ( ( #9779 ) ) GLOBAL_UNIT_ASSIGNED_CONTEXT ( ( #4692, #11910, #5747 ) ) REPRESENTATION_CONTEXT ( 'NONE', 'WORKASPACE' ) );
#1677 = SURFACE_SIDE_STYLE ('',( #5853 ) ) ;
#1678 = EDGE_CURVE ( 'NONE', #8699, #3095, #12417, .T. ) ;
#1679 = CARTESIAN_POINT ( 'NONE',  ( -8.890000000000000600, 10.04879397473815100, -5.680775462500001500 ) ) ;
#1680 = CARTESIAN_POINT ( 'NONE',  ( 5.983580289999999900, 7.039604364000000600, 8.814624416000002700 ) ) ;
#1681 = VERTEX_POINT ( 'NONE', #9158 ) ;
#1682 = CARTESIAN_POINT ( 'NONE',  ( 8.635999999999999200, -1.165775448000000000, -1.778000000000000200 ) ) ;
#1683 = ORIENTED_EDGE ( 'NONE', *, *, #1565, .F. ) ;
#1684 = DIRECTION ( 'NONE',  ( -1.000000000000000000, -0.0000000000000000000, -0.0000000000000000000 ) ) ;
#1685 = CARTESIAN_POINT ( 'NONE',  ( -9.016999999999999500, 1.750000945000000000, -9.991998812000000300 ) ) ;
#1686 = ORIENTED_EDGE ( 'NONE', *, *, #7278, .F. ) ;
#1687 = UNCERTAINTY_MEASURE_WITH_UNIT (LENGTH_MEASURE( 1.000000000000000100E-005 ), #8943, 'distance_accuracy_value', 'NONE');
#1688 = CARTESIAN_POINT ( 'NONE',  ( -8.890000000000002300, 2.276954806285542700, 9.050557955000002200 ) ) ;
#1689 = EDGE_CURVE ( 'NONE', #4463, #12419, #9730, .T. ) ;
#1690 = SURFACE_STYLE_FILL_AREA ( #2192 ) ;
#1691 = AXIS2_PLACEMENT_3D ( 'NONE', #4881, #12092, #5924 ) ;
#1692 = CARTESIAN_POINT ( 'NONE',  ( -8.890000000000000600, 10.04879397418453700, -5.381387438458844500 ) ) ;
#1693 = ORIENTED_EDGE ( 'NONE', *, *, #10605, .F. ) ;
#1694 = EDGE_LOOP ( 'NONE', ( #11351, #1569, #11437, #3527, #10404, #5775 ) ) ;
#1695 =( NAMED_UNIT ( * ) PLANE_ANGLE_UNIT ( ) SI_UNIT ( $, .RADIAN. ) );
#1696 = ORIENTED_EDGE ( 'NONE', *, *, #12874, .F. ) ;
#1697 = ADVANCED_FACE ( 'NONE', ( #1409 ), #9310, .F. ) ;
#1698 = EDGE_CURVE ( 'NONE', #12498, #4869, #11150, .T. ) ;
#1699 = VERTEX_POINT ( 'NONE', #215 ) ;
#1700 = CARTESIAN_POINT ( 'NONE',  ( 4.504271372999999900, 11.04899999999999900, 4.690757427999999500 ) ) ;
#1701 = EDGE_CURVE ( 'NONE', #13298, #13338, #5648, .T. ) ;
#1702 =( LENGTH_UNIT ( ) NAMED_UNIT ( * ) SI_UNIT ( .MILLI., .METRE. ) );
#1703 = ORIENTED_EDGE ( 'NONE', *, *, #11626, .T. ) ;
#1704 = CARTESIAN_POINT ( 'NONE',  ( -8.826499999999999300, 1.150000621000000200, -9.991998812000000300 ) ) ;
#1705 =( NAMED_UNIT ( * ) PLANE_ANGLE_UNIT ( ) SI_UNIT ( $, .RADIAN. ) );
#1706 = EDGE_CURVE ( 'NONE', #11972, #10069, #8402, .T. ) ;
#1707 = VECTOR ( 'NONE', #10930, 1000.000000000000000 ) ;
#1708 = DIRECTION ( 'NONE',  ( 0.0000000000000000000, -0.03594029046555317900, -0.9993539390632588700 ) ) ;
#1709 = DIRECTION ( 'NONE',  ( 0.0000000000000000000, 0.0000000000000000000, -1.000000000000000000 ) ) ;
#1710 = DIRECTION ( 'NONE',  ( -0.9993539390597754300, 0.0000000000000000000, -0.03594029056241338600 ) ) ;
#1711 = ORIENTED_EDGE ( 'NONE', *, *, #705, .F. ) ;
#1712 = ORIENTED_EDGE ( 'NONE', *, *, #11753, .T. ) ;
#1713 = PRESENTATION_LAYER_ASSIGNMENT (  '', '', ( #314 ) ) ;
#1714 = UNCERTAINTY_MEASURE_WITH_UNIT (LENGTH_MEASURE( 1.000000000000000100E-005 ), #3809, 'distance_accuracy_value', 'NONE');
#1715 = AXIS2_PLACEMENT_3D ( 'NONE', #2819, #2709, #2542 ) ;
#1716 = ORIENTED_EDGE ( 'NONE', *, *, #5266, .F. ) ;
#1717 = STYLED_ITEM ( 'NONE', ( #12584 ), #7372 ) ;
#1718 = FILL_AREA_STYLE_COLOUR ( '', #6525 ) ;
#1719 = VECTOR ( 'NONE', #3428, 1000.000000000000000 ) ;
#1720 = CARTESIAN_POINT ( 'NONE',  ( -3.149999999999999900, 9.845800000000000600, 3.505199999999999900 ) ) ;
#1721 = DIRECTION ( 'NONE',  ( 1.000000000000000000, -0.0000000000000000000, -0.0000000000000000000 ) ) ;
#1722 = ORIENTED_EDGE ( 'NONE', *, *, #13422, .T. ) ;
#1723 = FACE_OUTER_BOUND ( 'NONE', #4021, .T. ) ;
#1724 = ORIENTED_EDGE ( 'NONE', *, *, #5845, .T. ) ;
#1725 = VERTEX_POINT ( 'NONE', #505 ) ;
#1726 = CARTESIAN_POINT ( 'NONE',  ( 4.825999999999999600, -1.778000000000000200, -7.569200000000000400 ) ) ;
#1727 =( NAMED_UNIT ( * ) SI_UNIT ( $, .STERADIAN. ) SOLID_ANGLE_UNIT ( ) );
#1728 = AXIS2_PLACEMENT_3D ( 'NONE', #10019, #3793, #11050 ) ;
#1729 =( NAMED_UNIT ( * ) PLANE_ANGLE_UNIT ( ) SI_UNIT ( $, .RADIAN. ) );
#1730 = VERTEX_POINT ( 'NONE', #3844 ) ;
#1731 = VERTEX_POINT ( 'NONE', #8759 ) ;
#1733 =( NAMED_UNIT ( * ) PLANE_ANGLE_UNIT ( ) SI_UNIT ( $, .RADIAN. ) );
#1732 = LINE ( 'NONE', #680, #10039 ) ;
#1734 = FACE_OUTER_BOUND ( 'NONE', #10301, .T. ) ;
#1735 = COLOUR_RGB ( '',0.7490196078431372600, 1.000000000000000000, 1.000000000000000000 ) ;
#1736 = CARTESIAN_POINT ( 'NONE',  ( -8.890000000000000600, 4.436602109999999000, -0.8381999994583940700 ) ) ;
#1738 =( GEOMETRIC_REPRESENTATION_CONTEXT ( 3 ) GLOBAL_UNCERTAINTY_ASSIGNED_CONTEXT ( ( #5789 ) ) GLOBAL_UNIT_ASSIGNED_CONTEXT ( ( #12856, #12815, #12681 ) ) REPRESENTATION_CONTEXT ( 'NONE', 'WORKASPACE' ) );
#1737 = DIRECTION ( 'NONE',  ( 1.000000000000000000, 0.0000000000000000000, 0.0000000000000000000 ) ) ;
#1739 = CARTESIAN_POINT ( 'NONE',  ( -8.382000000000001400, 10.54100000000000000, 8.271012280958787600 ) ) ;
#1740 = VECTOR ( 'NONE', #11676, 1000.000000000000100 ) ;
#1741 = VERTEX_POINT ( 'NONE', #638 ) ;
#1742 = ORIENTED_EDGE ( 'NONE', *, *, #11335, .F. ) ;
#1743 = AXIS2_PLACEMENT_3D ( 'NONE', #1450, #8718, #2506 ) ;
#1744 = COLOUR_RGB ( '',0.7490196078431372600, 1.000000000000000000, 1.000000000000000000 ) ;
#1745 = ORIENTED_EDGE ( 'NONE', *, *, #4829, .F. ) ;
#1746 = ORIENTED_EDGE ( 'NONE', *, *, #4161, .F. ) ;
#1747 = PRESENTATION_STYLE_ASSIGNMENT (( #12672 ) ) ;
#1748 = DIRECTION ( 'NONE',  ( -0.0000000000000000000, -0.0000000000000000000, -1.000000000000000000 ) ) ;
#1749 = DIRECTION ( 'NONE',  ( -1.000000000000000000, -0.0000000000000000000, -0.0000000000000000000 ) ) ;
#1750 = FILL_AREA_STYLE_COLOUR ( '', #3389 ) ;
#1751 = PRESENTATION_STYLE_ASSIGNMENT (( #1337 ) ) ;
#1752 = DIRECTION ( 'NONE',  ( -1.000000000000000000, 1.707404996040159400E-015, -0.0000000000000000000 ) ) ;
#1753 = EDGE_LOOP ( 'NONE', ( #7720, #1582, #12729, #4497 ) ) ;
#1754 = ORIENTED_EDGE ( 'NONE', *, *, #8240, .F. ) ;
#1755 = CARTESIAN_POINT ( 'NONE',  ( -8.890000000000000600, 2.758984659000000200, 8.550880985000000900 ) ) ;
#1756 = FILL_AREA_STYLE ('',( #6928 ) ) ;
#1757 = LINE ( 'NONE', #4134, #4525 ) ;
#1758 = STYLED_ITEM ( 'NONE', ( #970 ), #11281 ) ;
#1759 = ORIENTED_EDGE ( 'NONE', *, *, #7901, .F. ) ;
#1760 = CARTESIAN_POINT ( 'NONE',  ( -9.093332213564401900, 3.942475241005681600, 10.12369416488666300 ) ) ;
#1762 = COLOUR_RGB ( '',0.7490196078431372600, 1.000000000000000000, 1.000000000000000000 ) ;
#1761 = DIRECTION ( 'NONE',  ( -8.537024980200826700E-016, 1.000000000000000000, 0.0000000000000000000 ) ) ;
#1763 = ADVANCED_FACE ( 'NONE', ( #10852 ), #1087, .T. ) ;
#1764 = FACE_OUTER_BOUND ( 'NONE', #1229, .T. ) ;
#1765 = LINE ( 'NONE', #5619, #1439 ) ;
#1766 = EDGE_LOOP ( 'NONE', ( #4252, #2246, #6080, #12617 ) ) ;
#1767 = ORIENTED_EDGE ( 'NONE', *, *, #5821, .F. ) ;
#1768 = CIRCLE ( 'NONE', #7663, 0.3048000000000000200 ) ;
#1769 = CARTESIAN_POINT ( 'NONE',  ( 8.715588148000000100, 8.742905755999999000, 12.47422630100000000 ) ) ;
#1770 = AXIS2_PLACEMENT_3D ( 'NONE', #10174, #3954, #11204 ) ;
#1771 = CIRCLE ( 'NONE', #1486, 2.622703265000003300 ) ;
#1772 = VECTOR ( 'NONE', #1875, 1000.000000000000000 ) ;
#1773 = COLOUR_RGB ( '',0.7490196078431372600, 1.000000000000000000, 1.000000000000000000 ) ;
#1774 = DIRECTION ( 'NONE',  ( 1.000000000000000000, 0.0000000000000000000, 0.0000000000000000000 ) ) ;
#1775 = SURFACE_SIDE_STYLE ('',( #9240 ) ) ;
#1776 = ORIENTED_EDGE ( 'NONE', *, *, #8595, .T. ) ;
#1777 = DIRECTION ( 'NONE',  ( 0.0000000000000000000, 0.0000000000000000000, 1.000000000000000000 ) ) ;
#1778 = ORIENTED_EDGE ( 'NONE', *, *, #3924, .T. ) ;
#1779 = EDGE_CURVE ( 'NONE', #13198, #5121, #1887, .T. ) ;
#1780 = ORIENTED_EDGE ( 'NONE', *, *, #12535, .T. ) ;
#1781 = LINE ( 'NONE', #8444, #7320 ) ;
#1782 =( NAMED_UNIT ( * ) PLANE_ANGLE_UNIT ( ) SI_UNIT ( $, .RADIAN. ) );
#1783 = FACE_OUTER_BOUND ( 'NONE', #12653, .T. ) ;
#1784 = EDGE_CURVE ( 'NONE', #12605, #7960, #9884, .T. ) ;
#1785 = LINE ( 'NONE', #11000, #6329 ) ;
#1786 = DIRECTION ( 'NONE',  ( -0.0000000000000000000, -0.0000000000000000000, -1.000000000000000000 ) ) ;
#1787 = ORIENTED_EDGE ( 'NONE', *, *, #13201, .F. ) ;
#1788 = COLOUR_RGB ( '',0.7490196078431372600, 1.000000000000000000, 1.000000000000000000 ) ;
#1789 = DIRECTION ( 'NONE',  ( 1.000000000000000000, 0.0000000000000000000, 0.0000000000000000000 ) ) ;
#1790 = UNCERTAINTY_MEASURE_WITH_UNIT (LENGTH_MEASURE( 1.000000000000000100E-005 ), #7709, 'distance_accuracy_value', 'NONE');
#1791 = CARTESIAN_POINT ( 'NONE',  ( -9.143081810118953700, 3.754837865651706100, 9.168463991472934900 ) ) ;
#1792 = LINE ( 'NONE', #6427, #12481 ) ;
#1793 = CARTESIAN_POINT ( 'NONE',  ( 8.890000000000002300, 0.9500005125555001100, -11.06499946012500000 ) ) ;
#1794 = MECHANICAL_DESIGN_GEOMETRIC_PRESENTATION_REPRESENTATION (  '', ( #373 ), #2508 ) ;
#1795 = PLANE ( 'NONE',  #1560 ) ;
#1796 = DIRECTION ( 'NONE',  ( 0.0000000000000000000, 0.0000000000000000000, -1.000000000000000000 ) ) ;
#1797 = PRESENTATION_LAYER_ASSIGNMENT (  '', '', ( #1082 ) ) ;
#1798 = EDGE_LOOP ( 'NONE', ( #11763, #9048, #9527, #9313 ) ) ;
#1799 = SURFACE_STYLE_FILL_AREA ( #750 ) ;
#1800 = AXIS2_PLACEMENT_3D ( 'NONE', #12801, #6613, #367 ) ;
#1801 = CARTESIAN_POINT ( 'NONE',  ( 8.610600000000003400, 10.54100000000000000, 8.814624415996755500 ) ) ;
#1802 = CARTESIAN_POINT ( 'NONE',  ( -7.227737259999998700, 8.536145111999999800, 8.823684895000003100 ) ) ;
#1803 = CARTESIAN_POINT ( 'NONE',  ( 0.0000000000000000000, 11.04899999999999900, 11.56604519272999800 ) ) ;
#1804 = DIRECTION ( 'NONE',  ( -0.0000000000000000000, -0.7071067811865473500, -0.7071067811865477900 ) ) ;
#1805 = CARTESIAN_POINT ( 'NONE',  ( 8.635999999999999200, 10.74927999999999900, 12.06500000000000100 ) ) ;
#1806 = EDGE_CURVE ( 'NONE', #6686, #4282, #7085, .T. ) ;
#1807 = EDGE_LOOP ( 'NONE', ( #2233, #1851, #12637, #7465 ) ) ;
#1808 = EDGE_CURVE ( 'NONE', #8387, #11791, #4332, .T. ) ;
#1809 =( GEOMETRIC_REPRESENTATION_CONTEXT ( 3 ) GLOBAL_UNCERTAINTY_ASSIGNED_CONTEXT ( ( #4446 ) ) GLOBAL_UNIT_ASSIGNED_CONTEXT ( ( #4972, #12195, #6027 ) ) REPRESENTATION_CONTEXT ( 'NONE', 'WORKASPACE' ) );
#1810 = LINE ( 'NONE', #9650, #12497 ) ;
#1811 = VERTEX_POINT ( 'NONE', #3167 ) ;
#1812 = CARTESIAN_POINT ( 'NONE',  ( 8.635999999999999200, 5.524499999999999700, 12.06500000000000100 ) ) ;
#1813 = CARTESIAN_POINT ( 'NONE',  ( 1.270000000000000200, 0.0000000000000000000, -7.569200000000000400 ) ) ;
#1814 = LINE ( 'NONE', #10609, #12177 ) ;
#1815 = AXIS2_PLACEMENT_3D ( 'NONE', #3574, #412, #1524 ) ;
#1816 = SURFACE_STYLE_USAGE ( .BOTH. , #8048 ) ;
#1817 = DIRECTION ( 'NONE',  ( -0.0000000000000000000, -1.000000000000000000, -0.0000000000000000000 ) ) ;
#1818 =( GEOMETRIC_REPRESENTATION_CONTEXT ( 3 ) GLOBAL_UNCERTAINTY_ASSIGNED_CONTEXT ( ( #6089 ) ) GLOBAL_UNIT_ASSIGNED_CONTEXT ( ( #3890, #3941, #3979 ) ) REPRESENTATION_CONTEXT ( 'NONE', 'WORKASPACE' ) );
#1819 =( GEOMETRIC_REPRESENTATION_CONTEXT ( 3 ) GLOBAL_UNCERTAINTY_ASSIGNED_CONTEXT ( ( #854 ) ) GLOBAL_UNIT_ASSIGNED_CONTEXT ( ( #3715, #10977, #4755 ) ) REPRESENTATION_CONTEXT ( 'NONE', 'WORKASPACE' ) );
#1820 = VECTOR ( 'NONE', #2219, 1000.000000000000000 ) ;
#1821 = CARTESIAN_POINT ( 'NONE',  ( -7.772400000000000200, 0.0000000000000000000, 2.920999999999999800 ) ) ;
#1822 =( LENGTH_UNIT ( ) NAMED_UNIT ( * ) SI_UNIT ( .MILLI., .METRE. ) );
#1823 = AXIS2_PLACEMENT_3D ( 'NONE', #8208, #1985, #9266 ) ;
#1824 = ORIENTED_EDGE ( 'NONE', *, *, #3210, .F. ) ;
#1825 = EDGE_CURVE ( 'NONE', #11982, #12457, #4019, .T. ) ;
#1826 = DIRECTION ( 'NONE',  ( 0.0000000000000000000, 0.0000000000000000000, -1.000000000000000000 ) ) ;
#1827 = PRESENTATION_LAYER_ASSIGNMENT (  '', '', ( #1117 ) ) ;
#1828 =( LENGTH_UNIT ( ) NAMED_UNIT ( * ) SI_UNIT ( .MILLI., .METRE. ) );
#1829 = CARTESIAN_POINT ( 'NONE',  ( -8.635999999999999200, 8.975793326000001600, -5.181387328999999700 ) ) ;
#1830 = DIRECTION ( 'NONE',  ( 0.0000000000000000000, 1.000000000000000000, 0.0000000000000000000 ) ) ;
#1831 = LINE ( 'NONE', #7596, #4921 ) ;
#1832 = ADVANCED_FACE ( 'NONE', ( #6763 ), #3518, .F. ) ;
#1833 = EDGE_LOOP ( 'NONE', ( #9877, #490, #5831, #5046 ) ) ;
#1834 = AXIS2_PLACEMENT_3D ( 'NONE', #11018, #4798, #12023 ) ;
#1835 = CARTESIAN_POINT ( 'NONE',  ( -3.809999999999999200, 0.0000000000000000000, -10.46480000000000000 ) ) ;
#1836 = DIRECTION ( 'NONE',  ( -0.7981611587262271700, -0.6024439929991886000, 0.0000000000000000000 ) ) ;
#1837 = CARTESIAN_POINT ( 'NONE',  ( 4.254710355006238000, 11.04899999997766000, 11.55242241482846700 ) ) ;
#1838 = SURFACE_SIDE_STYLE ('',( #2128 ) ) ;
#1839 = LINE ( 'NONE', #482, #12520 ) ;
#1840 =( NAMED_UNIT ( * ) PLANE_ANGLE_UNIT ( ) SI_UNIT ( $, .RADIAN. ) );
#1841 = SURFACE_STYLE_USAGE ( .BOTH. , #8076 ) ;
#1842 = ORIENTED_EDGE ( 'NONE', *, *, #12232, .F. ) ;
#1843 = FILL_AREA_STYLE ('',( #785 ) ) ;
#1844 = ADVANCED_FACE ( 'NONE', ( #5804 ), #4443, .F. ) ;
#1845 =( NAMED_UNIT ( * ) PLANE_ANGLE_UNIT ( ) SI_UNIT ( $, .RADIAN. ) );
#1846 = PLANE ( 'NONE',  #5402 ) ;
#1847 = LINE ( 'NONE', #8292, #4617 ) ;
#1848 = CARTESIAN_POINT ( 'NONE',  ( -5.804110354999999700, 11.08582716800000000, 4.905350693000001700 ) ) ;
#1849 = VERTEX_POINT ( 'NONE', #4426 ) ;
#1850 = CARTESIAN_POINT ( 'NONE',  ( -9.013953746642174600, 3.864325427628350100, 9.094171344571009300 ) ) ;
#1851 = ORIENTED_EDGE ( 'NONE', *, *, #9244, .F. ) ;
#1852 = VECTOR ( 'NONE', #9167, 1000.000000000000000 ) ;
#1853 = EDGE_CURVE ( 'NONE', #9132, #4789, #2044, .T. ) ;
#1854 = LINE ( 'NONE', #4826, #12540 ) ;
#1855 = CARTESIAN_POINT ( 'NONE',  ( -7.264400000000000200, 0.0000000000000000000, 8.000999999999999400 ) ) ;
#1856 = MECHANICAL_DESIGN_GEOMETRIC_PRESENTATION_REPRESENTATION (  '', ( #451 ), #2587 ) ;
#1857 = VECTOR ( 'NONE', #12373, 1000.000000000000000 ) ;
#1858 =( BOUNDED_CURVE ( )  B_SPLINE_CURVE ( 3, ( #4586, #8498, #6674, #427 ),
 .UNSPECIFIED., .F., .T. ) 
 B_SPLINE_CURVE_WITH_KNOTS ( ( 4, 4 ),
 ( 2.111537630940167000, 2.530392487353891400 ),
 .UNSPECIFIED. ) 
 CURVE ( )  GEOMETRIC_REPRESENTATION_ITEM ( )  RATIONAL_B_SPLINE_CURVE ( ( 1.000000000000000000, 0.9854334084388063400, 0.9854334084388063400, 1.000000000000000000 ) ) 
 REPRESENTATION_ITEM ( '' )  );
#1859 = ORIENTED_EDGE ( 'NONE', *, *, #4355, .F. ) ;
#1860 =( NAMED_UNIT ( * ) SI_UNIT ( $, .STERADIAN. ) SOLID_ANGLE_UNIT ( ) );
#1861 = ORIENTED_EDGE ( 'NONE', *, *, #1425, .F. ) ;
#1862 = DIRECTION ( 'NONE',  ( 0.0000000000000000000, 1.000000000000000000, 0.0000000000000000000 ) ) ;
#1863 = FILL_AREA_STYLE_COLOUR ( '', #1931 ) ;
#1864 = SURFACE_SIDE_STYLE ('',( #1465 ) ) ;
#1865 = EDGE_LOOP ( 'NONE', ( #13400, #2375, #7173, #30 ) ) ;
#1866 =( LENGTH_UNIT ( ) NAMED_UNIT ( * ) SI_UNIT ( .MILLI., .METRE. ) );
#1867 = PRESENTATION_LAYER_ASSIGNMENT (  '', '', ( #465 ) ) ;
#1868 = VECTOR ( 'NONE', #353, 1000.000000000000000 ) ;
#1869 = MECHANICAL_DESIGN_GEOMETRIC_PRESENTATION_REPRESENTATION (  '', ( #466 ), #2600 ) ;
#1870 = DIRECTION ( 'NONE',  ( -0.0000000000000000000, -1.000000000000000000, -0.0000000000000000000 ) ) ;
#1871 = CARTESIAN_POINT ( 'NONE',  ( -7.772400000000000200, -1.778000000000000200, 5.461000000000000300 ) ) ;
#1872 = ORIENTED_EDGE ( 'NONE', *, *, #12786, .F. ) ;
#1873 = ORIENTED_EDGE ( 'NONE', *, *, #9410, .F. ) ;
#1874 = EDGE_CURVE ( 'NONE', #9434, #6657, #12728, .T. ) ;
#1875 = DIRECTION ( 'NONE',  ( 1.000000000000000000, 0.0000000000000000000, 0.0000000000000000000 ) ) ;
#1876 = DIRECTION ( 'NONE',  ( 0.0000000000000000000, 0.0000000000000000000, 1.000000000000000000 ) ) ;
#1877 = UNCERTAINTY_MEASURE_WITH_UNIT (LENGTH_MEASURE( 1.000000000000000100E-005 ), #7377, 'distance_accuracy_value', 'NONE');
#1878 = CARTESIAN_POINT ( 'NONE',  ( 3.301999999999999600, 0.0000000000000000000, -12.06500000000000100 ) ) ;
#1879 = MECHANICAL_DESIGN_GEOMETRIC_PRESENTATION_REPRESENTATION (  '', ( #477 ), #2613 ) ;
#1880 = ORIENTED_EDGE ( 'NONE', *, *, #11091, .F. ) ;
#1881 = ORIENTED_EDGE ( 'NONE', *, *, #11245, .F. ) ;
#1882 = FACE_OUTER_BOUND ( 'NONE', #139, .T. ) ;
#1883 =( NAMED_UNIT ( * ) SI_UNIT ( $, .STERADIAN. ) SOLID_ANGLE_UNIT ( ) );
#1884 =( NAMED_UNIT ( * ) PLANE_ANGLE_UNIT ( ) SI_UNIT ( $, .RADIAN. ) );
#1885 = CARTESIAN_POINT ( 'NONE',  ( 5.804110354999999700, 11.14242434729845100, 11.49299205300000200 ) ) ;
#1886 = CARTESIAN_POINT ( 'NONE',  ( -8.635999999999999200, 7.948998325999999900, -5.437999918999998300 ) ) ;
#1887 = LINE ( 'NONE', #4032, #4652 ) ;
#1888 = ADVANCED_FACE ( 'NONE', ( #1723 ), #8714, .F. ) ;
#1889 = EDGE_LOOP ( 'NONE', ( #1226, #9515, #589, #3969 ) ) ;
#1890 = ORIENTED_EDGE ( 'NONE', *, *, #9778, .T. ) ;
#1891 = PRESENTATION_LAYER_ASSIGNMENT (  '', '', ( #487 ) ) ;
#1892 = PRESENTATION_LAYER_ASSIGNMENT (  '', '', ( #488 ) ) ;
#1893 = ORIENTED_EDGE ( 'NONE', *, *, #11361, .T. ) ;
#1894 = FILL_AREA_STYLE_COLOUR ( '', #1137 ) ;
#1895 = ORIENTED_EDGE ( 'NONE', *, *, #10439, .T. ) ;
#1896 = FACE_OUTER_BOUND ( 'NONE', #7666, .T. ) ;
#1897 = STYLED_ITEM ( 'NONE', ( #4651 ), #12171 ) ;
#1898 = SURFACE_SIDE_STYLE ('',( #5254 ) ) ;
#1899 = VECTOR ( 'NONE', #9336, 1000.000000000000100 ) ;
#1900 = EDGE_CURVE ( 'NONE', #616, #12300, #721, .T. ) ;
#1901 = COLOUR_RGB ( '',0.7529411764705882200, 1.000000000000000000, 1.000000000000000000 ) ;
#1902 =( NAMED_UNIT ( * ) SI_UNIT ( $, .STERADIAN. ) SOLID_ANGLE_UNIT ( ) );
#1903 = DIRECTION ( 'NONE',  ( 0.0000000000000000000, 0.0000000000000000000, -1.000000000000000000 ) ) ;
#1904 = MECHANICAL_DESIGN_GEOMETRIC_PRESENTATION_REPRESENTATION (  '', ( #13259 ), #2633 ) ;
#1905 = PRESENTATION_STYLE_ASSIGNMENT (( #4327 ) ) ;
#1906 = ORIENTED_EDGE ( 'NONE', *, *, #6648, .F. ) ;
#1907 =( NAMED_UNIT ( * ) SI_UNIT ( $, .STERADIAN. ) SOLID_ANGLE_UNIT ( ) );
#1908 = EDGE_LOOP ( 'NONE', ( #1972, #358, #12776, #13369, #5947, #6908 ) ) ;
#1909 = VECTOR ( 'NONE', #6381, 1000.000000000000000 ) ;
#1910 = COLOUR_RGB ( '',0.7490196078431372600, 1.000000000000000000, 1.000000000000000000 ) ;
#1911 = ORIENTED_EDGE ( 'NONE', *, *, #11684, .F. ) ;
#1912 = FACE_OUTER_BOUND ( 'NONE', #2410, .T. ) ;
#1914 = AXIS2_PLACEMENT_3D ( 'NONE', #9387, #9349, #8194 ) ;
#1913 = CARTESIAN_POINT ( 'NONE',  ( 6.388072139000000100, -1.778000000000000200, -1.051672975000000000 ) ) ;
#1915 = DIRECTION ( 'NONE',  ( -0.0000000000000000000, -1.000000000000000000, -0.0000000000000000000 ) ) ;
#1916 = CARTESIAN_POINT ( 'NONE',  ( 9.016999999999999500, 1.150000621000000200, -10.11899881199999900 ) ) ;
#1917 = LINE ( 'NONE', #969, #1595 ) ;
#1918 = DIRECTION ( 'NONE',  ( 0.0000000000000000000, 0.0000000000000000000, -1.000000000000000000 ) ) ;
#1919 = ADVANCED_FACE ( 'NONE', ( #5952 ), #6653, .T. ) ;
#1920 = AXIS2_PLACEMENT_3D ( 'NONE', #7171, #926, #8213 ) ;
#1921 = ORIENTED_EDGE ( 'NONE', *, *, #9908, .T. ) ;
#1922 = LINE ( 'NONE', #2723, #4693 ) ;
#1923 = ORIENTED_EDGE ( 'NONE', *, *, #10791, .T. ) ;
#1924 = CARTESIAN_POINT ( 'NONE',  ( 5.804110354999999700, 11.87834171449999900, 11.49299205300000200 ) ) ;
#1925 = MECHANICAL_DESIGN_GEOMETRIC_PRESENTATION_REPRESENTATION (  '', ( #515 ), #2657 ) ;
#1926 = FILL_AREA_STYLE_COLOUR ( '', #11807 ) ;
#1927 = UNCERTAINTY_MEASURE_WITH_UNIT (LENGTH_MEASURE( 1.000000000000000100E-005 ), #1822, 'distance_accuracy_value', 'NONE');
#1928 =( LENGTH_UNIT ( ) NAMED_UNIT ( * ) SI_UNIT ( .MILLI., .METRE. ) );
#1929 = UNCERTAINTY_MEASURE_WITH_UNIT (LENGTH_MEASURE( 1.000000000000000100E-005 ), #1153, 'distance_accuracy_value', 'NONE');
#1930 = CARTESIAN_POINT ( 'NONE',  ( 6.349999999999999600, 0.0000000000000000000, -12.06500000000000100 ) ) ;
#1931 = COLOUR_RGB ( '',0.7529411764705882200, 1.000000000000000000, 1.000000000000000000 ) ;
#1932 = ORIENTED_EDGE ( 'NONE', *, *, #12013, .F. ) ;
#1933 = PRESENTATION_STYLE_ASSIGNMENT (( #7424 ) ) ;
#1934 = CARTESIAN_POINT ( 'NONE',  ( -4.549999999999999800, 8.195800000000000200, 3.505199999999999900 ) ) ;
#1935 = DIRECTION ( 'NONE',  ( 0.6816456128720466100, 0.7316824847242771000, 0.0000000000000000000 ) ) ;
#1936 = ORIENTED_EDGE ( 'NONE', *, *, #3015, .F. ) ;
#1937 = MECHANICAL_DESIGN_GEOMETRIC_PRESENTATION_REPRESENTATION (  '', ( #13290 ), #2662 ) ;
#1938 = EDGE_LOOP ( 'NONE', ( #5846, #4301, #11047, #1639 ) ) ;
#1939 = DIRECTION ( 'NONE',  ( 0.0000000000000000000, 0.0000000000000000000, 1.000000000000000000 ) ) ;
#1940 = CARTESIAN_POINT ( 'NONE',  ( 3.355254885999997800, 0.0000000000000000000, -1.246957018000000000 ) ) ;
#1941 = LINE ( 'NONE', #12654, #4707 ) ;
#1942 = VECTOR ( 'NONE', #6426, 1000.000000000000000 ) ;
#1943 = SURFACE_STYLE_FILL_AREA ( #7993 ) ;
#1944 = ORIENTED_EDGE ( 'NONE', *, *, #1284, .T. ) ;
#1945 = VECTOR ( 'NONE', #4449, 1000.000000000000000 ) ;
#1946 = PRESENTATION_STYLE_ASSIGNMENT (( #8796 ) ) ;
#1947 = EDGE_CURVE ( 'NONE', #2004, #10863, #7740, .T. ) ;
#1948 = SURFACE_SIDE_STYLE ('',( #3584 ) ) ;
#1949 = SURFACE_SIDE_STYLE ('',( #12192 ) ) ;
#1950 = AXIS2_PLACEMENT_3D ( 'NONE', #4647, #11878, #5713 ) ;
#1951 = EDGE_LOOP ( 'NONE', ( #7678, #8523, #8598, #5302 ) ) ;
#1952 = EDGE_LOOP ( 'NONE', ( #5569, #3651, #10361, #8715 ) ) ;
#1953 = VERTEX_POINT ( 'NONE', #6790 ) ;
#1954 = COLOUR_RGB ( '',0.7490196078431372600, 1.000000000000000000, 1.000000000000000000 ) ;
#1955 = DIRECTION ( 'NONE',  ( -1.000000000000000000, -8.537024980200812000E-016, 0.0000000000000000000 ) ) ;
#1956 = CARTESIAN_POINT ( 'NONE',  ( -9.126755405763200100, 10.35118319609720500, 8.834168625123687900 ) ) ;
#1957 = VECTOR ( 'NONE', #10779, 1000.000000000000000 ) ;
#1958 = VECTOR ( 'NONE', #11314, 1000.000000000000200 ) ;
#1959 = PRESENTATION_STYLE_ASSIGNMENT (( #13147 ) ) ;
#1960 = EDGE_LOOP ( 'NONE', ( #7791, #4448, #2226, #10515 ) ) ;
#1961 = EDGE_CURVE ( 'NONE', #13030, #11208, #10177, .T. ) ;
#1962 = DIRECTION ( 'NONE',  ( -0.6024439929991886000, -0.7981611587262271700, 0.0000000000000000000 ) ) ;
#1963 = FILL_AREA_STYLE ('',( #12271 ) ) ;
#1964 = DIRECTION ( 'NONE',  ( 0.0000000000000000000, 0.0000000000000000000, 1.000000000000000000 ) ) ;
#1965 = UNCERTAINTY_MEASURE_WITH_UNIT (LENGTH_MEASURE( 1.000000000000000100E-005 ), #3736, 'distance_accuracy_value', 'NONE');
#1966 = ADVANCED_FACE ( 'NONE', ( #2212 ), #8690, .F. ) ;
#1967 = EDGE_CURVE ( 'NONE', #7476, #4452, #3675, .T. ) ;
#1968 = ORIENTED_EDGE ( 'NONE', *, *, #3781, .T. ) ;
#1969 = DIRECTION ( 'NONE',  ( 1.000000000000000000, -0.0000000000000000000, 0.0000000000000000000 ) ) ;
#1970 = SURFACE_STYLE_USAGE ( .BOTH. , #2008 ) ;
#1971 = EDGE_CURVE ( 'NONE', #6772, #3992, #11912, .T. ) ;
#1972 = ORIENTED_EDGE ( 'NONE', *, *, #3355, .T. ) ;
#1973 = COLOUR_RGB ( '',0.7490196078431372600, 1.000000000000000000, 1.000000000000000000 ) ;
#1974 = CARTESIAN_POINT ( 'NONE',  ( -7.518399999999999700, -1.778000000000000200, 5.461000000000000300 ) ) ;
#1975 = CARTESIAN_POINT ( 'NONE',  ( 4.917327025000000500, -1.778000000000000200, -2.756429474999999600 ) ) ;
#1976 = SURFACE_STYLE_USAGE ( .BOTH. , #1139 ) ;
#1977 = CARTESIAN_POINT ( 'NONE',  ( -5.841999999999999600, -1.778000000000000200, -10.46480000000000200 ) ) ;
#1978 = STYLED_ITEM ( 'NONE', ( #114 ), #3340 ) ;
#1979 = DIRECTION ( 'NONE',  ( 0.0000000000000000000, 0.7071067805057865700, -0.7071067818673084600 ) ) ;
#1980 = STYLED_ITEM ( 'NONE', ( #10071 ), #930 ) ;
#1981 = PRESENTATION_STYLE_ASSIGNMENT (( #4825 ) ) ;
#1982 = MECHANICAL_DESIGN_GEOMETRIC_PRESENTATION_REPRESENTATION (  '', ( #1980 ), #2698 ) ;
#1983 =( GEOMETRIC_REPRESENTATION_CONTEXT ( 3 ) GLOBAL_UNCERTAINTY_ASSIGNED_CONTEXT ( ( #8980 ) ) GLOBAL_UNIT_ASSIGNED_CONTEXT ( ( #2187, #9475, #3246 ) ) REPRESENTATION_CONTEXT ( 'NONE', 'WORKASPACE' ) );
#1984 =( LENGTH_UNIT ( ) NAMED_UNIT ( * ) SI_UNIT ( .MILLI., .METRE. ) );
#1985 = DIRECTION ( 'NONE',  ( 0.6948958116731911400, -0.0000000000000000000, 0.7191104302671858000 ) ) ;
#1986 = EDGE_CURVE ( 'NONE', #1575, #5764, #882, .T. ) ;
#1987 = AXIS2_PLACEMENT_3D ( 'NONE', #8744, #2531, #9822 ) ;
#1988 = EDGE_CURVE ( 'NONE', #4160, #10235, #8873, .T. ) ;
#1989 = ADVANCED_FACE ( 'NONE', ( #8548 ), #11059, .T. ) ;
#1990 = ORIENTED_EDGE ( 'NONE', *, *, #2871, .F. ) ;
#1991 = PLANE ( 'NONE',  #10135 ) ;
#1992 = CARTESIAN_POINT ( 'NONE',  ( 8.889999999999998800, 11.04899999999999900, -11.82668283600000300 ) ) ;
#1993 = VERTEX_POINT ( 'NONE', #10203 ) ;
#1994 = ORIENTED_EDGE ( 'NONE', *, *, #9462, .T. ) ;
#1995 = MECHANICAL_DESIGN_GEOMETRIC_PRESENTATION_REPRESENTATION (  '', ( #577 ), #2711 ) ;
#1996 = SURFACE_STYLE_USAGE ( .BOTH. , #8224 ) ;
#1997 = PRESENTATION_LAYER_ASSIGNMENT (  '', '', ( #580 ) ) ;
#1998 = PRESENTATION_STYLE_ASSIGNMENT (( #11076 ) ) ;
#1999 =( GEOMETRIC_REPRESENTATION_CONTEXT ( 3 ) GLOBAL_UNCERTAINTY_ASSIGNED_CONTEXT ( ( #2479 ) ) GLOBAL_UNIT_ASSIGNED_CONTEXT ( ( #5320, #12528, #6357 ) ) REPRESENTATION_CONTEXT ( 'NONE', 'WORKASPACE' ) );
#2000 = ORIENTED_EDGE ( 'NONE', *, *, #9281, .F. ) ;
#2001 = CARTESIAN_POINT ( 'NONE',  ( -4.254710354999999400, 11.18252178205955300, 11.13101989364586300 ) ) ;
#2002 = FILL_AREA_STYLE_COLOUR ( '', #4531 ) ;
#2003 = SURFACE_STYLE_USAGE ( .BOTH. , #8233 ) ;
#2004 = VERTEX_POINT ( 'NONE', #12726 ) ;
#2005 = UNCERTAINTY_MEASURE_WITH_UNIT (LENGTH_MEASURE( 1.000000000000000100E-005 ), #12843, 'distance_accuracy_value', 'NONE');
#2006 = ORIENTED_EDGE ( 'NONE', *, *, #11773, .F. ) ;
#2007 = CARTESIAN_POINT ( 'NONE',  ( -8.890000000000002300, 0.9500005125555001100, -11.06499946012500000 ) ) ;
#2008 = SURFACE_SIDE_STYLE ('',( #1690 ) ) ;
#2009 = LINE ( 'NONE', #4552, #4779 ) ;
#2010 = SURFACE_SIDE_STYLE ('',( #1231 ) ) ;
#2011 = CARTESIAN_POINT ( 'NONE',  ( -9.102697952577452500, 3.716984397135207500, 9.220836579781069600 ) ) ;
#2012 = ORIENTED_EDGE ( 'NONE', *, *, #12075, .F. ) ;
#2013 = SURFACE_SIDE_STYLE ('',( #11940 ) ) ;
#2014 = FILL_AREA_STYLE_COLOUR ( '', #9621 ) ;
#2015 = PRESENTATION_STYLE_ASSIGNMENT (( #7348 ) ) ;
#2016 = DIRECTION ( 'NONE',  ( 0.0000000000000000000, -1.000000000000000000, 0.0000000000000000000 ) ) ;
#2017 = VECTOR ( 'NONE', #10192, 1000.000000000000000 ) ;
#2018 =( BOUNDED_CURVE ( )  B_SPLINE_CURVE ( 3, ( #7587, #9702, #3447, #10746 ),
 .UNSPECIFIED., .F., .F. ) 
 B_SPLINE_CURVE_WITH_KNOTS ( ( 4, 4 ),
 ( 0.7878062422358816900, 2.318023048318526200 ),
 .UNSPECIFIED. ) 
 CURVE ( )  GEOMETRIC_REPRESENTATION_ITEM ( )  RATIONAL_B_SPLINE_CURVE ( ( 1.000000000000000000, 0.8142048533875465600, 0.8142048533875465600, 1.000000000000000000 ) ) 
 REPRESENTATION_ITEM ( '' )  );
#2019 = SURFACE_STYLE_USAGE ( .BOTH. , #2072 ) ;
#2020 = DIRECTION ( 'NONE',  ( 0.7191104302671856900, 0.0000000000000000000, -0.6948958116731910300 ) ) ;
#2021 = COLOUR_RGB ( '',0.7490196078431372600, 1.000000000000000000, 1.000000000000000000 ) ;
#2022 = CARTESIAN_POINT ( 'NONE',  ( -8.635999999999999200, 9.349139162999998500, -0.8108608369999997800 ) ) ;
#2023 = VERTEX_POINT ( 'NONE', #13326 ) ;
#2024 = PRESENTATION_LAYER_ASSIGNMENT (  '', '', ( #612 ) ) ;
#2025 = CARTESIAN_POINT ( 'NONE',  ( -5.841999999999999600, -1.778000000000000200, -10.10920000000000100 ) ) ;
#2026 = ADVANCED_FACE ( 'NONE', ( #10343, #13038 ), #911, .F. ) ;
#2027 = ORIENTED_EDGE ( 'NONE', *, *, #4588, .F. ) ;
#2028 = ORIENTED_EDGE ( 'NONE', *, *, #3704, .T. ) ;
#2029 =( NAMED_UNIT ( * ) PLANE_ANGLE_UNIT ( ) SI_UNIT ( $, .RADIAN. ) );
#2030 = DIRECTION ( 'NONE',  ( 1.000000000000000000, 1.734723475976806300E-015, -0.0000000000000000000 ) ) ;
#2031 = EDGE_CURVE ( 'NONE', #3451, #7104, #9374, .T. ) ;
#2032 = ORIENTED_EDGE ( 'NONE', *, *, #41, .F. ) ;
#2033 = ORIENTED_EDGE ( 'NONE', *, *, #10932, .F. ) ;
#2034 = DIRECTION ( 'NONE',  ( -0.0000000000000000000, -0.0000000000000000000, -1.000000000000000000 ) ) ;
#2035 = STYLED_ITEM ( 'NONE', ( #9896 ), #11936 ) ;
#2036 = EDGE_CURVE ( 'NONE', #7887, #6320, #3832, .T. ) ;
#2037 = ORIENTED_EDGE ( 'NONE', *, *, #9281, .T. ) ;
#2038 = EDGE_CURVE ( 'NONE', #10037, #6619, #1041, .T. ) ;
#2039 = CARTESIAN_POINT ( 'NONE',  ( 8.826499999999999300, 9.229793325999999400, -3.981386681000000500 ) ) ;
#2040 = LINE ( 'NONE', #8766, #7581 ) ;
#2041 = CARTESIAN_POINT ( 'NONE',  ( -6.349999999999998800, -1.778000000000000200, -10.10920000000000100 ) ) ;
#2042 = FILL_AREA_STYLE_COLOUR ( '', #11490 ) ;
#2043 = DIRECTION ( 'NONE',  ( -1.000000000000000000, 0.0000000000000000000, 0.0000000000000000000 ) ) ;
#2044 = LINE ( 'NONE', #5028, #7257 ) ;
#2045 = ORIENTED_EDGE ( 'NONE', *, *, #622, .F. ) ;
#2046 = ORIENTED_EDGE ( 'NONE', *, *, #9465, .T. ) ;
#2047 = STYLED_ITEM ( 'NONE', ( #9259 ), #3027 ) ;
#2048 = UNCERTAINTY_MEASURE_WITH_UNIT (LENGTH_MEASURE( 1.000000000000000100E-005 ), #11645, 'distance_accuracy_value', 'NONE');
#2049 = ADVANCED_FACE ( 'NONE', ( #3495 ), #6841, .F. ) ;
#2050 = FILL_AREA_STYLE ('',( #5649 ) ) ;
#2051 = STYLED_ITEM ( 'NONE', ( #3118 ), #448 ) ;
#2052 = ORIENTED_EDGE ( 'NONE', *, *, #4566, .T. ) ;
#2053 = ORIENTED_EDGE ( 'NONE', *, *, #7626, .F. ) ;
#2054 = VECTOR ( 'NONE', #11058, 1000.000000000000000 ) ;
#2055 = AXIS2_PLACEMENT_3D ( 'NONE', #4312, #11554, #5370 ) ;
#2056 = COLOUR_RGB ( '',0.7490196078431372600, 1.000000000000000000, 1.000000000000000000 ) ;
#2057 = EDGE_CURVE ( 'NONE', #8895, #3719, #5287, .T. ) ;
#2058 = DIRECTION ( 'NONE',  ( -0.03634629820612130000, 0.0000000000000000000, 0.9993392550113859900 ) ) ;
#2059 = CARTESIAN_POINT ( 'NONE',  ( 8.635999999999999200, 2.550001377000000500, -9.864998812000001400 ) ) ;
#2060 = DIRECTION ( 'NONE',  ( 1.000000000000000000, 0.0000000000000000000, 0.0000000000000000000 ) ) ;
#2061 = LINE ( 'NONE', #6642, #12740 ) ;
#2062 = EDGE_CURVE ( 'NONE', #416, #555, #13187, .T. ) ;
#2063 =( NAMED_UNIT ( * ) PLANE_ANGLE_UNIT ( ) SI_UNIT ( $, .RADIAN. ) );
#2064 = SURFACE_SIDE_STYLE ('',( #265 ) ) ;
#2065 = CARTESIAN_POINT ( 'NONE',  ( -8.890000000000000600, 0.0000000000000000000, -8.964998325999999900 ) ) ;
#2066 = EDGE_CURVE ( 'NONE', #3463, #4421, #2538, .T. ) ;
#2067 = VERTEX_POINT ( 'NONE', #11015 ) ;
#2068 =( NAMED_UNIT ( * ) SI_UNIT ( $, .STERADIAN. ) SOLID_ANGLE_UNIT ( ) );
#2069 = ORIENTED_EDGE ( 'NONE', *, *, #10641, .T. ) ;
#2070 =( GEOMETRIC_REPRESENTATION_CONTEXT ( 3 ) GLOBAL_UNCERTAINTY_ASSIGNED_CONTEXT ( ( #499 ) ) GLOBAL_UNIT_ASSIGNED_CONTEXT ( ( #11921, #5762, #12973 ) ) REPRESENTATION_CONTEXT ( 'NONE', 'WORKASPACE' ) );
#2071 = SURFACE_STYLE_FILL_AREA ( #2118 ) ;
#2072 = SURFACE_SIDE_STYLE ('',( #13312 ) ) ;
#2073 = CARTESIAN_POINT ( 'NONE',  ( 8.890000000000000600, -1.876075780000000100, -8.664998163999998200 ) ) ;
#2074 = VECTOR ( 'NONE', #5486, 1000.000000000000000 ) ;
#2075 = FACE_OUTER_BOUND ( 'NONE', #13355, .T. ) ;
#2076 = ORIENTED_EDGE ( 'NONE', *, *, #9410, .T. ) ;
#2077 = ORIENTED_EDGE ( 'NONE', *, *, #2676, .T. ) ;
#2078 = FACE_OUTER_BOUND ( 'NONE', #12429, .T. ) ;
#2079 =( LENGTH_UNIT ( ) NAMED_UNIT ( * ) SI_UNIT ( .MILLI., .METRE. ) );
#2080 = COLOUR_RGB ( '',0.7490196078431372600, 1.000000000000000000, 1.000000000000000000 ) ;
#2081 = CIRCLE ( 'NONE', #11519, 4.557235704000000000 ) ;
#2082 = VECTOR ( 'NONE', #7906, 1000.000000000000000 ) ;
#2083 = LINE ( 'NONE', #1924, #12761 ) ;
#2084 = MECHANICAL_DESIGN_GEOMETRIC_PRESENTATION_REPRESENTATION (  '', ( #664 ), #2801 ) ;
#2085 = ORIENTED_EDGE ( 'NONE', *, *, #11086, .F. ) ;
#2086 = CARTESIAN_POINT ( 'NONE',  ( 5.030491106000000400, 11.08582716800000000, 4.905350693000001700 ) ) ;
#2087 = DIRECTION ( 'NONE',  ( 0.0000000000000000000, 0.0000000000000000000, -1.000000000000000000 ) ) ;
#2088 = FACE_OUTER_BOUND ( 'NONE', #3351, .T. ) ;
#2089 = AXIS2_PLACEMENT_3D ( 'NONE', #12110, #5941, #13149 ) ;
#2090 = EDGE_CURVE ( 'NONE', #262, #6907, #4957, .T. ) ;
#2091 = SURFACE_STYLE_FILL_AREA ( #2995 ) ;
#2092 = VERTEX_POINT ( 'NONE', #11431 ) ;
#2093 = SURFACE_STYLE_FILL_AREA ( #12904 ) ;
#2094 = CARTESIAN_POINT ( 'NONE',  ( 4.270036903646158100, 11.18252178205955100, 11.13101989364586500 ) ) ;
#2095 = CARTESIAN_POINT ( 'NONE',  ( -9.016999999999999500, 8.975793326000001600, -3.981386681000000500 ) ) ;
#2096 =( GEOMETRIC_REPRESENTATION_CONTEXT ( 3 ) GLOBAL_UNCERTAINTY_ASSIGNED_CONTEXT ( ( #1475 ) ) GLOBAL_UNIT_ASSIGNED_CONTEXT ( ( #6581, #346, #7647 ) ) REPRESENTATION_CONTEXT ( 'NONE', 'WORKASPACE' ) );
#2097 = EDGE_CURVE ( 'NONE', #1490, #4512, #4630, .T. ) ;
#2098 = LINE ( 'NONE', #6149, #7301 ) ;
#2099 = EDGE_LOOP ( 'NONE', ( #6300, #7927, #9451, #6987, #8500, #3507, #13139, #530, #7418 ) ) ;
#2100 = PLANE ( 'NONE',  #7427 ) ;
#2101 = ORIENTED_EDGE ( 'NONE', *, *, #7873, .F. ) ;
#2102 = EDGE_LOOP ( 'NONE', ( #9591, #5446, #4434, #8142, #11721, #6000, #2702, #12061, #6782, #1237, #3692, #1228, #4100 ) ) ;
#2103 = DIRECTION ( 'NONE',  ( -1.000000000000000000, -0.0000000000000000000, -0.0000000000000000000 ) ) ;
#2104 = CARTESIAN_POINT ( 'NONE',  ( 3.732553017999999900, 10.54099999999999900, 3.301999999999999600 ) ) ;
#2105 = PRESENTATION_LAYER_ASSIGNMENT (  '', '', ( #678 ) ) ;
#2106 = ADVANCED_FACE ( 'NONE', ( #12869 ), #12836, .T. ) ;
#2107 = CARTESIAN_POINT ( 'NONE',  ( -1.270000000000000000, -1.778000000000000200, -7.569200000000000400 ) ) ;
#2108 = ORIENTED_EDGE ( 'NONE', *, *, #1243, .T. ) ;
#2109 = UNCERTAINTY_MEASURE_WITH_UNIT (LENGTH_MEASURE( 1.000000000000000100E-005 ), #5280, 'distance_accuracy_value', 'NONE');
#2110 = VERTEX_POINT ( 'NONE', #12340 ) ;
#2111 = DIRECTION ( 'NONE',  ( -0.0000000000000000000, -1.000000000000000000, -0.0000000000000000000 ) ) ;
#2112 = ORIENTED_EDGE ( 'NONE', *, *, #10171, .T. ) ;
#2113 = ORIENTED_EDGE ( 'NONE', *, *, #10229, .T. ) ;
#2114 = DIRECTION ( 'NONE',  ( 0.0000000000000000000, -1.000000000000000000, 0.0000000000000000000 ) ) ;
#2115 = MECHANICAL_DESIGN_GEOMETRIC_PRESENTATION_REPRESENTATION (  '', ( #691 ), #2829 ) ;
#2116 = COLOUR_RGB ( '',0.7529411764705882200, 1.000000000000000000, 1.000000000000000000 ) ;
#2117 = CARTESIAN_POINT ( 'NONE',  ( -8.890000000000000600, 11.04899999999999900, 0.4651319110000000100 ) ) ;
#2118 = FILL_AREA_STYLE ('',( #14 ) ) ;
#2119 = FILL_AREA_STYLE_COLOUR ( '', #11358 ) ;
#2120 = COLOUR_RGB ( '',0.7490196078431372600, 1.000000000000000000, 1.000000000000000000 ) ;
#2121 = ORIENTED_EDGE ( 'NONE', *, *, #10623, .T. ) ;
#2122 = EDGE_CURVE ( 'NONE', #7915, #3283, #875, .T. ) ;
#2123 = CIRCLE ( 'NONE', #10692, 2.767382544000000200 ) ;
#2124 =( NAMED_UNIT ( * ) PLANE_ANGLE_UNIT ( ) SI_UNIT ( $, .RADIAN. ) );
#2125 = SURFACE_STYLE_FILL_AREA ( #157 ) ;
#2126 = CARTESIAN_POINT ( 'NONE',  ( -6.626228511406571500, 9.178113983342351300, 12.59484719597314900 ) ) ;
#2127 = VERTEX_POINT ( 'NONE', #288 ) ;
#2128 = SURFACE_STYLE_FILL_AREA ( #8069 ) ;
#2129 = ADVANCED_FACE ( 'NONE', ( #6096 ), #2361, .T. ) ;
#2130 = LINE ( 'NONE', #8491, #12806 ) ;
#2131 = ORIENTED_EDGE ( 'NONE', *, *, #4913, .T. ) ;
#2132 = EDGE_CURVE ( 'NONE', #10976, #5657, #5127, .T. ) ;
#2133 = SURFACE_STYLE_FILL_AREA ( #7361 ) ;
#2134 = VECTOR ( 'NONE', #11079, 1000.000000000000000 ) ;
#2135 = DIRECTION ( 'NONE',  ( -1.000000000000000000, 0.0000000000000000000, 0.0000000000000000000 ) ) ;
#2136 = AXIS2_PLACEMENT_3D ( 'NONE', #7083, #8148, #6102 ) ;
#2137 = DIRECTION ( 'NONE',  ( 0.0000000000000000000, 1.000000000000000000, 0.0000000000000000000 ) ) ;
#2138 = DIRECTION ( 'NONE',  ( 1.000000000000000000, 0.0000000000000000000, 0.0000000000000000000 ) ) ;
#2139 = UNCERTAINTY_MEASURE_WITH_UNIT (LENGTH_MEASURE( 1.000000000000000100E-005 ), #8676, 'distance_accuracy_value', 'NONE');
#2140 = DIRECTION ( 'NONE',  ( 0.03594029056241338600, 0.0000000000000000000, 0.9993539390597754300 ) ) ;
#2141 = COLOUR_RGB ( '',0.7490196078431372600, 1.000000000000000000, 1.000000000000000000 ) ;
#2142 = CARTESIAN_POINT ( 'NONE',  ( -8.975279771901954400, 3.828296212960510500, 10.09135783686563700 ) ) ;
#2143 = AXIS2_PLACEMENT_3D ( 'NONE', #2825, #2466, #3302 ) ;
#2144 = ORIENTED_EDGE ( 'NONE', *, *, #3037, .F. ) ;
#2145 =( LENGTH_UNIT ( ) NAMED_UNIT ( * ) SI_UNIT ( .MILLI., .METRE. ) );
#2146 = EDGE_CURVE ( 'NONE', #7344, #3858, #7882, .T. ) ;
#2147 = EDGE_LOOP ( 'NONE', ( #6356, #10725, #3491, #1613 ) ) ;
#2148 = FILL_AREA_STYLE_COLOUR ( '', #2021 ) ;
#2149 = AXIS2_PLACEMENT_3D ( 'NONE', #7205, #10308, #5166 ) ;
#2150 = VECTOR ( 'NONE', #9416, 1000.000000000000000 ) ;
#2151 = ORIENTED_EDGE ( 'NONE', *, *, #5266, .T. ) ;
#2152 = CARTESIAN_POINT ( 'NONE',  ( 8.635999999999999200, 0.0000000000000000000, -0.5080000000000000100 ) ) ;
#2153 = DIRECTION ( 'NONE',  ( 0.0000000000000000000, 0.0000000000000000000, -1.000000000000000000 ) ) ;
#2154 = CARTESIAN_POINT ( 'NONE',  ( 7.264400000000000200, -1.778000000000000200, 7.493000000000000300 ) ) ;
#2155 = VECTOR ( 'NONE', #3413, 1000.000000000000000 ) ;
#2156 = MECHANICAL_DESIGN_GEOMETRIC_PRESENTATION_REPRESENTATION (  '', ( #51 ), #2862 ) ;
#2157 = CARTESIAN_POINT ( 'NONE',  ( -9.016999999999999500, 8.975793326000001600, -4.581387004999999800 ) ) ;
#2158 = DIRECTION ( 'NONE',  ( 0.0000000000000000000, -0.9993539390586464500, -0.03594029059380552500 ) ) ;
#2159 = SURFACE_SIDE_STYLE ('',( #2420 ) ) ;
#2160 = STYLED_ITEM ( 'NONE', ( #7134 ), #1128 ) ;
#2161 = PRESENTATION_LAYER_ASSIGNMENT (  '', '', ( #739 ) ) ;
#2162 = FILL_AREA_STYLE ('',( #2258 ) ) ;
#2163 =( NAMED_UNIT ( * ) SI_UNIT ( $, .STERADIAN. ) SOLID_ANGLE_UNIT ( ) );
#2164 = ORIENTED_EDGE ( 'NONE', *, *, #404, .T. ) ;
#2165 = EDGE_CURVE ( 'NONE', #9807, #4609, #13025, .T. ) ;
#2166 = ORIENTED_EDGE ( 'NONE', *, *, #2351, .T. ) ;
#2167 = ADVANCED_FACE ( 'NONE', ( #10657 ), #13362, .T. ) ;
#2168 = VECTOR ( 'NONE', #304, 1000.000000000000000 ) ;
#2169 =( GEOMETRIC_REPRESENTATION_CONTEXT ( 3 ) GLOBAL_UNCERTAINTY_ASSIGNED_CONTEXT ( ( #1592 ) ) GLOBAL_UNIT_ASSIGNED_CONTEXT ( ( #10294, #4073, #11296 ) ) REPRESENTATION_CONTEXT ( 'NONE', 'WORKASPACE' ) );
#2170 = FACE_OUTER_BOUND ( 'NONE', #231, .T. ) ;
#2171 = CARTESIAN_POINT ( 'NONE',  ( 8.762999999999999900, 10.74927999999999900, 0.5892800000000000300 ) ) ;
#2172 = DIRECTION ( 'NONE',  ( 0.0000000000000000000, 0.0000000000000000000, -1.000000000000000000 ) ) ;
#2173 = SURFACE_SIDE_STYLE ('',( #5534 ) ) ;
#2174 =( LENGTH_UNIT ( ) NAMED_UNIT ( * ) SI_UNIT ( .MILLI., .METRE. ) );
#2175 = ORIENTED_EDGE ( 'NONE', *, *, #10623, .F. ) ;
#2176 = PLANE ( 'NONE',  #6309 ) ;
#2177 = CARTESIAN_POINT ( 'NONE',  ( -8.890000000000000600, 11.04899999999999900, -12.06500000000000100 ) ) ;
#2178 = STYLED_ITEM ( 'NONE', ( #10961 ), #2267 ) ;
#2179 = VERTEX_POINT ( 'NONE', #13412 ) ;
#2180 = UNCERTAINTY_MEASURE_WITH_UNIT (LENGTH_MEASURE( 1.000000000000000100E-005 ), #2903, 'distance_accuracy_value', 'NONE');
#2181 =( LENGTH_UNIT ( ) NAMED_UNIT ( * ) SI_UNIT ( .MILLI., .METRE. ) );
#2182 = ADVANCED_FACE ( 'NONE', ( #3821 ), #11653, .T. ) ;
#2183 = AXIS2_PLACEMENT_3D ( 'NONE', #4805, #12031, #5875 ) ;
#2184 = VERTEX_POINT ( 'NONE', #10391 ) ;
#2185 = DIRECTION ( 'NONE',  ( -0.7979441988241027200, -0.6022802340836062000, 0.02331469912216672600 ) ) ;
#2186 = FILL_AREA_STYLE ('',( #6313 ) ) ;
#2187 =( LENGTH_UNIT ( ) NAMED_UNIT ( * ) SI_UNIT ( .MILLI., .METRE. ) );
#2188 = ORIENTED_EDGE ( 'NONE', *, *, #9754, .F. ) ;
#2189 =( NAMED_UNIT ( * ) SI_UNIT ( $, .STERADIAN. ) SOLID_ANGLE_UNIT ( ) );
#2190 = ORIENTED_EDGE ( 'NONE', *, *, #4002, .T. ) ;
#2191 = ADVANCED_FACE ( 'NONE', ( #57 ), #1504, .F. ) ;
#2192 = FILL_AREA_STYLE ('',( #2519 ) ) ;
#2193 = LINE ( 'NONE', #3044, #1852 ) ;
#2194 = VECTOR ( 'NONE', #10072, 1000.000000000000000 ) ;
#2195 = PRESENTATION_LAYER_ASSIGNMENT (  '', '', ( #783 ) ) ;
#2196 = VECTOR ( 'NONE', #10815, 1000.000000000000000 ) ;
#2197 = SURFACE_STYLE_USAGE ( .BOTH. , #8421 ) ;
#2198 = ORIENTED_EDGE ( 'NONE', *, *, #669, .F. ) ;
#2199 = ORIENTED_EDGE ( 'NONE', *, *, #229, .T. ) ;
#2200 = CARTESIAN_POINT ( 'NONE',  ( 8.635999999999999200, 8.848793325999999100, -4.581387004999999800 ) ) ;
#2201 = FILL_AREA_STYLE ('',( #1188 ) ) ;
#2202 = ORIENTED_EDGE ( 'NONE', *, *, #3732, .T. ) ;
#2203 =( NAMED_UNIT ( * ) SI_UNIT ( $, .STERADIAN. ) SOLID_ANGLE_UNIT ( ) );
#2204 = CARTESIAN_POINT ( 'NONE',  ( -8.635999999999999200, -0.9057900500000001200, -1.778000000000000200 ) ) ;
#2205 = ORIENTED_EDGE ( 'NONE', *, *, #10964, .F. ) ;
#2206 = VECTOR ( 'NONE', #12986, 1000.000000000000100 ) ;
#2207 = CARTESIAN_POINT ( 'NONE',  ( -8.890000000000000600, 0.0000000000000000000, -10.46480000000000000 ) ) ;
#2208 = PLANE ( 'NONE',  #4352 ) ;
#2209 = EDGE_CURVE ( 'NONE', #4079, #12049, #1847, .T. ) ;
#2210 = AXIS2_PLACEMENT_3D ( 'NONE', #1110, #8391, #2172 ) ;
#2211 =( NAMED_UNIT ( * ) SI_UNIT ( $, .STERADIAN. ) SOLID_ANGLE_UNIT ( ) );
#2212 = FACE_OUTER_BOUND ( 'NONE', #5600, .T. ) ;
#2213 = ORIENTED_EDGE ( 'NONE', *, *, #12632, .T. ) ;
#2214 =( LENGTH_UNIT ( ) NAMED_UNIT ( * ) SI_UNIT ( .MILLI., .METRE. ) );
#2215 = VERTEX_POINT ( 'NONE', #8023 ) ;
#2216 = CARTESIAN_POINT ( 'NONE',  ( 5.841999999999999600, -1.778000000000000200, -10.10920000000000100 ) ) ;
#2217 = ORIENTED_EDGE ( 'NONE', *, *, #3824, .T. ) ;
#2218 = DIRECTION ( 'NONE',  ( 1.000000000000000000, 0.0000000000000000000, 0.0000000000000000000 ) ) ;
#2219 = DIRECTION ( 'NONE',  ( -1.000000000000000000, -0.0000000000000000000, -0.0000000000000000000 ) ) ;
#2220 = EDGE_CURVE ( 'NONE', #8407, #9549, #4297, .T. ) ;
#2221 = COLOUR_RGB ( '',0.7490196078431372600, 1.000000000000000000, 1.000000000000000000 ) ;
#2222 = DIRECTION ( 'NONE',  ( -1.000000000000000000, -0.0000000000000000000, -0.0000000000000000000 ) ) ;
#2223 =( LENGTH_UNIT ( ) NAMED_UNIT ( * ) SI_UNIT ( .MILLI., .METRE. ) );
#2224 = PLANE ( 'NONE',  #11869 ) ;
#2225 = EDGE_CURVE ( 'NONE', #4990, #2866, #9852, .T. ) ;
#2226 = ORIENTED_EDGE ( 'NONE', *, *, #7309, .F. ) ;
#2227 = ORIENTED_EDGE ( 'NONE', *, *, #8692, .T. ) ;
#2228 = CARTESIAN_POINT ( 'NONE',  ( -8.890000000000000600, 0.0000000000000000000, -7.924799999999999400 ) ) ;
#2229 =( LENGTH_UNIT ( ) NAMED_UNIT ( * ) SI_UNIT ( .MILLI., .METRE. ) );
#2230 = ORIENTED_EDGE ( 'NONE', *, *, #10673, .T. ) ;
#2231 = CYLINDRICAL_SURFACE ( 'NONE', #1183, 0.5080000000000015600 ) ;
#2232 = VERTEX_POINT ( 'NONE', #4152 ) ;
#2233 = ORIENTED_EDGE ( 'NONE', *, *, #5070, .T. ) ;
#2234 = VECTOR ( 'NONE', #5673, 1000.000000000000100 ) ;
#2235 = LINE ( 'NONE', #13391, #1899 ) ;
#2236 = DIRECTION ( 'NONE',  ( 0.0000000000000000000, 0.0000000000000000000, 1.000000000000000000 ) ) ;
#2237 = DIRECTION ( 'NONE',  ( -1.000000000000000000, -1.707404996040162200E-015, -0.0000000000000000000 ) ) ;
#2238 =( NAMED_UNIT ( * ) PLANE_ANGLE_UNIT ( ) SI_UNIT ( $, .RADIAN. ) );
#2239 = FACE_OUTER_BOUND ( 'NONE', #10108, .T. ) ;
#2240 = CIRCLE ( 'NONE', #7910, 0.3047999999999996300 ) ;
#2241 = SURFACE_STYLE_USAGE ( .BOTH. , #11606 ) ;
#2242 = ORIENTED_EDGE ( 'NONE', *, *, #3729, .F. ) ;
#2243 =( GEOMETRIC_REPRESENTATION_CONTEXT ( 3 ) GLOBAL_UNCERTAINTY_ASSIGNED_CONTEXT ( ( #1877 ) ) GLOBAL_UNIT_ASSIGNED_CONTEXT ( ( #7377, #1203, #1232 ) ) REPRESENTATION_CONTEXT ( 'NONE', 'WORKASPACE' ) );
#2244 = PRESENTATION_LAYER_ASSIGNMENT (  '', '', ( #828 ) ) ;
#2245 = VECTOR ( 'NONE', #8296, 1000.000000000000000 ) ;
#2246 = ORIENTED_EDGE ( 'NONE', *, *, #10668, .T. ) ;
#2247 = CARTESIAN_POINT ( 'NONE',  ( 8.635999999999999200, 8.975793325853306500, -5.181387328999999700 ) ) ;
#2248 = VECTOR ( 'NONE', #12925, 999.9999999999998900 ) ;
#2249 = LINE ( 'NONE', #615, #7453 ) ;
#2250 = EDGE_CURVE ( 'NONE', #6271, #9494, #7046, .T. ) ;
#2251 = CARTESIAN_POINT ( 'NONE',  ( -3.809999999999999600, -1.778000000000000200, -10.46480000000000200 ) ) ;
#2252 = DIRECTION ( 'NONE',  ( -0.0000000000000000000, -0.0000000000000000000, -1.000000000000000000 ) ) ;
#2253 = STYLED_ITEM ( 'NONE', ( #9381 ), #9191 ) ;
#2254 = PRESENTATION_STYLE_ASSIGNMENT (( #8364 ) ) ;
#2255 = CARTESIAN_POINT ( 'NONE',  ( 8.890000000000000600, 7.948998325999999900, -8.964998325999999900 ) ) ;
#2256 = FACE_OUTER_BOUND ( 'NONE', #11413, .T. ) ;
#2257 = ADVANCED_FACE ( 'NONE', ( #1197 ), #7044, .F. ) ;
#2258 = FILL_AREA_STYLE_COLOUR ( '', #2660 ) ;
#2259 = ORIENTED_EDGE ( 'NONE', *, *, #3440, .T. ) ;
#2260 = FACE_OUTER_BOUND ( 'NONE', #13213, .T. ) ;
#2261 = VERTEX_POINT ( 'NONE', #8197 ) ;
#2262 = PRESENTATION_STYLE_ASSIGNMENT (( #9711 ) ) ;
#2263 = AXIS2_PLACEMENT_3D ( 'NONE', #7752, #7800, #8028 ) ;
#2264 = CARTESIAN_POINT ( 'NONE',  ( -5.333999999999999600, 0.0000000000000000000, -7.569200000000000400 ) ) ;
#2265 = CARTESIAN_POINT ( 'NONE',  ( -4.254710354999999400, 8.142580277000002200, 8.064649543000001600 ) ) ;
#2266 = PRESENTATION_STYLE_ASSIGNMENT (( #601 ) ) ;
#2267 = ADVANCED_FACE ( 'NONE', ( #5768 ), #5385, .F. ) ;
#2268 = PRESENTATION_LAYER_ASSIGNMENT (  '', '', ( #847 ) ) ;
#2269 = SURFACE_STYLE_USAGE ( .BOTH. , #8486 ) ;
#2270 = EDGE_LOOP ( 'NONE', ( #11959, #8305, #3956, #4038 ) ) ;
#2271 =( NAMED_UNIT ( * ) PLANE_ANGLE_UNIT ( ) SI_UNIT ( $, .RADIAN. ) );
#2272 = CARTESIAN_POINT ( 'NONE',  ( 4.502782937478122500, 11.24761946599976300, 4.731681872000592600 ) ) ;
#2273 = VECTOR ( 'NONE', #9837, 1000.000000000000000 ) ;
#2274 =( GEOMETRIC_REPRESENTATION_CONTEXT ( 3 ) GLOBAL_UNCERTAINTY_ASSIGNED_CONTEXT ( ( #3059 ) ) GLOBAL_UNIT_ASSIGNED_CONTEXT ( ( #11291, #5100, #12327 ) ) REPRESENTATION_CONTEXT ( 'NONE', 'WORKASPACE' ) );
#2275 = CARTESIAN_POINT ( 'NONE',  ( 3.149999995800003100, 6.095800000000000600, 3.505199999999999900 ) ) ;
#2276 = ORIENTED_EDGE ( 'NONE', *, *, #2987, .F. ) ;
#2277 = EDGE_CURVE ( 'NONE', #5638, #10854, #2009, .T. ) ;
#2278 = CARTESIAN_POINT ( 'NONE',  ( -6.030280053807042700, 11.04899999999999900, 3.784029870119512800 ) ) ;
#2279 = DIRECTION ( 'NONE',  ( -1.000000000000000000, -0.0000000000000000000, -0.0000000000000000000 ) ) ;
#2280 =( LENGTH_UNIT ( ) NAMED_UNIT ( * ) SI_UNIT ( .MILLI., .METRE. ) );
#2281 = EDGE_CURVE ( 'NONE', #9789, #5543, #12690, .T. ) ;
#2282 = CARTESIAN_POINT ( 'NONE',  ( 6.684151670233781300, 7.910097033218238300, 12.37943614194078500 ) ) ;
#2283 = VECTOR ( 'NONE', #9791, 1000.000000000000000 ) ;
#2284 = ORIENTED_EDGE ( 'NONE', *, *, #3287, .T. ) ;
#2285 = DIRECTION ( 'NONE',  ( 0.02660211501186553200, 0.6814043792533999200, -0.7314235431069908700 ) ) ;
#2286 = VECTOR ( 'NONE', #2364, 1000.000000000000000 ) ;
#2287 = FACE_OUTER_BOUND ( 'NONE', #2483, .T. ) ;
#2288 = DIRECTION ( 'NONE',  ( 0.0000000000000000000, 0.7071067812506851600, 0.7071067811224099900 ) ) ;
#2289 = MECHANICAL_DESIGN_GEOMETRIC_PRESENTATION_REPRESENTATION (  '', ( #865 ), #2992 ) ;
#2290 = FILL_AREA_STYLE ('',( #9561 ) ) ;
#2291 = ORIENTED_EDGE ( 'NONE', *, *, #12720, .F. ) ;
#2292 = VECTOR ( 'NONE', #12355, 1000.000000000000000 ) ;
#2293 = LINE ( 'NONE', #10309, #7161 ) ;
#2294 = LINE ( 'NONE', #5575, #11987 ) ;
#2295 = DIRECTION ( 'NONE',  ( -1.000000000000000000, 0.0000000000000000000, 0.0000000000000000000 ) ) ;
#2296 = VERTEX_POINT ( 'NONE', #3974 ) ;
#2297 = FACE_OUTER_BOUND ( 'NONE', #11448, .T. ) ;
#2298 = PRESENTATION_STYLE_ASSIGNMENT (( #986 ) ) ;
#2299 = UNCERTAINTY_MEASURE_WITH_UNIT (LENGTH_MEASURE( 1.000000000000000100E-005 ), #9721, 'distance_accuracy_value', 'NONE');
#2300 = SURFACE_SIDE_STYLE ('',( #4510 ) ) ;
#2301 = DIRECTION ( 'NONE',  ( 0.0000000000000000000, 0.0000000000000000000, -1.000000000000000000 ) ) ;
#2302 = FILL_AREA_STYLE ('',( #7428 ) ) ;
#2303 = VERTEX_POINT ( 'NONE', #4373 ) ;
#2304 =( NAMED_UNIT ( * ) PLANE_ANGLE_UNIT ( ) SI_UNIT ( $, .RADIAN. ) );
#2305 = DIRECTION ( 'NONE',  ( -0.0000000000000000000, -1.000000000000000000, -0.0000000000000000000 ) ) ;
#2306 = DIRECTION ( 'NONE',  ( 0.0000000000000000000, 0.0000000000000000000, -1.000000000000000000 ) ) ;
#2307 = VECTOR ( 'NONE', #10978, 1000.000000000000000 ) ;
#2308 = EDGE_LOOP ( 'NONE', ( #9746, #13256, #7888, #2291 ) ) ;
#2309 = PRESENTATION_LAYER_ASSIGNMENT (  '', '', ( #887 ) ) ;
#2310 = CARTESIAN_POINT ( 'NONE',  ( 1.270000000000000000, -0.8890000000000001200, -7.569200000000000400 ) ) ;
#2311 = UNCERTAINTY_MEASURE_WITH_UNIT (LENGTH_MEASURE( 1.000000000000000100E-005 ), #10624, 'distance_accuracy_value', 'NONE');
#2312 = EDGE_CURVE ( 'NONE', #9303, #3479, #12372, .T. ) ;
#2313 = VERTEX_POINT ( 'NONE', #3373 ) ;
#2314 = VECTOR ( 'NONE', #625, 1000.000000000000000 ) ;
#2315 = COLOUR_RGB ( '',0.7490196078431372600, 1.000000000000000000, 1.000000000000000000 ) ;
#2316 = CARTESIAN_POINT ( 'NONE',  ( -2.794000000000000000, -1.778000000000000200, -7.747000000000000800 ) ) ;
#2317 = EDGE_CURVE ( 'NONE', #1490, #209, #9995, .T. ) ;
#2318 = DIRECTION ( 'NONE',  ( 0.0000000000000000000, 0.0000000000000000000, 1.000000000000000000 ) ) ;
#2319 = SURFACE_SIDE_STYLE ('',( #3262 ) ) ;
#2320 = DIRECTION ( 'NONE',  ( 1.000000000000000000, 0.0000000000000000000, 0.0000000000000000000 ) ) ;
#2321 = DIRECTION ( 'NONE',  ( 0.0000000000000000000, 1.000000000000000000, 0.0000000000000000000 ) ) ;
#2322 = STYLED_ITEM ( 'NONE', ( #2449 ), #2943 ) ;
#2323 = ADVANCED_FACE ( 'NONE', ( #6888 ), #2332, .T. ) ;
#2324 =( GEOMETRIC_REPRESENTATION_CONTEXT ( 3 ) GLOBAL_UNCERTAINTY_ASSIGNED_CONTEXT ( ( #11307 ) ) GLOBAL_UNIT_ASSIGNED_CONTEXT ( ( #8519, #8383, #8477 ) ) REPRESENTATION_CONTEXT ( 'NONE', 'WORKASPACE' ) );
#2325 = PRESENTATION_LAYER_ASSIGNMENT (  '', '', ( #1625 ) ) ;
#2326 = VERTEX_POINT ( 'NONE', #3128 ) ;
#2327 =( NAMED_UNIT ( * ) SI_UNIT ( $, .STERADIAN. ) SOLID_ANGLE_UNIT ( ) );
#2328 = CARTESIAN_POINT ( 'NONE',  ( -1.778000000000000200, -1.778000000000000200, -10.28700000000000100 ) ) ;
#2329 =( NAMED_UNIT ( * ) PLANE_ANGLE_UNIT ( ) SI_UNIT ( $, .RADIAN. ) );
#2330 = EDGE_CURVE ( 'NONE', #10761, #6142, #5918, .T. ) ;
#2331 = PRESENTATION_STYLE_ASSIGNMENT (( #480 ) ) ;
#2332 = PLANE ( 'NONE',  #11219 ) ;
#2333 =( NAMED_UNIT ( * ) PLANE_ANGLE_UNIT ( ) SI_UNIT ( $, .RADIAN. ) );
#2334 =( GEOMETRIC_REPRESENTATION_CONTEXT ( 3 ) GLOBAL_UNCERTAINTY_ASSIGNED_CONTEXT ( ( #7940 ) ) GLOBAL_UNIT_ASSIGNED_CONTEXT ( ( #5447, #12663, #6477 ) ) REPRESENTATION_CONTEXT ( 'NONE', 'WORKASPACE' ) );
#2335 = FACE_OUTER_BOUND ( 'NONE', #4555, .T. ) ;
#2336 = CARTESIAN_POINT ( 'NONE',  ( -8.382000000000001400, 2.776954804999999900, 9.050557955000002200 ) ) ;
#2337 = UNCERTAINTY_MEASURE_WITH_UNIT (LENGTH_MEASURE( 1.000000000000000100E-005 ), #7809, 'distance_accuracy_value', 'NONE');
#2338 = CARTESIAN_POINT ( 'NONE',  ( -6.310148756999999400, 10.54100000000000000, 11.56604519000000100 ) ) ;
#2339 = CARTESIAN_POINT ( 'NONE',  ( -9.090000013377888900, 3.705154818675402000, 9.289856516030900100 ) ) ;
#2340 = ORIENTED_EDGE ( 'NONE', *, *, #749, .F. ) ;
#2341 = ORIENTED_EDGE ( 'NONE', *, *, #5998, .T. ) ;
#2342 = STYLED_ITEM ( 'NONE', ( #9296 ), #4099 ) ;
#2343 = FILL_AREA_STYLE ('',( #6461 ) ) ;
#2344 = PRESENTATION_STYLE_ASSIGNMENT (( #11509 ) ) ;
#2345 =( NAMED_UNIT ( * ) PLANE_ANGLE_UNIT ( ) SI_UNIT ( $, .RADIAN. ) );
#2346 = ORIENTED_EDGE ( 'NONE', *, *, #6699, .T. ) ;
#2348 =( GEOMETRIC_REPRESENTATION_CONTEXT ( 3 ) GLOBAL_UNCERTAINTY_ASSIGNED_CONTEXT ( ( #10683 ) ) GLOBAL_UNIT_ASSIGNED_CONTEXT ( ( #9353, #491, #1652 ) ) REPRESENTATION_CONTEXT ( 'NONE', 'WORKASPACE' ) );
#2347 = PLANE ( 'NONE',  #7117 ) ;
#2349 = MECHANICAL_DESIGN_GEOMETRIC_PRESENTATION_REPRESENTATION (  '', ( #225 ), #3051 ) ;
#2350 = AXIS2_PLACEMENT_3D ( 'NONE', #12935, #6748, #512 ) ;
#2351 = EDGE_CURVE ( 'NONE', #10685, #4314, #8677, .T. ) ;
#2352 = VERTEX_POINT ( 'NONE', #3290 ) ;
#2353 = STYLED_ITEM ( 'NONE', ( #2331 ), #9900 ) ;
#2354 = B_SPLINE_CURVE_WITH_KNOTS ( 'NONE', 3,
 ( #10823, #6708, #1530, #8813 ),
 .UNSPECIFIED., .F., .F.,
 ( 4, 4 ),
 ( 1.402953063907551500E-014, 0.0001673883733506966400 ),
 .UNSPECIFIED. ) ;
#2355 = ORIENTED_EDGE ( 'NONE', *, *, #8931, .T. ) ;
#2356 = DIRECTION ( 'NONE',  ( -1.000000000000000000, -0.0000000000000000000, -0.0000000000000000000 ) ) ;
#2357 = SURFACE_SIDE_STYLE ('',( #6993 ) ) ;
#2358 = SURFACE_STYLE_USAGE ( .BOTH. , #8570 ) ;
#2359 = PLANE ( 'NONE',  #13446 ) ;
#2360 = SURFACE_SIDE_STYLE ('',( #7841 ) ) ;
#2361 = CYLINDRICAL_SURFACE ( 'NONE', #330, 0.4683488320000005500 ) ;
#2362 = ORIENTED_EDGE ( 'NONE', *, *, #11339, .T. ) ;
#2363 = ORIENTED_EDGE ( 'NONE', *, *, #10872, .F. ) ;
#2364 = DIRECTION ( 'NONE',  ( 0.0000000000000000000, 1.000000000000000000, 0.0000000000000000000 ) ) ;
#2365 = SURFACE_SIDE_STYLE ('',( #729 ) ) ;
#2366 = AXIS2_PLACEMENT_3D ( 'NONE', #4078, #4023, #3248 ) ;
#2367 = AXIS2_PLACEMENT_3D ( 'NONE', #7448, #1207, #8489 ) ;
#2368 = ORIENTED_EDGE ( 'NONE', *, *, #2517, .T. ) ;
#2369 = CARTESIAN_POINT ( 'NONE',  ( 7.264400000000000200, -0.8890000000000001200, 5.461000000000000300 ) ) ;
#2370 = PRESENTATION_LAYER_ASSIGNMENT (  '', '', ( #3078 ) ) ;
#2371 = FACE_OUTER_BOUND ( 'NONE', #8320, .T. ) ;
#2372 = PLANE ( 'NONE',  #13003 ) ;
#2373 =( NAMED_UNIT ( * ) PLANE_ANGLE_UNIT ( ) SI_UNIT ( $, .RADIAN. ) );
#2374 = SURFACE_STYLE_FILL_AREA ( #1007 ) ;
#2375 = ORIENTED_EDGE ( 'NONE', *, *, #4593, .F. ) ;
#2376 = CARTESIAN_POINT ( 'NONE',  ( -8.636000000000001000, 2.276954804999999900, 9.050557955000002200 ) ) ;
#2377 = VERTEX_POINT ( 'NONE', #261 ) ;
#2378 =( LENGTH_UNIT ( ) NAMED_UNIT ( * ) SI_UNIT ( .MILLI., .METRE. ) );
#2379 = VERTEX_POINT ( 'NONE', #211 ) ;
#2380 = EDGE_CURVE ( 'NONE', #8511, #6895, #2841, .T. ) ;
#2381 = STYLED_ITEM ( 'NONE', ( #2430 ), #11567 ) ;
#2382 = DIRECTION ( 'NONE',  ( -0.0000000000000000000, -1.000000000000000000, -0.0000000000000000000 ) ) ;
#2383 = DIRECTION ( 'NONE',  ( 0.0000000000000000000, 1.000000000000000000, 0.0000000000000000000 ) ) ;
#2384 = DIRECTION ( 'NONE',  ( 0.0000000000000000000, 0.0000000000000000000, 1.000000000000000000 ) ) ;
#2385 = UNCERTAINTY_MEASURE_WITH_UNIT (LENGTH_MEASURE( 1.000000000000000100E-005 ), #3091, 'distance_accuracy_value', 'NONE');
#2386 = ORIENTED_EDGE ( 'NONE', *, *, #5042, .T. ) ;
#2387 = CARTESIAN_POINT ( 'NONE',  ( -3.149999999999999900, 9.845800000000000600, 7.785100000000000800 ) ) ;
#2388 = EDGE_LOOP ( 'NONE', ( #10144, #9617, #2151, #811 ) ) ;
#2389 = CARTESIAN_POINT ( 'NONE',  ( 6.683662506000000100, 9.954909269000001600, 12.06500000000000100 ) ) ;
#2390 = ADVANCED_FACE ( 'NONE', ( #5598 ), #9477, .T. ) ;
#2391 = LINE ( 'NONE', #6511, #13051 ) ;
#2392 = FACE_OUTER_BOUND ( 'NONE', #4505, .T. ) ;
#2393 = ORIENTED_EDGE ( 'NONE', *, *, #1900, .F. ) ;
#2394 = EDGE_CURVE ( 'NONE', #2695, #10007, #7, .T. ) ;
#2395 = ORIENTED_EDGE ( 'NONE', *, *, #1160, .F. ) ;
#2396 = AXIS2_PLACEMENT_3D ( 'NONE', #6911, #672, #7976 ) ;
#2397 = CARTESIAN_POINT ( 'NONE',  ( -7.772400000000000200, -0.8890000000000001200, 5.461000000000000300 ) ) ;
#2398 = VECTOR ( 'NONE', #3234, 1000.000000000000000 ) ;
#2399 = LINE ( 'NONE', #3506, #10371 ) ;
#2400 = DIRECTION ( 'NONE',  ( 0.0000000000000000000, 0.0000000000000000000, -1.000000000000000000 ) ) ;
#2401 = DIRECTION ( 'NONE',  ( -0.0000000000000000000, -1.000000000000000000, -0.0000000000000000000 ) ) ;
#2402 = DIRECTION ( 'NONE',  ( -1.000000000000000000, 0.0000000000000000000, 0.0000000000000000000 ) ) ;
#2403 = EDGE_LOOP ( 'NONE', ( #5373, #1674, #2721, #817 ) ) ;
#2404 = DIRECTION ( 'NONE',  ( 1.000000000000000000, 0.0000000000000000000, 0.0000000000000000000 ) ) ;
#2405 = FILL_AREA_STYLE_COLOUR ( '', #6532 ) ;
#2406 = DIRECTION ( 'NONE',  ( 0.0000000000000000000, 0.0000000000000000000, -1.000000000000000000 ) ) ;
#2407 = LINE ( 'NONE', #8562, #10051 ) ;
#2408 = LINE ( 'NONE', #7425, #10381 ) ;
#2409 = EDGE_CURVE ( 'NONE', #9378, #6785, #2802, .T. ) ;
#2410 = EDGE_LOOP ( 'NONE', ( #8072, #11814, #10237, #5669 ) ) ;
#2411 = ORIENTED_EDGE ( 'NONE', *, *, #7989, .T. ) ;
#2412 = VECTOR ( 'NONE', #2401, 1000.000000000000000 ) ;
#2413 = FACE_OUTER_BOUND ( 'NONE', #539, .T. ) ;
#2414 = VECTOR ( 'NONE', #13164, 1000.000000000000000 ) ;
#2415 = CARTESIAN_POINT ( 'NONE',  ( 8.890000000000000600, 5.524499999999999700, 12.06500000000000100 ) ) ;
#2416 =( LENGTH_UNIT ( ) NAMED_UNIT ( * ) SI_UNIT ( .MILLI., .METRE. ) );
#2417 = SURFACE_SIDE_STYLE ('',( #10188 ) ) ;
#2418 = EDGE_CURVE ( 'NONE', #3068, #1215, #7995, .T. ) ;
#2419 = CARTESIAN_POINT ( 'NONE',  ( -8.990000000000000200, 1.247224551999999600, -1.143000000000000200 ) ) ;
#2420 = SURFACE_STYLE_FILL_AREA ( #6280 ) ;
#2421 = CARTESIAN_POINT ( 'NONE',  ( -8.990000000000000200, -0.7111962200000000500, -1.143000000000000200 ) ) ;
#2422 = LINE ( 'NONE', #610, #2082 ) ;
#2423 = LINE ( 'NONE', #2022, #7613 ) ;
#2424 = ORIENTED_EDGE ( 'NONE', *, *, #10601, .T. ) ;
#2425 = VECTOR ( 'NONE', #12513, 1000.000000000000000 ) ;
#2426 =( NAMED_UNIT ( * ) SI_UNIT ( $, .STERADIAN. ) SOLID_ANGLE_UNIT ( ) );
#2427 = ORIENTED_EDGE ( 'NONE', *, *, #2380, .F. ) ;
#2428 =( NAMED_UNIT ( * ) PLANE_ANGLE_UNIT ( ) SI_UNIT ( $, .RADIAN. ) );
#2429 = DIRECTION ( 'NONE',  ( 0.6948958118341515000, 0.0000000000000000000, 0.7191104301116453300 ) ) ;
#2430 = PRESENTATION_STYLE_ASSIGNMENT (( #5703 ) ) ;
#2431 = PRESENTATION_STYLE_ASSIGNMENT (( #6905 ) ) ;
#2432 = MECHANICAL_DESIGN_GEOMETRIC_PRESENTATION_REPRESENTATION (  '', ( #314 ), #3134 ) ;
#2433 = FACE_OUTER_BOUND ( 'NONE', #2455, .T. ) ;
#2434 = FACE_OUTER_BOUND ( 'NONE', #5498, .T. ) ;
#2435 = SURFACE_SIDE_STYLE ('',( #10563 ) ) ;
#2436 = VECTOR ( 'NONE', #1915, 1000.000000000000000 ) ;
#2437 = ORIENTED_EDGE ( 'NONE', *, *, #8321, .T. ) ;
#2438 = STYLED_ITEM ( 'NONE', ( #3381 ), #1024 ) ;
#2439 = AXIS2_PLACEMENT_3D ( 'NONE', #10694, #4459, #11700 ) ;
#2440 = VERTEX_POINT ( 'NONE', #2007 ) ;
#2441 = DIRECTION ( 'NONE',  ( -1.000000000000000000, -0.0000000000000000000, -0.0000000000000000000 ) ) ;
#2442 = FILL_AREA_STYLE_COLOUR ( '', #13216 ) ;
#2443 = DIRECTION ( 'NONE',  ( 0.0000000000000000000, 0.0000000000000000000, 1.000000000000000000 ) ) ;
#2444 = DIRECTION ( 'NONE',  ( 1.000000000000000000, 0.0000000000000000000, 0.0000000000000000000 ) ) ;
#2445 =( NAMED_UNIT ( * ) SI_UNIT ( $, .STERADIAN. ) SOLID_ANGLE_UNIT ( ) );
#2446 = DIRECTION ( 'NONE',  ( -1.000000000000000000, 0.0000000000000000000, 0.0000000000000000000 ) ) ;
#2447 = COLOUR_RGB ( '',0.7529411764705882200, 1.000000000000000000, 1.000000000000000000 ) ;
#2448 = PRESENTATION_LAYER_ASSIGNMENT (  '', '', ( #1021 ) ) ;
#2449 = PRESENTATION_STYLE_ASSIGNMENT (( #686 ) ) ;
#2450 = SURFACE_STYLE_USAGE ( .BOTH. , #8658 ) ;
#2451 = VERTEX_POINT ( 'NONE', #6368 ) ;
#2452 = LINE ( 'NONE', #7680, #7969 ) ;
#2453 = DIRECTION ( 'NONE',  ( 0.0000000000000000000, 1.000000000000000000, 0.0000000000000000000 ) ) ;
#2454 = ORIENTED_EDGE ( 'NONE', *, *, #656, .T. ) ;
#2455 = EDGE_LOOP ( 'NONE', ( #10889, #8502, #136, #1136 ) ) ;
#2456 = EDGE_LOOP ( 'NONE', ( #11913, #6756, #12932, #5278 ) ) ;
#2457 = LINE ( 'NONE', #10900, #10419 ) ;
#2458 = CARTESIAN_POINT ( 'NONE',  ( -5.652699582000001200, -1.778000000000000200, -0.3410626310000000000 ) ) ;
#2459 = FACE_OUTER_BOUND ( 'NONE', #8186, .T. ) ;
#2460 =( NAMED_UNIT ( * ) SI_UNIT ( $, .STERADIAN. ) SOLID_ANGLE_UNIT ( ) );
#2461 = EDGE_LOOP ( 'NONE', ( #2355, #9066, #3660, #6296 ) ) ;
#2462 = VECTOR ( 'NONE', #2137, 1000.000000000000000 ) ;
#2463 = AXIS2_PLACEMENT_3D ( 'NONE', #2421, #8639, #10792 ) ;
#2464 = CARTESIAN_POINT ( 'NONE',  ( -8.890000000000000600, -1.165775448000000000, -1.778000000566422000 ) ) ;
#2465 = LINE ( 'NONE', #6349, #4887 ) ;
#2466 = DIRECTION ( 'NONE',  ( 0.0000000000000000000, 1.000000000000000000, 0.0000000000000000000 ) ) ;
#2467 = FILL_AREA_STYLE ('',( #338 ) ) ;
#2468 =( NAMED_UNIT ( * ) SI_UNIT ( $, .STERADIAN. ) SOLID_ANGLE_UNIT ( ) );
#2469 =( NAMED_UNIT ( * ) PLANE_ANGLE_UNIT ( ) SI_UNIT ( $, .RADIAN. ) );
#2470 = VECTOR ( 'NONE', #12161, 1000.000000000000000 ) ;
#2471 = ADVANCED_FACE ( 'NONE', ( #10771, #7665 ), #1180, .T. ) ;
#2472 = LINE ( 'NONE', #6889, #5228 ) ;
#2473 = COLOUR_RGB ( '',0.7490196078431372600, 1.000000000000000000, 1.000000000000000000 ) ;
#2474 = ORIENTED_EDGE ( 'NONE', *, *, #8751, .F. ) ;
#2475 = VECTOR ( 'NONE', #10059, 1000.000000000000000 ) ;
#2476 = COLOUR_RGB ( '',0.7490196078431372600, 1.000000000000000000, 1.000000000000000000 ) ;
#2477 = AXIS2_PLACEMENT_3D ( 'NONE', #12825, #6641, #393 ) ;
#2478 = PLANE ( 'NONE',  #10801 ) ;
#2479 = UNCERTAINTY_MEASURE_WITH_UNIT (LENGTH_MEASURE( 1.000000000000000100E-005 ), #5320, 'distance_accuracy_value', 'NONE');
#2480 = DIRECTION ( 'NONE',  ( 0.0000000000000000000, -1.000000000000000000, 0.0000000000000000000 ) ) ;
#2481 = DIRECTION ( 'NONE',  ( -1.000000000000000000, 0.0000000000000000000, 0.0000000000000000000 ) ) ;
#2482 = CARTESIAN_POINT ( 'NONE',  ( 9.016999999999999500, 9.102793326000000500, -5.181387328999999700 ) ) ;
#2483 = EDGE_LOOP ( 'NONE', ( #9222, #876, #5294, #1030 ) ) ;
#2484 =( NAMED_UNIT ( * ) PLANE_ANGLE_UNIT ( ) SI_UNIT ( $, .RADIAN. ) );
#2485 = CARTESIAN_POINT ( 'NONE',  ( -7.642027577000000300, 9.952328655000000500, 12.19200266200000000 ) ) ;
#2486 = PRESENTATION_LAYER_ASSIGNMENT (  '', '', ( #1049 ) ) ;
#2487 = SURFACE_SIDE_STYLE ('',( #5057 ) ) ;
#2488 = DIRECTION ( 'NONE',  ( -1.000000000000000000, 0.0000000000000000000, 0.0000000000000000000 ) ) ;
#2489 = DIRECTION ( 'NONE',  ( -0.0000000000000000000, -1.000000000000000000, -0.0000000000000000000 ) ) ;
#2490 = ORIENTED_EDGE ( 'NONE', *, *, #8414, .F. ) ;
#2491 = ORIENTED_EDGE ( 'NONE', *, *, #6217, .F. ) ;
#2492 = EDGE_CURVE ( 'NONE', #7777, #12899, #11643, .T. ) ;
#2493 = LINE ( 'NONE', #258, #10131 ) ;
#2494 =( LENGTH_UNIT ( ) NAMED_UNIT ( * ) SI_UNIT ( .MILLI., .METRE. ) );
#2495 = PLANE ( 'NONE',  #12721 ) ;
#2496 = EDGE_CURVE ( 'NONE', #8557, #2948, #3919, .T. ) ;
#2497 = VECTOR ( 'NONE', #4998, 1000.000000000000000 ) ;
#2498 = SURFACE_SIDE_STYLE ('',( #9950 ) ) ;
#2499 =( NAMED_UNIT ( * ) PLANE_ANGLE_UNIT ( ) SI_UNIT ( $, .RADIAN. ) );
#2500 = DIRECTION ( 'NONE',  ( -1.000000000000000000, 0.0000000000000000000, 0.0000000000000000000 ) ) ;
#2501 = VERTEX_POINT ( 'NONE', #4883 ) ;
#2502 = SURFACE_SIDE_STYLE ('',( #3354 ) ) ;
#2503 = ORIENTED_EDGE ( 'NONE', *, *, #3121, .T. ) ;
#2504 = SURFACE_STYLE_USAGE ( .BOTH. , #2628 ) ;
#2505 = LINE ( 'NONE', #2369, #5260 ) ;
#2506 = DIRECTION ( 'NONE',  ( 0.0000000000000000000, 0.0000000000000000000, 1.000000000000000000 ) ) ;
#2507 = VECTOR ( 'NONE', #8588, 1000.000000000000000 ) ;
#2508 =( GEOMETRIC_REPRESENTATION_CONTEXT ( 3 ) GLOBAL_UNCERTAINTY_ASSIGNED_CONTEXT ( ( #5687 ) ) GLOBAL_UNIT_ASSIGNED_CONTEXT ( ( #12908, #12863, #4956 ) ) REPRESENTATION_CONTEXT ( 'NONE', 'WORKASPACE' ) );
#2509 = MECHANICAL_DESIGN_GEOMETRIC_PRESENTATION_REPRESENTATION (  '', ( #1082 ), #3198 ) ;
#2510 = PRESENTATION_LAYER_ASSIGNMENT (  '', '', ( #1083 ) ) ;
#2511 = SURFACE_SIDE_STYLE ('',( #1181 ) ) ;
#2512 = CARTESIAN_POINT ( 'NONE',  ( -8.635999999999999200, 1.658000621000000200, -10.75399881200000100 ) ) ;
#2513 =( LENGTH_UNIT ( ) NAMED_UNIT ( * ) SI_UNIT ( .MILLI., .METRE. ) );
#2514 = UNCERTAINTY_MEASURE_WITH_UNIT (LENGTH_MEASURE( 1.000000000000000100E-005 ), #1510, 'distance_accuracy_value', 'NONE');
#2515 = ORIENTED_EDGE ( 'NONE', *, *, #11687, .F. ) ;
#2516 = FILL_AREA_STYLE_COLOUR ( '', #8351 ) ;
#2517 = EDGE_CURVE ( 'NONE', #1953, #439, #1135, .T. ) ;
#2518 = ORIENTED_EDGE ( 'NONE', *, *, #5202, .T. ) ;
#2519 = FILL_AREA_STYLE_COLOUR ( '', #4138 ) ;
#2520 = EDGE_CURVE ( 'NONE', #11631, #6647, #11832, .T. ) ;
#2521 = VECTOR ( 'NONE', #10327, 1000.000000000000000 ) ;
#2522 = SURFACE_SIDE_STYLE ('',( #9473 ) ) ;
#2523 = PRESENTATION_LAYER_ASSIGNMENT (  '', '', ( #3214 ) ) ;
#2524 = VECTOR ( 'NONE', #6225, 1000.000000000000000 ) ;
#2525 = ORIENTED_EDGE ( 'NONE', *, *, #9839, .F. ) ;
#2526 = FILL_AREA_STYLE_COLOUR ( '', #12270 ) ;
#2527 = MECHANICAL_DESIGN_GEOMETRIC_PRESENTATION_REPRESENTATION (  '', ( #1104 ), #3220 ) ;
#2528 = ORIENTED_EDGE ( 'NONE', *, *, #12326, .F. ) ;
#2529 = CARTESIAN_POINT ( 'NONE',  ( 4.002375674500000500, -1.778000000000000200, -2.048894387000000300 ) ) ;
#2530 = DIRECTION ( 'NONE',  ( 0.0000000000000000000, -0.9993539390632588700, 0.03594029046555317900 ) ) ;
#2531 = DIRECTION ( 'NONE',  ( -0.0000000000000000000, 0.03594029046555317900, 0.9993539390632588700 ) ) ;
#2532 = ORIENTED_EDGE ( 'NONE', *, *, #9756, .F. ) ;
#2533 = UNCERTAINTY_MEASURE_WITH_UNIT (LENGTH_MEASURE( 1.000000000000000100E-005 ), #12931, 'distance_accuracy_value', 'NONE');
#2534 = ADVANCED_FACE ( 'NONE', ( #3589, #9122 ), #10512, .T. ) ;
#2535 = PRESENTATION_LAYER_ASSIGNMENT (  '', '', ( #1111 ) ) ;
#2536 = APPLICATION_PROTOCOL_DEFINITION ( 'draft international standard', 'automotive_design', 1998, #8748 ) ;
#2537 = EDGE_CURVE ( 'NONE', #5912, #918, #10588, .T. ) ;
#2538 = LINE ( 'NONE', #10519, #2196 ) ;
#2539 = ORIENTED_EDGE ( 'NONE', *, *, #3797, .F. ) ;
#2540 = ORIENTED_EDGE ( 'NONE', *, *, #10076, .T. ) ;
#2541 = MECHANICAL_DESIGN_GEOMETRIC_PRESENTATION_REPRESENTATION (  '', ( #1117 ), #3235 ) ;
#2542 = DIRECTION ( 'NONE',  ( 0.0000000000000000000, 0.0000000000000000000, -1.000000000000000000 ) ) ;
#2543 = VERTEX_POINT ( 'NONE', #7192 ) ;
#2544 = DIRECTION ( 'NONE',  ( -0.0000000000000000000, -0.0000000000000000000, 1.000000000000000000 ) ) ;
#2545 = ORIENTED_EDGE ( 'NONE', *, *, #6434, .T. ) ;
#2546 =( LENGTH_UNIT ( ) NAMED_UNIT ( * ) SI_UNIT ( .MILLI., .METRE. ) );
#2547 = CARTESIAN_POINT ( 'NONE',  ( -8.975279772000002200, 3.828296212999999800, 9.602974231999999300 ) ) ;
#2548 =( BOUNDED_CURVE ( )  B_SPLINE_CURVE ( 3, ( #13458, #5273, #6305, #75 ),
 .UNSPECIFIED., .F., .T. ) 
 B_SPLINE_CURVE_WITH_KNOTS ( ( 4, 4 ),
 ( 3.922662724812201200, 5.533175941796523400 ),
 .UNSPECIFIED. ) 
 CURVE ( )  GEOMETRIC_REPRESENTATION_ITEM ( )  RATIONAL_B_SPLINE_CURVE ( ( 1.000000000000000000, 0.7952841606263364400, 0.7952841606263364400, 1.000000000000000000 ) ) 
 REPRESENTATION_ITEM ( '' )  );
#2549 =( NAMED_UNIT ( * ) SI_UNIT ( $, .STERADIAN. ) SOLID_ANGLE_UNIT ( ) );
#2550 = DIRECTION ( 'NONE',  ( 0.0000000000000000000, 0.0000000000000000000, -1.000000000000000000 ) ) ;
#2551 = DIRECTION ( 'NONE',  ( -0.0000000000000000000, -1.000000000000000000, -0.0000000000000000000 ) ) ;
#2552 = STYLED_ITEM ( 'NONE', ( #8640 ), #10793 ) ;
#2553 = FILL_AREA_STYLE_COLOUR ( '', #5195 ) ;
#2554 = VERTEX_POINT ( 'NONE', #7981 ) ;
#2555 = EDGE_LOOP ( 'NONE', ( #11559, #11140, #1085, #7325 ) ) ;
#2556 =( NAMED_UNIT ( * ) PLANE_ANGLE_UNIT ( ) SI_UNIT ( $, .RADIAN. ) );
#2557 = EDGE_LOOP ( 'NONE', ( #423, #13247, #1994, #8071 ) ) ;
#2558 = VERTEX_POINT ( 'NONE', #8022 ) ;
#2559 = CARTESIAN_POINT ( 'NONE',  ( -4.825999999999999600, -1.778000000000000200, -2.668177707000000800 ) ) ;
#2560 = DIRECTION ( 'NONE',  ( -0.6948958118341513900, 0.0000000000000000000, -0.7191104301116454400 ) ) ;
#2561 = VECTOR ( 'NONE', #3978, 1000.000000000000000 ) ;
#2562 =( LENGTH_UNIT ( ) NAMED_UNIT ( * ) SI_UNIT ( .MILLI., .METRE. ) );
#2563 =( NAMED_UNIT ( * ) SI_UNIT ( $, .STERADIAN. ) SOLID_ANGLE_UNIT ( ) );
#2564 = STYLED_ITEM ( 'NONE', ( #8313 ), #5301 ) ;
#2565 = EDGE_LOOP ( 'NONE', ( #7356, #985, #2490, #5499 ) ) ;
#2566 = ORIENTED_EDGE ( 'NONE', *, *, #301, .F. ) ;
#2567 = CARTESIAN_POINT ( 'NONE',  ( 9.575707996999998500, 10.54099999999999900, 8.814624416000002700 ) ) ;
#2568 = DIRECTION ( 'NONE',  ( 0.0000000000000000000, 0.0000000000000000000, 1.000000000000000000 ) ) ;
#2569 = ORIENTED_EDGE ( 'NONE', *, *, #8539, .T. ) ;
#2570 = COLOUR_RGB ( '',0.7529411764705882200, 0.7529411764705882200, 0.7529411764705882200 ) ;
#2571 = SURFACE_STYLE_FILL_AREA ( #8654 ) ;
#2572 = ORIENTED_EDGE ( 'NONE', *, *, #3017, .T. ) ;
#2573 = ORIENTED_EDGE ( 'NONE', *, *, #3382, .T. ) ;
#2574 = DIRECTION ( 'NONE',  ( 1.000000000000000000, -1.734723475976806500E-015, -0.0000000000000000000 ) ) ;
#2575 =( NAMED_UNIT ( * ) SI_UNIT ( $, .STERADIAN. ) SOLID_ANGLE_UNIT ( ) );
#2576 = LINE ( 'NONE', #12361, #12907 ) ;
#2577 = DIRECTION ( 'NONE',  ( 0.0000000000000000000, 0.0000000000000000000, -1.000000000000000000 ) ) ;
#2578 = SURFACE_STYLE_FILL_AREA ( #222 ) ;
#2579 = CARTESIAN_POINT ( 'NONE',  ( -5.333999999999999600, -1.778000000000000200, -7.747000000000000800 ) ) ;
#2580 = SURFACE_STYLE_USAGE ( .BOTH. , #8792 ) ;
#2581 = FILL_AREA_STYLE_COLOUR ( '', #5464 ) ;
#2582 =( LENGTH_UNIT ( ) NAMED_UNIT ( * ) SI_UNIT ( .MILLI., .METRE. ) );
#2583 = VECTOR ( 'NONE', #4944, 1000.000000000000100 ) ;
#2584 = EDGE_LOOP ( 'NONE', ( #5801, #13413, #9657, #8576 ) ) ;
#2585 = EDGE_CURVE ( 'NONE', #8357, #6065, #7817, .T. ) ;
#2586 = COLOUR_RGB ( '',0.7529411764705882200, 1.000000000000000000, 1.000000000000000000 ) ;
#2587 =( GEOMETRIC_REPRESENTATION_CONTEXT ( 3 ) GLOBAL_UNCERTAINTY_ASSIGNED_CONTEXT ( ( #12208 ) ) GLOBAL_UNIT_ASSIGNED_CONTEXT ( ( #10507, #4281, #11516 ) ) REPRESENTATION_CONTEXT ( 'NONE', 'WORKASPACE' ) );
#2588 = ORIENTED_EDGE ( 'NONE', *, *, #13033, .T. ) ;
#2589 = LINE ( 'NONE', #1685, #5014 ) ;
#2590 = COLOUR_RGB ( '',0.7490196078431372600, 1.000000000000000000, 1.000000000000000000 ) ;
#2591 = DIRECTION ( 'NONE',  ( -1.000000000000000000, -0.0000000000000000000, -0.0000000000000000000 ) ) ;
#2592 = FACE_OUTER_BOUND ( 'NONE', #2933, .T. ) ;
#2593 = CARTESIAN_POINT ( 'NONE',  ( -6.030280052520468300, 10.79499999999999800, 3.784029870169274700 ) ) ;
#2594 = FILL_AREA_STYLE_COLOUR ( '', #9427 ) ;
#2595 = VECTOR ( 'NONE', #4621, 1000.000000000000000 ) ;
#2596 = DIRECTION ( 'NONE',  ( -1.000000000000000000, 1.707404996040162200E-015, -0.0000000000000000000 ) ) ;
#2597 = ORIENTED_EDGE ( 'NONE', *, *, #1808, .F. ) ;
#2598 = MECHANICAL_DESIGN_GEOMETRIC_PRESENTATION_REPRESENTATION (  '', ( #465 ), #3282 ) ;
#2599 = VERTEX_POINT ( 'NONE', #6316 ) ;
#2600 =( GEOMETRIC_REPRESENTATION_CONTEXT ( 3 ) GLOBAL_UNCERTAINTY_ASSIGNED_CONTEXT ( ( #12693 ) ) GLOBAL_UNIT_ASSIGNED_CONTEXT ( ( #13074, #6899, #661 ) ) REPRESENTATION_CONTEXT ( 'NONE', 'WORKASPACE' ) );
#2601 =( NAMED_UNIT ( * ) PLANE_ANGLE_UNIT ( ) SI_UNIT ( $, .RADIAN. ) );
#2602 = FILL_AREA_STYLE ('',( #468 ) ) ;
#2603 = VECTOR ( 'NONE', #5992, 1000.000000000000000 ) ;
#2604 = LINE ( 'NONE', #6164, #13255 ) ;
#2605 = VERTEX_POINT ( 'NONE', #7089 ) ;
#2606 = FILL_AREA_STYLE ('',( #7846 ) ) ;
#2607 = PRESENTATION_STYLE_ASSIGNMENT (( #8653 ) ) ;
#2608 = FACE_OUTER_BOUND ( 'NONE', #2388, .T. ) ;
#2609 = EDGE_CURVE ( 'NONE', #3049, #3810, #10265, .T. ) ;
#2610 = VECTOR ( 'NONE', #10141, 1000.000000000000000 ) ;
#2611 = VECTOR ( 'NONE', #1627, 1000.000000000000000 ) ;
#2612 = ADVANCED_FACE ( 'NONE', ( #13283 ), #6197, .F. ) ;
#2613 =( GEOMETRIC_REPRESENTATION_CONTEXT ( 3 ) GLOBAL_UNCERTAINTY_ASSIGNED_CONTEXT ( ( #9830 ) ) GLOBAL_UNIT_ASSIGNED_CONTEXT ( ( #10574, #4331, #11574 ) ) REPRESENTATION_CONTEXT ( 'NONE', 'WORKASPACE' ) );
#2614 = ORIENTED_EDGE ( 'NONE', *, *, #5202, .F. ) ;
#2615 = DIRECTION ( 'NONE',  ( 0.0000000000000000000, 0.0000000000000000000, -1.000000000000000000 ) ) ;
#2616 = CARTESIAN_POINT ( 'NONE',  ( 0.0000000000000000000, 11.04899999999999900, 11.56604519272999800 ) ) ;
#2617 = VECTOR ( 'NONE', #8572, 1000.000000000000000 ) ;
#2618 = FILL_AREA_STYLE_COLOUR ( '', #9842 ) ;
#2619 = COLOUR_RGB ( '',0.7490196078431372600, 1.000000000000000000, 1.000000000000000000 ) ;
#2620 = STYLED_ITEM ( 'NONE', ( #10447 ), #3973 ) ;
#2621 =( BOUNDED_CURVE ( )  B_SPLINE_CURVE ( 3, ( #7308, #8346, #2126, #9408 ),
 .UNSPECIFIED., .F., .F. ) 
 B_SPLINE_CURVE_WITH_KNOTS ( ( 4, 4 ),
 ( 4.232612589968550900, 5.192165370416804000 ),
 .UNSPECIFIED. ) 
 CURVE ( )  GEOMETRIC_REPRESENTATION_ITEM ( )  RATIONAL_B_SPLINE_CURVE ( ( 1.000000000000000000, 0.9247321059606039600, 0.9247321059606039600, 1.000000000000000000 ) ) 
 REPRESENTATION_ITEM ( '' )  );
#2622 = PRESENTATION_STYLE_ASSIGNMENT (( #12272 ) ) ;
#2623 = DIRECTION ( 'NONE',  ( -8.537024980200812000E-016, 1.000000000000000000, 0.0000000000000000000 ) ) ;
#2624 = CARTESIAN_POINT ( 'NONE',  ( 8.636000000000001000, 2.276954804999999900, 9.050557955192347800 ) ) ;
#2625 = MECHANICAL_DESIGN_GEOMETRIC_PRESENTATION_REPRESENTATION (  '', ( #487 ), #3300 ) ;
#2626 = ORIENTED_EDGE ( 'NONE', *, *, #12363, .F. ) ;
#2627 = MECHANICAL_DESIGN_GEOMETRIC_PRESENTATION_REPRESENTATION (  '', ( #488 ), #3301 ) ;
#2628 = SURFACE_SIDE_STYLE ('',( #6153 ) ) ;
#2629 = AXIS2_PLACEMENT_3D ( 'NONE', #6487, #241, #5502 ) ;
#2630 = EDGE_CURVE ( 'NONE', #7532, #11248, #11988, .T. ) ;
#2631 = ORIENTED_EDGE ( 'NONE', *, *, #3107, .F. ) ;
#2632 = LINE ( 'NONE', #8220, #8136 ) ;
#2633 =( GEOMETRIC_REPRESENTATION_CONTEXT ( 3 ) GLOBAL_UNCERTAINTY_ASSIGNED_CONTEXT ( ( #12994 ) ) GLOBAL_UNIT_ASSIGNED_CONTEXT ( ( #6364, #122, #7412 ) ) REPRESENTATION_CONTEXT ( 'NONE', 'WORKASPACE' ) );
#2634 = FILL_AREA_STYLE_COLOUR ( '', #6903 ) ;
#2635 = FILL_AREA_STYLE ('',( #498 ) ) ;
#2636 = VECTOR ( 'NONE', #7370, 1000.000000000000000 ) ;
#2637 = ORIENTED_EDGE ( 'NONE', *, *, #5533, .F. ) ;
#2638 = COLOUR_RGB ( '',0.7490196078431372600, 1.000000000000000000, 1.000000000000000000 ) ;
#2639 = UNCERTAINTY_MEASURE_WITH_UNIT (LENGTH_MEASURE( 1.000000000000000100E-005 ), #3532, 'distance_accuracy_value', 'NONE');
#2640 = VECTOR ( 'NONE', #4105, 1000.000000000000000 ) ;
#2641 = PRESENTATION_LAYER_ASSIGNMENT (  '', '', ( #1213 ) ) ;
#2642 = STYLED_ITEM ( 'NONE', ( #1670 ), #10390 ) ;
#2643 = FILL_AREA_STYLE ('',( #2993 ) ) ;
#2644 = EDGE_LOOP ( 'NONE', ( #2734, #4413, #5528, #4178 ) ) ;
#2645 = SURFACE_STYLE_FILL_AREA ( #5282 ) ;
#2646 = CARTESIAN_POINT ( 'NONE',  ( 8.890000000000000600, 0.0000000000000000000, -12.06500000000000100 ) ) ;
#2647 = CIRCLE ( 'NONE', #9795, 0.1270000000000003900 ) ;
#2648 =( NAMED_UNIT ( * ) SI_UNIT ( $, .STERADIAN. ) SOLID_ANGLE_UNIT ( ) );
#2649 = PRESENTATION_LAYER_ASSIGNMENT (  '', '', ( #1219 ) ) ;
#2650 = CARTESIAN_POINT ( 'NONE',  ( 9.090344282899103200, 10.13973070442536100, 10.36402441600000100 ) ) ;
#2651 = EDGE_LOOP ( 'NONE', ( #58, #7051, #5023, #12494 ) ) ;
#2652 = PRESENTATION_STYLE_ASSIGNMENT (( #524 ) ) ;
#2653 = PLANE ( 'NONE',  #2143 ) ;
#2654 = CARTESIAN_POINT ( 'NONE',  ( 1.778000000000000200, -0.8890000000000001200, -10.46480000000000000 ) ) ;
#2655 = COLOUR_RGB ( '',0.7490196078431372600, 1.000000000000000000, 1.000000000000000000 ) ;
#2656 =( BOUNDED_CURVE ( )  B_SPLINE_CURVE ( 3, ( #9510, #7457, #2282, #9551 ),
 .UNSPECIFIED., .F., .F. ) 
 B_SPLINE_CURVE_WITH_KNOTS ( ( 4, 4 ),
 ( 1.570796326794896600, 2.024124803932740900 ),
 .UNSPECIFIED. ) 
 CURVE ( )  GEOMETRIC_REPRESENTATION_ITEM ( )  RATIONAL_B_SPLINE_CURVE ( ( 1.000000000000000000, 0.9829476367260464600, 0.9829476367260464600, 1.000000000000000000 ) ) 
 REPRESENTATION_ITEM ( '' )  );
#2657 =( GEOMETRIC_REPRESENTATION_CONTEXT ( 3 ) GLOBAL_UNCERTAINTY_ASSIGNED_CONTEXT ( ( #13388 ) ) GLOBAL_UNIT_ASSIGNED_CONTEXT ( ( #11706, #5519, #12725 ) ) REPRESENTATION_CONTEXT ( 'NONE', 'WORKASPACE' ) );
#2658 =( NAMED_UNIT ( * ) SI_UNIT ( $, .STERADIAN. ) SOLID_ANGLE_UNIT ( ) );
#2659 = ORIENTED_EDGE ( 'NONE', *, *, #13254, .F. ) ;
#2660 = COLOUR_RGB ( '',0.7490196078431372600, 1.000000000000000000, 1.000000000000000000 ) ;
#2661 = CARTESIAN_POINT ( 'NONE',  ( 8.635999999999999200, -0.9057900500000001200, -0.5080000000000000100 ) ) ;
#2662 =( GEOMETRIC_REPRESENTATION_CONTEXT ( 3 ) GLOBAL_UNCERTAINTY_ASSIGNED_CONTEXT ( ( #8107 ) ) GLOBAL_UNIT_ASSIGNED_CONTEXT ( ( #8552, #2333, #9624 ) ) REPRESENTATION_CONTEXT ( 'NONE', 'WORKASPACE' ) );
#2663 = DIRECTION ( 'NONE',  ( 0.0000000000000000000, 0.7071067811865475700, -0.7071067811865475700 ) ) ;
#2664 =( LENGTH_UNIT ( ) NAMED_UNIT ( * ) SI_UNIT ( .MILLI., .METRE. ) );
#2665 = DIRECTION ( 'NONE',  ( -1.000000000000000000, 0.0000000000000000000, 0.0000000000000000000 ) ) ;
#2666 = PLANE ( 'NONE',  #10929 ) ;
#2667 = VECTOR ( 'NONE', #12356, 1000.000000000000000 ) ;
#2668 = EDGE_CURVE ( 'NONE', #10007, #4782, #6505, .T. ) ;
#2669 = CARTESIAN_POINT ( 'NONE',  ( 5.333999999999999600, 0.0000000000000000000, -7.569200000000000400 ) ) ;
#2670 = CARTESIAN_POINT ( 'NONE',  ( -3.809999999999999600, -0.8890000000000001200, -10.46480000000000000 ) ) ;
#2671 = PRESENTATION_LAYER_ASSIGNMENT (  '', '', ( #1245 ) ) ;
#2672 = ORIENTED_EDGE ( 'NONE', *, *, #1986, .T. ) ;
#2673 = PLANE ( 'NONE',  #9130 ) ;
#2674 = LINE ( 'NONE', #1458, #7860 ) ;
#2675 = ADVANCED_FACE ( 'NONE', ( #3756 ), #4197, .F. ) ;
#2676 = EDGE_CURVE ( 'NONE', #5694, #12899, #10760, .T. ) ;
#2677 = ORIENTED_EDGE ( 'NONE', *, *, #11253, .T. ) ;
#2678 = ORIENTED_EDGE ( 'NONE', *, *, #5760, .T. ) ;
#2679 = CARTESIAN_POINT ( 'NONE',  ( -8.890000000000000600, 7.948998324811881000, -8.664998163999998200 ) ) ;
#2680 = CARTESIAN_POINT ( 'NONE',  ( 0.7620000000000004500, 0.0000000000000000000, -7.935942080000001100 ) ) ;
#2681 = EDGE_CURVE ( 'NONE', #13338, #3719, #5541, .T. ) ;
#2682 = VECTOR ( 'NONE', #11464, 1000.000000000000000 ) ;
#2683 = ORIENTED_EDGE ( 'NONE', *, *, #6501, .T. ) ;
#2684 =( LENGTH_UNIT ( ) NAMED_UNIT ( * ) SI_UNIT ( .MILLI., .METRE. ) );
#2685 = FACE_OUTER_BOUND ( 'NONE', #12615, .T. ) ;
#2686 = SURFACE_SIDE_STYLE ('',( #11177 ) ) ;
#2687 = DIRECTION ( 'NONE',  ( -1.000000000000000000, -1.707404996040159200E-015, 1.408609121733131300E-014 ) ) ;
#2688 = CARTESIAN_POINT ( 'NONE',  ( -7.264400000000000200, -1.778000000000000200, 2.412999999999999800 ) ) ;
#2689 = EDGE_CURVE ( 'NONE', #10316, #6125, #7980, .T. ) ;
#2690 =( LENGTH_UNIT ( ) NAMED_UNIT ( * ) SI_UNIT ( .MILLI., .METRE. ) );
#2691 = DIRECTION ( 'NONE',  ( -0.02190582933436908600, 0.7979696222614894900, -0.6022994409668910300 ) ) ;
#2692 = CARTESIAN_POINT ( 'NONE',  ( -6.170214405000000300, 10.54099999999999900, 7.675037530000000900 ) ) ;
#2693 = ORIENTED_EDGE ( 'NONE', *, *, #13313, .T. ) ;
#2694 = CARTESIAN_POINT ( 'NONE',  ( 1.016000000000000000, -1.778000000000000200, -7.569200000000000400 ) ) ;
#2695 = VERTEX_POINT ( 'NONE', #864 ) ;
#2696 = AXIS2_PLACEMENT_3D ( 'NONE', #8121, #3986, #8163 ) ;
#2697 = AXIS2_PLACEMENT_3D ( 'NONE', #4492, #4579, #4691 ) ;
#2698 =( GEOMETRIC_REPRESENTATION_CONTEXT ( 3 ) GLOBAL_UNCERTAINTY_ASSIGNED_CONTEXT ( ( #7724 ) ) GLOBAL_UNIT_ASSIGNED_CONTEXT ( ( #11229, #10849, #10214 ) ) REPRESENTATION_CONTEXT ( 'NONE', 'WORKASPACE' ) );
#2699 = DIRECTION ( 'NONE',  ( -1.000000000000000000, -0.0000000000000000000, -0.0000000000000000000 ) ) ;
#2700 = SURFACE_SIDE_STYLE ('',( #10927 ) ) ;
#2701 = CARTESIAN_POINT ( 'NONE',  ( -7.264400000000000200, -0.8890000000000001200, 4.953000000000001200 ) ) ;
#2702 = ORIENTED_EDGE ( 'NONE', *, *, #6294, .T. ) ;
#2703 = CARTESIAN_POINT ( 'NONE',  ( 8.890000000000000600, 0.0000000000000000000, -12.06500000000000100 ) ) ;
#2704 = EDGE_CURVE ( 'NONE', #4066, #6097, #7652, .T. ) ;
#2705 = VERTEX_POINT ( 'NONE', #716 ) ;
#2706 = PRESENTATION_LAYER_ASSIGNMENT (  '', '', ( #1290 ) ) ;
#2707 = ORIENTED_EDGE ( 'NONE', *, *, #8804, .F. ) ;
#2708 = PRESENTATION_STYLE_ASSIGNMENT (( #1841 ) ) ;
#2709 = DIRECTION ( 'NONE',  ( 0.0000000000000000000, -1.000000000000000000, 0.0000000000000000000 ) ) ;
#2710 = SURFACE_SIDE_STYLE ('',( #9053 ) ) ;
#2711 =( GEOMETRIC_REPRESENTATION_CONTEXT ( 3 ) GLOBAL_UNCERTAINTY_ASSIGNED_CONTEXT ( ( #3598 ) ) GLOBAL_UNIT_ASSIGNED_CONTEXT ( ( #8299, #2063, #9357 ) ) REPRESENTATION_CONTEXT ( 'NONE', 'WORKASPACE' ) );
#2712 = EDGE_LOOP ( 'NONE', ( #5580, #1253, #4994, #1426 ) ) ;
#2713 = CARTESIAN_POINT ( 'NONE',  ( -8.890000000000000600, 7.261533195000000200, 10.20570981400000000 ) ) ;
#2715 = MECHANICAL_DESIGN_GEOMETRIC_PRESENTATION_REPRESENTATION (  '', ( #580 ), #3392 ) ;
#2714 = CARTESIAN_POINT ( 'NONE',  ( 4.825999999999999600, -1.778000000000000200, -7.924799999999999400 ) ) ;
#2716 = DIRECTION ( 'NONE',  ( 3.414809992080330300E-015, 1.000000000000000000, 0.0000000000000000000 ) ) ;
#2717 = FACE_OUTER_BOUND ( 'NONE', #6405, .T. ) ;
#2718 = FILL_AREA_STYLE_COLOUR ( '', #8243 ) ;
#2719 = CARTESIAN_POINT ( 'NONE',  ( -3.301999999999999600, -0.8890000000000001200, -7.924799999999999400 ) ) ;
#2720 = VERTEX_POINT ( 'NONE', #3160 ) ;
#2721 = ORIENTED_EDGE ( 'NONE', *, *, #8494, .T. ) ;
#2722 = SURFACE_SIDE_STYLE ('',( #8129 ) ) ;
#2723 = CARTESIAN_POINT ( 'NONE',  ( 5.652699582000001200, -1.778000000000000200, -0.3410626310000000000 ) ) ;
#2724 = LINE ( 'NONE', #12686, #7911 ) ;
#2725 =( NAMED_UNIT ( * ) PLANE_ANGLE_UNIT ( ) SI_UNIT ( $, .RADIAN. ) );
#2726 = CARTESIAN_POINT ( 'NONE',  ( 8.975279772558428300, 3.828296213162154100, 10.36402441600000100 ) ) ;
#2727 = ORIENTED_EDGE ( 'NONE', *, *, #8595, .F. ) ;
#2728 = STYLED_ITEM ( 'NONE', ( #7142 ), #11174 ) ;
#2729 = CARTESIAN_POINT ( 'NONE',  ( 4.431767076931103900, 12.99531760864050200, 6.684258631553448500 ) ) ;
#2730 =( LENGTH_UNIT ( ) NAMED_UNIT ( * ) SI_UNIT ( .MILLI., .METRE. ) );
#2731 = SURFACE_STYLE_FILL_AREA ( #4925 ) ;
#2732 = UNCERTAINTY_MEASURE_WITH_UNIT (LENGTH_MEASURE( 1.000000000000000100E-005 ), #1434, 'distance_accuracy_value', 'NONE');
#2733 = ADVANCED_FACE ( 'NONE', ( #2459 ), #82, .F. ) ;
#2734 = ORIENTED_EDGE ( 'NONE', *, *, #5407, .F. ) ;
#2735 = ORIENTED_EDGE ( 'NONE', *, *, #10494, .F. ) ;
#2736 = ORIENTED_EDGE ( 'NONE', *, *, #12898, .F. ) ;
#2737 = DIRECTION ( 'NONE',  ( -0.0000000000000000000, -1.000000000000000000, -0.0000000000000000000 ) ) ;
#2738 = ORIENTED_EDGE ( 'NONE', *, *, #4145, .F. ) ;
#2739 = DIRECTION ( 'NONE',  ( -1.000000000000000000, 0.0000000000000000000, 0.0000000000000000000 ) ) ;
#2740 = LINE ( 'NONE', #9641, #5500 ) ;
#2741 = DIRECTION ( 'NONE',  ( 0.0000000000000000000, 1.000000000000000000, 0.0000000000000000000 ) ) ;
#2742 = MECHANICAL_DESIGN_GEOMETRIC_PRESENTATION_REPRESENTATION (  '', ( #612 ), #3423 ) ;
#2743 = LINE ( 'NONE', #6992, #2414 ) ;
#2744 = LINE ( 'NONE', #7415, #8260 ) ;
#2745 = VECTOR ( 'NONE', #1045, 1000.000000000000000 ) ;
#2746 = DIRECTION ( 'NONE',  ( 0.0000000000000000000, -1.000000000000000000, 0.0000000000000000000 ) ) ;
#2747 = COLOUR_RGB ( '',0.7490196078431372600, 1.000000000000000000, 1.000000000000000000 ) ;
#2748 = LINE ( 'NONE', #6816, #13077 ) ;
#2749 = EDGE_LOOP ( 'NONE', ( #9018, #11679, #5871, #4598, #11055, #6599 ) ) ;
#2750 = CARTESIAN_POINT ( 'NONE',  ( -8.635999999999999200, 11.04899999999999900, 0.4651319069199997300 ) ) ;
#2751 = DIRECTION ( 'NONE',  ( -0.0000000000000000000, -0.0000000000000000000, -1.000000000000000000 ) ) ;
#2752 = FACE_OUTER_BOUND ( 'NONE', #5380, .T. ) ;
#2753 = VECTOR ( 'NONE', #10440, 1000.000000000000000 ) ;
#2754 = EDGE_CURVE ( 'NONE', #5289, #4321, #6655, .T. ) ;
#2755 = ORIENTED_EDGE ( 'NONE', *, *, #3962, .F. ) ;
#2756 = DIRECTION ( 'NONE',  ( -1.000000000000000000, 0.0000000000000000000, 0.0000000000000000000 ) ) ;
#2757 = AXIS2_PLACEMENT_3D ( 'NONE', #13307, #6091, #9279 ) ;
#2758 = SURFACE_STYLE_FILL_AREA ( #10189 ) ;
#2759 = PLANE ( 'NONE',  #2396 ) ;
#2760 = VECTOR ( 'NONE', #3854, 1000.000000000000000 ) ;
#2761 = EDGE_CURVE ( 'NONE', #3049, #6493, #1121, .T. ) ;
#2762 = LINE ( 'NONE', #8106, #8277 ) ;
#2763 = VERTEX_POINT ( 'NONE', #415 ) ;
#2764 = EDGE_CURVE ( 'NONE', #12564, #10918, #3573, .T. ) ;
#2765 = FACE_OUTER_BOUND ( 'NONE', #8636, .T. ) ;
#2766 = ORIENTED_EDGE ( 'NONE', *, *, #1339, .T. ) ;
#2767 = FACE_OUTER_BOUND ( 'NONE', #9173, .T. ) ;
#2768 = VECTOR ( 'NONE', #11986, 1000.000000000000000 ) ;
#2769 = COLOUR_RGB ( '',0.7490196078431372600, 1.000000000000000000, 1.000000000000000000 ) ;
#2770 = DIRECTION ( 'NONE',  ( -0.9993392550113859900, 0.0000000000000000000, -0.03634629820612130000 ) ) ;
#2771 = DIRECTION ( 'NONE',  ( 0.0000000000000000000, 0.0000000000000000000, -1.000000000000000000 ) ) ;
#2772 = DIRECTION ( 'NONE',  ( 0.0000000000000000000, 1.000000000000000000, 0.0000000000000000000 ) ) ;
#2773 = VECTOR ( 'NONE', #12972, 1000.000000000000000 ) ;
#2774 = ORIENTED_EDGE ( 'NONE', *, *, #10869, .F. ) ;
#2775 = AXIS2_PLACEMENT_3D ( 'NONE', #8143, #11082, #6902 ) ;
#2776 = CARTESIAN_POINT ( 'NONE',  ( 1.778000000000000000, 0.0000000000000000000, -12.06500000000000100 ) ) ;
#2778 = AXIS2_PLACEMENT_3D ( 'NONE', #13286, #13185, #12842 ) ;
#2777 = CIRCLE ( 'NONE', #5443, 4.557235704000000000 ) ;
#2779 = STYLED_ITEM ( 'NONE', ( #11200 ), #6933 ) ;
#2780 = SURFACE_SIDE_STYLE ('',( #4065 ) ) ;
#2781 = ORIENTED_EDGE ( 'NONE', *, *, #11162, .F. ) ;
#2782 = ORIENTED_EDGE ( 'NONE', *, *, #9726, .T. ) ;
#2783 =( NAMED_UNIT ( * ) SI_UNIT ( $, .STERADIAN. ) SOLID_ANGLE_UNIT ( ) );
#2784 = DIRECTION ( 'NONE',  ( -3.469446951953611000E-015, -1.000000000000000000, 0.0000000000000000000 ) ) ;
#2785 = PRESENTATION_STYLE_ASSIGNMENT (( #9458 ) ) ;
#2786 = CARTESIAN_POINT ( 'NONE',  ( -8.658011851999999600, 8.741739122999998600, 9.865407423000002400 ) ) ;
#2787 = EDGE_CURVE ( 'NONE', #4221, #6935, #6330, .T. ) ;
#2788 = SURFACE_STYLE_FILL_AREA ( #7299 ) ;
#2789 = UNCERTAINTY_MEASURE_WITH_UNIT (LENGTH_MEASURE( 1.000000000000000100E-005 ), #2079, 'distance_accuracy_value', 'NONE');
#2790 = EDGE_CURVE ( 'NONE', #1334, #3463, #11822, .T. ) ;
#2791 = VECTOR ( 'NONE', #1077, 1000.000000000000000 ) ;
#2792 = ORIENTED_EDGE ( 'NONE', *, *, #12558, .F. ) ;
#2793 = DIRECTION ( 'NONE',  ( 1.000000000000000000, -0.0000000000000000000, -0.0000000000000000000 ) ) ;
#2794 = DIRECTION ( 'NONE',  ( 0.0000000000000000000, 0.0000000000000000000, 1.000000000000000000 ) ) ;
#2795 = CARTESIAN_POINT ( 'NONE',  ( -5.949999998705001400, 8.195800000453500500, 12.06500000000000300 ) ) ;
#2796 = STYLED_ITEM ( 'NONE', ( #10910 ), #4175 ) ;
#2797 = DIRECTION ( 'NONE',  ( 0.0000000000000000000, 0.0000000000000000000, -1.000000000000000000 ) ) ;
#2798 = CARTESIAN_POINT ( 'NONE',  ( -7.772400000000000200, -1.778000000000000200, 2.920999999999999800 ) ) ;
#2799 = PRESENTATION_STYLE_ASSIGNMENT (( #2269 ) ) ;
#2800 = STYLED_ITEM ( 'NONE', ( #12093 ), #1697 ) ;
#2801 =( GEOMETRIC_REPRESENTATION_CONTEXT ( 3 ) GLOBAL_UNCERTAINTY_ASSIGNED_CONTEXT ( ( #11056 ) ) GLOBAL_UNIT_ASSIGNED_CONTEXT ( ( #8707, #2499, #9790 ) ) REPRESENTATION_CONTEXT ( 'NONE', 'WORKASPACE' ) );
#2802 = LINE ( 'NONE', #133, #5229 ) ;
#2803 = VERTEX_POINT ( 'NONE', #6744 ) ;
#2804 = DIRECTION ( 'NONE',  ( 0.0000000000000000000, -0.7071067812506851600, -0.7071067811224099900 ) ) ;
#2805 = STYLED_ITEM ( 'NONE', ( #2708 ), #12370 ) ;
#2806 = EDGE_CURVE ( 'NONE', #9549, #4789, #3260, .T. ) ;
#2807 = PRESENTATION_STYLE_ASSIGNMENT (( #794 ) ) ;
#2808 = DIRECTION ( 'NONE',  ( -0.0000000000000000000, -0.0000000000000000000, -1.000000000000000000 ) ) ;
#2809 = DIRECTION ( 'NONE',  ( -0.0000000000000000000, -0.0000000000000000000, -1.000000000000000000 ) ) ;
#2810 = DIRECTION ( 'NONE',  ( -0.0000000000000000000, -1.000000000000000000, -0.0000000000000000000 ) ) ;
#2811 = ADVANCED_FACE ( 'NONE', ( #6021 ), #11720, .T. ) ;
#2812 = VERTEX_POINT ( 'NONE', #11844 ) ;
#2813 = VECTOR ( 'NONE', #414, 1000.000000000000000 ) ;
#2814 = FACE_OUTER_BOUND ( 'NONE', #8738, .T. ) ;
#2815 = ORIENTED_EDGE ( 'NONE', *, *, #7179, .T. ) ;
#2816 = LINE ( 'NONE', #4914, #10787 ) ;
#2817 = STYLED_ITEM ( 'NONE', ( #7148 ), #2863 ) ;
#2818 = MECHANICAL_DESIGN_GEOMETRIC_PRESENTATION_REPRESENTATION (  '', ( #678 ), #3489 ) ;
#2819 = CARTESIAN_POINT ( 'NONE',  ( 8.635999999999999200, 0.9500005130000001000, -9.864998812000001400 ) ) ;
#2820 = PLANE ( 'NONE',  #13156 ) ;
#2821 = CARTESIAN_POINT ( 'NONE',  ( -8.636000000000001000, 10.54099999999999900, 8.271012280999999100 ) ) ;
#2822 = FILL_AREA_STYLE_COLOUR ( '', #11022 ) ;
#2823 = ORIENTED_EDGE ( 'NONE', *, *, #1200, .T. ) ;
#2824 = STYLED_ITEM ( 'NONE', ( #10532 ), #8336 ) ;
#2825 = CARTESIAN_POINT ( 'NONE',  ( -9.016999999999999500, 2.350001268999999800, -10.24599881200000000 ) ) ;
#2826 = CARTESIAN_POINT ( 'NONE',  ( -3.809999999999999600, -1.778000000000000200, -10.28700000000000100 ) ) ;
#2827 = SURFACE_STYLE_USAGE ( .BOTH. , #9028 ) ;
#2828 = ORIENTED_EDGE ( 'NONE', *, *, #3184, .T. ) ;
#2829 =( GEOMETRIC_REPRESENTATION_CONTEXT ( 3 ) GLOBAL_UNCERTAINTY_ASSIGNED_CONTEXT ( ( #1927 ) ) GLOBAL_UNIT_ASSIGNED_CONTEXT ( ( #1822, #9099, #2879 ) ) REPRESENTATION_CONTEXT ( 'NONE', 'WORKASPACE' ) );
#2830 = VECTOR ( 'NONE', #3957, 1000.000000000000000 ) ;
#2831 = EDGE_CURVE ( 'NONE', #2232, #98, #12951, .T. ) ;
#2832 = CARTESIAN_POINT ( 'NONE',  ( 4.254710354999999400, 10.65445416700000100, 11.56604519000000100 ) ) ;
#2833 = SURFACE_SIDE_STYLE ('',( #6288 ) ) ;
#2834 = ORIENTED_EDGE ( 'NONE', *, *, #13339, .F. ) ;
#2835 = CARTESIAN_POINT ( 'NONE',  ( -4.917327025000000500, 0.0000000000000000000, 0.3695477130000000600 ) ) ;
#2836 = ORIENTED_EDGE ( 'NONE', *, *, #4069, .T. ) ;
#2837 =( LENGTH_UNIT ( ) NAMED_UNIT ( * ) SI_UNIT ( .MILLI., .METRE. ) );
#2838 = LINE ( 'NONE', #9659, #10474 ) ;
#2839 = DIRECTION ( 'NONE',  ( 0.0000000000000000000, -0.9996948348383965000, -0.02470297952538165500 ) ) ;
#2840 = EDGE_CURVE ( 'NONE', #9448, #5959, #10244, .T. ) ;
#2841 = LINE ( 'NONE', #433, #45 ) ;
#2842 = PRESENTATION_LAYER_ASSIGNMENT (  '', '', ( #707 ) ) ;
#2843 = ORIENTED_EDGE ( 'NONE', *, *, #542, .T. ) ;
#2844 = ORIENTED_EDGE ( 'NONE', *, *, #11537, .F. ) ;
#2845 = CARTESIAN_POINT ( 'NONE',  ( -8.658011851999999600, 9.952328655000000500, 12.19200266147522500 ) ) ;
#2846 = FILL_AREA_STYLE_COLOUR ( '', #7979 ) ;
#2847 = PRESENTATION_LAYER_ASSIGNMENT (  '', '', ( #1443 ) ) ;
#2848 = COLOUR_RGB ( '',0.7490196078431372600, 1.000000000000000000, 1.000000000000000000 ) ;
#2849 = ORIENTED_EDGE ( 'NONE', *, *, #7903, .F. ) ;
#2850 = CARTESIAN_POINT ( 'NONE',  ( -6.391147396000000000, 0.0000000000000000000, -1.231251767999999900 ) ) ;
#2851 = CARTESIAN_POINT ( 'NONE',  ( -8.890000000000000600, 1.247224551999999600, -1.143000000000000200 ) ) ;
#2852 = ORIENTED_EDGE ( 'NONE', *, *, #13155, .T. ) ;
#2853 = EDGE_CURVE ( 'NONE', #4850, #7646, #7484, .T. ) ;
#2854 = CARTESIAN_POINT ( 'NONE',  ( -9.080599718250352800, 10.39713725388162400, 10.28319222179775000 ) ) ;
#2855 = SURFACE_SIDE_STYLE ('',( #11329 ) ) ;
#2856 = CARTESIAN_POINT ( 'NONE',  ( 0.0000000000000000000, 11.04899999999999900, -12.06500000000000100 ) ) ;
#2857 = MECHANICAL_DESIGN_GEOMETRIC_PRESENTATION_REPRESENTATION (  '', ( #1455 ), #3539 ) ;
#2858 = SURFACE_STYLE_USAGE ( .BOTH. , #3402 ) ;
#2859 = CARTESIAN_POINT ( 'NONE',  ( 6.299820371000000000, -1.778000000000000200, -1.143000000000000200 ) ) ;
#2860 = DIRECTION ( 'NONE',  ( -1.000000000000000000, 1.734723475976806500E-015, 0.0000000000000000000 ) ) ;
#2861 = ORIENTED_EDGE ( 'NONE', *, *, #10341, .F. ) ;
#2862 =( GEOMETRIC_REPRESENTATION_CONTEXT ( 3 ) GLOBAL_UNCERTAINTY_ASSIGNED_CONTEXT ( ( #6141 ) ) GLOBAL_UNIT_ASSIGNED_CONTEXT ( ( #9859, #3610, #10884 ) ) REPRESENTATION_CONTEXT ( 'NONE', 'WORKASPACE' ) );
#2863 = ADVANCED_FACE ( 'NONE', ( #5045 ), #3624, .F. ) ;
#2864 = ORIENTED_EDGE ( 'NONE', *, *, #1179, .F. ) ;
#2865 = PRESENTATION_LAYER_ASSIGNMENT (  '', '', ( #2160 ) ) ;
#2866 = VERTEX_POINT ( 'NONE', #3669 ) ;
#2867 = UNCERTAINTY_MEASURE_WITH_UNIT (LENGTH_MEASURE( 1.000000000000000100E-005 ), #6186, 'distance_accuracy_value', 'NONE');
#2868 = MECHANICAL_DESIGN_GEOMETRIC_PRESENTATION_REPRESENTATION (  '', ( #739 ), #3554 ) ;
#2869 = CARTESIAN_POINT ( 'NONE',  ( -2.286000000000000000, 0.0000000000000000000, -10.46480000000000000 ) ) ;
#2870 = VECTOR ( 'NONE', #11710, 1000.000000000000000 ) ;
#2871 = EDGE_CURVE ( 'NONE', #9708, #3628, #957, .T. ) ;
#2872 = VERTEX_POINT ( 'NONE', #5899 ) ;
#2873 = ORIENTED_EDGE ( 'NONE', *, *, #987, .F. ) ;
#2874 =( NAMED_UNIT ( * ) PLANE_ANGLE_UNIT ( ) SI_UNIT ( $, .RADIAN. ) );
#2875 = CARTESIAN_POINT ( 'NONE',  ( 5.841999999999999600, -0.8890000000000001200, -10.10920000000000100 ) ) ;
#2876 = DIRECTION ( 'NONE',  ( -0.0000000000000000000, -0.0000000000000000000, -1.000000000000000000 ) ) ;
#2877 = ORIENTED_EDGE ( 'NONE', *, *, #11746, .T. ) ;
#2879 =( NAMED_UNIT ( * ) SI_UNIT ( $, .STERADIAN. ) SOLID_ANGLE_UNIT ( ) );
#2878 = COLOUR_RGB ( '',0.7529411764705882200, 1.000000000000000000, 1.000000000000000000 ) ;
#2880 = COLOUR_RGB ( '',0.0000000000000000000, 0.7529411764705882200, 0.0000000000000000000 ) ;
#2881 = DIRECTION ( 'NONE',  ( -1.000000000000000000, -0.0000000000000000000, -0.0000000000000000000 ) ) ;
#2882 = LINE ( 'NONE', #7096, #10516 ) ;
#2883 =( BOUNDED_CURVE ( )  B_SPLINE_CURVE ( 3, ( #2854, #8031, #12160, #5977 ),
 .UNSPECIFIED., .F., .F. ) 
 B_SPLINE_CURVE_WITH_KNOTS ( ( 4, 4 ),
 ( 0.7832091518390129600, 0.8575969643748918600 ),
 .UNSPECIFIED. ) 
 CURVE ( )  GEOMETRIC_REPRESENTATION_ITEM ( )  RATIONAL_B_SPLINE_CURVE ( ( 1.000000000000000000, 0.9995389242696887100, 0.9995389242696887100, 1.000000000000000000 ) ) 
 REPRESENTATION_ITEM ( '' )  );
#2885 = AXIS2_PLACEMENT_3D ( 'NONE', #6318, #6105, #5929 ) ;
#2884 =( NAMED_UNIT ( * ) SI_UNIT ( $, .STERADIAN. ) SOLID_ANGLE_UNIT ( ) );
#2886 = DIRECTION ( 'NONE',  ( -1.000000000000000000, 0.0000000000000000000, 0.0000000000000000000 ) ) ;
#2887 = CARTESIAN_POINT ( 'NONE',  ( 8.826499999999999300, 2.350001269000000300, -10.24599881210419200 ) ) ;
#2888 = STYLED_ITEM ( 'NONE', ( #10467 ), #10298 ) ;
#2889 = VECTOR ( 'NONE', #5976, 1000.000000000000000 ) ;
#2890 = ORIENTED_EDGE ( 'NONE', *, *, #12868, .F. ) ;
#2891 = ORIENTED_EDGE ( 'NONE', *, *, #8356, .T. ) ;
#2892 = ADVANCED_FACE ( 'NONE', ( #11665 ), #5681, .F. ) ;
#2893 = VERTEX_POINT ( 'NONE', #5812 ) ;
#2894 = STYLED_ITEM ( 'NONE', ( #1102 ), #13091 ) ;
#2895 = EDGE_LOOP ( 'NONE', ( #11998, #632, #9834, #4363 ) ) ;
#2896 = ORIENTED_EDGE ( 'NONE', *, *, #6934, .F. ) ;
#2897 =( NAMED_UNIT ( * ) SI_UNIT ( $, .STERADIAN. ) SOLID_ANGLE_UNIT ( ) );
#2898 = PRESENTATION_STYLE_ASSIGNMENT (( #1319 ) ) ;
#2899 = DIRECTION ( 'NONE',  ( -1.000000000000000000, -0.0000000000000000000, -0.0000000000000000000 ) ) ;
#2900 = STYLED_ITEM ( 'NONE', ( #6144 ), #4828 ) ;
#2901 = SURFACE_SIDE_STYLE ('',( #11039 ) ) ;
#2902 = FILL_AREA_STYLE_COLOUR ( '', #9080 ) ;
#2903 =( LENGTH_UNIT ( ) NAMED_UNIT ( * ) SI_UNIT ( .MILLI., .METRE. ) );
#2904 = VERTEX_POINT ( 'NONE', #2688 ) ;
#2905 = VECTOR ( 'NONE', #11233, 1000.000000000000000 ) ;
#2906 = FILL_AREA_STYLE_COLOUR ( '', #10987 ) ;
#2907 = CARTESIAN_POINT ( 'NONE',  ( -8.635999999999999200, -0.5828877240000000000, -0.5080000000000000100 ) ) ;
#2908 =( NAMED_UNIT ( * ) PLANE_ANGLE_UNIT ( ) SI_UNIT ( $, .RADIAN. ) );
#2909 = COLOUR_RGB ( '',0.7529411764705882200, 1.000000000000000000, 1.000000000000000000 ) ;
#2910 = MECHANICAL_DESIGN_GEOMETRIC_PRESENTATION_REPRESENTATION (  '', ( #783 ), #3594 ) ;
#2911 = VERTEX_POINT ( 'NONE', #2650 ) ;
#2912 = CARTESIAN_POINT ( 'NONE',  ( -8.890000000000000600, 2.776954805000000800, 9.050557955000002200 ) ) ;
#2913 = SURFACE_STYLE_USAGE ( .BOTH. , #9129 ) ;
#2914 = VECTOR ( 'NONE', #9233, 1000.000000000000000 ) ;
#2915 = FACE_BOUND ( 'NONE', #1209, .T. ) ;
#2916 = FACE_OUTER_BOUND ( 'NONE', #9123, .T. ) ;
#2917 = LINE ( 'NONE', #4378, #5022 ) ;
#2918 = ORIENTED_EDGE ( 'NONE', *, *, #160, .F. ) ;
#2919 = EDGE_CURVE ( 'NONE', #12933, #7957, #7967, .T. ) ;
#2920 = SURFACE_STYLE_USAGE ( .BOTH. , #9137 ) ;
#2921 = COLOUR_RGB ( '',0.7490196078431372600, 1.000000000000000000, 1.000000000000000000 ) ;
#2922 = DIRECTION ( 'NONE',  ( 0.0000000000000000000, 0.6816456128749177600, -0.7316824847216022400 ) ) ;
#2923 = STYLED_ITEM ( 'NONE', ( #4557 ), #5927 ) ;
#2924 = LINE ( 'NONE', #692, #8436 ) ;
#2925 = VECTOR ( 'NONE', #7934, 1000.000000000000000 ) ;
#2926 = CARTESIAN_POINT ( 'NONE',  ( -9.093332213564716300, 3.942475241005997300, 9.082254298613332100 ) ) ;
#2927 = SURFACE_STYLE_FILL_AREA ( #8050 ) ;
#2928 = VERTEX_POINT ( 'NONE', #2464 ) ;
#2929 = VECTOR ( 'NONE', #6799, 1000.000000000000000 ) ;
#2930 = VECTOR ( 'NONE', #2810, 1000.000000000000000 ) ;
#2931 = DIRECTION ( 'NONE',  ( 0.0000000000000000000, -0.02470297952538165500, 0.9996948348383965000 ) ) ;
#2932 = CARTESIAN_POINT ( 'NONE',  ( 8.762999999999999900, -1.165775448000000000, -0.5080000000000000100 ) ) ;
#2933 = EDGE_LOOP ( 'NONE', ( #3861, #10238, #6177, #10460, #1873, #6848, #13170, #8388, #2032, #10833, #7471, #12819, #7603, #3067, #9889, #5206, #6698, #1399, #3130, #9846 ) ) ;
#2934 = EDGE_CURVE ( 'NONE', #9030, #8791, #13101, .T. ) ;
#2935 = UNCERTAINTY_MEASURE_WITH_UNIT (LENGTH_MEASURE( 1.000000000000000100E-005 ), #10465, 'distance_accuracy_value', 'NONE');
#2936 = ORIENTED_EDGE ( 'NONE', *, *, #10668, .F. ) ;
#2937 = LINE ( 'NONE', #3352, #8446 ) ;
#2938 = CARTESIAN_POINT ( 'NONE',  ( 8.635999999999999200, 0.0000000000000000000, -8.664998163999998200 ) ) ;
#2939 = CARTESIAN_POINT ( 'NONE',  ( -8.890000000000000600, 8.248718325999997000, -2.335149762999999500 ) ) ;
#2940 = LINE ( 'NONE', #12548, #144 ) ;
#2941 = SURFACE_SIDE_STYLE ('',( #7470 ) ) ;
#2942 =( LENGTH_UNIT ( ) NAMED_UNIT ( * ) SI_UNIT ( .MILLI., .METRE. ) );
#2943 = ADVANCED_FACE ( 'NONE', ( #10408 ), #1441, .F. ) ;
#2944 = EDGE_CURVE ( 'NONE', #13055, #6142, #3891, .T. ) ;
#2945 = PRESENTATION_STYLE_ASSIGNMENT (( #10897 ) ) ;
#2946 = LINE ( 'NONE', #1916, #8130 ) ;
#2947 =( LENGTH_UNIT ( ) NAMED_UNIT ( * ) SI_UNIT ( .MILLI., .METRE. ) );
#2948 = VERTEX_POINT ( 'NONE', #6093 ) ;
#2949 = ORIENTED_EDGE ( 'NONE', *, *, #295, .F. ) ;
#2950 = DIRECTION ( 'NONE',  ( 0.0000000000000000000, 0.0000000000000000000, -1.000000000000000000 ) ) ;
#2951 = COLOUR_RGB ( '',0.7529411764705882200, 1.000000000000000000, 1.000000000000000000 ) ;
#2952 = CARTESIAN_POINT ( 'NONE',  ( -3.809999999999999200, 0.0000000000000000000, -12.06500000000000100 ) ) ;
#2953 = UNCERTAINTY_MEASURE_WITH_UNIT (LENGTH_MEASURE( 1.000000000000000100E-005 ), #11430, 'distance_accuracy_value', 'NONE');
#2954 = STYLED_ITEM ( 'NONE', ( #9069 ), #3224 ) ;
#2955 = DIRECTION ( 'NONE',  ( -0.0000000000000000000, -0.0000000000000000000, -1.000000000000000000 ) ) ;
#2956 = DIRECTION ( 'NONE',  ( 0.0000000000000000000, 0.0000000000000000000, 1.000000000000000000 ) ) ;
#2957 = COLOUR_RGB ( '',0.7490196078431372600, 1.000000000000000000, 1.000000000000000000 ) ;
#2958 = PRESENTATION_LAYER_ASSIGNMENT (  '', '', ( #3636 ) ) ;
#2959 = ORIENTED_EDGE ( 'NONE', *, *, #10439, .F. ) ;
#2960 = MECHANICAL_DESIGN_GEOMETRIC_PRESENTATION_REPRESENTATION (  '', ( #828 ), #3637 ) ;
#2961 = FILL_AREA_STYLE ('',( #2906 ) ) ;
#2962 = VECTOR ( 'NONE', #937, 1000.000000000000000 ) ;
#2963 = SURFACE_STYLE_USAGE ( .BOTH. , #10838 ) ;
#2964 = EDGE_CURVE ( 'NONE', #6428, #10375, #6643, .T. ) ;
#2965 = VERTEX_POINT ( 'NONE', #13310 ) ;
#2966 = ORIENTED_EDGE ( 'NONE', *, *, #2066, .T. ) ;
#2967 = AXIS2_PLACEMENT_3D ( 'NONE', #8517, #2306, #9580 ) ;
#2968 = ADVANCED_FACE ( 'NONE', ( #11810 ), #5356, .T. ) ;
#2969 = ORIENTED_EDGE ( 'NONE', *, *, #5463, .T. ) ;
#2970 = VECTOR ( 'NONE', #7133, 1000.000000000000000 ) ;
#2971 = CARTESIAN_POINT ( 'NONE',  ( -9.080599712594004600, 10.39713725699551200, 8.832389710521058000 ) ) ;
#2972 = CIRCLE ( 'NONE', #8410, 0.3048000000000000200 ) ;
#2973 =( LENGTH_UNIT ( ) NAMED_UNIT ( * ) SI_UNIT ( .MILLI., .METRE. ) );
#2974 = FACE_OUTER_BOUND ( 'NONE', #12142, .T. ) ;
#2975 = STYLED_ITEM ( 'NONE', ( #10742 ), #4362 ) ;
#2976 = DIRECTION ( 'NONE',  ( -1.000000000000000000, -0.0000000000000000000, -0.0000000000000000000 ) ) ;
#2977 = PRESENTATION_LAYER_ASSIGNMENT (  '', '', ( #1558 ) ) ;
#2978 = VERTEX_POINT ( 'NONE', #10231 ) ;
#2979 = MECHANICAL_DESIGN_GEOMETRIC_PRESENTATION_REPRESENTATION (  '', ( #847 ), #3656 ) ;
#2980 = CARTESIAN_POINT ( 'NONE',  ( -10.55072089000000100, 10.58059114900000000, 10.28772546299999700 ) ) ;
#2981 = CARTESIAN_POINT ( 'NONE',  ( -6.349999999999999600, -1.778000000000000200, -10.10920000000000100 ) ) ;
#2982 = EDGE_CURVE ( 'NONE', #782, #11615, #127, .T. ) ;
#2983 = DIRECTION ( 'NONE',  ( -1.000000000000000000, -0.0000000000000000000, -0.0000000000000000000 ) ) ;
#2984 = DIRECTION ( 'NONE',  ( -0.7191104300310848800, 0.0000000000000000000, 0.6948958119175191500 ) ) ;
#2985 = SURFACE_SIDE_STYLE ('',( #606 ) ) ;
#2986 = DIRECTION ( 'NONE',  ( -0.0000000000000000000, -0.0000000000000000000, -1.000000000000000000 ) ) ;
#2987 = EDGE_CURVE ( 'NONE', #1415, #2296, #8117, .T. ) ;
#2988 = UNCERTAINTY_MEASURE_WITH_UNIT (LENGTH_MEASURE( 1.000000000000000100E-005 ), #10665, 'distance_accuracy_value', 'NONE');
#2989 = DIRECTION ( 'NONE',  ( -0.0000000000000000000, -0.0000000000000000000, 1.000000000000000000 ) ) ;
#2990 =( NAMED_UNIT ( * ) PLANE_ANGLE_UNIT ( ) SI_UNIT ( $, .RADIAN. ) );
#2991 = ORIENTED_EDGE ( 'NONE', *, *, #6733, .F. ) ;
#2992 =( GEOMETRIC_REPRESENTATION_CONTEXT ( 3 ) GLOBAL_UNCERTAINTY_ASSIGNED_CONTEXT ( ( #5274 ) ) GLOBAL_UNIT_ASSIGNED_CONTEXT ( ( #6209, #13428, #7248 ) ) REPRESENTATION_CONTEXT ( 'NONE', 'WORKASPACE' ) );
#2993 = FILL_AREA_STYLE_COLOUR ( '', #11647 ) ;
#2994 = DIRECTION ( 'NONE',  ( -1.000000000000000000, 0.0000000000000000000, 0.0000000000000000000 ) ) ;
#2995 = FILL_AREA_STYLE ('',( #12545 ) ) ;
#2996 = CARTESIAN_POINT ( 'NONE',  ( 8.890000000000000600, 10.04879397473815100, -5.680775462500001500 ) ) ;
#2997 = FILL_AREA_STYLE ('',( #1926 ) ) ;
#2998 =( NAMED_UNIT ( * ) SI_UNIT ( $, .STERADIAN. ) SOLID_ANGLE_UNIT ( ) );
#2999 = DIRECTION ( 'NONE',  ( -0.0000000000000000000, -0.0000000000000000000, -1.000000000000000000 ) ) ;
#3000 = CARTESIAN_POINT ( 'NONE',  ( -4.737748232000000400, -0.8890000000000001200, -2.759504731000000300 ) ) ;
#3001 = PLANE ( 'NONE',  #1823 ) ;
#3002 = ORIENTED_EDGE ( 'NONE', *, *, #7797, .T. ) ;
#3003 = STYLED_ITEM ( 'NONE', ( #5061 ), #5401 ) ;
#3004 = DIRECTION ( 'NONE',  ( -1.000000000000000000, -8.537024980200839600E-016, 0.0000000000000000000 ) ) ;
#3005 = ORIENTED_EDGE ( 'NONE', *, *, #7787, .F. ) ;
#3006 = ADVANCED_FACE ( 'NONE', ( #13260 ), #6808, .T. ) ;
#3007 = VERTEX_POINT ( 'NONE', #6053 ) ;
#3008 = DIRECTION ( 'NONE',  ( 0.7191104301116454400, 0.0000000000000000000, -0.6948958118341513900 ) ) ;
#3009 =( LENGTH_UNIT ( ) NAMED_UNIT ( * ) SI_UNIT ( .MILLI., .METRE. ) );
#3010 = SURFACE_STYLE_FILL_AREA ( #2050 ) ;
#3011 =( LENGTH_UNIT ( ) NAMED_UNIT ( * ) SI_UNIT ( .MILLI., .METRE. ) );
#3012 = EDGE_LOOP ( 'NONE', ( #2532, #8375, #124, #8916, #12785, #385, #2844, #2033 ) ) ;
#3013 = MECHANICAL_DESIGN_GEOMETRIC_PRESENTATION_REPRESENTATION (  '', ( #887 ), #3699 ) ;
#3014 = ORIENTED_EDGE ( 'NONE', *, *, #1022, .F. ) ;
#3015 = EDGE_CURVE ( 'NONE', #8393, #8279, #12289, .T. ) ;
#3016 = COLOUR_RGB ( '',1.000000000000000000, 1.000000000000000000, 0.0000000000000000000 ) ;
#3017 = EDGE_CURVE ( 'NONE', #10047, #6415, #4372, .T. ) ;
#3018 = PRESENTATION_STYLE_ASSIGNMENT (( #8056 ) ) ;
#3019 = SURFACE_SIDE_STYLE ('',( #170 ) ) ;
#3020 = EDGE_LOOP ( 'NONE', ( #5650, #10557, #1330, #1384 ) ) ;
#3021 = SURFACE_STYLE_USAGE ( .BOTH. , #9241 ) ;
#3022 = CARTESIAN_POINT ( 'NONE',  ( 5.030491106000000400, 11.24761946649868000, 4.731681872465393300 ) ) ;
#3023 = ORIENTED_EDGE ( 'NONE', *, *, #9185, .T. ) ;
#3024 = SURFACE_STYLE_USAGE ( .BOTH. , #3077 ) ;
#3025 = ORIENTED_EDGE ( 'NONE', *, *, #11261, .F. ) ;
#3026 = AXIS2_PLACEMENT_3D ( 'NONE', #3807, #3717, #3524 ) ;
#3027 = ADVANCED_FACE ( 'NONE', ( #1273 ), #4954, .T. ) ;
#3028 = DIRECTION ( 'NONE',  ( -0.0000000000000000000, -1.000000000000000000, -0.0000000000000000000 ) ) ;
#3029 = VECTOR ( 'NONE', #6695, 1000.000000000000000 ) ;
#3030 = MECHANICAL_DESIGN_GEOMETRIC_PRESENTATION_REPRESENTATION (  '', ( #1625 ), #3720 ) ;
#3031 = CARTESIAN_POINT ( 'NONE',  ( 7.264399999999999300, 0.0000000000000000000, -12.06500000000000100 ) ) ;
#3032 = DIRECTION ( 'NONE',  ( 0.6948958118341515000, 0.0000000000000000000, 0.7191104301116453300 ) ) ;
#3033 = DIRECTION ( 'NONE',  ( 1.000000000000000000, 0.0000000000000000000, 0.0000000000000000000 ) ) ;
#3034 =( NAMED_UNIT ( * ) PLANE_ANGLE_UNIT ( ) SI_UNIT ( $, .RADIAN. ) );
#3035 = ORIENTED_EDGE ( 'NONE', *, *, #13429, .F. ) ;
#3036 = ORIENTED_EDGE ( 'NONE', *, *, #11587, .T. ) ;
#3037 = EDGE_CURVE ( 'NONE', #10691, #9434, #283, .T. ) ;
#3038 = CARTESIAN_POINT ( 'NONE',  ( 5.334000000000000500, 0.0000000000000000000, -7.924799999999999400 ) ) ;
#3039 = DIRECTION ( 'NONE',  ( 0.9993392550067634600, 0.0000000000000000000, -0.03634629833321373300 ) ) ;
#3040 = ORIENTED_EDGE ( 'NONE', *, *, #5845, .F. ) ;
#3041 = ORIENTED_EDGE ( 'NONE', *, *, #324, .F. ) ;
#3042 = UNCERTAINTY_MEASURE_WITH_UNIT (LENGTH_MEASURE( 1.000000000000000100E-005 ), #5253, 'distance_accuracy_value', 'NONE');
#3043 = COLOUR_RGB ( '',0.7490196078431372600, 1.000000000000000000, 1.000000000000000000 ) ;
#3044 = CARTESIAN_POINT ( 'NONE',  ( 2.793999999999999600, 0.0000000000000000000, -12.06500000000000100 ) ) ;
#3045 = FILL_AREA_STYLE_COLOUR ( '', #13417 ) ;
#3046 = AXIS2_PLACEMENT_3D ( 'NONE', #24, #7315, #1055 ) ;
#3047 = PRESENTATION_STYLE_ASSIGNMENT (( #4612 ) ) ;
#3048 = VERTEX_POINT ( 'NONE', #1688 ) ;
#3049 = VERTEX_POINT ( 'NONE', #1821 ) ;
#3050 = LINE ( 'NONE', #1285, #5810 ) ;
#3051 =( GEOMETRIC_REPRESENTATION_CONTEXT ( 3 ) GLOBAL_UNCERTAINTY_ASSIGNED_CONTEXT ( ( #13029 ) ) GLOBAL_UNIT_ASSIGNED_CONTEXT ( ( #3228, #10495, #4267 ) ) REPRESENTATION_CONTEXT ( 'NONE', 'WORKASPACE' ) );
#3052 = ORIENTED_EDGE ( 'NONE', *, *, #9489, .T. ) ;
#3053 = CARTESIAN_POINT ( 'NONE',  ( -8.970000965872845500, 10.26972777559697800, 10.28004386729623800 ) ) ;
#3054 = VERTEX_POINT ( 'NONE', #5840 ) ;
#3055 = FACE_OUTER_BOUND ( 'NONE', #7215, .T. ) ;
#3056 = PRESENTATION_LAYER_ASSIGNMENT (  '', '', ( #1655 ) ) ;
#3057 = PLANE ( 'NONE',  #7508 ) ;
#3058 = EDGE_CURVE ( 'NONE', #2377, #690, #5513, .T. ) ;
#3059 = UNCERTAINTY_MEASURE_WITH_UNIT (LENGTH_MEASURE( 1.000000000000000100E-005 ), #11291, 'distance_accuracy_value', 'NONE');
#3060 =( NAMED_UNIT ( * ) PLANE_ANGLE_UNIT ( ) SI_UNIT ( $, .RADIAN. ) );
#3061 = AXIS2_PLACEMENT_3D ( 'NONE', #2559, #9843, #3593 ) ;
#3062 = EDGE_CURVE ( 'NONE', #6130, #1348, #11029, .T. ) ;
#3063 = FACE_OUTER_BOUND ( 'NONE', #5334, .T. ) ;
#3064 = CARTESIAN_POINT ( 'NONE',  ( -8.939999999999999500, 1.247224551874968300, -0.8382000000000002800 ) ) ;
#3065 = SURFACE_SIDE_STYLE ('',( #12659 ) ) ;
#3066 = PRESENTATION_STYLE_ASSIGNMENT (( #9358 ) ) ;
#3067 = ORIENTED_EDGE ( 'NONE', *, *, #1701, .T. ) ;
#3068 = VERTEX_POINT ( 'NONE', #619 ) ;
#3069 = VECTOR ( 'NONE', #12625, 1000.000000000000000 ) ;
#3071 = AXIS2_PLACEMENT_3D ( 'NONE', #5110, #5072, #5021 ) ;
#3070 = SURFACE_STYLE_USAGE ( .BOTH. , #9292 ) ;
#3072 = FILL_AREA_STYLE ('',( #2002 ) ) ;
#3073 =( NAMED_UNIT ( * ) PLANE_ANGLE_UNIT ( ) SI_UNIT ( $, .RADIAN. ) );
#3074 = PRESENTATION_LAYER_ASSIGNMENT (  '', '', ( #1662 ) ) ;
#3075 = ADVANCED_FACE ( 'NONE', ( #5192 ), #9009, .F. ) ;
#3076 = LINE ( 'NONE', #6240, #8261 ) ;
#3077 = SURFACE_SIDE_STYLE ('',( #9284 ) ) ;
#3078 = STYLED_ITEM ( 'NONE', ( #6784 ), #13359 ) ;
#3079 = ORIENTED_EDGE ( 'NONE', *, *, #9904, .F. ) ;
#3080 = ORIENTED_EDGE ( 'NONE', *, *, #2689, .F. ) ;
#3081 = LINE ( 'NONE', #7991, #279 ) ;
#3082 = ORIENTED_EDGE ( 'NONE', *, *, #3476, .T. ) ;
#3083 = DIRECTION ( 'NONE',  ( -1.000000000000000000, 0.0000000000000000000, 0.0000000000000000000 ) ) ;
#3084 =( LENGTH_UNIT ( ) NAMED_UNIT ( * ) SI_UNIT ( .MILLI., .METRE. ) );
#3085 = SURFACE_SIDE_STYLE ('',( #6299 ) ) ;
#3086 = DIRECTION ( 'NONE',  ( -0.7191104300310848800, 0.0000000000000000000, -0.6948958119175190400 ) ) ;
#3087 = AXIS2_PLACEMENT_3D ( 'NONE', #575, #7872, #1653 ) ;
#3088 = COLOUR_RGB ( '',0.7490196078431372600, 1.000000000000000000, 1.000000000000000000 ) ;
#3089 = VECTOR ( 'NONE', #2804, 1000.000000000000000 ) ;
#3090 = FILL_AREA_STYLE_COLOUR ( '', #10225 ) ;
#3091 =( LENGTH_UNIT ( ) NAMED_UNIT ( * ) SI_UNIT ( .MILLI., .METRE. ) );
#3092 = VECTOR ( 'NONE', #1709, 1000.000000000000000 ) ;
#3093 = DIRECTION ( 'NONE',  ( -0.0000000000000000000, -0.9993539390586464500, -0.03594029059380552500 ) ) ;
#3094 = DIRECTION ( 'NONE',  ( -1.000000000000000000, 0.0000000000000000000, 0.0000000000000000000 ) ) ;
#3095 = VERTEX_POINT ( 'NONE', #11166 ) ;
#3096 = EDGE_CURVE ( 'NONE', #12841, #69, #9755, .T. ) ;
#3097 = VERTEX_POINT ( 'NONE', #12007 ) ;
#3098 = AXIS2_PLACEMENT_3D ( 'NONE', #1506, #8782, #2568 ) ;
#3099 = ORIENTED_EDGE ( 'NONE', *, *, #656, .F. ) ;
#3100 = DIRECTION ( 'NONE',  ( 3.414809992080330300E-015, -1.000000000000000000, 0.0000000000000000000 ) ) ;
#3101 = DIRECTION ( 'NONE',  ( -1.000000000000000000, 0.0000000000000000000, 0.0000000000000000000 ) ) ;
#3102 = LINE ( 'NONE', #6805, #8603 ) ;
#3103 = VECTOR ( 'NONE', #12939, 1000.000000000000000 ) ;
#3104 = LINE ( 'NONE', #8287, #4077 ) ;
#3105 = ORIENTED_EDGE ( 'NONE', *, *, #9333, .T. ) ;
#3106 = ADVANCED_FACE ( 'NONE', ( #12116 ), #8422, .F. ) ;
#3107 = EDGE_CURVE ( 'NONE', #7646, #3902, #5995, .T. ) ;
#3108 = PLANE ( 'NONE',  #935 ) ;
#3109 = FILL_AREA_STYLE ('',( #7221 ) ) ;
#3110 = AXIS2_PLACEMENT_3D ( 'NONE', #10114, #3879, #11130 ) ;
#3111 = EDGE_LOOP ( 'NONE', ( #3750, #11512, #13322, #3213 ) ) ;
#3112 = UNCERTAINTY_MEASURE_WITH_UNIT (LENGTH_MEASURE( 1.000000000000000100E-005 ), #12440, 'distance_accuracy_value', 'NONE');
#3113 = ORIENTED_EDGE ( 'NONE', *, *, #3454, .T. ) ;
#3114 = VECTOR ( 'NONE', #11454, 1000.000000000000000 ) ;
#3115 = CARTESIAN_POINT ( 'NONE',  ( -3.149999998950000300, 8.195800001000000300, 3.505199999999999900 ) ) ;
#3116 = LINE ( 'NONE', #2065, #313 ) ;
#3118 = PRESENTATION_STYLE_ASSIGNMENT (( #5683 ) ) ;
#3117 = CARTESIAN_POINT ( 'NONE',  ( -8.826499999999999300, 2.350001268999999800, -9.991998812000000300 ) ) ;
#3119 = ORIENTED_EDGE ( 'NONE', *, *, #4859, .T. ) ;
#3120 = DIRECTION ( 'NONE',  ( 0.0000000000000000000, 1.000000000000000000, 0.0000000000000000000 ) ) ;
#3121 = EDGE_CURVE ( 'NONE', #8126, #11403, #3236, .T. ) ;
#3122 = CARTESIAN_POINT ( 'NONE',  ( 5.792414013026842700, 11.16468374280473300, 11.17140184409895600 ) ) ;
#3123 = CARTESIAN_POINT ( 'NONE',  ( 5.804110354999999700, 11.09975097700000100, 11.22993965000000200 ) ) ;
#3124 = ORIENTED_EDGE ( 'NONE', *, *, #4995, .F. ) ;
#3125 = EDGE_CURVE ( 'NONE', #13348, #4536, #5670, .T. ) ;
#3126 = FILL_AREA_STYLE ('',( #4118 ) ) ;
#3127 = UNCERTAINTY_MEASURE_WITH_UNIT (LENGTH_MEASURE( 1.000000000000000100E-005 ), #4015, 'distance_accuracy_value', 'NONE');
#3128 = CARTESIAN_POINT ( 'NONE',  ( 3.809999999999999600, -1.778000000000000200, -10.46480000000000200 ) ) ;
#3129 = EDGE_CURVE ( 'NONE', #4395, #717, #11169, .T. ) ;
#3130 = ORIENTED_EDGE ( 'NONE', *, *, #2944, .T. ) ;
#3131 = VECTOR ( 'NONE', #6223, 1000.000000000000000 ) ;
#3132 = DIRECTION ( 'NONE',  ( -1.000000000000000000, -1.707404996040162400E-015, -0.0000000000000000000 ) ) ;
#3133 = CARTESIAN_POINT ( 'NONE',  ( 8.635999999999999200, 8.248718325491999800, 0.0000000000000000000 ) ) ;
#3134 =( GEOMETRIC_REPRESENTATION_CONTEXT ( 3 ) GLOBAL_UNCERTAINTY_ASSIGNED_CONTEXT ( ( #6202 ) ) GLOBAL_UNIT_ASSIGNED_CONTEXT ( ( #11577, #5396, #12597 ) ) REPRESENTATION_CONTEXT ( 'NONE', 'WORKASPACE' ) );
#3135 =( LENGTH_UNIT ( ) NAMED_UNIT ( * ) SI_UNIT ( .MILLI., .METRE. ) );
#3136 = CARTESIAN_POINT ( 'NONE',  ( -2.286000000000000000, 0.0000000000000000000, -10.10920000000000100 ) ) ;
#3137 = DIRECTION ( 'NONE',  ( 0.0000000000000000000, 0.0000000000000000000, 1.000000000000000000 ) ) ;
#3138 = FACE_OUTER_BOUND ( 'NONE', #9096, .T. ) ;
#3139 = PRESENTATION_LAYER_ASSIGNMENT (  '', '', ( #2438 ) ) ;
#3140 = PRESENTATION_LAYER_ASSIGNMENT (  '', '', ( #1717 ) ) ;
#3141 = DIRECTION ( 'NONE',  ( 0.0000000000000000000, 0.0000000000000000000, 1.000000000000000000 ) ) ;
#3142 =( NAMED_UNIT ( * ) SI_UNIT ( $, .STERADIAN. ) SOLID_ANGLE_UNIT ( ) );
#3143 = ADVANCED_FACE ( 'NONE', ( #111 ), #5749, .T. ) ;
#3144 = MECHANICAL_DESIGN_GEOMETRIC_PRESENTATION_REPRESENTATION (  '', ( #1021 ), #3828 ) ;
#3145 = VERTEX_POINT ( 'NONE', #8789 ) ;
#3146 = FACE_OUTER_BOUND ( 'NONE', #10406, .T. ) ;
#3147 = DIRECTION ( 'NONE',  ( -0.0000000000000000000, -1.000000000000000000, -0.0000000000000000000 ) ) ;
#3148 = CARTESIAN_POINT ( 'NONE',  ( 3.267003117148265600, -1.778000000000000500, -1.338284043143272500 ) ) ;
#3149 = EDGE_LOOP ( 'NONE', ( #6569, #2677, #3023, #13217 ) ) ;
#3150 = FILL_AREA_STYLE ('',( #6218 ) ) ;
#3151 = DIRECTION ( 'NONE',  ( 0.0000000000000000000, 0.0000000000000000000, -1.000000000000000000 ) ) ;
#3152 = STYLED_ITEM ( 'NONE', ( #9017 ), #2182 ) ;
#3153 = UNCERTAINTY_MEASURE_WITH_UNIT (LENGTH_MEASURE( 1.000000000000000100E-005 ), #8344, 'distance_accuracy_value', 'NONE');
#3154 = PLANE ( 'NONE',  #11971 ) ;
#3155 = SURFACE_SIDE_STYLE ('',( #328 ) ) ;
#3156 = PRESENTATION_LAYER_ASSIGNMENT (  '', '', ( #1034 ) ) ;
#3157 = VERTEX_POINT ( 'NONE', #1692 ) ;
#3158 = DIRECTION ( 'NONE',  ( 0.0000000000000000000, 0.0000000000000000000, 1.000000000000000000 ) ) ;
#3159 = EDGE_LOOP ( 'NONE', ( #12193, #4173, #5607, #4622 ) ) ;
#3160 = CARTESIAN_POINT ( 'NONE',  ( -8.635999999999999200, 2.550001377000000500, -9.864998812000001400 ) ) ;
#3161 = ADVANCED_FACE ( 'NONE', ( #6786 ), #8580, .F. ) ;
#3162 = VECTOR ( 'NONE', #11818, 1000.000000000000000 ) ;
#3163 = PRESENTATION_STYLE_ASSIGNMENT (( #12368 ) ) ;
#3164 = PRESENTATION_LAYER_ASSIGNMENT (  '', '', ( #1758 ) ) ;
#3165 = CARTESIAN_POINT ( 'NONE',  ( 8.635999999999999200, 9.229793325999999400, -4.489386681000000900 ) ) ;
#3166 = FILL_AREA_STYLE ('',( #8337 ) ) ;
#3167 = CARTESIAN_POINT ( 'NONE',  ( 4.259506799395463600, 11.23840812014604000, 11.42054446853943100 ) ) ;
#3168 = ORIENTED_EDGE ( 'NONE', *, *, #10195, .T. ) ;
#3169 = SURFACE_STYLE_USAGE ( .BOTH. , #9396 ) ;
#3170 = CARTESIAN_POINT ( 'NONE',  ( 9.016999999999999500, 1.150000621000000200, -9.991998812000000300 ) ) ;
#3171 = PLANE ( 'NONE',  #1010 ) ;
#3172 = ORIENTED_EDGE ( 'NONE', *, *, #12191, .F. ) ;
#3173 = MECHANICAL_DESIGN_GEOMETRIC_PRESENTATION_REPRESENTATION (  '', ( #1049 ), #3866 ) ;
#3174 = ORIENTED_EDGE ( 'NONE', *, *, #11207, .F. ) ;
#3175 = ORIENTED_EDGE ( 'NONE', *, *, #9855, .F. ) ;
#3176 = PRESENTATION_STYLE_ASSIGNMENT (( #12298 ) ) ;
#3177 = CARTESIAN_POINT ( 'NONE',  ( 8.635999999999999200, 0.9500005130000001000, -10.46499913600000100 ) ) ;
#3178 = DIRECTION ( 'NONE',  ( 0.0000000000000000000, 0.0000000000000000000, 1.000000000000000000 ) ) ;
#3179 = LINE ( 'NONE', #532, #11121 ) ;
#3180 = EDGE_CURVE ( 'NONE', #645, #5389, #7115, .T. ) ;
#3181 = EDGE_LOOP ( 'NONE', ( #7150, #6216, #2276, #7832 ) ) ;
#3182 = ORIENTED_EDGE ( 'NONE', *, *, #6735, .F. ) ;
#3183 = SURFACE_SIDE_STYLE ('',( #6135 ) ) ;
#3184 = EDGE_CURVE ( 'NONE', #1549, #2948, #591, .T. ) ;
#3185 = ORIENTED_EDGE ( 'NONE', *, *, #10149, .F. ) ;
#3186 = PLANE ( 'NONE',  #4113 ) ;
#3187 = PLANE ( 'NONE',  #12948 ) ;
#3188 = PRESENTATION_STYLE_ASSIGNMENT (( #552 ) ) ;
#3189 = VECTOR ( 'NONE', #10713, 1000.000000000000000 ) ;
#3190 = DIRECTION ( 'NONE',  ( 1.000000000000000000, -0.0000000000000000000, 0.0000000000000000000 ) ) ;
#3191 =( NAMED_UNIT ( * ) SI_UNIT ( $, .STERADIAN. ) SOLID_ANGLE_UNIT ( ) );
#3192 = PRESENTATION_STYLE_ASSIGNMENT (( #7243 ) ) ;
#3193 = ADVANCED_FACE ( 'NONE', ( #11324 ), #9654, .T. ) ;
#3194 = ORIENTED_EDGE ( 'NONE', *, *, #2418, .T. ) ;
#3195 = ORIENTED_EDGE ( 'NONE', *, *, #6567, .F. ) ;
#3196 = DIRECTION ( 'NONE',  ( -1.000000000000000000, 0.0000000000000000000, 0.0000000000000000000 ) ) ;
#3197 = CARTESIAN_POINT ( 'NONE',  ( 4.737748232000000400, -0.8890000000000001200, 0.3664724570000000800 ) ) ;
#3198 =( GEOMETRIC_REPRESENTATION_CONTEXT ( 3 ) GLOBAL_UNCERTAINTY_ASSIGNED_CONTEXT ( ( #10851 ) ) GLOBAL_UNIT_ASSIGNED_CONTEXT ( ( #11011, #11106, #11147 ) ) REPRESENTATION_CONTEXT ( 'NONE', 'WORKASPACE' ) );
#3199 = VERTEX_POINT ( 'NONE', #3446 ) ;
#3200 = UNCERTAINTY_MEASURE_WITH_UNIT (LENGTH_MEASURE( 1.000000000000000100E-005 ), #5209, 'distance_accuracy_value', 'NONE');
#3201 = VECTOR ( 'NONE', #1789, 1000.000000000000000 ) ;
#3202 = MECHANICAL_DESIGN_GEOMETRIC_PRESENTATION_REPRESENTATION (  '', ( #1083 ), #3898 ) ;
#3203 = VECTOR ( 'NONE', #3357, 1000.000000000000000 ) ;
#3204 = FILL_AREA_STYLE ('',( #9816 ) ) ;
#3205 = EDGE_CURVE ( 'NONE', #10876, #6898, #2081, .T. ) ;
#3206 = DIRECTION ( 'NONE',  ( 0.0000000000000000000, 0.0000000000000000000, 1.000000000000000000 ) ) ;
#3207 = CARTESIAN_POINT ( 'NONE',  ( -4.254710354999999400, 11.09975098462466500, 11.22993964472527900 ) ) ;
#3208 = VECTOR ( 'NONE', #593, 1000.000000000000200 ) ;
#3209 = CARTESIAN_POINT ( 'NONE',  ( -2.031999999999999600, 10.34580000000000100, 12.06500000000000100 ) ) ;
#3210 = EDGE_CURVE ( 'NONE', #1066, #2599, #12755, .T. ) ;
#3211 = ORIENTED_EDGE ( 'NONE', *, *, #630, .T. ) ;
#3212 =( LENGTH_UNIT ( ) NAMED_UNIT ( * ) SI_UNIT ( .MILLI., .METRE. ) );
#3213 = ORIENTED_EDGE ( 'NONE', *, *, #2209, .T. ) ;
#3214 = STYLED_ITEM ( 'NONE', ( #7748 ), #9058 ) ;
#3215 = ADVANCED_FACE ( 'NONE', ( #4517 ), #8542, .T. ) ;
#3216 = ORIENTED_EDGE ( 'NONE', *, *, #3620, .T. ) ;
#3217 = FILL_AREA_STYLE_COLOUR ( '', #7710 ) ;
#3218 = ORIENTED_EDGE ( 'NONE', *, *, #277, .T. ) ;
#3219 = FACE_OUTER_BOUND ( 'NONE', #6267, .T. ) ;
#3220 =( GEOMETRIC_REPRESENTATION_CONTEXT ( 3 ) GLOBAL_UNCERTAINTY_ASSIGNED_CONTEXT ( ( #4039 ) ) GLOBAL_UNIT_ASSIGNED_CONTEXT ( ( #507, #7801, #1570 ) ) REPRESENTATION_CONTEXT ( 'NONE', 'WORKASPACE' ) );
#3221 = LINE ( 'NONE', #2328, #5975 ) ;
#3222 = STYLED_ITEM ( 'NONE', ( #3047 ), #1844 ) ;
#3223 = LINE ( 'NONE', #340, #10205 ) ;
#3224 = ADVANCED_FACE ( 'NONE', ( #6479 ), #5194, .F. ) ;
#3225 = STYLED_ITEM ( 'NONE', ( #1600 ), #8234 ) ;
#3226 = ORIENTED_EDGE ( 'NONE', *, *, #5169, .T. ) ;
#3227 = DIRECTION ( 'NONE',  ( 0.0000000000000000000, 1.000000000000000000, 0.0000000000000000000 ) ) ;
#3228 =( LENGTH_UNIT ( ) NAMED_UNIT ( * ) SI_UNIT ( .MILLI., .METRE. ) );
#3229 = MECHANICAL_DESIGN_GEOMETRIC_PRESENTATION_REPRESENTATION (  '', ( #1111 ), #3923 ) ;
#3230 =( NAMED_UNIT ( * ) SI_UNIT ( $, .STERADIAN. ) SOLID_ANGLE_UNIT ( ) );
#3231 = EDGE_CURVE ( 'NONE', #5638, #11982, #2762, .T. ) ;
#3232 = LINE ( 'NONE', #9309, #4676 ) ;
#3233 = ORIENTED_EDGE ( 'NONE', *, *, #5442, .T. ) ;
#3234 = DIRECTION ( 'NONE',  ( 1.000000000000000000, -0.0000000000000000000, -0.0000000000000000000 ) ) ;
#3235 =( GEOMETRIC_REPRESENTATION_CONTEXT ( 3 ) GLOBAL_UNCERTAINTY_ASSIGNED_CONTEXT ( ( #9974 ) ) GLOBAL_UNIT_ASSIGNED_CONTEXT ( ( #13027, #6863, #611 ) ) REPRESENTATION_CONTEXT ( 'NONE', 'WORKASPACE' ) );
#3236 = LINE ( 'NONE', #9146, #2914 ) ;
#3237 = FACE_BOUND ( 'NONE', #569, .T. ) ;
#3238 = SURFACE_STYLE_FILL_AREA ( #12293 ) ;
#3239 = CARTESIAN_POINT ( 'NONE',  ( 8.635999999999999200, 9.448793649999998900, -3.781386573000000300 ) ) ;
#3240 = FILL_AREA_STYLE_COLOUR ( '', #7867 ) ;
#3241 =( NAMED_UNIT ( * ) SI_UNIT ( $, .STERADIAN. ) SOLID_ANGLE_UNIT ( ) );
#3242 = VERTEX_POINT ( 'NONE', #10745 ) ;
#3243 = PLANE ( 'NONE',  #4697 ) ;
#3244 = SURFACE_STYLE_USAGE ( .BOTH. , #9474 ) ;
#3245 = PRESENTATION_LAYER_ASSIGNMENT (  '', '', ( #2552 ) ) ;
#3246 =( NAMED_UNIT ( * ) SI_UNIT ( $, .STERADIAN. ) SOLID_ANGLE_UNIT ( ) );
#3247 = VECTOR ( 'NONE', #3459, 1000.000000000000000 ) ;
#3248 = DIRECTION ( 'NONE',  ( 3.414809992080317700E-015, 1.000000000000000000, 0.0000000000000000000 ) ) ;
#3249 = ORIENTED_EDGE ( 'NONE', *, *, #9192, .F. ) ;
#3250 = FACE_OUTER_BOUND ( 'NONE', #3629, .T. ) ;
#3251 = EDGE_LOOP ( 'NONE', ( #6891, #7754, #1224, #10983 ) ) ;
#3252 =( NAMED_UNIT ( * ) PLANE_ANGLE_UNIT ( ) SI_UNIT ( $, .RADIAN. ) );
#3253 = AXIS2_PLACEMENT_3D ( 'NONE', #6190, #13398, #7229 ) ;
#3254 = DIRECTION ( 'NONE',  ( 0.0000000000000000000, 0.0000000000000000000, -1.000000000000000000 ) ) ;
#3255 = VECTOR ( 'NONE', #11536, 1000.000000000000000 ) ;
#3256 = SURFACE_SIDE_STYLE ('',( #9063 ) ) ;
#3257 = CARTESIAN_POINT ( 'NONE',  ( -9.016999999999999500, 9.737793325999998500, -3.981386681000000500 ) ) ;
#3258 = CARTESIAN_POINT ( 'NONE',  ( -1.270000000000000200, 0.0000000000000000000, -7.935942080000001100 ) ) ;
#3259 = COLOUR_RGB ( '',0.7490196078431372600, 1.000000000000000000, 1.000000000000000000 ) ;
#3260 = LINE ( 'NONE', #12065, #458 ) ;
#3261 = ORIENTED_EDGE ( 'NONE', *, *, #2380, .T. ) ;
#3262 = SURFACE_STYLE_FILL_AREA ( #8537 ) ;
#3263 = FILL_AREA_STYLE ('',( #96 ) ) ;
#3264 = SURFACE_STYLE_FILL_AREA ( #1303 ) ;
#3265 = DIRECTION ( 'NONE',  ( -1.000000000000000000, 0.0000000000000000000, 0.0000000000000000000 ) ) ;
#3266 = ORIENTED_EDGE ( 'NONE', *, *, #8692, .F. ) ;
#3267 = LINE ( 'NONE', #289, #5711 ) ;
#3268 = FACE_OUTER_BOUND ( 'NONE', #7279, .T. ) ;
#3269 = SURFACE_STYLE_FILL_AREA ( #6075 ) ;
#3270 =( NAMED_UNIT ( * ) SI_UNIT ( $, .STERADIAN. ) SOLID_ANGLE_UNIT ( ) );
#3271 = ORIENTED_EDGE ( 'NONE', *, *, #8240, .T. ) ;
#3272 = EDGE_CURVE ( 'NONE', #9677, #11152, #5515, .T. ) ;
#3273 = CARTESIAN_POINT ( 'NONE',  ( 7.772400000000001100, -1.778000000000000200, 8.000999999999999400 ) ) ;
#3274 = LINE ( 'NONE', #7126, #12971 ) ;
#3275 =( NAMED_UNIT ( * ) SI_UNIT ( $, .STERADIAN. ) SOLID_ANGLE_UNIT ( ) );
#3276 = CARTESIAN_POINT ( 'NONE',  ( -9.037124583110903900, 3.761911622229630900, 9.152213584858051500 ) ) ;
#3277 = VERTEX_POINT ( 'NONE', #1152 ) ;
#3278 = UNCERTAINTY_MEASURE_WITH_UNIT (LENGTH_MEASURE( 1.000000000000000100E-005 ), #1358, 'distance_accuracy_value', 'NONE');
#3279 =( NAMED_UNIT ( * ) SI_UNIT ( $, .STERADIAN. ) SOLID_ANGLE_UNIT ( ) );
#3280 = ADVANCED_FACE ( 'NONE', ( #13427 ), #12200, .F. ) ;
#3281 = LINE ( 'NONE', #7895, #4574 ) ;
#3282 =( GEOMETRIC_REPRESENTATION_CONTEXT ( 3 ) GLOBAL_UNCERTAINTY_ASSIGNED_CONTEXT ( ( #13331 ) ) GLOBAL_UNIT_ASSIGNED_CONTEXT ( ( #18, #109, #8306 ) ) REPRESENTATION_CONTEXT ( 'NONE', 'WORKASPACE' ) );
#3283 = VERTEX_POINT ( 'NONE', #4981 ) ;
#3284 = CARTESIAN_POINT ( 'NONE',  ( -3.301999999999999600, 0.0000000000000000000, -7.569200000000000400 ) ) ;
#3285 = DIRECTION ( 'NONE',  ( 0.0000000000000000000, 1.000000000000000000, 0.0000000000000000000 ) ) ;
#3286 = DIRECTION ( 'NONE',  ( 0.0000000000000000000, 1.000000000000000000, 0.0000000000000000000 ) ) ;
#3287 = EDGE_CURVE ( 'NONE', #3757, #1699, #4209, .T. ) ;
#3288 = ADVANCED_FACE ( 'NONE', ( #2434 ), #5676, .T. ) ;
#3289 = ORIENTED_EDGE ( 'NONE', *, *, #6912, .T. ) ;
#3290 = CARTESIAN_POINT ( 'NONE',  ( 5.796293869530942700, 11.37117404642888700, 11.27807826195021500 ) ) ;
#3291 = PRESENTATION_STYLE_ASSIGNMENT (( #196 ) ) ;
#3292 = UNCERTAINTY_MEASURE_WITH_UNIT (LENGTH_MEASURE( 1.000000000000000100E-005 ), #5938, 'distance_accuracy_value', 'NONE');
#3293 = FILL_AREA_STYLE_COLOUR ( '', #13067 ) ;
#3294 = VECTOR ( 'NONE', #6627, 1000.000000000000000 ) ;
#3295 = AXIS2_PLACEMENT_3D ( 'NONE', #761, #8055, #1826 ) ;
#3296 = SURFACE_STYLE_USAGE ( .BOTH. , #9528 ) ;
#3297 = DIRECTION ( 'NONE',  ( 0.0000000000000000000, 0.0000000000000000000, -1.000000000000000000 ) ) ;
#3298 = FILL_AREA_STYLE ('',( #6376 ) ) ;
#3300 =( GEOMETRIC_REPRESENTATION_CONTEXT ( 3 ) GLOBAL_UNCERTAINTY_ASSIGNED_CONTEXT ( ( #8504 ) ) GLOBAL_UNIT_ASSIGNED_CONTEXT ( ( #5358, #5212, #5161 ) ) REPRESENTATION_CONTEXT ( 'NONE', 'WORKASPACE' ) );
#3299 = CARTESIAN_POINT ( 'NONE',  ( 5.530603067000000400, 10.54099999999999900, 3.802000015999999600 ) ) ;
#3301 =( GEOMETRIC_REPRESENTATION_CONTEXT ( 3 ) GLOBAL_UNCERTAINTY_ASSIGNED_CONTEXT ( ( #9698 ) ) GLOBAL_UNIT_ASSIGNED_CONTEXT ( ( #10175, #3955, #11205 ) ) REPRESENTATION_CONTEXT ( 'NONE', 'WORKASPACE' ) );
#3302 = DIRECTION ( 'NONE',  ( 0.0000000000000000000, 0.0000000000000000000, 1.000000000000000000 ) ) ;
#3303 = ORIENTED_EDGE ( 'NONE', *, *, #5456, .F. ) ;
#3304 = MECHANICAL_DESIGN_GEOMETRIC_PRESENTATION_REPRESENTATION (  '', ( #1897 ), #4000 ) ;
#3305 = FILL_AREA_STYLE ('',( #8484 ) ) ;
#3306 = ORIENTED_EDGE ( 'NONE', *, *, #4876, .T. ) ;
#3307 = EDGE_CURVE ( 'NONE', #6169, #4289, #11173, .T. ) ;
#3308 = COLOUR_RGB ( '',0.7490196078431372600, 1.000000000000000000, 1.000000000000000000 ) ;
#3309 = DIRECTION ( 'NONE',  ( 1.000000000000000000, 0.0000000000000000000, 0.0000000000000000000 ) ) ;
#3310 = DIRECTION ( 'NONE',  ( 0.0000000000000000000, -7.616436215241487100E-016, 1.000000000000000000 ) ) ;
#3311 = UNCERTAINTY_MEASURE_WITH_UNIT (LENGTH_MEASURE( 1.000000000000000100E-005 ), #1241, 'distance_accuracy_value', 'NONE');
#3312 = SURFACE_STYLE_FILL_AREA ( #4772 ) ;
#3313 =( NAMED_UNIT ( * ) PLANE_ANGLE_UNIT ( ) SI_UNIT ( $, .RADIAN. ) );
#3314 = DIRECTION ( 'NONE',  ( 1.000000000000000000, 0.0000000000000000000, 0.0000000000000000000 ) ) ;
#3315 = ORIENTED_EDGE ( 'NONE', *, *, #210, .F. ) ;
#3316 = DIRECTION ( 'NONE',  ( -0.0000000000000000000, -1.000000000000000000, -0.0000000000000000000 ) ) ;
#3317 =( NAMED_UNIT ( * ) SI_UNIT ( $, .STERADIAN. ) SOLID_ANGLE_UNIT ( ) );
#3318 = MECHANICAL_DESIGN_GEOMETRIC_PRESENTATION_REPRESENTATION (  '', ( #1213 ), #4014 ) ;
#3319 = ORIENTED_EDGE ( 'NONE', *, *, #5800, .F. ) ;
#3320 = AXIS2_PLACEMENT_3D ( 'NONE', #13451, #7265, #1026 ) ;
#3321 =( LENGTH_UNIT ( ) NAMED_UNIT ( * ) SI_UNIT ( .MILLI., .METRE. ) );
#3322 = ORIENTED_EDGE ( 'NONE', *, *, #5564, .T. ) ;
#3323 = MECHANICAL_DESIGN_GEOMETRIC_PRESENTATION_REPRESENTATION (  '', ( #1219 ), #4025 ) ;
#3324 = CARTESIAN_POINT ( 'NONE',  ( -4.317999999999999600, 0.0000000000000000000, -10.10920000000000100 ) ) ;
#3325 = DIRECTION ( 'NONE',  ( 1.000000000000000000, 0.0000000000000000000, 0.0000000000000000000 ) ) ;
#3326 = ORIENTED_EDGE ( 'NONE', *, *, #11109, .T. ) ;
#3327 = ORIENTED_EDGE ( 'NONE', *, *, #8779, .T. ) ;
#3328 = VECTOR ( 'NONE', #1862, 1000.000000000000000 ) ;
#3329 = CARTESIAN_POINT ( 'NONE',  ( 8.382000000000001400, 2.758984659374704900, 8.550880984986523700 ) ) ;
#3330 =( BOUNDED_CURVE ( )  B_SPLINE_CURVE ( 3, ( #3753, #9984, #5850, #13042 ),
 .UNSPECIFIED., .F., .T. ) 
 B_SPLINE_CURVE_WITH_KNOTS ( ( 4, 4 ),
 ( 0.8235696052737373500, 2.353786411353946400 ),
 .UNSPECIFIED. ) 
 CURVE ( )  GEOMETRIC_REPRESENTATION_ITEM ( )  RATIONAL_B_SPLINE_CURVE ( ( 1.000000000000000000, 0.8142048533881087700, 0.8142048533881087700, 1.000000000000000000 ) ) 
 REPRESENTATION_ITEM ( '' )  );
#3331 = PRESENTATION_STYLE_ASSIGNMENT (( #11479 ) ) ;
#3332 =( LENGTH_UNIT ( ) NAMED_UNIT ( * ) SI_UNIT ( .MILLI., .METRE. ) );
#3333 = FILL_AREA_STYLE_COLOUR ( '', #11922 ) ;
#3334 = EDGE_LOOP ( 'NONE', ( #413, #6480, #11593, #1890 ) ) ;
#3335 = ORIENTED_EDGE ( 'NONE', *, *, #12354, .F. ) ;
#3336 = SURFACE_STYLE_USAGE ( .BOTH. , #9575 ) ;
#3337 = EDGE_LOOP ( 'NONE', ( #6117, #13007, #11044, #12903 ) ) ;
#3338 = CARTESIAN_POINT ( 'NONE',  ( 8.636000000000001000, 1.842001268999999600, -10.75399881182987200 ) ) ;
#3339 = ORIENTED_EDGE ( 'NONE', *, *, #9013, .T. ) ;
#3340 = ADVANCED_FACE ( 'NONE', ( #2916 ), #10263, .T. ) ;
#3341 = EDGE_CURVE ( 'NONE', #813, #637, #12596, .T. ) ;
#3342 = VECTOR ( 'NONE', #2489, 1000.000000000000000 ) ;
#3343 = MECHANICAL_DESIGN_GEOMETRIC_PRESENTATION_REPRESENTATION (  '', ( #1245 ), #4058 ) ;
#3344 = CARTESIAN_POINT ( 'NONE',  ( -9.017000000000001200, 2.350001268999999800, -10.24599881200000000 ) ) ;
#3345 = SURFACE_STYLE_FILL_AREA ( #11265 ) ;
#3346 = ORIENTED_EDGE ( 'NONE', *, *, #13453, .F. ) ;
#3347 = ORIENTED_EDGE ( 'NONE', *, *, #3210, .T. ) ;
#3348 = PLANE ( 'NONE',  #4424 ) ;
#3349 = ORIENTED_EDGE ( 'NONE', *, *, #4313, .F. ) ;
#3350 = CARTESIAN_POINT ( 'NONE',  ( 7.264400000000000200, -1.778000000000000200, 7.747000000000000800 ) ) ;
#3351 = EDGE_LOOP ( 'NONE', ( #2144, #13236, #6379, #5953 ) ) ;
#3352 = CARTESIAN_POINT ( 'NONE',  ( -9.016999999999999500, 1.750000945000000300, -10.75399881200000100 ) ) ;
#3353 = DIRECTION ( 'NONE',  ( -1.000000000000000000, 0.0000000000000000000, 0.0000000000000000000 ) ) ;
#3354 = SURFACE_STYLE_FILL_AREA ( #8713 ) ;
#3355 = EDGE_CURVE ( 'NONE', #11811, #2893, #7456, .T. ) ;
#3356 =( LENGTH_UNIT ( ) NAMED_UNIT ( * ) SI_UNIT ( .MILLI., .METRE. ) );
#3357 = DIRECTION ( 'NONE',  ( -0.0000000000000000000, -0.0000000000000000000, 1.000000000000000000 ) ) ;
#3358 = EDGE_CURVE ( 'NONE', #12814, #4027, #1917, .T. ) ;
#3359 = DIRECTION ( 'NONE',  ( 0.0000000000000000000, 1.000000000000000000, 0.0000000000000000000 ) ) ;
#3360 = VERTEX_POINT ( 'NONE', #4089 ) ;
#3361 = CARTESIAN_POINT ( 'NONE',  ( 5.803711675999998900, 10.96964580000000200, 11.03698555000000100 ) ) ;
#3362 = ORIENTED_EDGE ( 'NONE', *, *, #7530, .T. ) ;
#3363 = FILL_AREA_STYLE ('',( #12626 ) ) ;
#3364 = ORIENTED_EDGE ( 'NONE', *, *, #3883, .F. ) ;
#3365 = UNCERTAINTY_MEASURE_WITH_UNIT (LENGTH_MEASURE( 1.000000000000000100E-005 ), #2416, 'distance_accuracy_value', 'NONE');
#3366 = LINE ( 'NONE', #8884, #8896 ) ;
#3367 = VECTOR ( 'NONE', #12438, 1000.000000000000000 ) ;
#3368 = CARTESIAN_POINT ( 'NONE',  ( -5.333999999999999600, -1.778000000000000200, -7.924799999999999400 ) ) ;
#3369 = FACE_BOUND ( 'NONE', #3835, .T. ) ;
#3370 = PRESENTATION_STYLE_ASSIGNMENT (( #12782 ) ) ;
#3371 = MECHANICAL_DESIGN_GEOMETRIC_PRESENTATION_REPRESENTATION (  '', ( #1978 ), #4086 ) ;
#3372 = CYLINDRICAL_SURFACE ( 'NONE', #13444, 2.626098063999997600 ) ;
#3373 = CARTESIAN_POINT ( 'NONE',  ( 5.333999999999999600, -1.778000000000000200, -7.569200000000000400 ) ) ;
#3374 = ORIENTED_EDGE ( 'NONE', *, *, #8724, .T. ) ;
#3375 = ORIENTED_EDGE ( 'NONE', *, *, #4750, .F. ) ;
#3376 = STYLED_ITEM ( 'NONE', ( #5178 ), #7314 ) ;
#3377 = SURFACE_STYLE_FILL_AREA ( #1138 ) ;
#3378 = EDGE_LOOP ( 'NONE', ( #12778, #6916, #9391, #5319 ) ) ;
#3379 = ORIENTED_EDGE ( 'NONE', *, *, #6847, .F. ) ;
#3380 = CARTESIAN_POINT ( 'NONE',  ( -5.804110354999999700, 10.96964580000000200, 11.03698555000000100 ) ) ;
#3381 = PRESENTATION_STYLE_ASSIGNMENT (( #503 ) ) ;
#3382 = EDGE_CURVE ( 'NONE', #7410, #11216, #4361, .T. ) ;
#3383 = SURFACE_STYLE_USAGE ( .BOTH. , #9630 ) ;
#3384 = MECHANICAL_DESIGN_GEOMETRIC_PRESENTATION_REPRESENTATION (  '', ( #1290 ), #4102 ) ;
#3385 = SURFACE_STYLE_USAGE ( .BOTH. , #9633 ) ;
#3386 = PRESENTATION_STYLE_ASSIGNMENT (( #2504 ) ) ;
#3387 = VERTEX_POINT ( 'NONE', #4132 ) ;
#3388 = ORIENTED_EDGE ( 'NONE', *, *, #8218, .F. ) ;
#3389 = COLOUR_RGB ( '',0.7529411764705882200, 0.7529411764705882200, 0.7529411764705882200 ) ;
#3390 = ORIENTED_EDGE ( 'NONE', *, *, #10420, .T. ) ;
#3391 = SURFACE_STYLE_FILL_AREA ( #4595 ) ;
#3392 =( GEOMETRIC_REPRESENTATION_CONTEXT ( 3 ) GLOBAL_UNCERTAINTY_ASSIGNED_CONTEXT ( ( #7770 ) ) GLOBAL_UNIT_ASSIGNED_CONTEXT ( ( #9354, #9732, #9786 ) ) REPRESENTATION_CONTEXT ( 'NONE', 'WORKASPACE' ) );
#3393 = CARTESIAN_POINT ( 'NONE',  ( 5.804110354779402000, 10.65445416715000000, 11.56604519000000100 ) ) ;
#3394 = PRESENTATION_STYLE_ASSIGNMENT (( #10241 ) ) ;
#3395 =( LENGTH_UNIT ( ) NAMED_UNIT ( * ) SI_UNIT ( .MILLI., .METRE. ) );
#3396 = EDGE_LOOP ( 'NONE', ( #11266, #8416, #8064, #10845 ) ) ;
#3397 =( NAMED_UNIT ( * ) PLANE_ANGLE_UNIT ( ) SI_UNIT ( $, .RADIAN. ) );
#3398 = DIRECTION ( 'NONE',  ( -0.0000000000000000000, -0.0000000000000000000, 1.000000000000000000 ) ) ;
#3399 = AXIS2_PLACEMENT_3D ( 'NONE', #202, #7510, #1261 ) ;
#3400 =( LENGTH_UNIT ( ) NAMED_UNIT ( * ) SI_UNIT ( .MILLI., .METRE. ) );
#3401 = EDGE_LOOP ( 'NONE', ( #9253, #5172, #5883, #10590 ) ) ;
#3402 = SURFACE_SIDE_STYLE ('',( #6370 ) ) ;
#3403 = CARTESIAN_POINT ( 'NONE',  ( -8.762999999999999900, 8.248718325999997000, -9.026401162000000900 ) ) ;
#3404 =( LENGTH_UNIT ( ) NAMED_UNIT ( * ) SI_UNIT ( .MILLI., .METRE. ) );
#3405 = DIRECTION ( 'NONE',  ( 0.0000000000000000000, 0.0000000000000000000, 1.000000000000000000 ) ) ;
#3406 = PRESENTATION_STYLE_ASSIGNMENT (( #4659 ) ) ;
#3407 = ORIENTED_EDGE ( 'NONE', *, *, #12034, .T. ) ;
#3408 = COLOUR_RGB ( '',0.7490196078431372600, 1.000000000000000000, 1.000000000000000000 ) ;
#3409 = ADVANCED_FACE ( 'NONE', ( #6791 ), #272, .F. ) ;
#3410 = ORIENTED_EDGE ( 'NONE', *, *, #13301, .T. ) ;
#3411 = AXIS2_PLACEMENT_3D ( 'NONE', #10625, #4386, #11614 ) ;
#3412 = LINE ( 'NONE', #10456, #3114 ) ;
#3413 = DIRECTION ( 'NONE',  ( 1.000000000000000000, 0.0000000000000000000, 0.0000000000000000000 ) ) ;
#3414 = LINE ( 'NONE', #1436, #11356 ) ;
#3415 = LINE ( 'NONE', #11398, #8622 ) ;
#3416 = VECTOR ( 'NONE', #12382, 1000.000000000000000 ) ;
#3417 =( NAMED_UNIT ( * ) SI_UNIT ( $, .STERADIAN. ) SOLID_ANGLE_UNIT ( ) );
#3418 = ORIENTED_EDGE ( 'NONE', *, *, #13001, .F. ) ;
#3419 = PRESENTATION_STYLE_ASSIGNMENT (( #4184 ) ) ;
#3420 = FACE_OUTER_BOUND ( 'NONE', #4082, .T. ) ;
#3421 = CARTESIAN_POINT ( 'NONE',  ( -8.890000000000000600, 10.32884636800000100, 8.814624416000002700 ) ) ;
#3422 = FILL_AREA_STYLE ('',( #5475 ) ) ;
#3423 =( GEOMETRIC_REPRESENTATION_CONTEXT ( 3 ) GLOBAL_UNCERTAINTY_ASSIGNED_CONTEXT ( ( #1965 ) ) GLOBAL_UNIT_ASSIGNED_CONTEXT ( ( #3736, #10990, #4769 ) ) REPRESENTATION_CONTEXT ( 'NONE', 'WORKASPACE' ) );
#3424 = PLANE ( 'NONE',  #12988 ) ;
#3425 = EDGE_LOOP ( 'NONE', ( #5059, #8672, #981, #6602 ) ) ;
#3426 = FILL_AREA_STYLE_COLOUR ( '', #802 ) ;
#3427 = DIRECTION ( 'NONE',  ( -0.0000000000000000000, -0.0000000000000000000, -1.000000000000000000 ) ) ;
#3428 = DIRECTION ( 'NONE',  ( 1.000000000000000000, -0.0000000000000000000, -0.0000000000000000000 ) ) ;
#3429 = SURFACE_STYLE_FILL_AREA ( #11099 ) ;
#3430 = LINE ( 'NONE', #6926, #7664 ) ;
#3431 = ORIENTED_EDGE ( 'NONE', *, *, #11670, .T. ) ;
#3432 = LINE ( 'NONE', #9341, #8972 ) ;
#3433 = VECTOR ( 'NONE', #1684, 1000.000000000000000 ) ;
#3434 = DIRECTION ( 'NONE',  ( -0.0000000000000000000, -1.000000000000000000, -0.0000000000000000000 ) ) ;
#3435 = EDGE_CURVE ( 'NONE', #10367, #6716, #5835, .T. ) ;
#3436 = MECHANICAL_DESIGN_GEOMETRIC_PRESENTATION_REPRESENTATION (  '', ( #2035 ), #4143 ) ;
#3437 = EDGE_CURVE ( 'NONE', #9355, #108, #3076, .T. ) ;
#3438 = FILL_AREA_STYLE ('',( #4530 ) ) ;
#3439 = VECTOR ( 'NONE', #12090, 1000.000000000000000 ) ;
#3440 = EDGE_CURVE ( 'NONE', #4438, #6493, #11325, .T. ) ;
#3441 = CARTESIAN_POINT ( 'NONE',  ( 8.939999999999999500, -0.7111962200000000500, -1.447799999999999800 ) ) ;
#3442 = FILL_AREA_STYLE ('',( #2405 ) ) ;
#3443 =( NAMED_UNIT ( * ) SI_UNIT ( $, .STERADIAN. ) SOLID_ANGLE_UNIT ( ) );
#3444 =( LENGTH_UNIT ( ) NAMED_UNIT ( * ) SI_UNIT ( .MILLI., .METRE. ) );
#3445 =( NAMED_UNIT ( * ) SI_UNIT ( $, .STERADIAN. ) SOLID_ANGLE_UNIT ( ) );
#3446 = CARTESIAN_POINT ( 'NONE',  ( 8.990000000000000200, 1.247224551937484300, -1.447800000000000000 ) ) ;
#3447 = CARTESIAN_POINT ( 'NONE',  ( -11.08307291446369700, 5.838368695790791200, 10.17054267873026600 ) ) ;
#3448 = MECHANICAL_DESIGN_GEOMETRIC_PRESENTATION_REPRESENTATION (  '', ( #2047 ), #4151 ) ;
#3449 = MECHANICAL_DESIGN_GEOMETRIC_PRESENTATION_REPRESENTATION (  '', ( #2051 ), #4153 ) ;
#3450 = PRESENTATION_LAYER_ASSIGNMENT (  '', '', ( #2779 ) ) ;
#3451 = VERTEX_POINT ( 'NONE', #15 ) ;
#3452 = CARTESIAN_POINT ( 'NONE',  ( 5.333999999999999600, -1.778000000000000200, -7.924799999999999400 ) ) ;
#3453 = UNCERTAINTY_MEASURE_WITH_UNIT (LENGTH_MEASURE( 1.000000000000000100E-005 ), #3967, 'distance_accuracy_value', 'NONE');
#3454 = EDGE_CURVE ( 'NONE', #6738, #9807, #5504, .T. ) ;
#3455 = COLOUR_RGB ( '',0.7490196078431372600, 1.000000000000000000, 1.000000000000000000 ) ;
#3456 = EDGE_CURVE ( 'NONE', #5118, #2911, #11016, .T. ) ;
#3457 =( LENGTH_UNIT ( ) NAMED_UNIT ( * ) SI_UNIT ( .MILLI., .METRE. ) );
#3458 = AXIS2_PLACEMENT_3D ( 'NONE', #7886, #1664, #8934 ) ;
#3459 = DIRECTION ( 'NONE',  ( 0.0000000000000000000, -1.000000000000000000, 0.0000000000000000000 ) ) ;
#3460 = DIRECTION ( 'NONE',  ( -1.000000000000000000, -0.0000000000000000000, -0.0000000000000000000 ) ) ;
#3461 = DIRECTION ( 'NONE',  ( 0.0000000000000000000, 0.0000000000000000000, 1.000000000000000000 ) ) ;
#3462 = ORIENTED_EDGE ( 'NONE', *, *, #5119, .F. ) ;
#3463 = VERTEX_POINT ( 'NONE', #12420 ) ;
#3464 = AXIS2_PLACEMENT_3D ( 'NONE', #5493, #12700, #6531 ) ;
#3465 = CARTESIAN_POINT ( 'NONE',  ( -1.270000000000000000, -1.778000000000000200, -7.752571040000001200 ) ) ;
#3466 = CARTESIAN_POINT ( 'NONE',  ( -4.254710354999999400, 11.08582716833892000, 4.905350693591811900 ) ) ;
#3467 = COLOUR_RGB ( '',0.7490196078431372600, 1.000000000000000000, 1.000000000000000000 ) ;
#3468 = DIRECTION ( 'NONE',  ( -0.0000000000000000000, -1.000000000000000000, -0.0000000000000000000 ) ) ;
#3470 = AXIS2_PLACEMENT_3D ( 'NONE', #832, #8902, #6527 ) ;
#3469 =( NAMED_UNIT ( * ) PLANE_ANGLE_UNIT ( ) SI_UNIT ( $, .RADIAN. ) );
#3471 = UNCERTAINTY_MEASURE_WITH_UNIT (LENGTH_MEASURE( 1.000000000000000100E-005 ), #13434, 'distance_accuracy_value', 'NONE');
#3472 = ADVANCED_FACE ( 'NONE', ( #5180 ), #3171, .T. ) ;
#3473 = PRESENTATION_LAYER_ASSIGNMENT (  '', '', ( #4177 ) ) ;
#3474 = PRESENTATION_LAYER_ASSIGNMENT (  '', '', ( #2805 ) ) ;
#3475 = CARTESIAN_POINT ( 'NONE',  ( 4.254710355111192200, 11.09975097700000100, 11.22993965000000200 ) ) ;
#3476 = EDGE_CURVE ( 'NONE', #2872, #3735, #1420, .T. ) ;
#3477 = ORIENTED_EDGE ( 'NONE', *, *, #4773, .F. ) ;
#3478 = STYLED_ITEM ( 'NONE', ( #5597 ), #10093 ) ;
#3479 = VERTEX_POINT ( 'NONE', #3258 ) ;
#3480 = DIRECTION ( 'NONE',  ( 1.000000000000000000, 0.0000000000000000000, 0.0000000000000000000 ) ) ;
#3481 = FILL_AREA_STYLE ('',( #4329 ) ) ;
#3482 = VECTOR ( 'NONE', #7388, 1000.000000000000000 ) ;
#3483 = DIRECTION ( 'NONE',  ( 1.000000000000000000, 0.0000000000000000000, 0.0000000000000000000 ) ) ;
#3484 = FACE_OUTER_BOUND ( 'NONE', #6248, .T. ) ;
#3485 = CARTESIAN_POINT ( 'NONE',  ( 8.382000000000001400, 10.54100000000000000, 8.271012280958787600 ) ) ;
#3486 = CARTESIAN_POINT ( 'NONE',  ( -7.772400000000000200, 0.0000000000000000000, 2.920999999999999800 ) ) ;
#3487 = VERTEX_POINT ( 'NONE', #10445 ) ;
#3488 = SURFACE_STYLE_USAGE ( .BOTH. , #9740 ) ;
#3489 =( GEOMETRIC_REPRESENTATION_CONTEXT ( 3 ) GLOBAL_UNCERTAINTY_ASSIGNED_CONTEXT ( ( #10074 ) ) GLOBAL_UNIT_ASSIGNED_CONTEXT ( ( #7677, #1440, #8709 ) ) REPRESENTATION_CONTEXT ( 'NONE', 'WORKASPACE' ) );
#3490 = VERTEX_POINT ( 'NONE', #10525 ) ;
#3491 = ORIENTED_EDGE ( 'NONE', *, *, #10190, .T. ) ;
#3492 = PRESENTATION_LAYER_ASSIGNMENT (  '', '', ( #2824 ) ) ;
#3493 = CARTESIAN_POINT ( 'NONE',  ( 8.890000000000000600, 7.948998323623762000, -2.211001676376236800 ) ) ;
#3494 = CARTESIAN_POINT ( 'NONE',  ( 8.762999999999999900, 10.04879397399999900, -5.381387436999999900 ) ) ;
#3495 = FACE_OUTER_BOUND ( 'NONE', #7728, .T. ) ;
#3496 = EDGE_LOOP ( 'NONE', ( #5270, #5215, #13284, #3462 ) ) ;
#3497 = ORIENTED_EDGE ( 'NONE', *, *, #1412, .F. ) ;
#3498 = CARTESIAN_POINT ( 'NONE',  ( -8.635999999999999200, 0.0000000000000000000, -8.664998163999998200 ) ) ;
#3499 = DIRECTION ( 'NONE',  ( 0.0000000000000000000, 1.000000000000000000, 0.0000000000000000000 ) ) ;
#3500 = EDGE_CURVE ( 'NONE', #10976, #12841, #12103, .T. ) ;
#3501 = FACE_OUTER_BOUND ( 'NONE', #9180, .T. ) ;
#3502 =( NAMED_UNIT ( * ) SI_UNIT ( $, .STERADIAN. ) SOLID_ANGLE_UNIT ( ) );
#3503 = VECTOR ( 'NONE', #6529, 1000.000000000000000 ) ;
#3504 =( LENGTH_UNIT ( ) NAMED_UNIT ( * ) SI_UNIT ( .MILLI., .METRE. ) );
#3505 = ORIENTED_EDGE ( 'NONE', *, *, #6677, .T. ) ;
#3506 = CARTESIAN_POINT ( 'NONE',  ( 8.826499999999999300, 1.842001269000000100, -10.75399881200000100 ) ) ;
#3507 = ORIENTED_EDGE ( 'NONE', *, *, #2097, .F. ) ;
#3508 = CARTESIAN_POINT ( 'NONE',  ( -5.841999999999999600, 0.0000000000000000000, -10.10920000000000100 ) ) ;
#3509 = UNCERTAINTY_MEASURE_WITH_UNIT (LENGTH_MEASURE( 1.000000000000000100E-005 ), #13196, 'distance_accuracy_value', 'NONE');
#3510 = EDGE_CURVE ( 'NONE', #10316, #5121, #9412, .T. ) ;
#3511 = ORIENTED_EDGE ( 'NONE', *, *, #4439, .T. ) ;
#3512 = LINE ( 'NONE', #9071, #3201 ) ;
#3513 = MECHANICAL_DESIGN_GEOMETRIC_PRESENTATION_REPRESENTATION (  '', ( #707 ), #4225 ) ;
#3514 = FILL_AREA_STYLE ('',( #5581 ) ) ;
#3515 = LINE ( 'NONE', #6437, #3203 ) ;
#3516 = LINE ( 'NONE', #5710, #8729 ) ;
#3517 =( NAMED_UNIT ( * ) PLANE_ANGLE_UNIT ( ) SI_UNIT ( $, .RADIAN. ) );
#3518 = PLANE ( 'NONE',  #3916 ) ;
#3519 = ORIENTED_EDGE ( 'NONE', *, *, #12320, .T. ) ;
#3520 = ORIENTED_EDGE ( 'NONE', *, *, #6677, .F. ) ;
#3521 =( LENGTH_UNIT ( ) NAMED_UNIT ( * ) SI_UNIT ( .MILLI., .METRE. ) );
#3522 = CIRCLE ( 'NONE', #9121, 4.317854963000002000 ) ;
#3523 = CARTESIAN_POINT ( 'NONE',  ( 7.264400000000000200, -1.778000000000000200, 4.953000000000001200 ) ) ;
#3524 = DIRECTION ( 'NONE',  ( 0.0000000000000000000, 0.0000000000000000000, 1.000000000000000000 ) ) ;
#3525 = CIRCLE ( 'NONE', #11231, 0.4683488320000005500 ) ;
#3526 = MECHANICAL_DESIGN_GEOMETRIC_PRESENTATION_REPRESENTATION (  '', ( #1443 ), #4236 ) ;
#3527 = ORIENTED_EDGE ( 'NONE', *, *, #5660, .T. ) ;
#3528 = EDGE_LOOP ( 'NONE', ( #3249, #9193, #10478, #4915 ) ) ;
#3529 = VECTOR ( 'NONE', #6601, 1000.000000000000000 ) ;
#3530 = VECTOR ( 'NONE', #1903, 1000.000000000000000 ) ;
#3531 =( LENGTH_UNIT ( ) NAMED_UNIT ( * ) SI_UNIT ( .MILLI., .METRE. ) );
#3532 =( LENGTH_UNIT ( ) NAMED_UNIT ( * ) SI_UNIT ( .MILLI., .METRE. ) );
#3533 = DIRECTION ( 'NONE',  ( -1.000000000000000000, 0.0000000000000000000, 0.0000000000000000000 ) ) ;
#3534 = EDGE_CURVE ( 'NONE', #2803, #6493, #6616, .T. ) ;
#3535 = VECTOR ( 'NONE', #13120, 1000.000000000000200 ) ;
#3536 = FACE_OUTER_BOUND ( 'NONE', #7968, .T. ) ;
#3537 = ADVANCED_FACE ( 'NONE', ( #1076 ), #9531, .T. ) ;
#3538 = ORIENTED_EDGE ( 'NONE', *, *, #7703, .F. ) ;
#3539 =( GEOMETRIC_REPRESENTATION_CONTEXT ( 3 ) GLOBAL_UNCERTAINTY_ASSIGNED_CONTEXT ( ( #4385 ) ) GLOBAL_UNIT_ASSIGNED_CONTEXT ( ( #3135, #10400, #4163 ) ) REPRESENTATION_CONTEXT ( 'NONE', 'WORKASPACE' ) );
#3540 = ORIENTED_EDGE ( 'NONE', *, *, #2934, .F. ) ;
#3541 = VECTOR ( 'NONE', #3033, 1000.000000000000000 ) ;
#3542 =( LENGTH_UNIT ( ) NAMED_UNIT ( * ) SI_UNIT ( .MILLI., .METRE. ) );
#3543 = DIRECTION ( 'NONE',  ( -1.000000000000000000, 0.0000000000000000000, 0.0000000000000000000 ) ) ;
#3544 = ORIENTED_EDGE ( 'NONE', *, *, #10420, .F. ) ;
#3545 =( NAMED_UNIT ( * ) SI_UNIT ( $, .STERADIAN. ) SOLID_ANGLE_UNIT ( ) );
#3546 = DIRECTION ( 'NONE',  ( -0.0000000000000000000, -1.000000000000000000, -0.0000000000000000000 ) ) ;
#3547 = VECTOR ( 'NONE', #8866, 1000.000000000000000 ) ;
#3548 = STYLED_ITEM ( 'NONE', ( #1157 ), #3815 ) ;
#3549 = FACE_BOUND ( 'NONE', #4657, .T. ) ;
#3550 =( LENGTH_UNIT ( ) NAMED_UNIT ( * ) SI_UNIT ( .MILLI., .METRE. ) );
#3551 = FILL_AREA_STYLE_COLOUR ( '', #11332 ) ;
#3552 = SURFACE_STYLE_FILL_AREA ( #8286 ) ;
#3553 = MECHANICAL_DESIGN_GEOMETRIC_PRESENTATION_REPRESENTATION (  '', ( #2160 ), #4255 ) ;
#3554 =( GEOMETRIC_REPRESENTATION_CONTEXT ( 3 ) GLOBAL_UNCERTAINTY_ASSIGNED_CONTEXT ( ( #7615 ) ) GLOBAL_UNIT_ASSIGNED_CONTEXT ( ( #2664, #9929, #3684 ) ) REPRESENTATION_CONTEXT ( 'NONE', 'WORKASPACE' ) );
#3555 = EDGE_LOOP ( 'NONE', ( #4233, #5748, #3497, #10449 ) ) ;
#3556 = SURFACE_STYLE_USAGE ( .BOTH. , #3605 ) ;
#3557 = DIRECTION ( 'NONE',  ( -0.0000000000000000000, -1.000000000000000000, -0.0000000000000000000 ) ) ;
#3558 = EDGE_CURVE ( 'NONE', #6948, #4789, #10860, .T. ) ;
#3559 = CARTESIAN_POINT ( 'NONE',  ( 4.254710355500366200, 10.65445416727278000, 11.56604518996393700 ) ) ;
#3560 = STYLED_ITEM ( 'NONE', ( #13177 ), #9497 ) ;
#3561 = CARTESIAN_POINT ( 'NONE',  ( -0.7620000000000001200, -0.8890000000000001200, -7.569200000000000400 ) ) ;
#3562 = EDGE_LOOP ( 'NONE', ( #12409, #350, #6496, #12435 ) ) ;
#3563 = VERTEX_POINT ( 'NONE', #3338 ) ;
#3564 = EDGE_LOOP ( 'NONE', ( #13193, #2175, #11278, #12241, #12394, #7486, #784, #3703 ) ) ;
#3565 = EDGE_LOOP ( 'NONE', ( #6281, #8860, #2027, #2242 ) ) ;
#3566 = SURFACE_STYLE_FILL_AREA ( #7849 ) ;
#3567 = PRESENTATION_LAYER_ASSIGNMENT (  '', '', ( #2178 ) ) ;
#3568 = LINE ( 'NONE', #5343, #3255 ) ;
#3569 = AXIS2_PLACEMENT_3D ( 'NONE', #1848, #9139, #2922 ) ;
#3570 = CARTESIAN_POINT ( 'NONE',  ( 0.0000000000000000000, 11.04899999999999900, -12.06500000000000100 ) ) ;
#3571 = DIRECTION ( 'NONE',  ( 1.000000000000000000, -0.0000000000000000000, 0.0000000000000000000 ) ) ;
#3572 = LINE ( 'NONE', #6788, #11196 ) ;
#3573 = LINE ( 'NONE', #6608, #790 ) ;
#3574 = CARTESIAN_POINT ( 'NONE',  ( 4.527472041999999400, 10.54099999999999900, 3.802000015999999600 ) ) ;
#3575 = ORIENTED_EDGE ( 'NONE', *, *, #11245, .T. ) ;
#3576 =( NAMED_UNIT ( * ) SI_UNIT ( $, .STERADIAN. ) SOLID_ANGLE_UNIT ( ) );
#3577 = LINE ( 'NONE', #5315, #792 ) ;
#3578 = PRESENTATION_LAYER_ASSIGNMENT (  '', '', ( #2894 ) ) ;
#3579 = CARTESIAN_POINT ( 'NONE',  ( -8.635999999999999200, 10.04879397399999900, -4.581387004999999800 ) ) ;
#3580 = LINE ( 'NONE', #5413, #793 ) ;
#3581 = PLANE ( 'NONE',  #2350 ) ;
#3582 = ORIENTED_EDGE ( 'NONE', *, *, #2496, .T. ) ;
#3583 =( NAMED_UNIT ( * ) SI_UNIT ( $, .STERADIAN. ) SOLID_ANGLE_UNIT ( ) );
#3584 = SURFACE_STYLE_FILL_AREA ( #8176 ) ;
#3585 = AXIS2_PLACEMENT_3D ( 'NONE', #47, #7340, #1086 ) ;
#3586 = VECTOR ( 'NONE', #2955, 1000.000000000000000 ) ;
#3587 = LINE ( 'NONE', #10598, #11215 ) ;
#3588 = CYLINDRICAL_SURFACE ( 'NONE', #7592, 0.5079999999999997900 ) ;
#3589 = FACE_BOUND ( 'NONE', #10469, .T. ) ;
#3590 = ORIENTED_EDGE ( 'NONE', *, *, #6217, .T. ) ;
#3591 = COLOUR_RGB ( '',0.7490196078431372600, 1.000000000000000000, 1.000000000000000000 ) ;
#3592 = VECTOR ( 'NONE', #12131, 1000.000000000000000 ) ;
#3593 = DIRECTION ( 'NONE',  ( -1.000000000000000000, -1.707404996040159200E-015, 0.0000000000000000000 ) ) ;
#3594 =( GEOMETRIC_REPRESENTATION_CONTEXT ( 3 ) GLOBAL_UNCERTAINTY_ASSIGNED_CONTEXT ( ( #11491 ) ) GLOBAL_UNIT_ASSIGNED_CONTEXT ( ( #6103, #13316, #7143 ) ) REPRESENTATION_CONTEXT ( 'NONE', 'WORKASPACE' ) );
#3595 = CARTESIAN_POINT ( 'NONE',  ( -10.90189126880715300, 8.324305031073045300, 8.912630530231295400 ) ) ;
#3596 =( NAMED_UNIT ( * ) SI_UNIT ( $, .STERADIAN. ) SOLID_ANGLE_UNIT ( ) );
#3597 = CARTESIAN_POINT ( 'NONE',  ( 2.286000000000000500, -1.778000000000000200, -10.46480000000000000 ) ) ;
#3598 = UNCERTAINTY_MEASURE_WITH_UNIT (LENGTH_MEASURE( 1.000000000000000100E-005 ), #8299, 'distance_accuracy_value', 'NONE');
#3599 = CARTESIAN_POINT ( 'NONE',  ( -1.270000000000000000, -0.8890000000000001200, -7.935942080000001100 ) ) ;
#3600 = DIRECTION ( 'NONE',  ( 1.000000000000000000, -0.0000000000000000000, -0.0000000000000000000 ) ) ;
#3601 = FILL_AREA_STYLE_COLOUR ( '', #7621 ) ;
#3602 = FACE_OUTER_BOUND ( 'NONE', #7066, .T. ) ;
#3603 = ORIENTED_EDGE ( 'NONE', *, *, #10511, .T. ) ;
#3604 = EDGE_CURVE ( 'NONE', #10030, #10863, #8087, .T. ) ;
#3605 = SURFACE_SIDE_STYLE ('',( #13245 ) ) ;
#3606 = CARTESIAN_POINT ( 'NONE',  ( 2.286000000000000500, -1.778000000000000200, -10.10920000000000100 ) ) ;
#3607 = PRESENTATION_LAYER_ASSIGNMENT (  '', '', ( #2923 ) ) ;
#3608 = CARTESIAN_POINT ( 'NONE',  ( -8.635999999999999200, 11.04899999999999900, 12.06500000000000100 ) ) ;
#3609 = FILL_AREA_STYLE_COLOUR ( '', #8955 ) ;
#3610 =( NAMED_UNIT ( * ) PLANE_ANGLE_UNIT ( ) SI_UNIT ( $, .RADIAN. ) );
#3611 = FILL_AREA_STYLE ('',( #2581 ) ) ;
#3612 =( NAMED_UNIT ( * ) SI_UNIT ( $, .STERADIAN. ) SOLID_ANGLE_UNIT ( ) );
#3613 = ADVANCED_FACE ( 'NONE', ( #7767 ), #5439, .F. ) ;
#3614 = VECTOR ( 'NONE', #11914, 1000.000000000000000 ) ;
#3615 = VECTOR ( 'NONE', #6352, 1000.000000000000000 ) ;
#3616 = PRESENTATION_STYLE_ASSIGNMENT (( #2858 ) ) ;
#3617 = EDGE_CURVE ( 'NONE', #9677, #5959, #6777, .T. ) ;
#3618 = CARTESIAN_POINT ( 'NONE',  ( 8.635999999999999200, -1.165775448000000000, -1.143000000000000200 ) ) ;
#3619 = CARTESIAN_POINT ( 'NONE',  ( 7.264400000000000200, -0.8890000000000001200, 7.493000000000000300 ) ) ;
#3620 = EDGE_CURVE ( 'NONE', #8377, #4890, #1580, .T. ) ;
#3621 = FILL_AREA_STYLE ('',( #3333 ) ) ;
#3622 = CARTESIAN_POINT ( 'NONE',  ( 8.890000000000000600, -0.7111962200000000500, -1.143000000000000200 ) ) ;
#3623 = FILL_AREA_STYLE ('',( #1526 ) ) ;
#3624 = PLANE ( 'NONE',  #11597 ) ;
#3625 = EDGE_CURVE ( 'NONE', #2705, #6257, #4033, .T. ) ;
#3626 = EDGE_LOOP ( 'NONE', ( #1249, #7685, #8059, #11175 ) ) ;
#3627 = SURFACE_STYLE_USAGE ( .BOTH. , #9875 ) ;
#3628 = VERTEX_POINT ( 'NONE', #9676 ) ;
#3629 = EDGE_LOOP ( 'NONE', ( #10534, #470, #4796, #7884 ) ) ;
#3630 =( LENGTH_UNIT ( ) NAMED_UNIT ( * ) SI_UNIT ( .MILLI., .METRE. ) );
#3631 = CYLINDRICAL_SURFACE ( 'NONE', #2463, 0.3047999999999996300 ) ;
#3632 = PLANE ( 'NONE',  #10818 ) ;
#3633 = VECTOR ( 'NONE', #378, 1000.000000000000000 ) ;
#3634 = AXIS2_PLACEMENT_3D ( 'NONE', #10645, #9836, #8767 ) ;
#3635 = CIRCLE ( 'NONE', #12493, 2.626098063999997600 ) ;
#3636 = STYLED_ITEM ( 'NONE', ( #2607 ), #815 ) ;
#3637 =( GEOMETRIC_REPRESENTATION_CONTEXT ( 3 ) GLOBAL_UNCERTAINTY_ASSIGNED_CONTEXT ( ( #1714 ) ) GLOBAL_UNIT_ASSIGNED_CONTEXT ( ( #3809, #11067, #4852 ) ) REPRESENTATION_CONTEXT ( 'NONE', 'WORKASPACE' ) );
#3638 = DIRECTION ( 'NONE',  ( 0.0000000000000000000, 0.0000000000000000000, -1.000000000000000000 ) ) ;
#3639 = CARTESIAN_POINT ( 'NONE',  ( -8.889999999999998800, 2.758984659360600700, 10.55267244901297000 ) ) ;
#3640 = VERTEX_POINT ( 'NONE', #4472 ) ;
#3641 = PLANE ( 'NONE',  #5317 ) ;
#3642 = EDGE_CURVE ( 'NONE', #3095, #9599, #912, .T. ) ;
#3643 = ORIENTED_EDGE ( 'NONE', *, *, #6151, .F. ) ;
#3644 = FACE_OUTER_BOUND ( 'NONE', #9405, .T. ) ;
#3645 = CARTESIAN_POINT ( 'NONE',  ( -8.890000000000000600, 10.74927999999999900, 0.5892800000000000300 ) ) ;
#3646 = PRESENTATION_LAYER_ASSIGNMENT (  '', '', ( #2253 ) ) ;
#3647 = PRESENTATION_STYLE_ASSIGNMENT (( #38 ) ) ;
#3648 = CARTESIAN_POINT ( 'NONE',  ( 2.286000000000000500, -0.8890000000000001200, -10.46480000000000000 ) ) ;
#3649 = SURFACE_SIDE_STYLE ('',( #7912 ) ) ;
#3650 = AXIS2_PLACEMENT_3D ( 'NONE', #6918, #683, #7990 ) ;
#3651 = ORIENTED_EDGE ( 'NONE', *, *, #3062, .F. ) ;
#3652 = CARTESIAN_POINT ( 'NONE',  ( 8.990000000000000200, 0.2680141659999997800, -1.447799999999999800 ) ) ;
#3654 = MECHANICAL_DESIGN_GEOMETRIC_PRESENTATION_REPRESENTATION (  '', ( #1558 ), #4342 ) ;
#3653 = CARTESIAN_POINT ( 'NONE',  ( 3.355254885999999500, -1.778000000000000200, -1.246957018000000000 ) ) ;
#3655 = SURFACE_STYLE_USAGE ( .BOTH. , #9898 ) ;
#3656 =( GEOMETRIC_REPRESENTATION_CONTEXT ( 3 ) GLOBAL_UNCERTAINTY_ASSIGNED_CONTEXT ( ( #9911 ) ) GLOBAL_UNIT_ASSIGNED_CONTEXT ( ( #12198, #6032, #13227 ) ) REPRESENTATION_CONTEXT ( 'NONE', 'WORKASPACE' ) );
#3657 = STYLED_ITEM ( 'NONE', ( #5272 ), #12562 ) ;
#3658 = EDGE_CURVE ( 'NONE', #9504, #11223, #6449, .T. ) ;
#3659 = VECTOR ( 'NONE', #12975, 1000.000000000000000 ) ;
#3660 = ORIENTED_EDGE ( 'NONE', *, *, #9176, .F. ) ;
#3661 = ORIENTED_EDGE ( 'NONE', *, *, #5313, .T. ) ;
#3662 = EDGE_CURVE ( 'NONE', #4214, #11234, #8903, .T. ) ;
#3663 = FILL_AREA_STYLE ('',( #3950 ) ) ;
#3664 = FILL_AREA_STYLE ('',( #11884 ) ) ;
#3665 = ORIENTED_EDGE ( 'NONE', *, *, #3456, .F. ) ;
#3666 = DIRECTION ( 'NONE',  ( 0.0000000000000000000, 0.0000000000000000000, 1.000000000000000000 ) ) ;
#3667 = CARTESIAN_POINT ( 'NONE',  ( -9.016999999999999500, 9.737793325999998500, -4.673387328999999600 ) ) ;
#3668 = CARTESIAN_POINT ( 'NONE',  ( 8.826499999999999300, 9.737793325999998500, -4.673387329104191900 ) ) ;
#3669 = CARTESIAN_POINT ( 'NONE',  ( -6.310148758399872500, 11.04899999999999900, 11.56604519134881800 ) ) ;
#3670 = PRESENTATION_STYLE_ASSIGNMENT (( #2827 ) ) ;
#3671 = DIRECTION ( 'NONE',  ( 0.9993539390597754300, -0.0000000000000000000, 0.03594029056241360800 ) ) ;
#3672 = CARTESIAN_POINT ( 'NONE',  ( 5.950000000000000200, 8.195800000000000200, 7.785100000000000800 ) ) ;
#3673 = PRESENTATION_LAYER_ASSIGNMENT (  '', '', ( #4368 ) ) ;
#3674 = UNCERTAINTY_MEASURE_WITH_UNIT (LENGTH_MEASURE( 1.000000000000000100E-005 ), #7973, 'distance_accuracy_value', 'NONE');
#3675 = LINE ( 'NONE', #9688, #9201 ) ;
#3676 = ORIENTED_EDGE ( 'NONE', *, *, #7285, .T. ) ;
#3677 = ORIENTED_EDGE ( 'NONE', *, *, #12009, .T. ) ;
#3678 = CARTESIAN_POINT ( 'NONE',  ( -7.772400000000000200, -1.778000000000000200, 2.920999999999999800 ) ) ;
#3679 = ADVANCED_FACE ( 'NONE', ( #6137 ), #5525, .F. ) ;
#3680 = ORIENTED_EDGE ( 'NONE', *, *, #1961, .T. ) ;
#3681 = LINE ( 'NONE', #7584, #6118 ) ;
#3682 = CARTESIAN_POINT ( 'NONE',  ( 5.841999999999999600, -0.8890000000000001200, -10.46480000000000000 ) ) ;
#3683 = COLOUR_RGB ( '',0.7490196078431372600, 1.000000000000000000, 1.000000000000000000 ) ;
#3684 =( NAMED_UNIT ( * ) SI_UNIT ( $, .STERADIAN. ) SOLID_ANGLE_UNIT ( ) );
#3685 = FILL_AREA_STYLE_COLOUR ( '', #518 ) ;
#3686 = AXIS2_PLACEMENT_3D ( 'NONE', #4316, #11556, #5374 ) ;
#3687 = ORIENTED_EDGE ( 'NONE', *, *, #11753, .F. ) ;
#3688 = ORIENTED_EDGE ( 'NONE', *, *, #4593, .T. ) ;
#3689 = DIRECTION ( 'NONE',  ( -0.0000000000000000000, -0.0000000000000000000, -1.000000000000000000 ) ) ;
#3690 = FACE_OUTER_BOUND ( 'NONE', #5656, .T. ) ;
#3691 = ORIENTED_EDGE ( 'NONE', *, *, #9648, .F. ) ;
#3692 = ORIENTED_EDGE ( 'NONE', *, *, #9034, .T. ) ;
#3693 = PLANE ( 'NONE',  #8867 ) ;
#3694 = DIRECTION ( 'NONE',  ( 0.0000000000000000000, 1.000000000000000000, 0.0000000000000000000 ) ) ;
#3695 = VECTOR ( 'NONE', #10417, 1000.000000000000000 ) ;
#3696 =( NAMED_UNIT ( * ) PLANE_ANGLE_UNIT ( ) SI_UNIT ( $, .RADIAN. ) );
#3697 = LINE ( 'NONE', #12769, #6448 ) ;
#3698 = SURFACE_STYLE_FILL_AREA ( #11743 ) ;
#3699 =( GEOMETRIC_REPRESENTATION_CONTEXT ( 3 ) GLOBAL_UNCERTAINTY_ASSIGNED_CONTEXT ( ( #7961 ) ) GLOBAL_UNIT_ASSIGNED_CONTEXT ( ( #2837, #10104, #3869 ) ) REPRESENTATION_CONTEXT ( 'NONE', 'WORKASPACE' ) );
#3700 = DIRECTION ( 'NONE',  ( -8.537024980200839600E-016, 1.000000000000000000, 0.0000000000000000000 ) ) ;
#3701 = CARTESIAN_POINT ( 'NONE',  ( -8.658011855219999800, 9.952328654919750100, 12.06500000000000100 ) ) ;
#3702 = EDGE_CURVE ( 'NONE', #11227, #5484, #7921, .T. ) ;
#3703 = ORIENTED_EDGE ( 'NONE', *, *, #7380, .F. ) ;
#3704 = EDGE_CURVE ( 'NONE', #12578, #3563, #2399, .T. ) ;
#3705 = ORIENTED_EDGE ( 'NONE', *, *, #6549, .T. ) ;
#3706 = EDGE_LOOP ( 'NONE', ( #6833, #13159, #5183, #9363 ) ) ;
#3707 = VECTOR ( 'NONE', #8527, 1000.000000000000000 ) ;
#3708 = LINE ( 'NONE', #5335, #9239 ) ;
#3709 = COLOUR_RGB ( '',0.7490196078431372600, 1.000000000000000000, 1.000000000000000000 ) ;
#3710 = PRESENTATION_STYLE_ASSIGNMENT (( #8412 ) ) ;
#3711 = SURFACE_STYLE_FILL_AREA ( #2186 ) ;
#3712 =( NAMED_UNIT ( * ) SI_UNIT ( $, .STERADIAN. ) SOLID_ANGLE_UNIT ( ) );
#3713 = FACE_OUTER_BOUND ( 'NONE', #3401, .T. ) ;
#3714 = PRESENTATION_LAYER_ASSIGNMENT (  '', '', ( #2322 ) ) ;
#3715 =( LENGTH_UNIT ( ) NAMED_UNIT ( * ) SI_UNIT ( .MILLI., .METRE. ) );
#3716 = CIRCLE ( 'NONE', #9581, 0.5000000000000004400 ) ;
#3717 = DIRECTION ( 'NONE',  ( 0.0000000000000000000, 1.000000000000000000, 0.0000000000000000000 ) ) ;
#3718 = STYLED_ITEM ( 'NONE', ( #4561 ), #251 ) ;
#3719 = VERTEX_POINT ( 'NONE', #7699 ) ;
#3720 =( GEOMETRIC_REPRESENTATION_CONTEXT ( 3 ) GLOBAL_UNCERTAINTY_ASSIGNED_CONTEXT ( ( #12312 ) ) GLOBAL_UNIT_ASSIGNED_CONTEXT ( ( #9278, #3060, #10325 ) ) REPRESENTATION_CONTEXT ( 'NONE', 'WORKASPACE' ) );
#3721 = CARTESIAN_POINT ( 'NONE',  ( -5.029037554499999500, 10.65445416729999900, 11.56604519000000100 ) ) ;
#3722 = CARTESIAN_POINT ( 'NONE',  ( 4.254710354999999400, 11.04563829300000100, 11.56604519000000100 ) ) ;
#3723 = PRESENTATION_STYLE_ASSIGNMENT (( #11279 ) ) ;
#3724 = LINE ( 'NONE', #12415, #943 ) ;
#3725 = VERTEX_POINT ( 'NONE', #395 ) ;
#3726 =( NAMED_UNIT ( * ) PLANE_ANGLE_UNIT ( ) SI_UNIT ( $, .RADIAN. ) );
#3727 = DIRECTION ( 'NONE',  ( -1.000000000000000000, -1.707404996040165300E-015, -0.0000000000000000000 ) ) ;
#3728 = VECTOR ( 'NONE', #7651, 1000.000000000000000 ) ;
#3729 = EDGE_CURVE ( 'NONE', #3157, #12134, #2061, .T. ) ;
#3730 = UNCERTAINTY_MEASURE_WITH_UNIT (LENGTH_MEASURE( 1.000000000000000100E-005 ), #5793, 'distance_accuracy_value', 'NONE');
#3731 = SURFACE_STYLE_FILL_AREA ( #6663 ) ;
#3732 = EDGE_CURVE ( 'NONE', #10561, #1334, #5163, .T. ) ;
#3733 = STYLED_ITEM ( 'NONE', ( #10383 ), #8659 ) ;
#3734 = VERTEX_POINT ( 'NONE', #10841 ) ;
#3735 = VERTEX_POINT ( 'NONE', #11828 ) ;
#3736 =( LENGTH_UNIT ( ) NAMED_UNIT ( * ) SI_UNIT ( .MILLI., .METRE. ) );
#3737 = DIRECTION ( 'NONE',  ( 1.000000000000000000, -0.0000000000000000000, -0.0000000000000000000 ) ) ;
#3738 = PRESENTATION_STYLE_ASSIGNMENT (( #8762 ) ) ;
#3739 = DIRECTION ( 'NONE',  ( -8.537024980200826700E-016, 1.000000000000000000, 0.0000000000000000000 ) ) ;
#3740 = PRESENTATION_LAYER_ASSIGNMENT (  '', '', ( #2342 ) ) ;
#3741 = CARTESIAN_POINT ( 'NONE',  ( 9.575707996999998500, 10.54099999999999900, 10.36402441600000100 ) ) ;
#3742 = STYLED_ITEM ( 'NONE', ( #11161 ), #1497 ) ;
#3743 = EDGE_LOOP ( 'NONE', ( #7473, #10178, #294, #12359 ) ) ;
#3744 = SURFACE_STYLE_FILL_AREA ( #2635 ) ;
#3745 =( LENGTH_UNIT ( ) NAMED_UNIT ( * ) SI_UNIT ( .MILLI., .METRE. ) );
#3746 = MECHANICAL_DESIGN_GEOMETRIC_PRESENTATION_REPRESENTATION (  '', ( #1655 ), #4436 ) ;
#3747 = ORIENTED_EDGE ( 'NONE', *, *, #7203, .T. ) ;
#3748 = EDGE_CURVE ( 'NONE', #11254, #10685, #4824, .T. ) ;
#3749 = ORIENTED_EDGE ( 'NONE', *, *, #2831, .F. ) ;
#3750 = ORIENTED_EDGE ( 'NONE', *, *, #10102, .T. ) ;
#3751 = LINE ( 'NONE', #9330, #8619 ) ;
#3752 = AXIS2_PLACEMENT_3D ( 'NONE', #12811, #6622, #5642 ) ;
#3753 = CARTESIAN_POINT ( 'NONE',  ( -9.326660973907278800, 3.942475241296456500, 9.082254298602768100 ) ) ;
#3754 = ADVANCED_FACE ( 'NONE', ( #10044 ), #11458, .T. ) ;
#3755 = SURFACE_STYLE_FILL_AREA ( #4643 ) ;
#3756 = FACE_OUTER_BOUND ( 'NONE', #7857, .T. ) ;
#3757 = VERTEX_POINT ( 'NONE', #12911 ) ;
#3758 = LINE ( 'NONE', #992, #9290 ) ;
#3759 = VECTOR ( 'NONE', #9369, 1000.000000000000000 ) ;
#3760 = STYLED_ITEM ( 'NONE', ( #11678 ), #2675 ) ;
#3761 = MECHANICAL_DESIGN_GEOMETRIC_PRESENTATION_REPRESENTATION (  '', ( #1662 ), #4453 ) ;
#3762 = DIRECTION ( 'NONE',  ( 0.0000000000000000000, -0.7981611602624317800, 0.6024439909639143200 ) ) ;
#3763 = DIRECTION ( 'NONE',  ( 0.0000000000000000000, 0.0000000000000000000, -1.000000000000000000 ) ) ;
#3764 = ORIENTED_EDGE ( 'NONE', *, *, #5914, .F. ) ;
#3765 = SURFACE_SIDE_STYLE ('',( #12250 ) ) ;
#3766 = FACE_OUTER_BOUND ( 'NONE', #12443, .T. ) ;
#3767 =( LENGTH_UNIT ( ) NAMED_UNIT ( * ) SI_UNIT ( .MILLI., .METRE. ) );
#3768 = LINE ( 'NONE', #8988, #1313 ) ;
#3769 = AXIS2_PLACEMENT_3D ( 'NONE', #1050, #12519, #3265 ) ;
#3770 = LINE ( 'NONE', #9403, #11694 ) ;
#3771 = EDGE_LOOP ( 'NONE', ( #10767, #11288, #6580, #2836 ) ) ;
#3772 = LINE ( 'NONE', #3741, #989 ) ;
#3773 = DIRECTION ( 'NONE',  ( 1.000000000000000000, -0.0000000000000000000, 0.0000000000000000000 ) ) ;
#3774 = FILL_AREA_STYLE ('',( #8947 ) ) ;
#3775 = FACE_OUTER_BOUND ( 'NONE', #9857, .T. ) ;
#3776 = CARTESIAN_POINT ( 'NONE',  ( -8.610600000020255600, 10.54099999999999900, 10.36402441594626500 ) ) ;
#3777 = AXIS2_PLACEMENT_3D ( 'NONE', #6774, #529, #7833 ) ;
#3778 =( NAMED_UNIT ( * ) SI_UNIT ( $, .STERADIAN. ) SOLID_ANGLE_UNIT ( ) );
#3779 = VECTOR ( 'NONE', #3834, 1000.000000000000000 ) ;
#3780 = FACE_OUTER_BOUND ( 'NONE', #7732, .T. ) ;
#3781 = EDGE_CURVE ( 'NONE', #5348, #8202, #3516, .T. ) ;
#3782 = PRESENTATION_STYLE_ASSIGNMENT (( #1255 ) ) ;
#3783 = PRESENTATION_LAYER_ASSIGNMENT (  '', '', ( #2381 ) ) ;
#3784 = CARTESIAN_POINT ( 'NONE',  ( -4.254710354999999400, 10.65445416745673200, 11.56604519000000100 ) ) ;
#3785 = FACE_OUTER_BOUND ( 'NONE', #3181, .T. ) ;
#3786 = CARTESIAN_POINT ( 'NONE',  ( -6.349999999999999600, 0.0000000000000000000, -10.10920000000000100 ) ) ;
#3787 = CARTESIAN_POINT ( 'NONE',  ( 6.310148756999999400, 10.79499999999999800, 11.56604519000000100 ) ) ;
#3788 = FILL_AREA_STYLE_COLOUR ( '', #11379 ) ;
#3789 = EDGE_CURVE ( 'NONE', #2004, #416, #6274, .T. ) ;
#3790 = STYLED_ITEM ( 'NONE', ( #449 ), #6154 ) ;
#3791 = ORIENTED_EDGE ( 'NONE', *, *, #12823, .F. ) ;
#3792 = FILL_AREA_STYLE ('',( #7922 ) ) ;
#3793 = DIRECTION ( 'NONE',  ( 0.0000000000000000000, 0.0000000000000000000, 1.000000000000000000 ) ) ;
#3794 = SURFACE_SIDE_STYLE ('',( #12453 ) ) ;
#3795 = FACE_OUTER_BOUND ( 'NONE', #5454, .T. ) ;
#3796 = SURFACE_STYLE_FILL_AREA ( #4947 ) ;
#3797 = EDGE_CURVE ( 'NONE', #4172, #6189, #11858, .T. ) ;
#3798 = ORIENTED_EDGE ( 'NONE', *, *, #1382, .F. ) ;
#3799 = SURFACE_STYLE_USAGE ( .BOTH. , #8540 ) ;
#3800 = UNCERTAINTY_MEASURE_WITH_UNIT (LENGTH_MEASURE( 1.000000000000000100E-005 ), #3894, 'distance_accuracy_value', 'NONE');
#3801 = EDGE_CURVE ( 'NONE', #2904, #4438, #6369, .T. ) ;
#3802 = SURFACE_STYLE_USAGE ( .BOTH. , #3765 ) ;
#3803 = VECTOR ( 'NONE', #166, 1000.000000000000000 ) ;
#3804 = SURFACE_SIDE_STYLE ('',( #7140 ) ) ;
#3805 = DIRECTION ( 'NONE',  ( 0.0000000000000000000, 0.0000000000000000000, -1.000000000000000000 ) ) ;
#3806 = DIRECTION ( 'NONE',  ( 1.000000000000000000, 0.0000000000000000000, 0.0000000000000000000 ) ) ;
#3807 = CARTESIAN_POINT ( 'NONE',  ( 8.635999999999999200, 10.04879397399999900, -5.381387436999999900 ) ) ;
#3808 = EDGE_CURVE ( 'NONE', #10069, #3199, #9144, .T. ) ;
#3809 =( LENGTH_UNIT ( ) NAMED_UNIT ( * ) SI_UNIT ( .MILLI., .METRE. ) );
#3810 = VERTEX_POINT ( 'NONE', #531 ) ;
#3811 = PLANE ( 'NONE',  #12890 ) ;
#3812 = ORIENTED_EDGE ( 'NONE', *, *, #357, .T. ) ;
#3813 = DIRECTION ( 'NONE',  ( 0.0000000000000000000, 0.0000000000000000000, -1.000000000000000000 ) ) ;
#3814 = ORIENTED_EDGE ( 'NONE', *, *, #13397, .F. ) ;
#3815 = ADVANCED_FACE ( 'NONE', ( #8816 ), #2673, .F. ) ;
#3816 = MECHANICAL_DESIGN_GEOMETRIC_PRESENTATION_REPRESENTATION (  '', ( #2438 ), #4507 ) ;
#3817 = VECTOR ( 'NONE', #6100, 999.9999999999998900 ) ;
#3818 = MECHANICAL_DESIGN_GEOMETRIC_PRESENTATION_REPRESENTATION (  '', ( #1717 ), #4508 ) ;
#3819 = CARTESIAN_POINT ( 'NONE',  ( 4.318000000000000500, 0.0000000000000000000, -10.46480000000000000 ) ) ;
#3820 = CARTESIAN_POINT ( 'NONE',  ( 8.889999999999998800, 2.276954806285542700, 9.050557955096174100 ) ) ;
#3821 = FACE_OUTER_BOUND ( 'NONE', #2895, .T. ) ;
#3822 = ORIENTED_EDGE ( 'NONE', *, *, #11162, .T. ) ;
#3823 = SURFACE_SIDE_STYLE ('',( #4766 ) ) ;
#3824 = EDGE_CURVE ( 'NONE', #1629, #6738, #7840, .T. ) ;
#3825 = ORIENTED_EDGE ( 'NONE', *, *, #3510, .T. ) ;
#3826 = CARTESIAN_POINT ( 'NONE',  ( -4.825999999999999600, -0.8890000000000001200, -7.924799999999999400 ) ) ;
#3827 = DIRECTION ( 'NONE',  ( 0.0000000000000000000, 0.0000000000000000000, -1.000000000000000000 ) ) ;
#3828 =( GEOMETRIC_REPRESENTATION_CONTEXT ( 3 ) GLOBAL_UNCERTAINTY_ASSIGNED_CONTEXT ( ( #11979 ) ) GLOBAL_UNIT_ASSIGNED_CONTEXT ( ( #8017, #1782, #9056 ) ) REPRESENTATION_CONTEXT ( 'NONE', 'WORKASPACE' ) );
#3829 = VERTEX_POINT ( 'NONE', #12010 ) ;
#3830 =( NAMED_UNIT ( * ) SI_UNIT ( $, .STERADIAN. ) SOLID_ANGLE_UNIT ( ) );
#3831 = DIRECTION ( 'NONE',  ( -0.7191104301116454400, 0.0000000000000000000, -0.6948958118341513900 ) ) ;
#3832 = LINE ( 'NONE', #5805, #11747 ) ;
#3833 = VERTEX_POINT ( 'NONE', #4785 ) ;
#3834 = DIRECTION ( 'NONE',  ( 0.0000000000000000000, 0.0000000000000000000, -1.000000000000000000 ) ) ;
#3835 = EDGE_LOOP ( 'NONE', ( #8054, #3995, #13094, #9398 ) ) ;
#3837 = AXIS2_PLACEMENT_3D ( 'NONE', #12408, #12336, #12279 ) ;
#3836 = CARTESIAN_POINT ( 'NONE',  ( -9.016999999999999500, 9.229793325999999400, -4.673387328999999600 ) ) ;
#3838 = CARTESIAN_POINT ( 'NONE',  ( -8.890000000000000600, 0.0000000000000000000, -8.664998163999998200 ) ) ;
#3839 = MECHANICAL_DESIGN_GEOMETRIC_PRESENTATION_REPRESENTATION (  '', ( #1034 ), #4533 ) ;
#3840 = EDGE_CURVE ( 'NONE', #12300, #11582, #10288, .T. ) ;
#3841 = DIRECTION ( 'NONE',  ( 1.000000000000000000, 0.0000000000000000000, 0.0000000000000000000 ) ) ;
#3842 = SURFACE_SIDE_STYLE ('',( #4498 ) ) ;
#3843 = UNCERTAINTY_MEASURE_WITH_UNIT (LENGTH_MEASURE( 1.000000000000000100E-005 ), #11345, 'distance_accuracy_value', 'NONE');
#3844 = CARTESIAN_POINT ( 'NONE',  ( -9.016999999999999500, 1.150000621000000200, -9.991998812000000300 ) ) ;
#3845 = ORIENTED_EDGE ( 'NONE', *, *, #6996, .T. ) ;
#3846 = EDGE_LOOP ( 'NONE', ( #37, #5331, #4148, #5609 ) ) ;
#3847 = DIRECTION ( 'NONE',  ( 1.000000000000000000, 0.0000000000000000000, 0.0000000000000000000 ) ) ;
#3848 = LINE ( 'NONE', #10587, #11946 ) ;
#3849 = PLANE ( 'NONE',  #6709 ) ;
#3850 = CARTESIAN_POINT ( 'NONE',  ( 4.064000000000000100, -1.778000000000000200, -10.10920000000000100 ) ) ;
#3851 = PRESENTATION_STYLE_ASSIGNMENT (( #9979 ) ) ;
#3852 = ORIENTED_EDGE ( 'NONE', *, *, #7880, .F. ) ;
#3853 = ORIENTED_EDGE ( 'NONE', *, *, #7380, .T. ) ;
#3854 = DIRECTION ( 'NONE',  ( -0.0000000000000000000, -0.0000000000000000000, 1.000000000000000000 ) ) ;
#3855 =( NAMED_UNIT ( * ) PLANE_ANGLE_UNIT ( ) SI_UNIT ( $, .RADIAN. ) );
#3856 = MECHANICAL_DESIGN_GEOMETRIC_PRESENTATION_REPRESENTATION (  '', ( #1758 ), #4546 ) ;
#3857 = SURFACE_SIDE_STYLE ('',( #3886 ) ) ;
#3858 = VERTEX_POINT ( 'NONE', #6873 ) ;
#3859 = ORIENTED_EDGE ( 'NONE', *, *, #4491, .F. ) ;
#3860 = UNCERTAINTY_MEASURE_WITH_UNIT (LENGTH_MEASURE( 1.000000000000000100E-005 ), #1098, 'distance_accuracy_value', 'NONE');
#3861 = ORIENTED_EDGE ( 'NONE', *, *, #9034, .F. ) ;
#3862 = DIRECTION ( 'NONE',  ( 0.0000000000000000000, 0.0000000000000000000, -1.000000000000000000 ) ) ;
#3863 = ORIENTED_EDGE ( 'NONE', *, *, #9958, .T. ) ;
#3864 =( LENGTH_UNIT ( ) NAMED_UNIT ( * ) SI_UNIT ( .MILLI., .METRE. ) );
#3865 = CARTESIAN_POINT ( 'NONE',  ( 4.259506799395463600, 11.23840812014604000, 11.42054446853943100 ) ) ;
#3866 =( GEOMETRIC_REPRESENTATION_CONTEXT ( 3 ) GLOBAL_UNCERTAINTY_ASSIGNED_CONTEXT ( ( #11872 ) ) GLOBAL_UNIT_ASSIGNED_CONTEXT ( ( #13299, #7119, #880 ) ) REPRESENTATION_CONTEXT ( 'NONE', 'WORKASPACE' ) );
#3867 = FACE_OUTER_BOUND ( 'NONE', #11870, .T. ) ;
#3868 = VECTOR ( 'NONE', #1144, 1000.000000000000000 ) ;
#3869 =( NAMED_UNIT ( * ) SI_UNIT ( $, .STERADIAN. ) SOLID_ANGLE_UNIT ( ) );
#3870 = VECTOR ( 'NONE', #5911, 1000.000000000000000 ) ;
#3871 = ORIENTED_EDGE ( 'NONE', *, *, #12232, .T. ) ;
#3872 =( NAMED_UNIT ( * ) PLANE_ANGLE_UNIT ( ) SI_UNIT ( $, .RADIAN. ) );
#3873 = DIRECTION ( 'NONE',  ( 8.537024980200812000E-016, -1.000000000000000000, -0.0000000000000000000 ) ) ;
#3874 = SURFACE_STYLE_FILL_AREA ( #3943 ) ;
#3875 = EDGE_CURVE ( 'NONE', #5556, #4003, #10615, .T. ) ;
#3876 = ORIENTED_EDGE ( 'NONE', *, *, #5291, .T. ) ;
#3877 = FILL_AREA_STYLE ('',( #10111 ) ) ;
#3878 = CYLINDRICAL_SURFACE ( 'NONE', #7440, 0.5080000000000015600 ) ;
#3879 = DIRECTION ( 'NONE',  ( 1.000000000000000000, -1.707404996040168300E-015, 0.0000000000000000000 ) ) ;
#3880 = FILL_AREA_STYLE ('',( #2846 ) ) ;
#3881 = CYLINDRICAL_SURFACE ( 'NONE', #9927, 2.626098063999997600 ) ;
#3882 = ADVANCED_FACE ( 'NONE', ( #12989 ), #11703, .T. ) ;
#3883 = EDGE_CURVE ( 'NONE', #7157, #3451, #9317, .T. ) ;
#3884 = FACE_OUTER_BOUND ( 'NONE', #8568, .T. ) ;
#3885 = EDGE_LOOP ( 'NONE', ( #11779, #2393, #11855, #8770, #7869, #452, #6994, #10955, #11970, #4631 ) ) ;
#3886 = SURFACE_STYLE_FILL_AREA ( #10090 ) ;
#3887 = VECTOR ( 'NONE', #10204, 1000.000000000000000 ) ;
#3888 = DIRECTION ( 'NONE',  ( 0.0000000000000000000, 1.000000000000000000, 0.0000000000000000000 ) ) ;
#3889 = DIRECTION ( 'NONE',  ( 0.0000000000000000000, 0.0000000000000000000, 1.000000000000000000 ) ) ;
#3890 =( LENGTH_UNIT ( ) NAMED_UNIT ( * ) SI_UNIT ( .MILLI., .METRE. ) );
#3891 = LINE ( 'NONE', #4008, #9433 ) ;
#3892 = ORIENTED_EDGE ( 'NONE', *, *, #1825, .T. ) ;
#3893 = STYLED_ITEM ( 'NONE', ( #4358 ), #3161 ) ;
#3894 =( LENGTH_UNIT ( ) NAMED_UNIT ( * ) SI_UNIT ( .MILLI., .METRE. ) );
#3896 = SURFACE_STYLE_FILL_AREA ( #12934 ) ;
#3895 = UNCERTAINTY_MEASURE_WITH_UNIT (LENGTH_MEASURE( 1.000000000000000100E-005 ), #1502, 'distance_accuracy_value', 'NONE');
#3897 = CARTESIAN_POINT ( 'NONE',  ( -3.149999999999999900, 8.195800000000000200, 7.785100000000000800 ) ) ;
#3898 =( GEOMETRIC_REPRESENTATION_CONTEXT ( 3 ) GLOBAL_UNCERTAINTY_ASSIGNED_CONTEXT ( ( #2005 ) ) GLOBAL_UNIT_ASSIGNED_CONTEXT ( ( #12843, #6661, #418 ) ) REPRESENTATION_CONTEXT ( 'NONE', 'WORKASPACE' ) );
#3899 = SURFACE_SIDE_STYLE ('',( #13426 ) ) ;
#3900 = DIRECTION ( 'NONE',  ( -1.000000000000000000, -1.707404996040159200E-015, 5.122214988120477300E-015 ) ) ;
#3901 = ORIENTED_EDGE ( 'NONE', *, *, #3801, .F. ) ;
#3902 = VERTEX_POINT ( 'NONE', #11087 ) ;
#3903 = VECTOR ( 'NONE', #3314, 1000.000000000000000 ) ;
#3904 = DIRECTION ( 'NONE',  ( 1.000000000000000000, -0.0000000000000000000, -0.0000000000000000000 ) ) ;
#3905 = EDGE_CURVE ( 'NONE', #1731, #12605, #6211, .T. ) ;
#3906 = VECTOR ( 'NONE', #4713, 1000.000000000000000 ) ;
#3907 = EDGE_CURVE ( 'NONE', #12205, #12442, #8981, .T. ) ;
#3908 = COLOUR_RGB ( '',0.7490196078431372600, 1.000000000000000000, 1.000000000000000000 ) ;
#3909 = AXIS2_PLACEMENT_3D ( 'NONE', #4926, #9112, #7049 ) ;
#3910 = VECTOR ( 'NONE', #12797, 1000.000000000000000 ) ;
#3911 = ORIENTED_EDGE ( 'NONE', *, *, #8317, .T. ) ;
#3912 = CARTESIAN_POINT ( 'NONE',  ( 5.841999999999999600, 0.0000000000000000000, -12.06500000000000100 ) ) ;
#3913 = FILL_AREA_STYLE_COLOUR ( '', #1013 ) ;
#3914 = VERTEX_POINT ( 'NONE', #8016 ) ;
#3915 = LINE ( 'NONE', #2971, #9113 ) ;
#3916 = AXIS2_PLACEMENT_3D ( 'NONE', #4158, #4204, #4249 ) ;
#3917 = VECTOR ( 'NONE', #5981, 1000.000000000000000 ) ;
#3918 = AXIS2_PLACEMENT_3D ( 'NONE', #5809, #13014, #6844 ) ;
#3919 = LINE ( 'NONE', #11092, #9454 ) ;
#3920 = ORIENTED_EDGE ( 'NONE', *, *, #537, .F. ) ;
#3921 =( LENGTH_UNIT ( ) NAMED_UNIT ( * ) SI_UNIT ( .MILLI., .METRE. ) );
#3922 = CARTESIAN_POINT ( 'NONE',  ( 8.635999999999999200, 8.248718325999997000, -2.335149762999999500 ) ) ;
#3923 =( GEOMETRIC_REPRESENTATION_CONTEXT ( 3 ) GLOBAL_UNCERTAINTY_ASSIGNED_CONTEXT ( ( #3471 ) ) GLOBAL_UNIT_ASSIGNED_CONTEXT ( ( #13434, #7253, #1016 ) ) REPRESENTATION_CONTEXT ( 'NONE', 'WORKASPACE' ) );
#3924 = EDGE_CURVE ( 'NONE', #4160, #4339, #8650, .T. ) ;
#3925 = VECTOR ( 'NONE', #9175, 1000.000000000000000 ) ;
#3926 = UNCERTAINTY_MEASURE_WITH_UNIT (LENGTH_MEASURE( 1.000000000000000100E-005 ), #2513, 'distance_accuracy_value', 'NONE');
#3927 = CARTESIAN_POINT ( 'NONE',  ( -9.326660973907062100, 3.942475241296221600, 10.12369416500732000 ) ) ;
#3928 = CARTESIAN_POINT ( 'NONE',  ( 2.032000001424999700, 10.84580000000000100, 3.505199999999999900 ) ) ;
#3929 = DIRECTION ( 'NONE',  ( -1.000000000000000000, 0.0000000000000000000, 0.0000000000000000000 ) ) ;
#3930 = ORIENTED_EDGE ( 'NONE', *, *, #10641, .F. ) ;
#3931 = VECTOR ( 'NONE', #10146, 1000.000000000000000 ) ;
#3932 = CIRCLE ( 'NONE', #4888, 0.5079999999999997900 ) ;
#3933 = EDGE_LOOP ( 'NONE', ( #1696, #3749, #9919, #5926 ) ) ;
#3934 = SURFACE_STYLE_FILL_AREA ( #6055 ) ;
#3935 = COLOUR_RGB ( '',0.7490196078431372600, 1.000000000000000000, 1.000000000000000000 ) ;
#3936 =( NAMED_UNIT ( * ) PLANE_ANGLE_UNIT ( ) SI_UNIT ( $, .RADIAN. ) );
#3937 = COLOUR_RGB ( '',0.7490196078431372600, 1.000000000000000000, 1.000000000000000000 ) ;
#3938 = MECHANICAL_DESIGN_GEOMETRIC_PRESENTATION_REPRESENTATION (  '', ( #2552 ), #4620 ) ;
#3939 =( LENGTH_UNIT ( ) NAMED_UNIT ( * ) SI_UNIT ( .MILLI., .METRE. ) );
#3940 = SURFACE_SIDE_STYLE ('',( #8395 ) ) ;
#3941 =( NAMED_UNIT ( * ) PLANE_ANGLE_UNIT ( ) SI_UNIT ( $, .RADIAN. ) );
#3942 =( LENGTH_UNIT ( ) NAMED_UNIT ( * ) SI_UNIT ( .MILLI., .METRE. ) );
#3943 = FILL_AREA_STYLE ('',( #2902 ) ) ;
#3944 = ORIENTED_EDGE ( 'NONE', *, *, #7806, .F. ) ;
#3945 =( NAMED_UNIT ( * ) SI_UNIT ( $, .STERADIAN. ) SOLID_ANGLE_UNIT ( ) );
#3946 =( NAMED_UNIT ( * ) SI_UNIT ( $, .STERADIAN. ) SOLID_ANGLE_UNIT ( ) );
#3947 = VECTOR ( 'NONE', #8829, 1000.000000000000000 ) ;
#3948 = CARTESIAN_POINT ( 'NONE',  ( -4.254710354999999400, 11.23840813154255400, 11.42054446055381700 ) ) ;
#3949 = ORIENTED_EDGE ( 'NONE', *, *, #9981, .T. ) ;
#3950 = FILL_AREA_STYLE_COLOUR ( '', #10220 ) ;
#3951 = PRESENTATION_LAYER_ASSIGNMENT (  '', '', ( #2564 ) ) ;
#3952 =( NAMED_UNIT ( * ) PLANE_ANGLE_UNIT ( ) SI_UNIT ( $, .RADIAN. ) );
#3953 = ADVANCED_FACE ( 'NONE', ( #3138 ), #710, .F. ) ;
#3954 = DIRECTION ( 'NONE',  ( 0.0000000000000000000, -1.000000000000000000, 0.0000000000000000000 ) ) ;
#3955 =( NAMED_UNIT ( * ) PLANE_ANGLE_UNIT ( ) SI_UNIT ( $, .RADIAN. ) );
#3956 = ORIENTED_EDGE ( 'NONE', *, *, #7086, .F. ) ;
#3957 = DIRECTION ( 'NONE',  ( -0.7981611587262271700, 0.6024439929991886000, -0.0000000000000000000 ) ) ;
#3958 = VERTEX_POINT ( 'NONE', #2845 ) ;
#3959 = SURFACE_STYLE_USAGE ( .BOTH. , #10181 ) ;
#3960 = LINE ( 'NONE', #6577, #3633 ) ;
#3961 = SURFACE_STYLE_USAGE ( .BOTH. , #4777 ) ;
#3962 = EDGE_CURVE ( 'NONE', #8617, #9132, #7674, .T. ) ;
#3963 = STYLED_ITEM ( 'NONE', ( #8263 ), #6343 ) ;
#3964 = ORIENTED_EDGE ( 'NONE', *, *, #7068, .T. ) ;
#3965 = DIRECTION ( 'NONE',  ( 1.000000000000000000, 0.0000000000000000000, 0.0000000000000000000 ) ) ;
#3966 = PLANE ( 'NONE',  #62 ) ;
#3967 =( LENGTH_UNIT ( ) NAMED_UNIT ( * ) SI_UNIT ( .MILLI., .METRE. ) );
#3968 =( NAMED_UNIT ( * ) SI_UNIT ( $, .STERADIAN. ) SOLID_ANGLE_UNIT ( ) );
#3969 = ORIENTED_EDGE ( 'NONE', *, *, #3125, .T. ) ;
#3970 = VECTOR ( 'NONE', #12398, 1000.000000000000000 ) ;
#3971 = EDGE_LOOP ( 'NONE', ( #2864, #6441, #12185, #2411 ) ) ;
#3972 = LINE ( 'NONE', #9343, #1194 ) ;
#3973 = ADVANCED_FACE ( 'NONE', ( #10117 ), #4959, .F. ) ;
#3974 = CARTESIAN_POINT ( 'NONE',  ( -3.263927861116458400, -1.778000000000000200, -1.158705249879485000 ) ) ;
#3975 = COLOUR_RGB ( '',0.7490196078431372600, 1.000000000000000000, 1.000000000000000000 ) ;
#3976 = AXIS2_PLACEMENT_3D ( 'NONE', #5955, #13163, #6991 ) ;
#3977 = SURFACE_STYLE_USAGE ( .BOTH. , #13141 ) ;
#3978 = DIRECTION ( 'NONE',  ( 0.0000000000000000000, 1.000000000000000000, 0.0000000000000000000 ) ) ;
#3979 =( NAMED_UNIT ( * ) SI_UNIT ( $, .STERADIAN. ) SOLID_ANGLE_UNIT ( ) );
#3980 = ORIENTED_EDGE ( 'NONE', *, *, #6590, .T. ) ;
#3981 = EDGE_CURVE ( 'NONE', #417, #6924, #11839, .T. ) ;
#3982 = CARTESIAN_POINT ( 'NONE',  ( 7.772400000000000200, 0.0000000000000000000, -12.06500000000000100 ) ) ;
#3983 = ORIENTED_EDGE ( 'NONE', *, *, #11408, .T. ) ;
#3984 = CARTESIAN_POINT ( 'NONE',  ( -5.841999999999999600, -0.8890000000000001200, -10.46480000000000000 ) ) ;
#3985 = CARTESIAN_POINT ( 'NONE',  ( 8.636000000000001000, 2.276954804999998600, 10.05299548019234600 ) ) ;
#3986 = DIRECTION ( 'NONE',  ( -8.537024980200797200E-016, 1.000000000000000000, 0.0000000000000000000 ) ) ;
#3987 = STYLED_ITEM ( 'NONE', ( #4024 ), #8467 ) ;
#3988 = DIRECTION ( 'NONE',  ( 0.0000000000000000000, 1.000000000000000000, 0.0000000000000000000 ) ) ;
#3989 = FILL_AREA_STYLE ('',( #10211 ) ) ;
#3990 = SURFACE_STYLE_USAGE ( .BOTH. , #4802 ) ;
#3991 = ORIENTED_EDGE ( 'NONE', *, *, #1517, .F. ) ;
#3992 = VERTEX_POINT ( 'NONE', #13266 ) ;
#3993 = DIRECTION ( 'NONE',  ( 0.0000000000000000000, 1.000000000000000000, 0.0000000000000000000 ) ) ;
#3994 = PRESENTATION_LAYER_ASSIGNMENT (  '', '', ( #2620 ) ) ;
#3995 = ORIENTED_EDGE ( 'NONE', *, *, #3905, .F. ) ;
#3996 = PRESENTATION_LAYER_ASSIGNMENT (  '', '', ( #4688 ) ) ;
#3997 = COLOUR_RGB ( '',0.7490196078431372600, 1.000000000000000000, 1.000000000000000000 ) ;
#3998 = CARTESIAN_POINT ( 'NONE',  ( -8.890000000035733800, 10.33011169777526200, 9.589324416000002000 ) ) ;
#3999 = DIRECTION ( 'NONE',  ( 8.537024980200797200E-016, -1.000000000000000000, -0.0000000000000000000 ) ) ;
#4000 =( GEOMETRIC_REPRESENTATION_CONTEXT ( 3 ) GLOBAL_UNCERTAINTY_ASSIGNED_CONTEXT ( ( #5482 ) ) GLOBAL_UNIT_ASSIGNED_CONTEXT ( ( #3444, #10740, #4489 ) ) REPRESENTATION_CONTEXT ( 'NONE', 'WORKASPACE' ) );
#4001 =( NAMED_UNIT ( * ) SI_UNIT ( $, .STERADIAN. ) SOLID_ANGLE_UNIT ( ) );
#4002 = EDGE_CURVE ( 'NONE', #3097, #12589, #1145, .T. ) ;
#4003 = VERTEX_POINT ( 'NONE', #7081 ) ;
#4004 = ORIENTED_EDGE ( 'NONE', *, *, #10319, .T. ) ;
#4005 = DIRECTION ( 'NONE',  ( 0.0000000000000000000, -1.000000000000000000, 0.0000000000000000000 ) ) ;
#4006 = STYLED_ITEM ( 'NONE', ( #11727 ), #9703 ) ;
#4007 = ORIENTED_EDGE ( 'NONE', *, *, #8651, .F. ) ;
#4008 = CARTESIAN_POINT ( 'NONE',  ( -8.890000000000000600, 0.0000000000000000000, -12.06500000000000100 ) ) ;
#4009 = ORIENTED_EDGE ( 'NONE', *, *, #9486, .F. ) ;
#4010 = DIRECTION ( 'NONE',  ( 0.0000000000000000000, 0.0000000000000000000, -1.000000000000000000 ) ) ;
#4011 = LINE ( 'NONE', #11306, #6759 ) ;
#4012 = CARTESIAN_POINT ( 'NONE',  ( -8.890000000000000600, 10.54099999999999900, 8.814624414767013900 ) ) ;
#4014 =( GEOMETRIC_REPRESENTATION_CONTEXT ( 3 ) GLOBAL_UNCERTAINTY_ASSIGNED_CONTEXT ( ( #10457 ) ) GLOBAL_UNIT_ASSIGNED_CONTEXT ( ( #12536, #12502, #12407 ) ) REPRESENTATION_CONTEXT ( 'NONE', 'WORKASPACE' ) );
#4013 = CARTESIAN_POINT ( 'NONE',  ( 8.890000000000000600, 7.948998325999999900, -8.964998325999999900 ) ) ;
#4015 =( LENGTH_UNIT ( ) NAMED_UNIT ( * ) SI_UNIT ( .MILLI., .METRE. ) );
#4016 = PLANE ( 'NONE',  #5696 ) ;
#4017 = PRESENTATION_LAYER_ASSIGNMENT (  '', '', ( #2642 ) ) ;
#4018 = UNCERTAINTY_MEASURE_WITH_UNIT (LENGTH_MEASURE( 1.000000000000000100E-005 ), #2181, 'distance_accuracy_value', 'NONE');
#4019 = LINE ( 'NONE', #2996, #1235 ) ;
#4020 = ADVANCED_FACE ( 'NONE', ( #3602 ), #12187, .T. ) ;
#4021 = EDGE_LOOP ( 'NONE', ( #9267, #1767, #7088, #4311 ) ) ;
#4022 = ORIENTED_EDGE ( 'NONE', *, *, #13254, .T. ) ;
#4023 = DIRECTION ( 'NONE',  ( 1.000000000000000000, -1.707404996040159400E-015, 0.0000000000000000000 ) ) ;
#4024 = PRESENTATION_STYLE_ASSIGNMENT (( #3336 ) ) ;
#4025 =( GEOMETRIC_REPRESENTATION_CONTEXT ( 3 ) GLOBAL_UNCERTAINTY_ASSIGNED_CONTEXT ( ( #6921 ) ) GLOBAL_UNIT_ASSIGNED_CONTEXT ( ( #13379, #7211, #980 ) ) REPRESENTATION_CONTEXT ( 'NONE', 'WORKASPACE' ) );
#4026 = LINE ( 'NONE', #7694, #11931 ) ;
#4027 = VERTEX_POINT ( 'NONE', #5012 ) ;
#4028 = ORIENTED_EDGE ( 'NONE', *, *, #8317, .F. ) ;
#4029 = CARTESIAN_POINT ( 'NONE',  ( 10.55239729000000200, 3.664139748000001100, 8.814624416000002700 ) ) ;
#4030 = FILL_AREA_STYLE_COLOUR ( '', #2221 ) ;
#4031 = SURFACE_STYLE_USAGE ( .BOTH. , #10255 ) ;
#4032 = CARTESIAN_POINT ( 'NONE',  ( -2.031999999999999600, 10.84580000000000100, 7.785100000000000800 ) ) ;
#4033 = LINE ( 'NONE', #2387, #9228 ) ;
#4034 = STYLED_ITEM ( 'NONE', ( #4993 ), #4991 ) ;
#4035 = SURFACE_STYLE_USAGE ( .BOTH. , #10261 ) ;
#4036 = CARTESIAN_POINT ( 'NONE',  ( 8.382000000000001400, 10.54099999999999900, 8.255643107000000900 ) ) ;
#4037 = DIRECTION ( 'NONE',  ( -8.537024980200797200E-016, 1.000000000000000000, 0.0000000000000000000 ) ) ;
#4038 = ORIENTED_EDGE ( 'NONE', *, *, #7901, .T. ) ;
#4039 = UNCERTAINTY_MEASURE_WITH_UNIT (LENGTH_MEASURE( 1.000000000000000100E-005 ), #507, 'distance_accuracy_value', 'NONE');
#4040 = EDGE_LOOP ( 'NONE', ( #7445, #709, #7407, #10392, #4830, #4192, #2678, #1413, #9773, #6893, #936, #4901, #11573, #7730 ) ) ;
#4041 = PRESENTATION_STYLE_ASSIGNMENT (( #9312 ) ) ;
#4042 = PLANE ( 'NONE',  #4094 ) ;
#4043 = FILL_AREA_STYLE_COLOUR ( '', #375 ) ;
#4044 = STYLED_ITEM ( 'NONE', ( #12449 ), #11492 ) ;
#4045 = ORIENTED_EDGE ( 'NONE', *, *, #4075, .T. ) ;
#4046 = CARTESIAN_POINT ( 'NONE',  ( 8.890000000000000600, 4.436602109999999000, -1.447800007267762800 ) ) ;
#4047 = SURFACE_SIDE_STYLE ('',( #6801 ) ) ;
#4048 = LINE ( 'NONE', #1934, #9245 ) ;
#4049 = PRESENTATION_STYLE_ASSIGNMENT (( #7249 ) ) ;
#4050 = VECTOR ( 'NONE', #7366, 1000.000000000000000 ) ;
#4051 = LINE ( 'NONE', #7778, #9582 ) ;
#4052 = ADVANCED_FACE ( 'NONE', ( #13296 ), #10293, .T. ) ;
#4053 = VERTEX_POINT ( 'NONE', #4012 ) ;
#4054 = EDGE_CURVE ( 'NONE', #735, #3054, #1647, .T. ) ;
#4055 =( NAMED_UNIT ( * ) SI_UNIT ( $, .STERADIAN. ) SOLID_ANGLE_UNIT ( ) );
#4056 = ORIENTED_EDGE ( 'NONE', *, *, #7188, .F. ) ;
#4057 =( NAMED_UNIT ( * ) SI_UNIT ( $, .STERADIAN. ) SOLID_ANGLE_UNIT ( ) );
#4058 =( GEOMETRIC_REPRESENTATION_CONTEXT ( 3 ) GLOBAL_UNCERTAINTY_ASSIGNED_CONTEXT ( ( #13354 ) ) GLOBAL_UNIT_ASSIGNED_CONTEXT ( ( #10931, #4699, #11916 ) ) REPRESENTATION_CONTEXT ( 'NONE', 'WORKASPACE' ) );
#4059 = VECTOR ( 'NONE', #8079, 1000.000000000000000 ) ;
#4060 = VERTEX_POINT ( 'NONE', #11451 ) ;
#4061 = COLOUR_RGB ( '',0.7529411764705882200, 1.000000000000000000, 1.000000000000000000 ) ;
#4062 = LINE ( 'NONE', #347, #9593 ) ;
#4063 = PLANE ( 'NONE',  #5817 ) ;
#4064 = VECTOR ( 'NONE', #8971, 999.9999999999998900 ) ;
#4065 = SURFACE_STYLE_FILL_AREA ( #8990 ) ;
#4066 = VERTEX_POINT ( 'NONE', #8352 ) ;
#4067 =( LENGTH_UNIT ( ) NAMED_UNIT ( * ) SI_UNIT ( .MILLI., .METRE. ) );
#4068 = ORIENTED_EDGE ( 'NONE', *, *, #4165, .T. ) ;
#4069 = EDGE_CURVE ( 'NONE', #10235, #7382, #12335, .T. ) ;
#4070 = VECTOR ( 'NONE', #3398, 1000.000000000000000 ) ;
#4071 = PRESENTATION_STYLE_ASSIGNMENT (( #7814 ) ) ;
#4072 = PRODUCT ( 'J0G-0009NL', 'J0G-0009NL', '', ( #1477 ) ) ;
#4073 =( NAMED_UNIT ( * ) PLANE_ANGLE_UNIT ( ) SI_UNIT ( $, .RADIAN. ) );
#4074 = DIRECTION ( 'NONE',  ( 1.000000000000000000, 0.0000000000000000000, 0.0000000000000000000 ) ) ;
#4075 = EDGE_CURVE ( 'NONE', #5389, #6332, #4410, .T. ) ;
#4076 = SURFACE_STYLE_FILL_AREA ( #11070 ) ;
#4077 = VECTOR ( 'NONE', #2043, 1000.000000000000000 ) ;
#4078 = CARTESIAN_POINT ( 'NONE',  ( -8.635999999999999200, 1.842001268999999400, -10.24599881200000000 ) ) ;
#4079 = VERTEX_POINT ( 'NONE', #12484 ) ;
#4080 = DIRECTION ( 'NONE',  ( -0.0000000000000000000, -1.000000000000000000, -0.0000000000000000000 ) ) ;
#4081 = EDGE_CURVE ( 'NONE', #6647, #13295, #1312, .T. ) ;
#4082 = EDGE_LOOP ( 'NONE', ( #2037, #3124, #5352, #9003 ) ) ;
#4083 = DIRECTION ( 'NONE',  ( -0.0000000000000000000, -1.000000000000000000, -0.0000000000000000000 ) ) ;
#4084 = VERTEX_POINT ( 'NONE', #9455 ) ;
#4085 = DIRECTION ( 'NONE',  ( -1.000000000000000000, -0.0000000000000000000, -0.0000000000000000000 ) ) ;
#4086 =( GEOMETRIC_REPRESENTATION_CONTEXT ( 3 ) GLOBAL_UNCERTAINTY_ASSIGNED_CONTEXT ( ( #11473 ) ) GLOBAL_UNIT_ASSIGNED_CONTEXT ( ( #7163, #917, #8207 ) ) REPRESENTATION_CONTEXT ( 'NONE', 'WORKASPACE' ) );
#4087 = CARTESIAN_POINT ( 'NONE',  ( 6.683851540399357900, 9.164704617682621900, 12.47422630100000000 ) ) ;
#4088 = CARTESIAN_POINT ( 'NONE',  ( 8.890000000000000600, 2.758984659000000200, 10.55267244900000100 ) ) ;
#4089 = CARTESIAN_POINT ( 'NONE',  ( -6.388072139125810600, -3.767037750554799400E-017, -1.051672975121573400 ) ) ;
#4090 = LINE ( 'NONE', #7697, #6502 ) ;
#4091 = STYLED_ITEM ( 'NONE', ( #11486 ), #961 ) ;
#4092 = VERTEX_POINT ( 'NONE', #4265 ) ;
#4093 = VECTOR ( 'NONE', #2615, 1000.000000000000000 ) ;
#4094 = AXIS2_PLACEMENT_3D ( 'NONE', #4283, #11517, #5326 ) ;
#4095 = CARTESIAN_POINT ( 'NONE',  ( -8.636000000000001000, 10.74927999879349900, 0.5892800044449992800 ) ) ;
#4096 = LINE ( 'NONE', #10318, #9291 ) ;
#4097 = CARTESIAN_POINT ( 'NONE',  ( 9.016999999999999500, 1.750000945000000300, -10.75399881200000100 ) ) ;
#4098 = EDGE_CURVE ( 'NONE', #645, #3277, #982, .T. ) ;
#4099 = ADVANCED_FACE ( 'NONE', ( #3766 ), #103, .T. ) ;
#4100 = ORIENTED_EDGE ( 'NONE', *, *, #13155, .F. ) ;
#4101 = VERTEX_POINT ( 'NONE', #11501 ) ;
#4102 =( GEOMETRIC_REPRESENTATION_CONTEXT ( 3 ) GLOBAL_UNCERTAINTY_ASSIGNED_CONTEXT ( ( #939 ) ) GLOBAL_UNIT_ASSIGNED_CONTEXT ( ( #11877, #5712, #12912 ) ) REPRESENTATION_CONTEXT ( 'NONE', 'WORKASPACE' ) );
#4103 = VECTOR ( 'NONE', #6292, 1000.000000000000000 ) ;
#4104 = ORIENTED_EDGE ( 'NONE', *, *, #4069, .F. ) ;
#4105 = DIRECTION ( 'NONE',  ( 0.0000000000000000000, 0.0000000000000000000, 1.000000000000000000 ) ) ;
#4106 = VECTOR ( 'NONE', #12995, 1000.000000000000000 ) ;
#4107 = CIRCLE ( 'NONE', #9716, 0.5000000000000004400 ) ;
#4108 = STYLED_ITEM ( 'NONE', ( #11649 ), #4560 ) ;
#4109 = DIRECTION ( 'NONE',  ( 0.0000000000000000000, 0.0000000000000000000, -1.000000000000000000 ) ) ;
#4110 = DIRECTION ( 'NONE',  ( 0.0000000000000000000, 1.000000000000000000, 0.0000000000000000000 ) ) ;
#4111 = VECTOR ( 'NONE', #293, 1000.000000000000000 ) ;
#4112 =( LENGTH_UNIT ( ) NAMED_UNIT ( * ) SI_UNIT ( .MILLI., .METRE. ) );
#4113 = AXIS2_PLACEMENT_3D ( 'NONE', #7409, #1170, #8453 ) ;
#4114 = LINE ( 'NONE', #1196, #9647 ) ;
#4115 = LINE ( 'NONE', #6826, #12018 ) ;
#4116 =( NAMED_UNIT ( * ) PLANE_ANGLE_UNIT ( ) SI_UNIT ( $, .RADIAN. ) );
#4117 = SURFACE_STYLE_USAGE ( .BOTH. , #10335 ) ;
#4118 = FILL_AREA_STYLE_COLOUR ( '', #971 ) ;
#4119 = ADVANCED_FACE ( 'NONE', ( #4 ), #12521, .F. ) ;
#4120 = DIRECTION ( 'NONE',  ( 0.0000000000000000000, 1.000000000000000000, 0.0000000000000000000 ) ) ;
#4121 = ORIENTED_EDGE ( 'NONE', *, *, #2668, .T. ) ;
#4122 = ORIENTED_EDGE ( 'NONE', *, *, #12016, .F. ) ;
#4123 = PRESENTATION_LAYER_ASSIGNMENT (  '', '', ( #2728 ) ) ;
#4124 = DIRECTION ( 'NONE',  ( 0.0000000000000000000, 1.000000000000000000, 0.0000000000000000000 ) ) ;
#4125 =( NAMED_UNIT ( * ) SI_UNIT ( $, .STERADIAN. ) SOLID_ANGLE_UNIT ( ) );
#4126 =( LENGTH_UNIT ( ) NAMED_UNIT ( * ) SI_UNIT ( .MILLI., .METRE. ) );
#4127 = CARTESIAN_POINT ( 'NONE',  ( 3.747926352000000800, 10.54099999999999900, 11.56604519000000100 ) ) ;
#4128 = CARTESIAN_POINT ( 'NONE',  ( -6.349999999999999600, -0.8890000000000001200, -10.10920000000000100 ) ) ;
#4129 = LINE ( 'NONE', #4677, #9662 ) ;
#4130 =( NAMED_UNIT ( * ) SI_UNIT ( $, .STERADIAN. ) SOLID_ANGLE_UNIT ( ) );
#4131 = DIRECTION ( 'NONE',  ( 1.000000000000000000, 0.0000000000000000000, 0.0000000000000000000 ) ) ;
#4132 = CARTESIAN_POINT ( 'NONE',  ( 4.317999999999999600, -1.778000000000000200, -10.46480000000000200 ) ) ;
#4133 = EDGE_LOOP ( 'NONE', ( #3812, #5773, #3911, #11394 ) ) ;
#4134 = CARTESIAN_POINT ( 'NONE',  ( -8.990000000000000200, 0.2680141659999997800, -1.447799999999999800 ) ) ;
#4135 = LINE ( 'NONE', #11560, #9680 ) ;
#4136 = DIRECTION ( 'NONE',  ( -1.000000000000000000, 0.0000000000000000000, 0.0000000000000000000 ) ) ;
#4137 = FILL_AREA_STYLE ('',( #7218 ) ) ;
#4138 = COLOUR_RGB ( '',0.7490196078431372600, 1.000000000000000000, 1.000000000000000000 ) ;
#4139 = SURFACE_STYLE_USAGE ( .BOTH. , #10368 ) ;
#4140 = EDGE_CURVE ( 'NONE', #5694, #5783, #364, .T. ) ;
#4141 = ORIENTED_EDGE ( 'NONE', *, *, #11355, .F. ) ;
#4142 = PLANE ( 'NONE',  #6220 ) ;
#4143 =( GEOMETRIC_REPRESENTATION_CONTEXT ( 3 ) GLOBAL_UNCERTAINTY_ASSIGNED_CONTEXT ( ( #5776 ) ) GLOBAL_UNIT_ASSIGNED_CONTEXT ( ( #13455, #7270, #1028 ) ) REPRESENTATION_CONTEXT ( 'NONE', 'WORKASPACE' ) );
#4144 = UNCERTAINTY_MEASURE_WITH_UNIT (LENGTH_MEASURE( 1.000000000000000100E-005 ), #4935, 'distance_accuracy_value', 'NONE');
#4145 = EDGE_CURVE ( 'NONE', #9355, #10488, #1792, .T. ) ;
#4146 = CARTESIAN_POINT ( 'NONE',  ( -8.990000000000000200, 1.247224551999999600, -1.447799999999999800 ) ) ;
#4147 = EDGE_CURVE ( 'NONE', #7072, #10375, #9799, .T. ) ;
#4148 = ORIENTED_EDGE ( 'NONE', *, *, #10319, .F. ) ;
#4149 = ADVANCED_FACE ( 'NONE', ( #4241 ), #7535, .F. ) ;
#4150 = VERTEX_POINT ( 'NONE', #235 ) ;
#4151 =( GEOMETRIC_REPRESENTATION_CONTEXT ( 3 ) GLOBAL_UNCERTAINTY_ASSIGNED_CONTEXT ( ( #12391 ) ) GLOBAL_UNIT_ASSIGNED_CONTEXT ( ( #3921, #3872, #3830 ) ) REPRESENTATION_CONTEXT ( 'NONE', 'WORKASPACE' ) );
#4152 = CARTESIAN_POINT ( 'NONE',  ( 7.264400000000000200, -1.778000000000000200, 5.461000000000000300 ) ) ;
#4153 =( GEOMETRIC_REPRESENTATION_CONTEXT ( 3 ) GLOBAL_UNCERTAINTY_ASSIGNED_CONTEXT ( ( #5859 ) ) GLOBAL_UNIT_ASSIGNED_CONTEXT ( ( #9920, #5991, #7604 ) ) REPRESENTATION_CONTEXT ( 'NONE', 'WORKASPACE' ) );
#4154 = PRESENTATION_STYLE_ASSIGNMENT (( #5796 ) ) ;
#4155 = MECHANICAL_DESIGN_GEOMETRIC_PRESENTATION_REPRESENTATION (  '', ( #2779 ), #4851 ) ;
#4156 = DIRECTION ( 'NONE',  ( -1.000000000000000000, 0.0000000000000000000, 0.0000000000000000000 ) ) ;
#4157 = CARTESIAN_POINT ( 'NONE',  ( -8.890000000000000600, 2.550001372809000500, -10.51499916299999900 ) ) ;
#4158 = CARTESIAN_POINT ( 'NONE',  ( 9.016999999999999500, 1.150000621000000200, -10.75399881200000100 ) ) ;
#4159 = ORIENTED_EDGE ( 'NONE', *, *, #361, .T. ) ;
#4160 = VERTEX_POINT ( 'NONE', #1341 ) ;
#4161 = EDGE_CURVE ( 'NONE', #10561, #1725, #3267, .T. ) ;
#4162 = DIRECTION ( 'NONE',  ( 0.0000000000000000000, 0.0000000000000000000, -1.000000000000000000 ) ) ;
#4163 =( NAMED_UNIT ( * ) SI_UNIT ( $, .STERADIAN. ) SOLID_ANGLE_UNIT ( ) );
#4164 = DIRECTION ( 'NONE',  ( -0.0000000000000000000, -0.0000000000000000000, 1.000000000000000000 ) ) ;
#4165 = EDGE_CURVE ( 'NONE', #9155, #2261, #11213, .T. ) ;
#4166 = DIRECTION ( 'NONE',  ( -0.0000000000000000000, -0.0000000000000000000, 1.000000000000000000 ) ) ;
#4167 = AXIS2_PLACEMENT_3D ( 'NONE', #541, #7847, #1618 ) ;
#4168 = CARTESIAN_POINT ( 'NONE',  ( 6.684242382000000800, 7.530902241999999800, 12.27084082950000100 ) ) ;
#4169 = SURFACE_STYLE_FILL_AREA ( #5440 ) ;
#4170 = CARTESIAN_POINT ( 'NONE',  ( 8.635999999999999200, 7.948998325999999900, -2.211001673999999800 ) ) ;
#4171 = PRESENTATION_LAYER_ASSIGNMENT (  '', '', ( #2796 ) ) ;
#4172 = VERTEX_POINT ( 'NONE', #10732 ) ;
#4173 = ORIENTED_EDGE ( 'NONE', *, *, #6776, .F. ) ;
#4174 = PRESENTATION_LAYER_ASSIGNMENT (  '', '', ( #2800 ) ) ;
#4175 = ADVANCED_FACE ( 'NONE', ( #152 ), #7159, .F. ) ;
#4176 = VECTOR ( 'NONE', #2444, 1000.000000000000000 ) ;
#4177 = STYLED_ITEM ( 'NONE', ( #3738 ), #8132 ) ;
#4178 = ORIENTED_EDGE ( 'NONE', *, *, #1022, .T. ) ;
#4179 = PLANE ( 'NONE',  #2210 ) ;
#4180 = ORIENTED_EDGE ( 'NONE', *, *, #8872, .T. ) ;
#4181 = MECHANICAL_DESIGN_GEOMETRIC_PRESENTATION_REPRESENTATION (  '', ( #2805 ), #4873 ) ;
#4182 = FILL_AREA_STYLE ('',( #10412 ) ) ;
#4183 = EDGE_CURVE ( 'NONE', #1314, #11254, #12640, .T. ) ;
#4184 = SURFACE_STYLE_USAGE ( .BOTH. , #10416 ) ;
#4185 = CARTESIAN_POINT ( 'NONE',  ( -8.658011851999999600, 7.531149590000000900, 12.12850133100000100 ) ) ;
#4186 = AXIS2_PLACEMENT_3D ( 'NONE', #8680, #2480, #9752 ) ;
#4187 = COLOUR_RGB ( '',0.7490196078431372600, 1.000000000000000000, 1.000000000000000000 ) ;
#4188 = ORIENTED_EDGE ( 'NONE', *, *, #10869, .T. ) ;
#4189 = ORIENTED_EDGE ( 'NONE', *, *, #8563, .T. ) ;
#4190 = FILL_AREA_STYLE ('',( #7273 ) ) ;
#4191 =( LENGTH_UNIT ( ) NAMED_UNIT ( * ) SI_UNIT ( .MILLI., .METRE. ) );
#4192 = ORIENTED_EDGE ( 'NONE', *, *, #7203, .F. ) ;
#4193 = COLOUR_RGB ( '',0.7490196078431372600, 1.000000000000000000, 1.000000000000000000 ) ;
#4194 = DIRECTION ( 'NONE',  ( 0.0000000000000000000, 0.7071067812506862700, -0.7071067811224088800 ) ) ;
#4195 = FACE_OUTER_BOUND ( 'NONE', #12072, .T. ) ;
#4196 = VECTOR ( 'NONE', #5344, 1000.000000000000000 ) ;
#4197 = PLANE ( 'NONE',  #7932 ) ;
#4198 = MECHANICAL_DESIGN_GEOMETRIC_PRESENTATION_REPRESENTATION (  '', ( #2824 ), #4896 ) ;
#4199 = VERTEX_POINT ( 'NONE', #11754 ) ;
#4200 = PRESENTATION_STYLE_ASSIGNMENT (( #8308 ) ) ;
#4201 = ORIENTED_EDGE ( 'NONE', *, *, #9380, .T. ) ;
#4202 = CARTESIAN_POINT ( 'NONE',  ( 8.635999999999999200, 0.0000000000000000000, -1.778000000000000000 ) ) ;
#4203 = SURFACE_STYLE_USAGE ( .BOTH. , #10438 ) ;
#4204 = DIRECTION ( 'NONE',  ( -1.000000000000000000, 0.0000000000000000000, 0.0000000000000000000 ) ) ;
#4205 = STYLED_ITEM ( 'NONE', ( #1150 ), #5208 ) ;
#4206 = PRESENTATION_STYLE_ASSIGNMENT (( #9944 ) ) ;
#4207 = FILL_AREA_STYLE_COLOUR ( '', #6157 ) ;
#4208 =( NAMED_UNIT ( * ) PLANE_ANGLE_UNIT ( ) SI_UNIT ( $, .RADIAN. ) );
#4209 = LINE ( 'NONE', #7307, #12119 ) ;
#4210 = SURFACE_SIDE_STYLE ('',( #2788 ) ) ;
#4211 = DIRECTION ( 'NONE',  ( 0.0000000000000000000, 0.0000000000000000000, -1.000000000000000000 ) ) ;
#4212 = VECTOR ( 'NONE', #1416, 1000.000000000000000 ) ;
#4213 = FILL_AREA_STYLE_COLOUR ( '', #7556 ) ;
#4214 = VERTEX_POINT ( 'NONE', #12792 ) ;
#4215 = ORIENTED_EDGE ( 'NONE', *, *, #705, .T. ) ;
#4216 = FACE_OUTER_BOUND ( 'NONE', #6279, .T. ) ;
#4217 = LINE ( 'NONE', #8038, #10879 ) ;
#4218 = LINE ( 'NONE', #3982, #3887 ) ;
#4219 = ADVANCED_FACE ( 'NONE', ( #4727 ), #6604, .F. ) ;
#4220 = PRESENTATION_STYLE_ASSIGNMENT (( #7293 ) ) ;
#4221 = VERTEX_POINT ( 'NONE', #5587 ) ;
#4222 = FILL_AREA_STYLE ('',( #10455 ) ) ;
#4223 = EDGE_CURVE ( 'NONE', #6065, #6424, #3414, .T. ) ;
#4224 = CARTESIAN_POINT ( 'NONE',  ( -1.270000000000000000, -0.8890000000000001200, -7.569200000000000400 ) ) ;
#4225 =( GEOMETRIC_REPRESENTATION_CONTEXT ( 3 ) GLOBAL_UNCERTAINTY_ASSIGNED_CONTEXT ( ( #3843 ) ) GLOBAL_UNIT_ASSIGNED_CONTEXT ( ( #11345, #5150, #12365 ) ) REPRESENTATION_CONTEXT ( 'NONE', 'WORKASPACE' ) );
#4226 = ORIENTED_EDGE ( 'NONE', *, *, #5123, .F. ) ;
#4227 = VERTEX_POINT ( 'NONE', #8761 ) ;
#4228 = LINE ( 'NONE', #158, #3903 ) ;
#4229 = CARTESIAN_POINT ( 'NONE',  ( -3.263927861000001300, 8.673617379884035500E-016, -1.158705249999999900 ) ) ;
#4230 =( LENGTH_UNIT ( ) NAMED_UNIT ( * ) SI_UNIT ( .MILLI., .METRE. ) );
#4231 = CARTESIAN_POINT ( 'NONE',  ( -8.635999999999999200, 9.448793649999998900, -5.381387436999999900 ) ) ;
#4232 = LINE ( 'NONE', #10115, #12150 ) ;
#4233 = ORIENTED_EDGE ( 'NONE', *, *, #860, .T. ) ;
#4234 = CARTESIAN_POINT ( 'NONE',  ( -9.090000012438856900, 3.705154818744400100, 9.916091947152029500 ) ) ;
#4235 = ADVANCED_FACE ( 'NONE', ( #8621 ), #4879, .F. ) ;
#4236 =( GEOMETRIC_REPRESENTATION_CONTEXT ( 3 ) GLOBAL_UNCERTAINTY_ASSIGNED_CONTEXT ( ( #8140 ) ) GLOBAL_UNIT_ASSIGNED_CONTEXT ( ( #1984, #1840, #1883 ) ) REPRESENTATION_CONTEXT ( 'NONE', 'WORKASPACE' ) );
#4237 = PRESENTATION_LAYER_ASSIGNMENT (  '', '', ( #4923 ) ) ;
#4238 = CARTESIAN_POINT ( 'NONE',  ( -5.950000000000000200, 1.345799999999999900, 7.785100000000000800 ) ) ;
#4239 = DIRECTION ( 'NONE',  ( 0.0000000000000000000, 0.0000000000000000000, 1.000000000000000000 ) ) ;
#4240 = EDGE_CURVE ( 'NONE', #10488, #2313, #2457, .T. ) ;
#4241 = FACE_OUTER_BOUND ( 'NONE', #11859, .T. ) ;
#4242 = CARTESIAN_POINT ( 'NONE',  ( 2.031999999999999600, 10.34580000000000100, 12.06500000000000100 ) ) ;
#4243 = ADVANCED_FACE ( 'NONE', ( #12788, #13114 ), #11886, .F. ) ;
#4244 = CARTESIAN_POINT ( 'NONE',  ( 8.635999999999999200, 0.0000000000000000000, -1.778000000000000200 ) ) ;
#4245 = CARTESIAN_POINT ( 'NONE',  ( -4.254710354999999400, 11.67612242599999900, 11.56604519000000100 ) ) ;
#4246 = ORIENTED_EDGE ( 'NONE', *, *, #9636, .F. ) ;
#4247 = VECTOR ( 'NONE', #6128, 1000.000000000000000 ) ;
#4248 = CARTESIAN_POINT ( 'NONE',  ( -8.635999999999997500, 2.350001269000000300, -10.24599881200000000 ) ) ;
#4249 = DIRECTION ( 'NONE',  ( 0.0000000000000000000, 0.0000000000000000000, 1.000000000000000000 ) ) ;
#4250 = CARTESIAN_POINT ( 'NONE',  ( -6.626622502000000000, 7.531149590000000900, 12.12850133100000100 ) ) ;
#4251 = AXIS2_PLACEMENT_3D ( 'NONE', #5752, #12960, #6778 ) ;
#4252 = ORIENTED_EDGE ( 'NONE', *, *, #10853, .T. ) ;
#4253 = PLANE ( 'NONE',  #12678 ) ;
#4254 =( NAMED_UNIT ( * ) SI_UNIT ( $, .STERADIAN. ) SOLID_ANGLE_UNIT ( ) );
#4255 =( GEOMETRIC_REPRESENTATION_CONTEXT ( 3 ) GLOBAL_UNCERTAINTY_ASSIGNED_CONTEXT ( ( #8719 ) ) GLOBAL_UNIT_ASSIGNED_CONTEXT ( ( #4287, #6041, #3583 ) ) REPRESENTATION_CONTEXT ( 'NONE', 'WORKASPACE' ) );
#4256 = VECTOR ( 'NONE', #4534, 1000.000000000000000 ) ;
#4257 = DIRECTION ( 'NONE',  ( 0.0000000000000000000, 0.0000000000000000000, 1.000000000000000000 ) ) ;
#4258 = COLOUR_RGB ( '',0.7490196078431372600, 1.000000000000000000, 1.000000000000000000 ) ;
#4259 = ORIENTED_EDGE ( 'NONE', *, *, #5442, .F. ) ;
#4260 = LINE ( 'NONE', #2932, #12175 ) ;
#4261 = CYLINDRICAL_SURFACE ( 'NONE', #5627, 0.5079999999999997900 ) ;
#4262 = EDGE_CURVE ( 'NONE', #21, #841, #1118, .T. ) ;
#4263 = AXIS2_PLACEMENT_3D ( 'NONE', #12330, #6148, #13357 ) ;
#4264 = EDGE_LOOP ( 'NONE', ( #742, #5719, #13419, #3691 ) ) ;
#4265 = CARTESIAN_POINT ( 'NONE',  ( 6.030280053002271300, 10.54099999999999900, 3.784029870063153400 ) ) ;
#4266 = CARTESIAN_POINT ( 'NONE',  ( 6.030280055240000400, 11.04899999999999900, 3.784029874140002900 ) ) ;
#4267 =( NAMED_UNIT ( * ) SI_UNIT ( $, .STERADIAN. ) SOLID_ANGLE_UNIT ( ) );
#4268 = CARTESIAN_POINT ( 'NONE',  ( -2.031999999999999600, 10.84580000000000100, 3.505199999999999900 ) ) ;
#4269 = VERTEX_POINT ( 'NONE', #9831 ) ;
#4270 = FILL_AREA_STYLE_COLOUR ( '', #1788 ) ;
#4271 = CARTESIAN_POINT ( 'NONE',  ( -4.527472042102551200, 10.54099999999999900, 3.302000000000000000 ) ) ;
#4272 = MECHANICAL_DESIGN_GEOMETRIC_PRESENTATION_REPRESENTATION (  '', ( #2178 ), #4961 ) ;
#4273 = PRESENTATION_LAYER_ASSIGNMENT (  '', '', ( #2888 ) ) ;
#4274 = COLOUR_RGB ( '',0.7490196078431372600, 1.000000000000000000, 1.000000000000000000 ) ;
#4275 = SURFACE_SIDE_STYLE ('',( #13341 ) ) ;
#4276 = VECTOR ( 'NONE', #9275, 1000.000000000000100 ) ;
#4277 = UNCERTAINTY_MEASURE_WITH_UNIT (LENGTH_MEASURE( 1.000000000000000100E-005 ), #12247, 'distance_accuracy_value', 'NONE');
#4278 = CARTESIAN_POINT ( 'NONE',  ( 4.317999999999999600, -1.778000000000000200, -10.46480000000000000 ) ) ;
#4279 = MECHANICAL_DESIGN_GEOMETRIC_PRESENTATION_REPRESENTATION (  '', ( #2894 ), #4969 ) ;
#4280 = ORIENTED_EDGE ( 'NONE', *, *, #12692, .F. ) ;
#4281 =( NAMED_UNIT ( * ) PLANE_ANGLE_UNIT ( ) SI_UNIT ( $, .RADIAN. ) );
#4282 = VERTEX_POINT ( 'NONE', #12976 ) ;
#4283 = CARTESIAN_POINT ( 'NONE',  ( -6.325522090999999800, 10.54099999999999900, 3.301999999999999600 ) ) ;
#4284 = ADVANCED_FACE ( 'NONE', ( #11820 ), #11926, .T. ) ;
#4285 = PRESENTATION_LAYER_ASSIGNMENT (  '', '', ( #2900 ) ) ;
#4286 =( LENGTH_UNIT ( ) NAMED_UNIT ( * ) SI_UNIT ( .MILLI., .METRE. ) );
#4287 =( LENGTH_UNIT ( ) NAMED_UNIT ( * ) SI_UNIT ( .MILLI., .METRE. ) );
#4288 = UNCERTAINTY_MEASURE_WITH_UNIT (LENGTH_MEASURE( 1.000000000000000100E-005 ), #9686, 'distance_accuracy_value', 'NONE');
#4289 = VERTEX_POINT ( 'NONE', #4754 ) ;
#4290 = ORIENTED_EDGE ( 'NONE', *, *, #8490, .T. ) ;
#4291 =( LENGTH_UNIT ( ) NAMED_UNIT ( * ) SI_UNIT ( .MILLI., .METRE. ) );
#4292 = DIRECTION ( 'NONE',  ( 0.0000000000000000000, 0.0000000000000000000, -1.000000000000000000 ) ) ;
#4293 = CARTESIAN_POINT ( 'NONE',  ( -2.286000000000000500, -0.8890000000000001200, -10.10920000000000100 ) ) ;
#4294 = ADVANCED_FACE ( 'NONE', ( #6324 ), #12306, .T. ) ;
#4295 = SURFACE_STYLE_USAGE ( .BOTH. , #10531 ) ;
#4296 = EDGE_CURVE ( 'NONE', #2554, #1730, #9934, .T. ) ;
#4297 = LINE ( 'NONE', #10150, #1527 ) ;
#4298 = MECHANICAL_DESIGN_GEOMETRIC_PRESENTATION_REPRESENTATION (  '', ( #2923 ), #4999 ) ;
#4299 = CARTESIAN_POINT ( 'NONE',  ( 8.635999999999999200, -1.165775448000000000, -1.143000000000000200 ) ) ;
#4300 = ORIENTED_EDGE ( 'NONE', *, *, #567, .T. ) ;
#4301 = ORIENTED_EDGE ( 'NONE', *, *, #1564, .F. ) ;
#4302 = DIRECTION ( 'NONE',  ( 1.000000000000000000, 0.0000000000000000000, 0.0000000000000000000 ) ) ;
#4303 = ADVANCED_FACE ( 'NONE', ( #1616 ), #5765, .F. ) ;
#4304 = FACE_BOUND ( 'NONE', #6696, .T. ) ;
#4305 = CARTESIAN_POINT ( 'NONE',  ( 4.490058250999999800, 11.08582716800000000, 4.905350693000001700 ) ) ;
#4306 = VECTOR ( 'NONE', #2809, 1000.000000000000000 ) ;
#4307 = CARTESIAN_POINT ( 'NONE',  ( 1.778000000000000000, 0.0000000000000000000, -10.10920000000000100 ) ) ;
#4308 = SURFACE_SIDE_STYLE ('',( #12829 ) ) ;
#4309 = EDGE_CURVE ( 'NONE', #1334, #9190, #5854, .T. ) ;
#4310 = ORIENTED_EDGE ( 'NONE', *, *, #1333, .F. ) ;
#4311 = ORIENTED_EDGE ( 'NONE', *, *, #12919, .T. ) ;
#4312 = CARTESIAN_POINT ( 'NONE',  ( 8.635999999999999200, 8.975793326000001600, -5.181387328999999700 ) ) ;
#4313 = EDGE_CURVE ( 'NONE', #12442, #11582, #613, .T. ) ;
#4314 = VERTEX_POINT ( 'NONE', #11096 ) ;
#4315 = DIRECTION ( 'NONE',  ( 1.000000000000000000, -0.0000000000000000000, -0.0000000000000000000 ) ) ;
#4316 = CARTESIAN_POINT ( 'NONE',  ( 8.635999999999999200, 0.0000000000000000000, 12.06500000000000100 ) ) ;
#4317 = SURFACE_STYLE_FILL_AREA ( #11787 ) ;
#4318 = FILL_AREA_STYLE ('',( #5277 ) ) ;
#4319 = SURFACE_SIDE_STYLE ('',( #5503 ) ) ;
#4320 = ORIENTED_EDGE ( 'NONE', *, *, #997, .F. ) ;
#4321 = VERTEX_POINT ( 'NONE', #4893 ) ;
#4322 = PRESENTATION_LAYER_ASSIGNMENT (  '', '', ( #2954 ) ) ;
#4323 = PLANE ( 'NONE',  #519 ) ;
#4324 = AXIS2_PLACEMENT_3D ( 'NONE', #7020, #13291, #7766 ) ;
#4325 = EDGE_LOOP ( 'NONE', ( #13308, #1429, #7250, #758 ) ) ;
#4326 = EDGE_LOOP ( 'NONE', ( #12675, #3845, #9332, #6382 ) ) ;
#4327 = SURFACE_STYLE_USAGE ( .BOTH. , #5489 ) ;
#4328 = UNCERTAINTY_MEASURE_WITH_UNIT (LENGTH_MEASURE( 1.000000000000000100E-005 ), #4191, 'distance_accuracy_value', 'NONE');
#4329 = FILL_AREA_STYLE_COLOUR ( '', #10993 ) ;
#4330 = EDGE_CURVE ( 'NONE', #6130, #7344, #8284, .T. ) ;
#4331 =( NAMED_UNIT ( * ) PLANE_ANGLE_UNIT ( ) SI_UNIT ( $, .RADIAN. ) );
#4332 = LINE ( 'NONE', #2458, #9548 ) ;
#4333 = ORIENTED_EDGE ( 'NONE', *, *, #12264, .T. ) ;
#4334 = SURFACE_STYLE_USAGE ( .BOTH. , #10576 ) ;
#4335 = ORIENTED_EDGE ( 'NONE', *, *, #6235, .T. ) ;
#4336 = MECHANICAL_DESIGN_GEOMETRIC_PRESENTATION_REPRESENTATION (  '', ( #2253 ), #5044 ) ;
#4337 = DIRECTION ( 'NONE',  ( 0.0000000000000000000, 0.0000000000000000000, 1.000000000000000000 ) ) ;
#4338 = SHAPE_DEFINITION_REPRESENTATION ( #10971, #8336 ) ;
#4339 = VERTEX_POINT ( 'NONE', #1793 ) ;
#4340 = COLOUR_RGB ( '',0.7490196078431372600, 1.000000000000000000, 1.000000000000000000 ) ;
#4341 = SURFACE_STYLE_USAGE ( .BOTH. , #10583 ) ;
#4342 =( GEOMETRIC_REPRESENTATION_CONTEXT ( 3 ) GLOBAL_UNCERTAINTY_ASSIGNED_CONTEXT ( ( #497 ) ) GLOBAL_UNIT_ASSIGNED_CONTEXT ( ( #8885, #5250, #8936 ) ) REPRESENTATION_CONTEXT ( 'NONE', 'WORKASPACE' ) );
#4343 = UNCERTAINTY_MEASURE_WITH_UNIT (LENGTH_MEASURE( 1.000000000000000100E-005 ), #8266, 'distance_accuracy_value', 'NONE');
#4344 = DIRECTION ( 'NONE',  ( -0.0000000000000000000, -1.000000000000000000, -0.0000000000000000000 ) ) ;
#4345 = CARTESIAN_POINT ( 'NONE',  ( 8.890000000000000600, 2.550001375952250200, -9.864998812275001000 ) ) ;
#4346 = UNCERTAINTY_MEASURE_WITH_UNIT (LENGTH_MEASURE( 1.000000000000000100E-005 ), #13324, 'distance_accuracy_value', 'NONE');
#4347 = VERTEX_POINT ( 'NONE', #5936 ) ;
#4348 = DIRECTION ( 'NONE',  ( 0.9993539390597754300, 0.0000000000000000000, -0.03594029056241360800 ) ) ;
#4349 = PLANE ( 'NONE',  #9328 ) ;
#4350 = ORIENTED_EDGE ( 'NONE', *, *, #2853, .T. ) ;
#4351 = LINE ( 'NONE', #6114, #7105 ) ;
#4352 = AXIS2_PLACEMENT_3D ( 'NONE', #13351, #7187, #950 ) ;
#4353 = PLANE ( 'NONE',  #6538 ) ;
#4354 = LINE ( 'NONE', #10536, #1584 ) ;
#4355 = EDGE_CURVE ( 'NONE', #6189, #5973, #8604, .T. ) ;
#4356 = ORIENTED_EDGE ( 'NONE', *, *, #6088, .F. ) ;
#4357 = CARTESIAN_POINT ( 'NONE',  ( -7.772400000000001100, -1.778000000000000200, 2.920999999999999800 ) ) ;
#4358 = PRESENTATION_STYLE_ASSIGNMENT (( #390 ) ) ;
#4359 = EDGE_CURVE ( 'NONE', #3490, #11006, #2883, .T. ) ;
#4360 = SURFACE_STYLE_USAGE ( .BOTH. , #4441 ) ;
#4361 = LINE ( 'NONE', #9315, #9909 ) ;
#4362 = ADVANCED_FACE ( 'NONE', ( #7964 ), #8066, .F. ) ;
#4363 = ORIENTED_EDGE ( 'NONE', *, *, #12191, .T. ) ;
#4364 = ORIENTED_EDGE ( 'NONE', *, *, #4002, .F. ) ;
#4365 = COLOUR_RGB ( '',0.7490196078431372600, 1.000000000000000000, 1.000000000000000000 ) ;
#4366 = LINE ( 'NONE', #7064, #4059 ) ;
#4367 = CARTESIAN_POINT ( 'NONE',  ( -8.890000000000000600, 10.54099999999999900, 10.36402441704023400 ) ) ;
#4368 = STYLED_ITEM ( 'NONE', ( #13457 ), #11032 ) ;
#4369 = ORIENTED_EDGE ( 'NONE', *, *, #10102, .F. ) ;
#4370 = SURFACE_STYLE_USAGE ( .BOTH. , #10610 ) ;
#4371 = SURFACE_STYLE_FILL_AREA ( #9439 ) ;
#4372 = LINE ( 'NONE', #5006, #1605 ) ;
#4373 = CARTESIAN_POINT ( 'NONE',  ( -8.635999999999997500, 1.658000620954384900, -10.75399881182987200 ) ) ;
#4374 = FILL_AREA_STYLE ('',( #12682 ) ) ;
#4375 = LINE ( 'NONE', #10147, #1608 ) ;
#4376 = ORIENTED_EDGE ( 'NONE', *, *, #9908, .F. ) ;
#4377 = EDGE_LOOP ( 'NONE', ( #4333, #11932, #1404, #9295 ) ) ;
#4378 = CARTESIAN_POINT ( 'NONE',  ( -9.213783124692506400, 10.25428738349044100, 9.557790966000002400 ) ) ;
#4379 =( NAMED_UNIT ( * ) SI_UNIT ( $, .STERADIAN. ) SOLID_ANGLE_UNIT ( ) );
#4380 = VECTOR ( 'NONE', #9690, 1000.000000000000000 ) ;
#4381 = PRESENTATION_LAYER_ASSIGNMENT (  '', '', ( #3003 ) ) ;
#4382 = VECTOR ( 'NONE', #4580, 1000.000000000000000 ) ;
#4383 = VECTOR ( 'NONE', #8985, 1000.000000000000000 ) ;
#4384 =( NAMED_UNIT ( * ) PLANE_ANGLE_UNIT ( ) SI_UNIT ( $, .RADIAN. ) );
#4385 = UNCERTAINTY_MEASURE_WITH_UNIT (LENGTH_MEASURE( 1.000000000000000100E-005 ), #3135, 'distance_accuracy_value', 'NONE');
#4386 = DIRECTION ( 'NONE',  ( 0.0000000000000000000, 0.0000000000000000000, -1.000000000000000000 ) ) ;
#4387 = VECTOR ( 'NONE', #11352, 1000.000000000000000 ) ;
#4388 = LINE ( 'NONE', #3022, #9937 ) ;
#4389 = DIRECTION ( 'NONE',  ( -0.0000000000000000000, -1.000000000000000000, -0.0000000000000000000 ) ) ;
#4390 = EDGE_LOOP ( 'NONE', ( #9886, #10829, #9529, #10542 ) ) ;
#4391 = FILL_AREA_STYLE ('',( #10630 ) ) ;
#4392 = ORIENTED_EDGE ( 'NONE', *, *, #1470, .T. ) ;
#4393 = EDGE_CURVE ( 'NONE', #1107, #4027, #12446, .T. ) ;
#4394 = EDGE_LOOP ( 'NONE', ( #4975, #7747, #1861, #8001 ) ) ;
#4395 = VERTEX_POINT ( 'NONE', #8118 ) ;
#4396 = COLOUR_RGB ( '',0.7490196078431372600, 1.000000000000000000, 1.000000000000000000 ) ;
#4397 = FACE_OUTER_BOUND ( 'NONE', #8257, .T. ) ;
#4398 = DIRECTION ( 'NONE',  ( -0.0000000000000000000, -0.0000000000000000000, -1.000000000000000000 ) ) ;
#4399 = SURFACE_SIDE_STYLE ('',( #11636 ) ) ;
#4400 = EDGE_CURVE ( 'NONE', #11152, #1370, #9766, .T. ) ;
#4401 = VECTOR ( 'NONE', #13336, 1000.000000000000000 ) ;
#4402 = ORIENTED_EDGE ( 'NONE', *, *, #8356, .F. ) ;
#4403 = CARTESIAN_POINT ( 'NONE',  ( 6.349999999999999600, 0.0000000000000000000, -10.10920000000000100 ) ) ;
#4404 = EDGE_CURVE ( 'NONE', #10197, #1191, #6966, .T. ) ;
#4405 = PLANE ( 'NONE',  #10743 ) ;
#4406 =( NAMED_UNIT ( * ) SI_UNIT ( $, .STERADIAN. ) SOLID_ANGLE_UNIT ( ) );
#4407 = CARTESIAN_POINT ( 'NONE',  ( -5.029410354999999600, 11.24761946649868000, 4.731681872465393300 ) ) ;
#4408 =( LENGTH_UNIT ( ) NAMED_UNIT ( * ) SI_UNIT ( .MILLI., .METRE. ) );
#4409 = SURFACE_STYLE_USAGE ( .BOTH. , #10647 ) ;
#4410 = LINE ( 'NONE', #5263, #6842 ) ;
#4411 = MECHANICAL_DESIGN_GEOMETRIC_PRESENTATION_REPRESENTATION (  '', ( #2322 ), #5112 ) ;
#4412 = AXIS2_PLACEMENT_3D ( 'NONE', #6660, #550, #6978 ) ;
#4413 = ORIENTED_EDGE ( 'NONE', *, *, #7444, .F. ) ;
#4414 = CYLINDRICAL_SURFACE ( 'NONE', #13190, 0.1270000000000003900 ) ;
#4415 = LINE ( 'NONE', #4738, #9304 ) ;
#4416 = VECTOR ( 'NONE', #13068, 1000.000000000000000 ) ;
#4417 = DIRECTION ( 'NONE',  ( 1.000000000000000000, 0.0000000000000000000, 0.0000000000000000000 ) ) ;
#4418 = CARTESIAN_POINT ( 'NONE',  ( -8.890000000000000600, 5.524499999999999700, 12.06500000000000100 ) ) ;
#4419 = DIRECTION ( 'NONE',  ( 0.0000000000000000000, 1.000000000000000000, 0.0000000000000000000 ) ) ;
#4420 = EDGE_CURVE ( 'NONE', #469, #8549, #4218, .T. ) ;
#4421 = VERTEX_POINT ( 'NONE', #7097 ) ;
#4422 = CARTESIAN_POINT ( 'NONE',  ( -8.890000000000000600, 7.261533195000000200, 8.953771189000002900 ) ) ;
#4423 = CARTESIAN_POINT ( 'NONE',  ( -8.890000000000000600, 10.04879397399999900, -3.781386573000000300 ) ) ;
#4424 = AXIS2_PLACEMENT_3D ( 'NONE', #7533, #1298, #8565 ) ;
#4425 = DIRECTION ( 'NONE',  ( 0.0000000000000000000, 0.0000000000000000000, 1.000000000000000000 ) ) ;
#4426 = CARTESIAN_POINT ( 'NONE',  ( -5.949999998705000500, 1.345799999755499900, 12.06500000000000100 ) ) ;
#4427 = MECHANICAL_DESIGN_GEOMETRIC_PRESENTATION_REPRESENTATION (  '', ( #2342 ), #5132 ) ;
#4428 = CARTESIAN_POINT ( 'NONE',  ( -8.890000000000000600, 0.0000000000000000000, -10.46480000000000000 ) ) ;
#4429 =( NAMED_UNIT ( * ) PLANE_ANGLE_UNIT ( ) SI_UNIT ( $, .RADIAN. ) );
#4430 = DIRECTION ( 'NONE',  ( -0.6948958116731911400, 0.0000000000000000000, 0.7191104302671858000 ) ) ;
#4432 = AXIS2_PLACEMENT_3D ( 'NONE', #1386, #1260, #1184 ) ;
#4431 =( NAMED_UNIT ( * ) PLANE_ANGLE_UNIT ( ) SI_UNIT ( $, .RADIAN. ) );
#4433 = ADVANCED_FACE ( 'NONE', ( #6640, #9093, #1103 ), #8161, .T. ) ;
#4434 = ORIENTED_EDGE ( 'NONE', *, *, #5123, .T. ) ;
#4435 = STYLED_ITEM ( 'NONE', ( #1462 ), #7978 ) ;
#4436 =( GEOMETRIC_REPRESENTATION_CONTEXT ( 3 ) GLOBAL_UNCERTAINTY_ASSIGNED_CONTEXT ( ( #5357 ) ) GLOBAL_UNIT_ASSIGNED_CONTEXT ( ( #7855, #1628, #8900 ) ) REPRESENTATION_CONTEXT ( 'NONE', 'WORKASPACE' ) );
#4437 = DIRECTION ( 'NONE',  ( -1.000000000000000000, 0.0000000000000000000, 0.0000000000000000000 ) ) ;
#4438 = VERTEX_POINT ( 'NONE', #868 ) ;
#4439 = EDGE_CURVE ( 'NONE', #11084, #3360, #121, .T. ) ;
#4440 = PRESENTATION_LAYER_ASSIGNMENT (  '', '', ( #2353 ) ) ;
#4441 = SURFACE_SIDE_STYLE ('',( #5013 ) ) ;
#4442 = CARTESIAN_POINT ( 'NONE',  ( 6.349999999999999600, 0.0000000000000000000, -10.10920000000000100 ) ) ;
#4443 = PLANE ( 'NONE',  #8090 ) ;
#4444 =( NAMED_UNIT ( * ) SI_UNIT ( $, .STERADIAN. ) SOLID_ANGLE_UNIT ( ) );
#4445 = FILL_AREA_STYLE ('',( #9645 ) ) ;
#4446 = UNCERTAINTY_MEASURE_WITH_UNIT (LENGTH_MEASURE( 1.000000000000000100E-005 ), #4972, 'distance_accuracy_value', 'NONE');
#4447 =( NAMED_UNIT ( * ) SI_UNIT ( $, .STERADIAN. ) SOLID_ANGLE_UNIT ( ) );
#4448 = ORIENTED_EDGE ( 'NONE', *, *, #12128, .T. ) ;
#4449 = DIRECTION ( 'NONE',  ( 0.0000000000000000000, 1.000000000000000000, 0.0000000000000000000 ) ) ;
#4450 =( NAMED_UNIT ( * ) SI_UNIT ( $, .STERADIAN. ) SOLID_ANGLE_UNIT ( ) );
#4451 = PRESENTATION_LAYER_ASSIGNMENT (  '', '', ( #3760 ) ) ;
#4452 = VERTEX_POINT ( 'NONE', #1977 ) ;
#4453 =( GEOMETRIC_REPRESENTATION_CONTEXT ( 3 ) GLOBAL_UNCERTAINTY_ASSIGNED_CONTEXT ( ( #4862 ) ) GLOBAL_UNIT_ASSIGNED_CONTEXT ( ( #7504, #1251, #8534 ) ) REPRESENTATION_CONTEXT ( 'NONE', 'WORKASPACE' ) );
#4454 = CARTESIAN_POINT ( 'NONE',  ( -7.264400000000000200, -1.778000000000000200, 5.461000000000000300 ) ) ;
#4455 = ORIENTED_EDGE ( 'NONE', *, *, #1607, .T. ) ;
#4456 = MECHANICAL_DESIGN_GEOMETRIC_PRESENTATION_REPRESENTATION (  '', ( #3078 ), #5156 ) ;
#4457 = VECTOR ( 'NONE', #3028, 1000.000000000000000 ) ;
#4458 = FILL_AREA_STYLE_COLOUR ( '', #7701 ) ;
#4459 = DIRECTION ( 'NONE',  ( 1.000000000000000000, -0.0000000000000000000, 0.0000000000000000000 ) ) ;
#4460 = ORIENTED_EDGE ( 'NONE', *, *, #13169, .T. ) ;
#4461 = CARTESIAN_POINT ( 'NONE',  ( 3.301999999999999600, 0.0000000000000000000, -7.569200000000000400 ) ) ;
#4462 = STYLED_ITEM ( 'NONE', ( #3851 ), #5108 ) ;
#4463 = VERTEX_POINT ( 'NONE', #10307 ) ;
#4464 = DIRECTION ( 'NONE',  ( -1.000000000000000000, 0.0000000000000000000, 0.0000000000000000000 ) ) ;
#4465 = EDGE_CURVE ( 'NONE', #3068, #3757, #2604, .T. ) ;
#4466 = CARTESIAN_POINT ( 'NONE',  ( 2.590999999999999700, 9.845800000000000600, 12.06500000000000100 ) ) ;
#4467 = SURFACE_STYLE_USAGE ( .BOTH. , #10704 ) ;
#4468 = ORIENTED_EDGE ( 'NONE', *, *, #41, .T. ) ;
#4469 = SURFACE_SIDE_STYLE ('',( #10997 ) ) ;
#4470 = ORIENTED_EDGE ( 'NONE', *, *, #9563, .F. ) ;
#4471 = CARTESIAN_POINT ( 'NONE',  ( -5.804110354999999700, 8.142580277000002200, 8.064649543000001600 ) ) ;
#4472 = CARTESIAN_POINT ( 'NONE',  ( 8.890000000000000600, 1.247224551937484300, -1.447800003633881600 ) ) ;
#4473 = CARTESIAN_POINT ( 'NONE',  ( -5.079999999999999200, -1.778000000000000200, -7.924799999999999400 ) ) ;
#4474 = ORIENTED_EDGE ( 'NONE', *, *, #1656, .T. ) ;
#4475 = UNCERTAINTY_MEASURE_WITH_UNIT (LENGTH_MEASURE( 1.000000000000000100E-005 ), #9126, 'distance_accuracy_value', 'NONE');
#4476 = EDGE_CURVE ( 'NONE', #2303, #4172, #8110, .T. ) ;
#4477 = PRESENTATION_LAYER_ASSIGNMENT (  '', '', ( #3790 ) ) ;
#4478 = FILL_AREA_STYLE_COLOUR ( '', #1744 ) ;
#4479 = ORIENTED_EDGE ( 'NONE', *, *, #7548, .F. ) ;
#4480 = ORIENTED_EDGE ( 'NONE', *, *, #4183, .F. ) ;
#4481 = SURFACE_SIDE_STYLE ('',( #7605 ) ) ;
#4482 = SURFACE_SIDE_STYLE ('',( #244 ) ) ;
#4483 = DIRECTION ( 'NONE',  ( -1.000000000000000000, -0.0000000000000000000, -0.0000000000000000000 ) ) ;
#4484 = SURFACE_STYLE_USAGE ( .BOTH. , #10736 ) ;
#4485 = PRESENTATION_STYLE_ASSIGNMENT (( #3627 ) ) ;
#4486 = EDGE_CURVE ( 'NONE', #4813, #4731, #10559, .T. ) ;
#4487 = LINE ( 'NONE', #10627, #6915 ) ;
#4488 = CARTESIAN_POINT ( 'NONE',  ( 8.635999999999999200, 1.658000621000000200, -10.75399881200000100 ) ) ;
#4489 =( NAMED_UNIT ( * ) SI_UNIT ( $, .STERADIAN. ) SOLID_ANGLE_UNIT ( ) );
#4490 = SURFACE_STYLE_FILL_AREA ( #6029 ) ;
#4491 = EDGE_CURVE ( 'NONE', #7585, #9525, #5351, .T. ) ;
#4492 = CARTESIAN_POINT ( 'NONE',  ( 1.270000000000000000, -1.778000000000000200, -7.569200000000000400 ) ) ;
#4493 = ORIENTED_EDGE ( 'NONE', *, *, #4420, .F. ) ;
#4494 = DIRECTION ( 'NONE',  ( 0.0000000000000000000, 0.0000000000000000000, -1.000000000000000000 ) ) ;
#4495 = ADVANCED_FACE ( 'NONE', ( #2260 ), #12375, .F. ) ;
#4496 = EDGE_LOOP ( 'NONE', ( #3319, #6620, #13445, #12184 ) ) ;
#4497 = ORIENTED_EDGE ( 'NONE', *, *, #7467, .F. ) ;
#4498 = SURFACE_STYLE_FILL_AREA ( #10077 ) ;
#4499 = DIRECTION ( 'NONE',  ( 0.0000000000000000000, 0.0000000000000000000, 1.000000000000000000 ) ) ;
#4500 = CARTESIAN_POINT ( 'NONE',  ( 8.382000000000001400, 10.54099999999999900, 10.83254115400000100 ) ) ;
#4501 = VECTOR ( 'NONE', #6694, 1000.000000000000000 ) ;
#4502 = PLANE ( 'NONE',  #4186 ) ;
#4503 = STYLED_ITEM ( 'NONE', ( #13223 ), #3613 ) ;
#4504 = VECTOR ( 'NONE', #1665, 1000.000000000000000 ) ;
#4505 = EDGE_LOOP ( 'NONE', ( #5870, #10659, #9365, #13080 ) ) ;
#4506 =( NAMED_UNIT ( * ) SI_UNIT ( $, .STERADIAN. ) SOLID_ANGLE_UNIT ( ) );
#4507 =( GEOMETRIC_REPRESENTATION_CONTEXT ( 3 ) GLOBAL_UNCERTAINTY_ASSIGNED_CONTEXT ( ( #67 ) ) GLOBAL_UNIT_ASSIGNED_CONTEXT ( ( #12758, #12742, #12696 ) ) REPRESENTATION_CONTEXT ( 'NONE', 'WORKASPACE' ) );
#4508 =( GEOMETRIC_REPRESENTATION_CONTEXT ( 3 ) GLOBAL_UNCERTAINTY_ASSIGNED_CONTEXT ( ( #10290 ) ) GLOBAL_UNIT_ASSIGNED_CONTEXT ( ( #8646, #2428, #9707 ) ) REPRESENTATION_CONTEXT ( 'NONE', 'WORKASPACE' ) );
#4509 = VECTOR ( 'NONE', #1331, 1000.000000000000000 ) ;
#4510 = SURFACE_STYLE_FILL_AREA ( #8510 ) ;
#4511 = VERTEX_POINT ( 'NONE', #11357 ) ;
#4512 = VERTEX_POINT ( 'NONE', #6236 ) ;
#4513 = SURFACE_SIDE_STYLE ('',( #10731 ) ) ;
#4514 = SURFACE_STYLE_USAGE ( .BOTH. , #10765 ) ;
#4515 = DIRECTION ( 'NONE',  ( 0.0000000000000000000, 0.0000000000000000000, 1.000000000000000000 ) ) ;
#4516 = PRESENTATION_STYLE_ASSIGNMENT (( #3959 ) ) ;
#4517 = FACE_OUTER_BOUND ( 'NONE', #11731, .T. ) ;
#4518 = EDGE_CURVE ( 'NONE', #10316, #6158, #3724, .T. ) ;
#4519 = CARTESIAN_POINT ( 'NONE',  ( 7.772400000000000200, 0.0000000000000000000, 7.493000000000001200 ) ) ;
#4520 = DIRECTION ( 'NONE',  ( -1.000000000000000000, 0.0000000000000000000, 0.0000000000000000000 ) ) ;
#4521 = FILL_AREA_STYLE_COLOUR ( '', #11934 ) ;
#4522 = PRESENTATION_LAYER_ASSIGNMENT (  '', '', ( #5227 ) ) ;
#4523 = SURFACE_STYLE_FILL_AREA ( #1579 ) ;
#4524 = ORIENTED_EDGE ( 'NONE', *, *, #10723, .F. ) ;
#4525 = VECTOR ( 'NONE', #10357, 1000.000000000000000 ) ;
#4526 = VERTEX_POINT ( 'NONE', #2117 ) ;
#4527 = PRESENTATION_LAYER_ASSIGNMENT (  '', '', ( #3152 ) ) ;
#4528 = DIRECTION ( 'NONE',  ( 1.000000000000000000, 0.0000000000000000000, 0.0000000000000000000 ) ) ;
#4529 = CARTESIAN_POINT ( 'NONE',  ( 4.825999999999997800, 0.0000000000000000000, -2.668177707000000800 ) ) ;
#4530 = FILL_AREA_STYLE_COLOUR ( '', #408 ) ;
#4531 = COLOUR_RGB ( '',0.7490196078431372600, 1.000000000000000000, 1.000000000000000000 ) ;
#4532 = CARTESIAN_POINT ( 'NONE',  ( 5.029037554499999500, 10.65445416729999900, 11.56604519000000100 ) ) ;
#4533 =( GEOMETRIC_REPRESENTATION_CONTEXT ( 3 ) GLOBAL_UNCERTAINTY_ASSIGNED_CONTEXT ( ( #8686 ) ) GLOBAL_UNIT_ASSIGNED_CONTEXT ( ( #8769, #2556, #9838 ) ) REPRESENTATION_CONTEXT ( 'NONE', 'WORKASPACE' ) );
#4534 = DIRECTION ( 'NONE',  ( -0.0000000000000000000, -0.0000000000000000000, -1.000000000000000000 ) ) ;
#4535 =( NAMED_UNIT ( * ) SI_UNIT ( $, .STERADIAN. ) SOLID_ANGLE_UNIT ( ) );
#4536 = VERTEX_POINT ( 'NONE', #1043 ) ;
#4537 =( NAMED_UNIT ( * ) PLANE_ANGLE_UNIT ( ) SI_UNIT ( $, .RADIAN. ) );
#4538 = CARTESIAN_POINT ( 'NONE',  ( -8.636000002539999400, 10.74927999819025000, 12.06500000000000100 ) ) ;
#4539 = LINE ( 'NONE', #4857, #1448 ) ;
#4540 = EDGE_CURVE ( 'NONE', #5543, #8417, #1267, .T. ) ;
#4541 = FILL_AREA_STYLE ('',( #471 ) ) ;
#4542 = CARTESIAN_POINT ( 'NONE',  ( 7.264400000000000200, -0.8890000000000001200, 4.953000000000001200 ) ) ;
#4543 = SURFACE_STYLE_FILL_AREA ( #4374 ) ;
#4544 = ORIENTED_EDGE ( 'NONE', *, *, #10696, .F. ) ;
#4545 = CARTESIAN_POINT ( 'NONE',  ( 8.635999999999999200, 1.658000620895807400, -10.75399881182987000 ) ) ;
#4546 =( GEOMETRIC_REPRESENTATION_CONTEXT ( 3 ) GLOBAL_UNCERTAINTY_ASSIGNED_CONTEXT ( ( #11901 ) ) GLOBAL_UNIT_ASSIGNED_CONTEXT ( ( #12910, #6728, #5925 ) ) REPRESENTATION_CONTEXT ( 'NONE', 'WORKASPACE' ) );
#4547 = CARTESIAN_POINT ( 'NONE',  ( 3.301999999999999600, 0.0000000000000000000, -7.569200000000000400 ) ) ;
#4548 = CARTESIAN_POINT ( 'NONE',  ( 8.890000000000002300, 2.276954806285541800, 10.05299548009617400 ) ) ;
#4549 = LINE ( 'NONE', #11549, #9442 ) ;
#4550 = CARTESIAN_POINT ( 'NONE',  ( -8.890000000000000600, 0.0000000000000000000, -12.06500000000000100 ) ) ;
#4551 = PRESENTATION_STYLE_ASSIGNMENT (( #7384 ) ) ;
#4552 = CARTESIAN_POINT ( 'NONE',  ( 8.762999999999999900, 8.848793325999999100, -5.381387436999999900 ) ) ;
#4553 = COLOUR_RGB ( '',0.7490196078431372600, 1.000000000000000000, 1.000000000000000000 ) ;
#4554 = CARTESIAN_POINT ( 'NONE',  ( 5.029410354999999600, 11.04899999949598300, 11.26824597584032300 ) ) ;
#4555 = EDGE_LOOP ( 'NONE', ( #3390, #4953, #10378, #12646 ) ) ;
#4556 = SURFACE_STYLE_FILL_AREA ( #7404 ) ;
#4557 = PRESENTATION_STYLE_ASSIGNMENT (( #1205 ) ) ;
#4558 =( NAMED_UNIT ( * ) SI_UNIT ( $, .STERADIAN. ) SOLID_ANGLE_UNIT ( ) );
#4559 = DIRECTION ( 'NONE',  ( 0.0000000000000000000, 0.0000000000000000000, -1.000000000000000000 ) ) ;
#4560 = ADVANCED_FACE ( 'NONE', ( #6471 ), #11434, .F. ) ;
#4561 = PRESENTATION_STYLE_ASSIGNMENT (( #11188 ) ) ;
#4562 = ORIENTED_EDGE ( 'NONE', *, *, #6378, .F. ) ;
#4563 = PRESENTATION_STYLE_ASSIGNMENT (( #8406 ) ) ;
#4564 = CIRCLE ( 'NONE', #3976, 0.1270000000000003900 ) ;
#4565 = SURFACE_STYLE_USAGE ( .BOTH. , #10811 ) ;
#4566 = EDGE_CURVE ( 'NONE', #8876, #3145, #10724, .T. ) ;
#4567 =( NAMED_UNIT ( * ) PLANE_ANGLE_UNIT ( ) SI_UNIT ( $, .RADIAN. ) );
#4568 = CARTESIAN_POINT ( 'NONE',  ( 1.778000000000000200, -1.778000000000000200, -10.10920000000000100 ) ) ;
#4569 = EDGE_CURVE ( 'NONE', #637, #439, #13418, .T. ) ;
#4570 =( NAMED_UNIT ( * ) SI_UNIT ( $, .STERADIAN. ) SOLID_ANGLE_UNIT ( ) );
#4571 = DIRECTION ( 'NONE',  ( 0.0000000000000000000, 0.0000000000000000000, 1.000000000000000000 ) ) ;
#4572 = DIRECTION ( 'NONE',  ( 1.000000000000000000, 0.0000000000000000000, 0.0000000000000000000 ) ) ;
#4573 =( NAMED_UNIT ( * ) PLANE_ANGLE_UNIT ( ) SI_UNIT ( $, .RADIAN. ) );
#4574 = VECTOR ( 'NONE', #7679, 1000.000000000000000 ) ;
#4575 = ORIENTED_EDGE ( 'NONE', *, *, #12086, .T. ) ;
#4576 = ORIENTED_EDGE ( 'NONE', *, *, #5757, .T. ) ;
#4577 = FILL_AREA_STYLE ('',( #7635 ) ) ;
#4578 =( NAMED_UNIT ( * ) SI_UNIT ( $, .STERADIAN. ) SOLID_ANGLE_UNIT ( ) );
#4579 = DIRECTION ( 'NONE',  ( 0.0000000000000000000, 0.0000000000000000000, -1.000000000000000000 ) ) ;
#4580 = DIRECTION ( 'NONE',  ( -1.000000000000000000, 0.0000000000000000000, 0.0000000000000000000 ) ) ;
#4581 = AXIS2_PLACEMENT_3D ( 'NONE', #3608, #2881, #2577 ) ;
#4582 = STYLED_ITEM ( 'NONE', ( #1288 ), #655 ) ;
#4583 = FACE_OUTER_BOUND ( 'NONE', #4377, .T. ) ;
#4584 = ORIENTED_EDGE ( 'NONE', *, *, #13136, .F. ) ;
#4585 =( NAMED_UNIT ( * ) SI_UNIT ( $, .STERADIAN. ) SOLID_ANGLE_UNIT ( ) );
#4586 = CARTESIAN_POINT ( 'NONE',  ( 5.796293869530942700, 11.37117404642888700, 11.27807826195021500 ) ) ;
#4587 = CARTESIAN_POINT ( 'NONE',  ( -8.890000000000000600, -1.876075780000000100, 12.06500000000000100 ) ) ;
#4588 = EDGE_CURVE ( 'NONE', #12134, #2127, #7949, .T. ) ;
#4589 = UNCERTAINTY_MEASURE_WITH_UNIT (LENGTH_MEASURE( 1.000000000000000100E-005 ), #5091, 'distance_accuracy_value', 'NONE');
#4590 = VECTOR ( 'NONE', #5512, 1000.000000000000000 ) ;
#4591 = UNCERTAINTY_MEASURE_WITH_UNIT (LENGTH_MEASURE( 1.000000000000000100E-005 ), #6115, 'distance_accuracy_value', 'NONE');
#4592 = DIRECTION ( 'NONE',  ( -0.0000000000000000000, -0.9992515812666840100, 0.03868174422168048400 ) ) ;
#4593 = EDGE_CURVE ( 'NONE', #2599, #10854, #5188, .T. ) ;
#4594 =( NAMED_UNIT ( * ) SI_UNIT ( $, .STERADIAN. ) SOLID_ANGLE_UNIT ( ) );
#4595 = FILL_AREA_STYLE ('',( #3551 ) ) ;
#4596 = MECHANICAL_DESIGN_GEOMETRIC_PRESENTATION_REPRESENTATION (  '', ( #3214 ), #5297 ) ;
#4597 = FILL_AREA_STYLE_COLOUR ( '', #13393 ) ;
#4598 = ORIENTED_EDGE ( 'NONE', *, *, #2066, .F. ) ;
#4599 = STYLED_ITEM ( 'NONE', ( #786 ), #4284 ) ;
#4600 = DIRECTION ( 'NONE',  ( -1.000000000000000000, -0.0000000000000000000, -0.0000000000000000000 ) ) ;
#4601 = FILL_AREA_STYLE_COLOUR ( '', #1735 ) ;
#4602 = PRESENTATION_LAYER_ASSIGNMENT (  '', '', ( #3222 ) ) ;
#4603 = PRESENTATION_LAYER_ASSIGNMENT (  '', '', ( #3225 ) ) ;
#4604 = FACE_OUTER_BOUND ( 'NONE', #2557, .T. ) ;
#4605 = UNCERTAINTY_MEASURE_WITH_UNIT (LENGTH_MEASURE( 1.000000000000000100E-005 ), #12390, 'distance_accuracy_value', 'NONE');
#4606 = EDGE_CURVE ( 'NONE', #5005, #4101, #13084, .T. ) ;
#4607 = ORIENTED_EDGE ( 'NONE', *, *, #9544, .F. ) ;
#4608 = AXIS2_PLACEMENT_3D ( 'NONE', #7963, #1721, #9002 ) ;
#4609 = VERTEX_POINT ( 'NONE', #11532 ) ;
#4610 = PLANE ( 'NONE',  #1715 ) ;
#4611 = CARTESIAN_POINT ( 'NONE',  ( -8.939999999999999500, 1.247224551999999600, -1.447799999999999800 ) ) ;
#4612 = SURFACE_STYLE_USAGE ( .BOTH. , #4482 ) ;
#4613 = FILL_AREA_STYLE ('',( #7711 ) ) ;
#4614 = CARTESIAN_POINT ( 'NONE',  ( 3.301999999999999600, -1.778000000000000200, -7.569200000000000400 ) ) ;
#4615 = DIRECTION ( 'NONE',  ( -0.0000000000000000000, -0.0000000000000000000, 1.000000000000000000 ) ) ;
#4616 =( LENGTH_UNIT ( ) NAMED_UNIT ( * ) SI_UNIT ( .MILLI., .METRE. ) );
#4617 = VECTOR ( 'NONE', #9622, 1000.000000000000000 ) ;
#4618 = CARTESIAN_POINT ( 'NONE',  ( 1.778000000000000200, -0.8890000000000001200, -10.10920000000000100 ) ) ;
#4619 = CARTESIAN_POINT ( 'NONE',  ( -8.635999999999997500, 1.658000620999999600, -10.24599881200000000 ) ) ;
#4620 =( GEOMETRIC_REPRESENTATION_CONTEXT ( 3 ) GLOBAL_UNCERTAINTY_ASSIGNED_CONTEXT ( ( #3292 ) ) GLOBAL_UNIT_ASSIGNED_CONTEXT ( ( #5938, #13144, #6976 ) ) REPRESENTATION_CONTEXT ( 'NONE', 'WORKASPACE' ) );
#4621 = DIRECTION ( 'NONE',  ( 0.0000000000000000000, 0.0000000000000000000, 1.000000000000000000 ) ) ;
#4622 = ORIENTED_EDGE ( 'NONE', *, *, #13043, .F. ) ;
#4623 = DIRECTION ( 'NONE',  ( -1.000000000000000000, 0.0000000000000000000, 0.0000000000000000000 ) ) ;
#4624 = ORIENTED_EDGE ( 'NONE', *, *, #6478, .T. ) ;
#4625 = ADVANCED_FACE ( 'NONE', ( #10068 ), #7381, .F. ) ;
#4626 = FACE_BOUND ( 'NONE', #9568, .T. ) ;
#4627 = LINE ( 'NONE', #11088, #4306 ) ;
#4628 = CARTESIAN_POINT ( 'NONE',  ( -9.090344282899099700, 10.13973070442536400, 8.842354102486174500 ) ) ;
#4629 = CARTESIAN_POINT ( 'NONE',  ( -4.317999999999999600, -1.778000000000000200, -10.10920000000000100 ) ) ;
#4630 = LINE ( 'NONE', #10572, #1857 ) ;
#4631 = ORIENTED_EDGE ( 'NONE', *, *, #13320, .F. ) ;
#4632 = DIRECTION ( 'NONE',  ( 0.0000000000000000000, 0.0000000000000000000, 1.000000000000000000 ) ) ;
#4633 = MECHANICAL_DESIGN_GEOMETRIC_PRESENTATION_REPRESENTATION (  '', ( #2564 ), #5338 ) ;
#4634 = ORIENTED_EDGE ( 'NONE', *, *, #3617, .F. ) ;
#4635 = DIRECTION ( 'NONE',  ( 0.0000000000000000000, 0.0000000000000000000, -1.000000000000000000 ) ) ;
#4636 = ORIENTED_EDGE ( 'NONE', *, *, #194, .T. ) ;
#4637 = CARTESIAN_POINT ( 'NONE',  ( -5.804110354999999700, 11.23840813154254000, 11.42054446055382800 ) ) ;
#4638 = DIRECTION ( 'NONE',  ( 1.000000000000000000, -1.707404996040159400E-015, 0.0000000000000000000 ) ) ;
#4639 = UNCERTAINTY_MEASURE_WITH_UNIT (LENGTH_MEASURE( 1.000000000000000100E-005 ), #4889, 'distance_accuracy_value', 'NONE');
#4640 = CARTESIAN_POINT ( 'NONE',  ( -2.794000000000000000, -1.778000000000000200, -7.924799999999999400 ) ) ;
#4641 = DIRECTION ( 'NONE',  ( -1.000000000000000000, 0.0000000000000000000, 0.0000000000000000000 ) ) ;
#4642 = COLOUR_RGB ( '',0.7490196078431372600, 1.000000000000000000, 1.000000000000000000 ) ;
#4643 = FILL_AREA_STYLE ('',( #3609 ) ) ;
#4644 = ORIENTED_EDGE ( 'NONE', *, *, #8833, .T. ) ;
#4645 = MECHANICAL_DESIGN_GEOMETRIC_PRESENTATION_REPRESENTATION (  '', ( #2381 ), #5355 ) ;
#4646 = SURFACE_STYLE_USAGE ( .BOTH. , #10887 ) ;
#4647 = CARTESIAN_POINT ( 'NONE',  ( 8.635999999999999200, 8.975793326000001600, -5.181387328999999700 ) ) ;
#4648 = EDGE_CURVE ( 'NONE', #3563, #9826, #11796, .T. ) ;
#4649 = ORIENTED_EDGE ( 'NONE', *, *, #7226, .T. ) ;
#4650 = AXIS2_PLACEMENT_3D ( 'NONE', #6365, #123, #7413 ) ;
#4651 = PRESENTATION_STYLE_ASSIGNMENT (( #9697 ) ) ;
#4652 = VECTOR ( 'NONE', #2443, 1000.000000000000000 ) ;
#4653 = ORIENTED_EDGE ( 'NONE', *, *, #9824, .F. ) ;
#4654 = ORIENTED_EDGE ( 'NONE', *, *, #5706, .F. ) ;
#4655 = DIRECTION ( 'NONE',  ( -0.0000000000000000000, -0.0000000000000000000, 1.000000000000000000 ) ) ;
#4656 = DIRECTION ( 'NONE',  ( 0.0000000000000000000, 0.0000000000000000000, 1.000000000000000000 ) ) ;
#4657 = EDGE_LOOP ( 'NONE', ( #11738, #5279, #3036, #2045 ) ) ;
#4658 = SURFACE_STYLE_USAGE ( .BOTH. , #10903 ) ;
#4659 = SURFACE_STYLE_USAGE ( .BOTH. , #4757 ) ;
#4660 = STYLED_ITEM ( 'NONE', ( #8811 ), #116 ) ;
#4661 = VERTEX_POINT ( 'NONE', #11309 ) ;
#4662 = ORIENTED_EDGE ( 'NONE', *, *, #2831, .T. ) ;
#4663 = VECTOR ( 'NONE', #10898, 1000.000000000000000 ) ;
#4664 = AXIS2_PLACEMENT_3D ( 'NONE', #1726, #9005, #2797 ) ;
#4665 = FACE_OUTER_BOUND ( 'NONE', #6980, .T. ) ;
#4666 = CARTESIAN_POINT ( 'NONE',  ( 4.527472041999999400, 11.04899999999999900, 3.802000015999999600 ) ) ;
#4667 =( NAMED_UNIT ( * ) PLANE_ANGLE_UNIT ( ) SI_UNIT ( $, .RADIAN. ) );
#4668 = SURFACE_STYLE_FILL_AREA ( #5511 ) ;
#4669 = CARTESIAN_POINT ( 'NONE',  ( 5.029410354999999600, 11.23840813999999700, 11.42054445500000200 ) ) ;
#4670 = CARTESIAN_POINT ( 'NONE',  ( -6.426820371000000700, -1.778000000000000500, -1.143000000000000200 ) ) ;
#4671 = EDGE_CURVE ( 'NONE', #10226, #1849, #759, .T. ) ;
#4672 = VECTOR ( 'NONE', #200, 1000.000000000000000 ) ;
#4673 = ORIENTED_EDGE ( 'NONE', *, *, #4147, .F. ) ;
#4674 = AXIS2_PLACEMENT_3D ( 'NONE', #12595, #6414, #182 ) ;
#4675 = SURFACE_STYLE_FILL_AREA ( #4391 ) ;
#4676 = VECTOR ( 'NONE', #12413, 1000.000000000000000 ) ;
#4677 = CARTESIAN_POINT ( 'NONE',  ( -8.635999999999999200, 1.750000945000000300, -9.864998812000001400 ) ) ;
#4678 = SURFACE_SIDE_STYLE ('',( #9287 ) ) ;
#4679 = ORIENTED_EDGE ( 'NONE', *, *, #3801, .T. ) ;
#4680 = FILL_AREA_STYLE_COLOUR ( '', #11646 ) ;
#4681 = FILL_AREA_STYLE ('',( #2618 ) ) ;
#4682 = PRESENTATION_STYLE_ASSIGNMENT (( #4360 ) ) ;
#4683 = COLOUR_RGB ( '',0.7490196078431372600, 1.000000000000000000, 1.000000000000000000 ) ;
#4684 = MECHANICAL_DESIGN_GEOMETRIC_PRESENTATION_REPRESENTATION (  '', ( #2620 ), #5393 ) ;
#4685 = VECTOR ( 'NONE', #6167, 1000.000000000000000 ) ;
#4686 = CARTESIAN_POINT ( 'NONE',  ( -4.254710354999999400, 10.96964580000000200, 11.03698555000000100 ) ) ;
#4687 = DIRECTION ( 'NONE',  ( 1.000000000000000000, 0.0000000000000000000, 0.0000000000000000000 ) ) ;
#4688 = STYLED_ITEM ( 'NONE', ( #7459 ), #1293 ) ;
#4689 = AXIS2_PLACEMENT_3D ( 'NONE', #10223, #3999, #11246 ) ;
#4690 = EDGE_LOOP ( 'NONE', ( #10509, #10867, #13000, #4320, #1911, #1332 ) ) ;
#4691 = DIRECTION ( 'NONE',  ( -1.000000000000000000, 0.0000000000000000000, 0.0000000000000000000 ) ) ;
#4692 =( LENGTH_UNIT ( ) NAMED_UNIT ( * ) SI_UNIT ( .MILLI., .METRE. ) );
#4693 = VECTOR ( 'NONE', #8940, 1000.000000000000100 ) ;
#4694 = EDGE_CURVE ( 'NONE', #8956, #2004, #9083, .T. ) ;
#4695 = VERTEX_POINT ( 'NONE', #13367 ) ;
#4696 = CARTESIAN_POINT ( 'NONE',  ( -7.264400000000000200, -0.8890000000000001200, 2.412999999999999800 ) ) ;
#4697 = AXIS2_PLACEMENT_3D ( 'NONE', #8461, #2236, #9513 ) ;
#4698 = CARTESIAN_POINT ( 'NONE',  ( -4.737748232000000400, -0.8890000000000001200, 0.3664724570000000800 ) ) ;
#4699 =( NAMED_UNIT ( * ) PLANE_ANGLE_UNIT ( ) SI_UNIT ( $, .RADIAN. ) );
#4700 = ADVANCED_FACE ( 'NONE', ( #8750 ), #965, .T. ) ;
#4701 = VECTOR ( 'NONE', #12189, 1000.000000000000000 ) ;
#4702 = EDGE_LOOP ( 'NONE', ( #2341, #6670, #220, #1893, #8801, #9901 ) ) ;
#4703 = CIRCLE ( 'NONE', #1466, 0.5000000159999995500 ) ;
#4704 = ORIENTED_EDGE ( 'NONE', *, *, #11408, .F. ) ;
#4705 = UNCERTAINTY_MEASURE_WITH_UNIT (LENGTH_MEASURE( 1.000000000000000100E-005 ), #7939, 'distance_accuracy_value', 'NONE');
#4706 = ORIENTED_EDGE ( 'NONE', *, *, #2761, .F. ) ;
#4707 = VECTOR ( 'NONE', #7527, 1000.000000000000000 ) ;
#4708 = MECHANICAL_DESIGN_GEOMETRIC_PRESENTATION_REPRESENTATION (  '', ( #2642 ), #5419 ) ;
#4709 = CARTESIAN_POINT ( 'NONE',  ( 8.382000000000001400, 10.54099999999999900, 9.551776716999999200 ) ) ;
#4710 = SURFACE_STYLE_USAGE ( .BOTH. , #10936 ) ;
#4711 = LINE ( 'NONE', #6837, #1942 ) ;
#4712 = VECTOR ( 'NONE', #9693, 1000.000000000000000 ) ;
#4713 = DIRECTION ( 'NONE',  ( -0.0000000000000000000, -1.000000000000000000, -0.0000000000000000000 ) ) ;
#4714 = ORIENTED_EDGE ( 'NONE', *, *, #3129, .F. ) ;
#4715 = DIRECTION ( 'NONE',  ( 0.0000000000000000000, 0.0000000000000000000, 1.000000000000000000 ) ) ;
#4716 = LINE ( 'NONE', #240, #1945 ) ;
#4717 = CARTESIAN_POINT ( 'NONE',  ( -8.636000002540001200, 11.04900000051000000, 0.4651319104899999100 ) ) ;
#4718 = DIRECTION ( 'NONE',  ( 0.0000000000000000000, 0.0000000000000000000, 1.000000000000000000 ) ) ;
#4719 = COLOUR_RGB ( '',0.7490196078431372600, 1.000000000000000000, 1.000000000000000000 ) ;
#4720 = DIRECTION ( 'NONE',  ( -0.0000000000000000000, -0.0000000000000000000, -1.000000000000000000 ) ) ;
#4721 = ORIENTED_EDGE ( 'NONE', *, *, #654, .T. ) ;
#4722 = ORIENTED_EDGE ( 'NONE', *, *, #12802, .F. ) ;
#4723 = CARTESIAN_POINT ( 'NONE',  ( 2.032000000000000500, -1.778000000000000200, -10.10920000000000100 ) ) ;
#4724 = FACE_OUTER_BOUND ( 'NONE', #7742, .T. ) ;
#4725 = AXIS2_PLACEMENT_3D ( 'NONE', #320, #7606, #1368 ) ;
#4726 = DIRECTION ( 'NONE',  ( 0.0000000000000000000, 0.0000000000000000000, -1.000000000000000000 ) ) ;
#4727 = FACE_OUTER_BOUND ( 'NONE', #7244, .T. ) ;
#4728 = CYLINDRICAL_SURFACE ( 'NONE', #1578, 0.1270000000000003900 ) ;
#4729 = LINE ( 'NONE', #13376, #7497 ) ;
#4730 = COLOUR_RGB ( '',0.7490196078431372600, 1.000000000000000000, 1.000000000000000000 ) ;
#4731 = VERTEX_POINT ( 'NONE', #2059 ) ;
#4732 = PRESENTATION_STYLE_ASSIGNMENT (( #1996 ) ) ;
#4733 = DIRECTION ( 'NONE',  ( 8.537024980200826700E-016, -1.000000000000000000, -0.0000000000000000000 ) ) ;
#4734 = AXIS2_PLACEMENT_3D ( 'NONE', #4423, #11654, #5471 ) ;
#4735 = CARTESIAN_POINT ( 'NONE',  ( 0.0000000000000000000, 9.845799999000002200, 3.505199999999999900 ) ) ;
#4736 = CARTESIAN_POINT ( 'NONE',  ( 3.149999999999999900, 8.195800000000000200, 3.505199999999999900 ) ) ;
#4737 = CARTESIAN_POINT ( 'NONE',  ( -8.890000000000000600, 0.0000000000000000000, 4.953000000000001200 ) ) ;
#4738 = CARTESIAN_POINT ( 'NONE',  ( -5.029410354999999600, 11.18252178137756500, 11.13101989432197300 ) ) ;
#4739 = SURFACE_SIDE_STYLE ('',( #9088 ) ) ;
#4740 = FACE_OUTER_BOUND ( 'NONE', #6022, .T. ) ;
#4741 = EDGE_LOOP ( 'NONE', ( #3590, #4771, #6634, #1208 ) ) ;
#4742 = EDGE_CURVE ( 'NONE', #3487, #12652, #7774, .T. ) ;
#4743 = DIRECTION ( 'NONE',  ( 1.000000000000000000, 0.0000000000000000000, 0.0000000000000000000 ) ) ;
#4744 = PLANE ( 'NONE',  #8648 ) ;
#4745 = SURFACE_SIDE_STYLE ('',( #826 ) ) ;
#4746 = FILL_AREA_STYLE ('',( #2634 ) ) ;
#4747 = DIRECTION ( 'NONE',  ( -0.0000000000000000000, -0.0000000000000000000, 1.000000000000000000 ) ) ;
#4748 = ORIENTED_EDGE ( 'NONE', *, *, #60, .F. ) ;
#4749 = SURFACE_STYLE_FILL_AREA ( #3792 ) ;
#4750 = EDGE_CURVE ( 'NONE', #2978, #2605, #5009, .T. ) ;
#4751 = UNCERTAINTY_MEASURE_WITH_UNIT (LENGTH_MEASURE( 1.000000000000000100E-005 ), #4875, 'distance_accuracy_value', 'NONE');
#4752 = DIRECTION ( 'NONE',  ( -0.0000000000000000000, -1.000000000000000000, -0.0000000000000000000 ) ) ;
#4753 = EDGE_CURVE ( 'NONE', #2215, #428, #3232, .T. ) ;
#4754 = CARTESIAN_POINT ( 'NONE',  ( -4.737748232139559000, -1.778000000000000000, -2.759504731134859500 ) ) ;
#4755 =( NAMED_UNIT ( * ) SI_UNIT ( $, .STERADIAN. ) SOLID_ANGLE_UNIT ( ) );
#4756 = FILL_AREA_STYLE_COLOUR ( '', #10275 ) ;
#4757 = SURFACE_SIDE_STYLE ('',( #6176 ) ) ;
#4758 = EDGE_CURVE ( 'NONE', #1629, #4395, #10212, .T. ) ;
#4759 = DIRECTION ( 'NONE',  ( 1.000000000000000000, -0.0000000000000000000, -0.0000000000000000000 ) ) ;
#4760 = DIRECTION ( 'NONE',  ( 0.0000000000000000000, 0.7981611615035165700, -0.6024439893196357200 ) ) ;
#4761 = ORIENTED_EDGE ( 'NONE', *, *, #10836, .T. ) ;
#4762 = ORIENTED_EDGE ( 'NONE', *, *, #9244, .T. ) ;
#4763 = FILL_AREA_STYLE_COLOUR ( '', #13439 ) ;
#4764 = UNCERTAINTY_MEASURE_WITH_UNIT (LENGTH_MEASURE( 1.000000000000000100E-005 ), #13047, 'distance_accuracy_value', 'NONE');
#4765 = ADVANCED_FACE ( 'NONE', ( #9903 ), #5213, .T. ) ;
#4766 = SURFACE_STYLE_FILL_AREA ( #10056 ) ;
#4767 = AXIS2_PLACEMENT_3D ( 'NONE', #8509, #8372, #8062 ) ;
#4768 = PRESENTATION_LAYER_ASSIGNMENT (  '', '', ( #3376 ) ) ;
#4769 =( NAMED_UNIT ( * ) SI_UNIT ( $, .STERADIAN. ) SOLID_ANGLE_UNIT ( ) );
#4770 = CARTESIAN_POINT ( 'NONE',  ( 9.016999999999997700, 1.658000620895807600, -10.75399881199999900 ) ) ;
#4771 = ORIENTED_EDGE ( 'NONE', *, *, #3435, .F. ) ;
#4772 = FILL_AREA_STYLE ('',( #3685 ) ) ;
#4773 = EDGE_CURVE ( 'NONE', #1644, #1741, #8906, .T. ) ;
#4774 = ORIENTED_EDGE ( 'NONE', *, *, #12491, .F. ) ;
#4775 = DIRECTION ( 'NONE',  ( -1.000000000000000000, -0.0000000000000000000, -0.0000000000000000000 ) ) ;
#4776 = DIRECTION ( 'NONE',  ( 0.0000000000000000000, 0.7981611615035164600, -0.6024439893196357200 ) ) ;
#4777 = SURFACE_SIDE_STYLE ('',( #9595 ) ) ;
#4778 =( NAMED_UNIT ( * ) SI_UNIT ( $, .STERADIAN. ) SOLID_ANGLE_UNIT ( ) );
#4779 = VECTOR ( 'NONE', #6914, 1000.000000000000000 ) ;
#4780 = UNCERTAINTY_MEASURE_WITH_UNIT (LENGTH_MEASURE( 1.000000000000000100E-005 ), #6119, 'distance_accuracy_value', 'NONE');
#4781 =( NAMED_UNIT ( * ) SI_UNIT ( $, .STERADIAN. ) SOLID_ANGLE_UNIT ( ) );
#4782 = VERTEX_POINT ( 'NONE', #4248 ) ;
#4783 = AXIS2_PLACEMENT_3D ( 'NONE', #10399, #4162, #11397 ) ;
#4784 = EDGE_LOOP ( 'NONE', ( #6099, #1239, #10490, #6473, #3798 ) ) ;
#4785 = CARTESIAN_POINT ( 'NONE',  ( -8.635999999999999200, -1.165775448057019000, -0.5080000000000000100 ) ) ;
#4787 = STYLED_ITEM ( 'NONE', ( #10497 ), #2106 ) ;
#4786 = DIRECTION ( 'NONE',  ( -1.000000000000000000, -0.0000000000000000000, -0.0000000000000000000 ) ) ;
#4788 = FILL_AREA_STYLE_COLOUR ( '', #6977 ) ;
#4789 = VERTEX_POINT ( 'NONE', #10476 ) ;
#4790 = LINE ( 'NONE', #12517, #3482 ) ;
#4791 = LINE ( 'NONE', #9147, #2017 ) ;
#4792 = VECTOR ( 'NONE', #4592, 1000.000000000000200 ) ;
#4793 = ORIENTED_EDGE ( 'NONE', *, *, #8567, .T. ) ;
#4794 = CARTESIAN_POINT ( 'NONE',  ( -8.636000003810000400, 11.04899999999999900, -11.82668283297500100 ) ) ;
#4795 = PLANE ( 'NONE',  #9035 ) ;
#4796 = ORIENTED_EDGE ( 'NONE', *, *, #97, .T. ) ;
#4797 =( NAMED_UNIT ( * ) SI_UNIT ( $, .STERADIAN. ) SOLID_ANGLE_UNIT ( ) );
#4798 = DIRECTION ( 'NONE',  ( 0.0000000000000000000, -0.6024439915320666300, -0.7981611598335961500 ) ) ;
#4799 = SURFACE_STYLE_USAGE ( .BOTH. , #11025 ) ;
#4800 = MECHANICAL_DESIGN_GEOMETRIC_PRESENTATION_REPRESENTATION (  '', ( #2728 ), #5509 ) ;
#4801 = PRESENTATION_STYLE_ASSIGNMENT (( #1976 ) ) ;
#4802 = SURFACE_SIDE_STYLE ('',( #762 ) ) ;
#4803 = ORIENTED_EDGE ( 'NONE', *, *, #9652, .T. ) ;
#4804 = ORIENTED_EDGE ( 'NONE', *, *, #8218, .T. ) ;
#4805 = CARTESIAN_POINT ( 'NONE',  ( 8.635999999999999200, 10.74927999999999900, 0.5892800000000000300 ) ) ;
#4806 = ORIENTED_EDGE ( 'NONE', *, *, #4240, .F. ) ;
#4807 = UNCERTAINTY_MEASURE_WITH_UNIT (LENGTH_MEASURE( 1.000000000000000100E-005 ), #12582, 'distance_accuracy_value', 'NONE');
#4808 = SURFACE_STYLE_FILL_AREA ( #2602 ) ;
#4809 = CARTESIAN_POINT ( 'NONE',  ( -1.778000000000000000, 0.0000000000000000000, -10.10920000000000100 ) ) ;
#4810 = FILL_AREA_STYLE ('',( #9973 ) ) ;
#4811 = AXIS2_PLACEMENT_3D ( 'NONE', #8999, #2793, #10053 ) ;
#4812 = VECTOR ( 'NONE', #5675, 1000.000000000000000 ) ;
#4813 = VERTEX_POINT ( 'NONE', #11484 ) ;
#4814 = ORIENTED_EDGE ( 'NONE', *, *, #5969, .F. ) ;
#4815 = FILL_AREA_STYLE ('',( #3788 ) ) ;
#4816 = FILL_AREA_STYLE_COLOUR ( '', #4683 ) ;
#4817 = ORIENTED_EDGE ( 'NONE', *, *, #2676, .F. ) ;
#4818 = DIRECTION ( 'NONE',  ( -1.000000000000000000, 0.0000000000000000000, 0.0000000000000000000 ) ) ;
#4819 = ORIENTED_EDGE ( 'NONE', *, *, #26, .F. ) ;
#4820 = DIRECTION ( 'NONE',  ( -0.0000000000000000000, 1.000000000000000000, -0.0000000000000000000 ) ) ;
#4821 = VECTOR ( 'NONE', #2138, 1000.000000000000000 ) ;
#4822 = EDGE_CURVE ( 'NONE', #13295, #2451, #11634, .T. ) ;
#4823 = COLOUR_RGB ( '',0.7490196078431372600, 1.000000000000000000, 1.000000000000000000 ) ;
#4824 = LINE ( 'NONE', #8743, #4501 ) ;
#4825 = SURFACE_STYLE_USAGE ( .BOTH. , #11049 ) ;
#4826 = CARTESIAN_POINT ( 'NONE',  ( -8.890000000000000600, 0.0000000000000000000, 5.460999999999998500 ) ) ;
#4827 =( LENGTH_UNIT ( ) NAMED_UNIT ( * ) SI_UNIT ( .MILLI., .METRE. ) );
#4828 = ADVANCED_FACE ( 'NONE', ( #8574 ), #4834, .T. ) ;
#4829 = EDGE_CURVE ( 'NONE', #8279, #4314, #2408, .T. ) ;
#4830 = ORIENTED_EDGE ( 'NONE', *, *, #8512, .T. ) ;
#4831 = ORIENTED_EDGE ( 'NONE', *, *, #4928, .T. ) ;
#4832 = CARTESIAN_POINT ( 'NONE',  ( 5.029037554499999500, 10.54099999999999900, 11.56604519000000100 ) ) ;
#4833 = LINE ( 'NONE', #7570, #4509 ) ;
#4834 = CYLINDRICAL_SURFACE ( 'NONE', #7768, 4.557235704000000000 ) ;
#4835 = VERTEX_POINT ( 'NONE', #8472 ) ;
#4836 = EDGE_LOOP ( 'NONE', ( #11503, #10031, #10733, #3661 ) ) ;
#4837 = COLOUR_RGB ( '',0.7529411764705882200, 1.000000000000000000, 1.000000000000000000 ) ;
#4838 = VECTOR ( 'NONE', #6006, 1000.000000000000000 ) ;
#4839 = COLOUR_RGB ( '',0.7490196078431372600, 1.000000000000000000, 1.000000000000000000 ) ;
#4840 = DIRECTION ( 'NONE',  ( 0.0000000000000000000, 1.000000000000000000, 0.0000000000000000000 ) ) ;
#4841 = CARTESIAN_POINT ( 'NONE',  ( -8.635999999999999200, 0.0000000000000000000, -0.5080000000000000100 ) ) ;
#4842 = UNCERTAINTY_MEASURE_WITH_UNIT (LENGTH_MEASURE( 1.000000000000000100E-005 ), #850, 'distance_accuracy_value', 'NONE');
#4843 = CARTESIAN_POINT ( 'NONE',  ( 8.635999999999999200, 3.974499162999999900, -8.664998163999998200 ) ) ;
#4844 =( LENGTH_UNIT ( ) NAMED_UNIT ( * ) SI_UNIT ( .MILLI., .METRE. ) );
#4845 = SURFACE_STYLE_FILL_AREA ( #4810 ) ;
#4846 = DIRECTION ( 'NONE',  ( 0.0000000000000000000, 0.0000000000000000000, 1.000000000000000000 ) ) ;
#4847 = VECTOR ( 'NONE', #1532, 999.9999999999998900 ) ;
#4848 = DIRECTION ( 'NONE',  ( 0.0000000000000000000, 1.000000000000000000, 0.0000000000000000000 ) ) ;
#4849 = FILL_AREA_STYLE ('',( #5866 ) ) ;
#4850 = VERTEX_POINT ( 'NONE', #7378 ) ;
#4851 =( GEOMETRIC_REPRESENTATION_CONTEXT ( 3 ) GLOBAL_UNCERTAINTY_ASSIGNED_CONTEXT ( ( #12824 ) ) GLOBAL_UNIT_ASSIGNED_CONTEXT ( ( #3356, #10644, #4406 ) ) REPRESENTATION_CONTEXT ( 'NONE', 'WORKASPACE' ) );
#4852 =( NAMED_UNIT ( * ) SI_UNIT ( $, .STERADIAN. ) SOLID_ANGLE_UNIT ( ) );
#4853 = PLANE ( 'NONE',  #2089 ) ;
#4854 = VECTOR ( 'NONE', #3254, 1000.000000000000000 ) ;
#4855 = EDGE_LOOP ( 'NONE', ( #7550, #1693, #11816, #3099 ) ) ;
#4856 = PLANE ( 'NONE',  #3470 ) ;
#4858 = VECTOR ( 'NONE', #679, 1000.000000000000000 ) ;
#4857 = CARTESIAN_POINT ( 'NONE',  ( -3.747926352000000800, 10.79499999999999800, 11.56604519000000100 ) ) ;
#4859 = EDGE_CURVE ( 'NONE', #2948, #4282, #10052, .T. ) ;
#4860 = STYLED_ITEM ( 'NONE', ( #5816 ), #8854 ) ;
#4861 = PRESENTATION_STYLE_ASSIGNMENT (( #4117 ) ) ;
#4862 = UNCERTAINTY_MEASURE_WITH_UNIT (LENGTH_MEASURE( 1.000000000000000100E-005 ), #7504, 'distance_accuracy_value', 'NONE');
#4863 = ORIENTED_EDGE ( 'NONE', *, *, #6864, .F. ) ;
#4864 =( LENGTH_UNIT ( ) NAMED_UNIT ( * ) SI_UNIT ( .MILLI., .METRE. ) );
#4865 = MECHANICAL_DESIGN_GEOMETRIC_PRESENTATION_REPRESENTATION (  '', ( #2796 ), #5574 ) ;
#4866 = CARTESIAN_POINT ( 'NONE',  ( 8.762999999999999900, 8.248718325999997000, -9.026401162000000900 ) ) ;
#4867 = COLOUR_RGB ( '',0.7490196078431372600, 1.000000000000000000, 1.000000000000000000 ) ;
#4868 = MECHANICAL_DESIGN_GEOMETRIC_PRESENTATION_REPRESENTATION (  '', ( #2800 ), #5578 ) ;
#4869 = VERTEX_POINT ( 'NONE', #9523 ) ;
#4870 = AXIS2_PLACEMENT_3D ( 'NONE', #10817, #363, #4571 ) ;
#4871 = FILL_AREA_STYLE ('',( #5958 ) ) ;
#4872 = DIRECTION ( 'NONE',  ( -0.0000000000000000000, 0.9993539390586464500, 0.03594029059380552500 ) ) ;
#4873 =( GEOMETRIC_REPRESENTATION_CONTEXT ( 3 ) GLOBAL_UNCERTAINTY_ASSIGNED_CONTEXT ( ( #4475 ) ) GLOBAL_UNIT_ASSIGNED_CONTEXT ( ( #9126, #2908, #10163 ) ) REPRESENTATION_CONTEXT ( 'NONE', 'WORKASPACE' ) );
#4874 = ORIENTED_EDGE ( 'NONE', *, *, #12101, .T. ) ;
#4875 =( LENGTH_UNIT ( ) NAMED_UNIT ( * ) SI_UNIT ( .MILLI., .METRE. ) );
#4876 = EDGE_CURVE ( 'NONE', #7856, #9570, #12750, .T. ) ;
#4877 = DIRECTION ( 'NONE',  ( 0.0000000000000000000, 1.000000000000000000, 0.0000000000000000000 ) ) ;
#4878 = PRESENTATION_LAYER_ASSIGNMENT (  '', '', ( #3478 ) ) ;
#4879 = CYLINDRICAL_SURFACE ( 'NONE', #1815, 0.5000000159999995500 ) ;
#4880 = DIRECTION ( 'NONE',  ( 1.000000000000000000, -1.707404996040162200E-015, 0.0000000000000000000 ) ) ;
#4881 = CARTESIAN_POINT ( 'NONE',  ( 9.016999999999999500, 9.229793325999999400, -4.673387328999999600 ) ) ;
#4882 = VECTOR ( 'NONE', #3196, 1000.000000000000000 ) ;
#4883 = CARTESIAN_POINT ( 'NONE',  ( -7.264400000000000200, -1.778000000000000200, 8.000999999999999400 ) ) ;
#4884 = EDGE_LOOP ( 'NONE', ( #8717, #11137, #5639, #4804, #12141, #3233, #8525, #13436, #3575 ) ) ;
#4885 = VECTOR ( 'NONE', #5268, 1000.000000000000000 ) ;
#4886 = CARTESIAN_POINT ( 'NONE',  ( 4.317999999999999600, -1.778000000000000200, -10.10920000000000100 ) ) ;
#4887 = VECTOR ( 'NONE', #7396, 1000.000000000000000 ) ;
#4888 = AXIS2_PLACEMENT_3D ( 'NONE', #8810, #2596, #9870 ) ;
#4889 =( LENGTH_UNIT ( ) NAMED_UNIT ( * ) SI_UNIT ( .MILLI., .METRE. ) );
#4890 = VERTEX_POINT ( 'NONE', #2247 ) ;
#4891 = DIRECTION ( 'NONE',  ( 0.0000000000000000000, -1.000000000000000000, 0.0000000000000000000 ) ) ;
#4892 = PRESENTATION_STYLE_ASSIGNMENT (( #2920 ) ) ;
#4893 = CARTESIAN_POINT ( 'NONE',  ( 3.809999999999999600, -1.778000000000000200, -10.10920000000000100 ) ) ;
#4894 = VECTOR ( 'NONE', #10083, 1000.000000000000000 ) ;
#4895 = SURFACE_SIDE_STYLE ('',( #5843 ) ) ;
#4896 =( GEOMETRIC_REPRESENTATION_CONTEXT ( 3 ) GLOBAL_UNCERTAINTY_ASSIGNED_CONTEXT ( ( #674 ) ) GLOBAL_UNIT_ASSIGNED_CONTEXT ( ( #11794, #5616, #12830 ) ) REPRESENTATION_CONTEXT ( 'NONE', 'WORKASPACE' ) );
#4897 = SURFACE_SIDE_STYLE ('',( #3429 ) ) ;
#4898 =( LENGTH_UNIT ( ) NAMED_UNIT ( * ) SI_UNIT ( .MILLI., .METRE. ) );
#4899 = LINE ( 'NONE', #11579, #13126 ) ;
#4900 = PRESENTATION_STYLE_ASSIGNMENT (( #13137 ) ) ;
#4901 = ORIENTED_EDGE ( 'NONE', *, *, #143, .F. ) ;
#4902 = VECTOR ( 'NONE', #9042, 1000.000000000000000 ) ;
#4903 = AXIS2_PLACEMENT_3D ( 'NONE', #3922, #11163, #4955 ) ;
#4904 =( LENGTH_UNIT ( ) NAMED_UNIT ( * ) SI_UNIT ( .MILLI., .METRE. ) );
#4905 = ADVANCED_FACE ( 'NONE', ( #2075 ), #11571, .F. ) ;
#4906 = VERTEX_POINT ( 'NONE', #1233 ) ;
#4907 = SURFACE_STYLE_FILL_AREA ( #6015 ) ;
#4908 = ORIENTED_EDGE ( 'NONE', *, *, #890, .T. ) ;
#4909 =( NAMED_UNIT ( * ) SI_UNIT ( $, .STERADIAN. ) SOLID_ANGLE_UNIT ( ) );
#4910 = CARTESIAN_POINT ( 'NONE',  ( 8.636000000000001000, 9.229793325999999400, -4.673387328999999600 ) ) ;
#4911 = FILL_AREA_STYLE_COLOUR ( '', #12488 ) ;
#4912 = CARTESIAN_POINT ( 'NONE',  ( 8.635999999999999200, 11.04899999999999900, -11.82668283600000300 ) ) ;
#4913 = EDGE_CURVE ( 'NONE', #6415, #7410, #3525, .T. ) ;
#4914 = CARTESIAN_POINT ( 'NONE',  ( -4.825999999999999600, 0.0000000000000000000, -12.06500000000000100 ) ) ;
#4915 = ORIENTED_EDGE ( 'NONE', *, *, #6129, .F. ) ;
#4916 = UNCERTAINTY_MEASURE_WITH_UNIT (LENGTH_MEASURE( 1.000000000000000100E-005 ), #11737, 'distance_accuracy_value', 'NONE');
#4917 = SURFACE_STYLE_USAGE ( .BOTH. , #11126 ) ;
#4918 = CARTESIAN_POINT ( 'NONE',  ( -8.635999999999999200, 2.550001377000000500, -11.06499945999999900 ) ) ;
#4919 = FILL_AREA_STYLE ('',( #6957 ) ) ;
#4920 = SURFACE_STYLE_USAGE ( .BOTH. , #11131 ) ;
#4921 = VECTOR ( 'NONE', #2429, 1000.000000000000000 ) ;
#4922 = ORIENTED_EDGE ( 'NONE', *, *, #6054, .T. ) ;
#4923 = STYLED_ITEM ( 'NONE', ( #1151 ), #6399 ) ;
#4924 = ORIENTED_EDGE ( 'NONE', *, *, #6145, .F. ) ;
#4925 = FILL_AREA_STYLE ('',( #4597 ) ) ;
#4926 = CARTESIAN_POINT ( 'NONE',  ( 8.382000000000001400, 2.776954804999999900, 9.050557955000002200 ) ) ;
#4927 = DIRECTION ( 'NONE',  ( 0.0000000000000000000, 0.0000000000000000000, -1.000000000000000000 ) ) ;
#4928 = EDGE_CURVE ( 'NONE', #5303, #1699, #6284, .T. ) ;
#4929 = FILL_AREA_STYLE_COLOUR ( '', #2769 ) ;
#4930 = VECTOR ( 'NONE', #11699, 1000.000000000000000 ) ;
#4931 =( NAMED_UNIT ( * ) SI_UNIT ( $, .STERADIAN. ) SOLID_ANGLE_UNIT ( ) );
#4932 = UNCERTAINTY_MEASURE_WITH_UNIT (LENGTH_MEASURE( 1.000000000000000100E-005 ), #2947, 'distance_accuracy_value', 'NONE');
#4933 = PLANE ( 'NONE',  #10908 ) ;
#4934 = STYLED_ITEM ( 'NONE', ( #10050 ), #8389 ) ;
#4935 =( LENGTH_UNIT ( ) NAMED_UNIT ( * ) SI_UNIT ( .MILLI., .METRE. ) );
#4936 = DIRECTION ( 'NONE',  ( -1.000000000000000000, -0.0000000000000000000, -0.0000000000000000000 ) ) ;
#4937 = CARTESIAN_POINT ( 'NONE',  ( -8.636000000000001000, 2.276954804999998600, 10.05299547980765400 ) ) ;
#4938 = EDGE_LOOP ( 'NONE', ( #6582, #6453, #1519, #13294 ) ) ;
#4939 = AXIS2_PLACEMENT_3D ( 'NONE', #12865, #442, #11875 ) ;
#4940 = FACE_OUTER_BOUND ( 'NONE', #11495, .T. ) ;
#4941 = FACE_OUTER_BOUND ( 'NONE', #13039, .T. ) ;
#4942 = AXIS2_PLACEMENT_3D ( 'NONE', #1680, #8961, #2739 ) ;
#4943 = DIRECTION ( 'NONE',  ( -1.000000000000000000, -0.0000000000000000000, -0.0000000000000000000 ) ) ;
#4944 = DIRECTION ( 'NONE',  ( 0.7191104302671858000, 0.0000000000000000000, 0.6948958116731910300 ) ) ;
#4945 = UNCERTAINTY_MEASURE_WITH_UNIT (LENGTH_MEASURE( 1.000000000000000100E-005 ), #11237, 'distance_accuracy_value', 'NONE');
#4946 = ORIENTED_EDGE ( 'NONE', *, *, #11124, .T. ) ;
#4947 = FILL_AREA_STYLE ('',( #3913 ) ) ;
#4948 = EDGE_CURVE ( 'NONE', #7773, #3914, #9064, .T. ) ;
#4949 = ORIENTED_EDGE ( 'NONE', *, *, #12320, .F. ) ;
#4950 = DIRECTION ( 'NONE',  ( 0.0000000000000000000, -1.000000000000000000, 0.0000000000000000000 ) ) ;
#4951 = CARTESIAN_POINT ( 'NONE',  ( -4.917327025000000500, -0.8890000000000001200, 0.3695477130000000600 ) ) ;
#4952 = PRESENTATION_LAYER_ASSIGNMENT (  '', '', ( #3560 ) ) ;
#4953 = ORIENTED_EDGE ( 'NONE', *, *, #2036, .F. ) ;
#4954 = PLANE ( 'NONE',  #6229 ) ;
#4955 = DIRECTION ( 'NONE',  ( 0.0000000000000000000, 0.7071067811865480200, 0.7071067811865470200 ) ) ;
#4956 =( NAMED_UNIT ( * ) SI_UNIT ( $, .STERADIAN. ) SOLID_ANGLE_UNIT ( ) );
#4957 = LINE ( 'NONE', #11180, #10165 ) ;
#4958 = ORIENTED_EDGE ( 'NONE', *, *, #12692, .T. ) ;
#4959 = PLANE ( 'NONE',  #7480 ) ;
#4961 =( GEOMETRIC_REPRESENTATION_CONTEXT ( 3 ) GLOBAL_UNCERTAINTY_ASSIGNED_CONTEXT ( ( #3200 ) ) GLOBAL_UNIT_ASSIGNED_CONTEXT ( ( #5209, #5154, #5113 ) ) REPRESENTATION_CONTEXT ( 'NONE', 'WORKASPACE' ) );
#4960 = DIRECTION ( 'NONE',  ( 0.0000000000000000000, 0.0000000000000000000, -1.000000000000000000 ) ) ;
#4962 = CARTESIAN_POINT ( 'NONE',  ( -4.000838046500001100, -1.778000000000000200, -0.3961163964999999700 ) ) ;
#4963 = FILL_AREA_STYLE_COLOUR ( '', #3908 ) ;
#4964 = MECHANICAL_DESIGN_GEOMETRIC_PRESENTATION_REPRESENTATION (  '', ( #2888 ), #5671 ) ;
#4965 = ADVANCED_FACE ( 'NONE', ( #11467 ), #1327, .F. ) ;
#4966 = ORIENTED_EDGE ( 'NONE', *, *, #12467, .T. ) ;
#4967 = DIRECTION ( 'NONE',  ( 1.000000000000000000, 0.0000000000000000000, 0.0000000000000000000 ) ) ;
#4968 = EDGE_LOOP ( 'NONE', ( #7653, #3303, #3859, #4946 ) ) ;
#4969 =( GEOMETRIC_REPRESENTATION_CONTEXT ( 3 ) GLOBAL_UNCERTAINTY_ASSIGNED_CONTEXT ( ( #7112 ) ) GLOBAL_UNIT_ASSIGNED_CONTEXT ( ( #4904, #12114, #5946 ) ) REPRESENTATION_CONTEXT ( 'NONE', 'WORKASPACE' ) );
#4970 = FACE_OUTER_BOUND ( 'NONE', #1411, .T. ) ;
#4971 = FILL_AREA_STYLE ('',( #5392 ) ) ;
#4972 =( LENGTH_UNIT ( ) NAMED_UNIT ( * ) SI_UNIT ( .MILLI., .METRE. ) );
#4973 = SURFACE_STYLE_FILL_AREA ( #12286 ) ;
#4974 = DIRECTION ( 'NONE',  ( 1.000000000000000000, 0.0000000000000000000, 0.0000000000000000000 ) ) ;
#4975 = ORIENTED_EDGE ( 'NONE', *, *, #11531, .T. ) ;
#4976 = MECHANICAL_DESIGN_GEOMETRIC_PRESENTATION_REPRESENTATION (  '', ( #2900 ), #5688 ) ;
#4977 = ORIENTED_EDGE ( 'NONE', *, *, #795, .F. ) ;
#4978 =( NAMED_UNIT ( * ) SI_UNIT ( $, .STERADIAN. ) SOLID_ANGLE_UNIT ( ) );
#4979 = SURFACE_STYLE_USAGE ( .BOTH. , #11185 ) ;
#4980 = CARTESIAN_POINT ( 'NONE',  ( -8.382000000000001400, 2.276954804999999900, 8.255643107000000900 ) ) ;
#4981 = CARTESIAN_POINT ( 'NONE',  ( -0.7620000000000004500, 0.0000000000000000000, -7.935942080000001100 ) ) ;
#4982 = ORIENTED_EDGE ( 'NONE', *, *, #1630, .F. ) ;
#4983 = ORIENTED_EDGE ( 'NONE', *, *, #4588, .T. ) ;
#4984 = FILL_AREA_STYLE_COLOUR ( '', #13243 ) ;
#4985 = DIRECTION ( 'NONE',  ( 0.0000000000000000000, 0.0000000000000000000, 1.000000000000000000 ) ) ;
#4986 = STYLED_ITEM ( 'NONE', ( #1289 ), #11405 ) ;
#4987 = VECTOR ( 'NONE', #10254, 1000.000000000000000 ) ;
#4988 = SURFACE_SIDE_STYLE ('',( #2731 ) ) ;
#4989 = ORIENTED_EDGE ( 'NONE', *, *, #2394, .T. ) ;
#4990 = VERTEX_POINT ( 'NONE', #2338 ) ;
#4991 = ADVANCED_FACE ( 'NONE', ( #10533 ), #9715, .F. ) ;
#4992 = COLOUR_RGB ( '',0.7490196078431372600, 1.000000000000000000, 1.000000000000000000 ) ;
#4993 = PRESENTATION_STYLE_ASSIGNMENT (( #4514 ) ) ;
#4994 = ORIENTED_EDGE ( 'NONE', *, *, #3307, .F. ) ;
#4995 = EDGE_CURVE ( 'NONE', #13069, #3958, #9555, .T. ) ;
#4996 = VERTEX_POINT ( 'NONE', #348 ) ;
#4997 = LINE ( 'NONE', #6701, #2234 ) ;
#4998 = DIRECTION ( 'NONE',  ( -0.7191104300310848800, 0.0000000000000000000, -0.6948958119175191500 ) ) ;
#4999 =( GEOMETRIC_REPRESENTATION_CONTEXT ( 3 ) GLOBAL_UNCERTAINTY_ASSIGNED_CONTEXT ( ( #10164 ) ) GLOBAL_UNIT_ASSIGNED_CONTEXT ( ( #8487, #2271, #9543 ) ) REPRESENTATION_CONTEXT ( 'NONE', 'WORKASPACE' ) );
#5000 = CYLINDRICAL_SURFACE ( 'NONE', #2757, 0.1269999999999999500 ) ;
#5001 = FILL_AREA_STYLE ('',( #7032 ) ) ;
#5002 =( NAMED_UNIT ( * ) PLANE_ANGLE_UNIT ( ) SI_UNIT ( $, .RADIAN. ) );
#5003 = SURFACE_STYLE_FILL_AREA ( #13195 ) ;
#5004 = LINE ( 'NONE', #1663, #4672 ) ;
#5005 = VERTEX_POINT ( 'NONE', #10803 ) ;
#5006 = CARTESIAN_POINT ( 'NONE',  ( -5.804110354999999700, 11.04563829300980000, 11.56604519000000100 ) ) ;
#5007 = CARTESIAN_POINT ( 'NONE',  ( 4.737748232139559000, -3.767037727900184700E-017, -2.759504731134859100 ) ) ;
#5008 = VERTEX_POINT ( 'NONE', #11781 ) ;
#5009 = LINE ( 'NONE', #4157, #2245 ) ;
#5010 = EDGE_CURVE ( 'NONE', #5592, #3387, #9221, .T. ) ;
#5011 = ORIENTED_EDGE ( 'NONE', *, *, #6413, .F. ) ;
#5012 = CARTESIAN_POINT ( 'NONE',  ( -8.635999999999999200, 8.975793325853306500, -3.981386681000000500 ) ) ;
#5013 = SURFACE_STYLE_FILL_AREA ( #4541 ) ;
#5014 = VECTOR ( 'NONE', #2746, 1000.000000000000000 ) ;
#5015 = FILL_AREA_STYLE ('',( #8101 ) ) ;
#5016 = UNCERTAINTY_MEASURE_WITH_UNIT (LENGTH_MEASURE( 1.000000000000000100E-005 ), #8590, 'distance_accuracy_value', 'NONE');
#5017 =( NAMED_UNIT ( * ) SI_UNIT ( $, .STERADIAN. ) SOLID_ANGLE_UNIT ( ) );
#5018 = CARTESIAN_POINT ( 'NONE',  ( 6.684242382000000800, 7.530902241999999800, 12.06500000000000100 ) ) ;
#5019 = EDGE_CURVE ( 'NONE', #5198, #10367, #4026, .T. ) ;
#5020 = FACE_OUTER_BOUND ( 'NONE', #8930, .T. ) ;
#5021 = DIRECTION ( 'NONE',  ( 0.0000000000000000000, 0.0000000000000000000, 1.000000000000000000 ) ) ;
#5022 = VECTOR ( 'NONE', #4398, 1000.000000000000000 ) ;
#5023 = ORIENTED_EDGE ( 'NONE', *, *, #11695, .F. ) ;
#5024 = EDGE_CURVE ( 'NONE', #9558, #2911, #6771, .T. ) ;
#5025 = VECTOR ( 'NONE', #8247, 1000.000000000000000 ) ;
#5026 = EDGE_LOOP ( 'NONE', ( #7031, #4364, #2792, #1173 ) ) ;
#5027 = SURFACE_STYLE_USAGE ( .BOTH. , #4988 ) ;
#5028 = CARTESIAN_POINT ( 'NONE',  ( 0.0000000000000000000, 8.195800001814001600, 12.06500000000000100 ) ) ;
#5029 = COLOUR_RGB ( '',0.7490196078431372600, 1.000000000000000000, 1.000000000000000000 ) ;
#5030 = CARTESIAN_POINT ( 'NONE',  ( 8.890000000000000600, 5.524499999999999700, -12.06500000000000100 ) ) ;
#5031 = MECHANICAL_DESIGN_GEOMETRIC_PRESENTATION_REPRESENTATION (  '', ( #2954 ), #5733 ) ;
#5032 = PLANE ( 'NONE',  #10084 ) ;
#5033 = COLOUR_RGB ( '',0.7490196078431372600, 1.000000000000000000, 1.000000000000000000 ) ;
#5034 = SURFACE_SIDE_STYLE ('',( #1435 ) ) ;
#5035 = MECHANICAL_DESIGN_GEOMETRIC_PRESENTATION_REPRESENTATION (  '', ( #3636 ), #5736 ) ;
#5036 = STYLED_ITEM ( 'NONE', ( #7625 ), #7214 ) ;
#5037 = CARTESIAN_POINT ( 'NONE',  ( -8.890000000000000600, 0.0000000000000000000, -10.10920000000000100 ) ) ;
#5038 = SURFACE_STYLE_USAGE ( .BOTH. , #11239 ) ;
#5039 = EDGE_LOOP ( 'NONE', ( #3339, #2738, #1444, #11085 ) ) ;
#5040 = CARTESIAN_POINT ( 'NONE',  ( 5.841999999999999600, -1.778000000000000200, -10.46480000000000200 ) ) ;
#5041 = CARTESIAN_POINT ( 'NONE',  ( -9.326660973907278800, 3.942475241296456500, 9.082254298602768100 ) ) ;
#5042 = EDGE_CURVE ( 'NONE', #11650, #9494, #7759, .T. ) ;
#5043 = ADVANCED_FACE ( 'NONE', ( #3690 ), #12860, .F. ) ;
#5044 =( GEOMETRIC_REPRESENTATION_CONTEXT ( 3 ) GLOBAL_UNCERTAINTY_ASSIGNED_CONTEXT ( ( #2988 ) ) GLOBAL_UNIT_ASSIGNED_CONTEXT ( ( #10665, #4431, #11666 ) ) REPRESENTATION_CONTEXT ( 'NONE', 'WORKASPACE' ) );
#5045 = FACE_OUTER_BOUND ( 'NONE', #5852, .T. ) ;
#5046 = ORIENTED_EDGE ( 'NONE', *, *, #12186, .F. ) ;
#5047 = VECTOR ( 'NONE', #11685, 1000.000000000000000 ) ;
#5048 = LINE ( 'NONE', #7578, #7490 ) ;
#5049 = PLANE ( 'NONE',  #5951 ) ;
#5050 = DIRECTION ( 'NONE',  ( 1.000000000000000000, 0.0000000000000000000, 0.0000000000000000000 ) ) ;
#5051 = CARTESIAN_POINT ( 'NONE',  ( -7.772400000000000200, -1.778000000000000200, 7.493000000000000300 ) ) ;
#5052 = ORIENTED_EDGE ( 'NONE', *, *, #10601, .F. ) ;
#5053 = ORIENTED_EDGE ( 'NONE', *, *, #812, .F. ) ;
#5054 = SURFACE_STYLE_FILL_AREA ( #4137 ) ;
#5055 = DIRECTION ( 'NONE',  ( -1.000000000000000000, -1.707404996040165300E-015, -0.0000000000000000000 ) ) ;
#5056 = STYLED_ITEM ( 'NONE', ( #5667 ), #8330 ) ;
#5057 = SURFACE_STYLE_FILL_AREA ( #8694 ) ;
#5058 = VECTOR ( 'NONE', #7468, 1000.000000000000000 ) ;
#5059 = ORIENTED_EDGE ( 'NONE', *, *, #3704, .F. ) ;
#5060 = DIRECTION ( 'NONE',  ( 0.0000000000000000000, 0.7981611581847051200, -0.6024439937166360400 ) ) ;
#5061 = PRESENTATION_STYLE_ASSIGNMENT (( #6624 ) ) ;
#5062 = CARTESIAN_POINT ( 'NONE',  ( 9.080599712968789200, 10.39713725914011600, 10.36402441600000100 ) ) ;
#5063 = CIRCLE ( 'NONE', #12983, 0.1270000000000003900 ) ;
#5064 = PRESENTATION_LAYER_ASSIGNMENT (  '', '', ( #3657 ) ) ;
#5065 = EDGE_CURVE ( 'NONE', #12457, #5726, #10690, .T. ) ;
#5066 = FACE_OUTER_BOUND ( 'NONE', #4741, .T. ) ;
#5067 = SURFACE_SIDE_STYLE ('',( #6358 ) ) ;
#5068 =( NAMED_UNIT ( * ) SI_UNIT ( $, .STERADIAN. ) SOLID_ANGLE_UNIT ( ) );
#5069 = SURFACE_SIDE_STYLE ('',( #10899 ) ) ;
#5070 = EDGE_CURVE ( 'NONE', #6125, #8691, #5157, .T. ) ;
#5071 = ORIENTED_EDGE ( 'NONE', *, *, #12859, .F. ) ;
#5072 = DIRECTION ( 'NONE',  ( -1.000000000000000000, 0.0000000000000000000, 0.0000000000000000000 ) ) ;
#5073 = LINE ( 'NONE', #547, #7831 ) ;
#5074 = ADVANCED_FACE ( 'NONE', ( #2392 ), #8824, .T. ) ;
#5075 = ORIENTED_EDGE ( 'NONE', *, *, #5200, .F. ) ;
#5076 = AXIS2_PLACEMENT_3D ( 'NONE', #968, #4131, #8302 ) ;
#5077 = DIRECTION ( 'NONE',  ( 0.0000000000000000000, 0.0000000000000000000, 1.000000000000000000 ) ) ;
#5078 = FILL_AREA_STYLE ('',( #4030 ) ) ;
#5079 =( NAMED_UNIT ( * ) PLANE_ANGLE_UNIT ( ) SI_UNIT ( $, .RADIAN. ) );
#5080 = DIRECTION ( 'NONE',  ( -1.000000000000000000, 0.0000000000000000000, 0.0000000000000000000 ) ) ;
#5081 =( NAMED_UNIT ( * ) PLANE_ANGLE_UNIT ( ) SI_UNIT ( $, .RADIAN. ) );
#5082 = DIRECTION ( 'NONE',  ( 0.0000000000000000000, 0.0000000000000000000, 1.000000000000000000 ) ) ;
#5083 = ORIENTED_EDGE ( 'NONE', *, *, #5887, .T. ) ;
#5084 = SURFACE_SIDE_STYLE ('',( #475 ) ) ;
#5085 = COLOUR_RGB ( '',0.7529411764705882200, 1.000000000000000000, 1.000000000000000000 ) ;
#5086 = LINE ( 'NONE', #9546, #12990 ) ;
#5087 = SURFACE_SIDE_STYLE ('',( #11119 ) ) ;
#5088 = FACE_OUTER_BOUND ( 'NONE', #1952, .T. ) ;
#5089 = CARTESIAN_POINT ( 'NONE',  ( 8.990000000000000200, 1.247224551999999600, -1.143000000000000200 ) ) ;
#5090 = MECHANICAL_DESIGN_GEOMETRIC_PRESENTATION_REPRESENTATION (  '', ( #3003 ), #5782 ) ;
#5091 =( LENGTH_UNIT ( ) NAMED_UNIT ( * ) SI_UNIT ( .MILLI., .METRE. ) );
#5092 = CARTESIAN_POINT ( 'NONE',  ( -3.747926352000000800, 10.54099999999999900, 11.56604519000000100 ) ) ;
#5093 = ORIENTED_EDGE ( 'NONE', *, *, #5896, .F. ) ;
#5094 = EDGE_CURVE ( 'NONE', #3277, #6332, #12084, .T. ) ;
#5095 = ORIENTED_EDGE ( 'NONE', *, *, #450, .F. ) ;
#5096 = DIRECTION ( 'NONE',  ( -1.000000000000000000, -0.0000000000000000000, -0.0000000000000000000 ) ) ;
#5097 = STYLED_ITEM ( 'NONE', ( #4516 ), #11813 ) ;
#5098 = COLOUR_RGB ( '',0.7490196078431372600, 1.000000000000000000, 1.000000000000000000 ) ;
#5099 = EDGE_CURVE ( 'NONE', #11117, #1370, #6598, .T. ) ;
#5100 =( NAMED_UNIT ( * ) PLANE_ANGLE_UNIT ( ) SI_UNIT ( $, .RADIAN. ) );
#5101 = LINE ( 'NONE', #3787, #7534 ) ;
#5102 = EDGE_CURVE ( 'NONE', #1490, #8681, #9390, .T. ) ;
#5103 =( NAMED_UNIT ( * ) SI_UNIT ( $, .STERADIAN. ) SOLID_ANGLE_UNIT ( ) );
#5104 = ORIENTED_EDGE ( 'NONE', *, *, #9890, .F. ) ;
#5105 = DIRECTION ( 'NONE',  ( 1.000000000000000000, -0.0000000000000000000, -0.0000000000000000000 ) ) ;
#5106 = DIRECTION ( 'NONE',  ( -0.0000000000000000000, -0.0000000000000000000, -1.000000000000000000 ) ) ;
#5107 = ORIENTED_EDGE ( 'NONE', *, *, #5094, .F. ) ;
#5108 = ADVANCED_FACE ( 'NONE', ( #11766 ), #4744, .T. ) ;
#5109 = FACE_OUTER_BOUND ( 'NONE', #11499, .T. ) ;
#5110 = CARTESIAN_POINT ( 'NONE',  ( 8.715588148000000100, 7.530902241999999800, 12.06500000000000100 ) ) ;
#5111 = SURFACE_STYLE_FILL_AREA ( #11515 ) ;
#5112 =( GEOMETRIC_REPRESENTATION_CONTEXT ( 3 ) GLOBAL_UNCERTAINTY_ASSIGNED_CONTEXT ( ( #895 ) ) GLOBAL_UNIT_ASSIGNED_CONTEXT ( ( #597, #337, #12138 ) ) REPRESENTATION_CONTEXT ( 'NONE', 'WORKASPACE' ) );
#5113 =( NAMED_UNIT ( * ) SI_UNIT ( $, .STERADIAN. ) SOLID_ANGLE_UNIT ( ) );
#5114 = PRESENTATION_LAYER_ASSIGNMENT (  '', '', ( #3718 ) ) ;
#5115 = STYLED_ITEM ( 'NONE', ( #3419 ), #6810 ) ;
#5116 = CARTESIAN_POINT ( 'NONE',  ( -5.949999994820003300, 5.524499999999999700, 12.06500000000000300 ) ) ;
#5117 = FILL_AREA_STYLE_COLOUR ( '', #11447 ) ;
#5118 = VERTEX_POINT ( 'NONE', #11958 ) ;
#5119 = EDGE_CURVE ( 'NONE', #7696, #7076, #4115, .T. ) ;
#5120 = DIRECTION ( 'NONE',  ( -8.537024980200826700E-016, 1.000000000000000000, 0.0000000000000000000 ) ) ;
#5121 = VERTEX_POINT ( 'NONE', #8973 ) ;
#5122 = CARTESIAN_POINT ( 'NONE',  ( 6.030280053000000300, 10.79499999999999800, 3.784029870000000400 ) ) ;
#5123 = EDGE_CURVE ( 'NONE', #12205, #9955, #9649, .T. ) ;
#5124 = DIRECTION ( 'NONE',  ( 0.03594029052531108600, 0.0000000000000000000, 0.9993539390611097000 ) ) ;
#5125 = PRESENTATION_LAYER_ASSIGNMENT (  '', '', ( #3733 ) ) ;
#5126 = DIRECTION ( 'NONE',  ( 0.0000000000000000000, 0.0000000000000000000, 1.000000000000000000 ) ) ;
#5127 = LINE ( 'NONE', #9250, #11590 ) ;
#5128 = UNCERTAINTY_MEASURE_WITH_UNIT (LENGTH_MEASURE( 1.000000000000000100E-005 ), #12028, 'distance_accuracy_value', 'NONE');
#5129 = ORIENTED_EDGE ( 'NONE', *, *, #4518, .F. ) ;
#5130 = ORIENTED_EDGE ( 'NONE', *, *, #9655, .T. ) ;
#5131 = FILL_AREA_STYLE ('',( #3045 ) ) ;
#5132 =( GEOMETRIC_REPRESENTATION_CONTEXT ( 3 ) GLOBAL_UNCERTAINTY_ASSIGNED_CONTEXT ( ( #10969 ) ) GLOBAL_UNIT_ASSIGNED_CONTEXT ( ( #2214, #9499, #3270 ) ) REPRESENTATION_CONTEXT ( 'NONE', 'WORKASPACE' ) );
#5133 = ORIENTED_EDGE ( 'NONE', *, *, #113, .T. ) ;
#5134 = PRESENTATION_LAYER_ASSIGNMENT (  '', '', ( #3742 ) ) ;
#5135 = ADVANCED_FACE ( 'NONE', ( #3785 ), #12046, .F. ) ;
#5136 = AXIS2_PLACEMENT_3D ( 'NONE', #5310, #12523, #6351 ) ;
#5137 = COLOUR_RGB ( '',0.7490196078431372600, 1.000000000000000000, 1.000000000000000000 ) ;
#5138 = FILL_AREA_STYLE_COLOUR ( '', #10595 ) ;
#5139 = CARTESIAN_POINT ( 'NONE',  ( -8.635999999999999200, 8.848793325999999100, -3.781386573000000300 ) ) ;
#5140 = PLANE ( 'NONE',  #3320 ) ;
#5141 = EDGE_CURVE ( 'NONE', #3833, #3735, #5570, .T. ) ;
#5142 = ORIENTED_EDGE ( 'NONE', *, *, #12874, .T. ) ;
#5143 = ORIENTED_EDGE ( 'NONE', *, *, #1971, .T. ) ;
#5144 = DIRECTION ( 'NONE',  ( 0.0000000000000000000, 0.0000000000000000000, 1.000000000000000000 ) ) ;
#5145 = MECHANICAL_DESIGN_GEOMETRIC_PRESENTATION_REPRESENTATION (  '', ( #2353 ), #5849 ) ;
#5146 = EDGE_CURVE ( 'NONE', #4906, #2296, #11074, .T. ) ;
#5147 = SURFACE_SIDE_STYLE ('',( #13176 ) ) ;
#5148 =( NAMED_UNIT ( * ) SI_UNIT ( $, .STERADIAN. ) SOLID_ANGLE_UNIT ( ) );
#5149 = MECHANICAL_DESIGN_GEOMETRIC_PRESENTATION_REPRESENTATION (  '', ( #3760 ), #5855 ) ;
#5150 =( NAMED_UNIT ( * ) PLANE_ANGLE_UNIT ( ) SI_UNIT ( $, .RADIAN. ) );
#5151 = CARTESIAN_POINT ( 'NONE',  ( -6.391147396000000000, -1.778000000000000200, -1.231251767999999900 ) ) ;
#5152 = VERTEX_POINT ( 'NONE', #5919 ) ;
#5153 = ORIENTED_EDGE ( 'NONE', *, *, #12522, .T. ) ;
#5154 =( NAMED_UNIT ( * ) PLANE_ANGLE_UNIT ( ) SI_UNIT ( $, .RADIAN. ) );
#5155 = PRESENTATION_STYLE_ASSIGNMENT (( #11707 ) ) ;
#5156 =( GEOMETRIC_REPRESENTATION_CONTEXT ( 3 ) GLOBAL_UNCERTAINTY_ASSIGNED_CONTEXT ( ( #12724 ) ) GLOBAL_UNIT_ASSIGNED_CONTEXT ( ( #11580, #5406, #12604 ) ) REPRESENTATION_CONTEXT ( 'NONE', 'WORKASPACE' ) );
#5157 = LINE ( 'NONE', #6725, #13054 ) ;
#5158 = ORIENTED_EDGE ( 'NONE', *, *, #6438, .F. ) ;
#5159 = ORIENTED_EDGE ( 'NONE', *, *, #6699, .F. ) ;
#5160 = LINE ( 'NONE', #1116, #4821 ) ;
#5161 =( NAMED_UNIT ( * ) SI_UNIT ( $, .STERADIAN. ) SOLID_ANGLE_UNIT ( ) );
#5162 =( NAMED_UNIT ( * ) SI_UNIT ( $, .STERADIAN. ) SOLID_ANGLE_UNIT ( ) );
#5163 = LINE ( 'NONE', #9821, #7595 ) ;
#5164 = PRESENTATION_LAYER_ASSIGNMENT (  '', '', ( #4462 ) ) ;
#5165 = DIRECTION ( 'NONE',  ( -0.0000000000000000000, -1.000000000000000000, -0.0000000000000000000 ) ) ;
#5166 = DIRECTION ( 'NONE',  ( 0.0000000000000000000, 0.0000000000000000000, 1.000000000000000000 ) ) ;
#5167 = SURFACE_SIDE_STYLE ('',( #9952 ) ) ;
#5168 = EDGE_LOOP ( 'NONE', ( #5814, #2949, #2959, #6551 ) ) ;
#5169 = EDGE_CURVE ( 'NONE', #5764, #6271, #2816, .T. ) ;
#5170 = FILL_AREA_STYLE ('',( #10355 ) ) ;
#5171 = LINE ( 'NONE', #10667, #13066 ) ;
#5172 = ORIENTED_EDGE ( 'NONE', *, *, #2220, .F. ) ;
#5173 = ORIENTED_EDGE ( 'NONE', *, *, #13132, .F. ) ;
#5174 = VECTOR ( 'NONE', #5490, 1000.000000000000000 ) ;
#5176 = COLOUR_RGB ( '',0.7490196078431372600, 1.000000000000000000, 1.000000000000000000 ) ;
#5175 = CARTESIAN_POINT ( 'NONE',  ( -4.737748231875017700, 3.642437061151192300E-016, 0.3664724568706622700 ) ) ;
#5177 = LINE ( 'NONE', #751, #10384 ) ;
#5178 = PRESENTATION_STYLE_ASSIGNMENT (( #11563 ) ) ;
#5179 = ADVANCED_FACE ( 'NONE', ( #8326 ), #5961, .F. ) ;
#5180 = FACE_OUTER_BOUND ( 'NONE', #4938, .T. ) ;
#5181 = VECTOR ( 'NONE', #6760, 1000.000000000000000 ) ;
#5182 = CYLINDRICAL_SURFACE ( 'NONE', #932, 0.3047999999999996300 ) ;
#5183 = ORIENTED_EDGE ( 'NONE', *, *, #11280, .T. ) ;
#5184 = EDGE_CURVE ( 'NONE', #7515, #8560, #7009, .T. ) ;
#5185 = SURFACE_STYLE_USAGE ( .BOTH. , #11378 ) ;
#5186 =( NAMED_UNIT ( * ) PLANE_ANGLE_UNIT ( ) SI_UNIT ( $, .RADIAN. ) );
#5187 = MECHANICAL_DESIGN_GEOMETRIC_PRESENTATION_REPRESENTATION (  '', ( #3790 ), #5889 ) ;
#5188 = LINE ( 'NONE', #2200, #4854 ) ;
#5189 = VERTEX_POINT ( 'NONE', #7035 ) ;
#5190 = CARTESIAN_POINT ( 'NONE',  ( 8.890000000000000600, 7.948998322831683600, -8.664998163999998200 ) ) ;
#5191 = FILL_AREA_STYLE ('',( #8274 ) ) ;
#5192 = FACE_OUTER_BOUND ( 'NONE', #10988, .T. ) ;
#5193 = VECTOR ( 'NONE', #10086, 1000.000000000000000 ) ;
#5194 = PLANE ( 'NONE',  #7815 ) ;
#5195 = COLOUR_RGB ( '',0.7490196078431372600, 1.000000000000000000, 1.000000000000000000 ) ;
#5196 = CARTESIAN_POINT ( 'NONE',  ( -8.890000000000000600, 1.247224551937483800, -0.8381999997291972300 ) ) ;
#5197 = LINE ( 'NONE', #10296, #12775 ) ;
#5198 = VERTEX_POINT ( 'NONE', #8093 ) ;
#5199 = CARTESIAN_POINT ( 'NONE',  ( -8.762999999999999900, 8.848793325999999100, -5.381387436999999900 ) ) ;
#5200 = EDGE_CURVE ( 'NONE', #7382, #4813, #9472, .T. ) ;
#5201 = SURFACE_SIDE_STYLE ('',( #3552 ) ) ;
#5202 = EDGE_CURVE ( 'NONE', #5746, #6647, #4260, .T. ) ;
#5203 = PRESENTATION_STYLE_ASSIGNMENT (( #3977 ) ) ;
#5204 = VECTOR ( 'NONE', #4718, 1000.000000000000000 ) ;
#5205 =( NAMED_UNIT ( * ) SI_UNIT ( $, .STERADIAN. ) SOLID_ANGLE_UNIT ( ) );
#5206 = ORIENTED_EDGE ( 'NONE', *, *, #2057, .F. ) ;
#5207 = SURFACE_STYLE_FILL_AREA ( #4577 ) ;
#5208 = ADVANCED_FACE ( 'NONE', ( #1491 ), #12225, .T. ) ;
#5209 =( LENGTH_UNIT ( ) NAMED_UNIT ( * ) SI_UNIT ( .MILLI., .METRE. ) );
#5210 = PRESENTATION_STYLE_ASSIGNMENT (( #6831 ) ) ;
#5211 = VERTEX_POINT ( 'NONE', #1855 ) ;
#5212 =( NAMED_UNIT ( * ) PLANE_ANGLE_UNIT ( ) SI_UNIT ( $, .RADIAN. ) );
#5213 = PLANE ( 'NONE',  #3585 ) ;
#5214 = VERTEX_POINT ( 'NONE', #5062 ) ;
#5215 = ORIENTED_EDGE ( 'NONE', *, *, #9311, .F. ) ;
#5216 = DIRECTION ( 'NONE',  ( -0.0000000000000000000, -0.0000000000000000000, -1.000000000000000000 ) ) ;
#5217 = AXIS2_PLACEMENT_3D ( 'NONE', #184, #7482, #1238 ) ;
#5218 = CARTESIAN_POINT ( 'NONE',  ( 8.635999999999999200, 8.848793325999999100, -3.781386573000000300 ) ) ;
#5219 = CARTESIAN_POINT ( 'NONE',  ( -9.213783128420509200, 10.25428737918114100, 10.27966232706692800 ) ) ;
#5220 = CARTESIAN_POINT ( 'NONE',  ( -8.890000000000000600, 0.0000000000000000000, 2.413000000000000300 ) ) ;
#5221 = FACE_OUTER_BOUND ( 'NONE', #5275, .T. ) ;
#5222 = VECTOR ( 'NONE', #1786, 1000.000000000000000 ) ;
#5223 = ORIENTED_EDGE ( 'NONE', *, *, #12859, .T. ) ;
#5224 = LINE ( 'NONE', #9457, #10763 ) ;
#5225 = DIRECTION ( 'NONE',  ( 0.0000000000000000000, 0.0000000000000000000, -1.000000000000000000 ) ) ;
#5226 = EDGE_CURVE ( 'NONE', #359, #3479, #8481, .T. ) ;
#5227 = STYLED_ITEM ( 'NONE', ( #3018 ), #9436 ) ;
#5228 = VECTOR ( 'NONE', #9361, 1000.000000000000000 ) ;
#5229 = VECTOR ( 'NONE', #7332, 1000.000000000000000 ) ;
#5230 =( NAMED_UNIT ( * ) PLANE_ANGLE_UNIT ( ) SI_UNIT ( $, .RADIAN. ) );
#5231 = VERTEX_POINT ( 'NONE', #5007 ) ;
#5232 = CARTESIAN_POINT ( 'NONE',  ( 4.335289779536579700, 13.30323832181528600, 9.336896046153153600 ) ) ;
#5233 = SURFACE_STYLE_USAGE ( .BOTH. , #11411 ) ;
#5234 = VECTOR ( 'NONE', #4943, 1000.000000000000000 ) ;
#5235 =( NAMED_UNIT ( * ) PLANE_ANGLE_UNIT ( ) SI_UNIT ( $, .RADIAN. ) );
#5236 = MECHANICAL_DESIGN_GEOMETRIC_PRESENTATION_REPRESENTATION (  '', ( #3152 ), #5923 ) ;
#5237 = SURFACE_STYLE_USAGE ( .BOTH. , #11418 ) ;
#5238 = PRESENTATION_STYLE_ASSIGNMENT (( #365 ) ) ;
#5239 =( NAMED_UNIT ( * ) SI_UNIT ( $, .STERADIAN. ) SOLID_ANGLE_UNIT ( ) );
#5240 = ORIENTED_EDGE ( 'NONE', *, *, #6129, .T. ) ;
#5241 = PRESENTATION_STYLE_ASSIGNMENT (( #8051 ) ) ;
#5242 = CARTESIAN_POINT ( 'NONE',  ( 9.090344282899103200, 10.13973070442535700, 8.814624416000002700 ) ) ;
#5243 = DIRECTION ( 'NONE',  ( -1.000000000000000000, 0.0000000000000000000, 0.0000000000000000000 ) ) ;
#5244 = ADVANCED_FACE ( 'NONE', ( #5727 ), #4414, .T. ) ;
#5245 = PRESENTATION_LAYER_ASSIGNMENT (  '', '', ( #8272 ) ) ;
#5246 =( NAMED_UNIT ( * ) PLANE_ANGLE_UNIT ( ) SI_UNIT ( $, .RADIAN. ) );
#5247 = ORIENTED_EDGE ( 'NONE', *, *, #1706, .F. ) ;
#5248 = DIRECTION ( 'NONE',  ( 0.0000000000000000000, 0.0000000000000000000, -1.000000000000000000 ) ) ;
#5249 =( NAMED_UNIT ( * ) PLANE_ANGLE_UNIT ( ) SI_UNIT ( $, .RADIAN. ) );
#5250 =( NAMED_UNIT ( * ) PLANE_ANGLE_UNIT ( ) SI_UNIT ( $, .RADIAN. ) );
#5251 = FILL_AREA_STYLE ('',( #4207 ) ) ;
#5252 = LINE ( 'NONE', #12680, #8020 ) ;
#5253 =( LENGTH_UNIT ( ) NAMED_UNIT ( * ) SI_UNIT ( .MILLI., .METRE. ) );
#5254 = SURFACE_STYLE_FILL_AREA ( #8135 ) ;
#5255 = VERTEX_POINT ( 'NONE', #952 ) ;
#5256 = STYLED_ITEM ( 'NONE', ( #2298 ), #5798 ) ;
#5257 = CARTESIAN_POINT ( 'NONE',  ( -10.90312778737261600, 5.759646900113700100, 10.16859742219893400 ) ) ;
#5258 = ORIENTED_EDGE ( 'NONE', *, *, #7539, .F. ) ;
#5259 = UNCERTAINTY_MEASURE_WITH_UNIT (LENGTH_MEASURE( 1.000000000000000100E-005 ), #3745, 'distance_accuracy_value', 'NONE');
#5260 = VECTOR ( 'NONE', #10687, 1000.000000000000000 ) ;
#5261 = LINE ( 'NONE', #10693, #4930 ) ;
#5262 = ADVANCED_FACE ( 'NONE', ( #7175 ), #6095, .F. ) ;
#5263 = CARTESIAN_POINT ( 'NONE',  ( 8.762999999999999900, 7.948998325999999900, -2.211001673999999800 ) ) ;
#5264 = SURFACE_STYLE_USAGE ( .BOTH. , #11452 ) ;
#5265 = CARTESIAN_POINT ( 'NONE',  ( -0.7620000000000001200, -1.778000000000000200, -7.935942080000001100 ) ) ;
#5266 = EDGE_CURVE ( 'NONE', #903, #4003, #3432, .T. ) ;
#5267 = ORIENTED_EDGE ( 'NONE', *, *, #13132, .T. ) ;
#5268 = DIRECTION ( 'NONE',  ( -0.0000000000000000000, -1.000000000000000000, -0.0000000000000000000 ) ) ;
#5269 =( NAMED_UNIT ( * ) SI_UNIT ( $, .STERADIAN. ) SOLID_ANGLE_UNIT ( ) );
#5270 = ORIENTED_EDGE ( 'NONE', *, *, #1363, .T. ) ;
#5271 = EDGE_CURVE ( 'NONE', #9570, #726, #11697, .T. ) ;
#5272 = PRESENTATION_STYLE_ASSIGNMENT (( #12362 ) ) ;
#5273 = CARTESIAN_POINT ( 'NONE',  ( 5.724120265325076700, 13.03584593746506400, 9.293669417973553900 ) ) ;
#5274 = UNCERTAINTY_MEASURE_WITH_UNIT (LENGTH_MEASURE( 1.000000000000000100E-005 ), #6209, 'distance_accuracy_value', 'NONE');
#5275 = EDGE_LOOP ( 'NONE', ( #1968, #5715, #9342, #6126 ) ) ;
#5276 = CARTESIAN_POINT ( 'NONE',  ( -8.890000000035733800, 10.33011169778941300, 8.834984317911361600 ) ) ;
#5277 = FILL_AREA_STYLE_COLOUR ( '', #2747 ) ;
#5278 = ORIENTED_EDGE ( 'NONE', *, *, #11400, .T. ) ;
#5279 = ORIENTED_EDGE ( 'NONE', *, *, #12697, .T. ) ;
#5280 =( LENGTH_UNIT ( ) NAMED_UNIT ( * ) SI_UNIT ( .MILLI., .METRE. ) );
#5281 = PRESENTATION_LAYER_ASSIGNMENT (  '', '', ( #3893 ) ) ;
#5282 = FILL_AREA_STYLE ('',( #11478 ) ) ;
#5283 = SURFACE_STYLE_USAGE ( .BOTH. , #5330 ) ;
#5284 = AXIS2_PLACEMENT_3D ( 'NONE', #11192, #11241, #11305 ) ;
#5285 = AXIS2_PLACEMENT_3D ( 'NONE', #4666, #11893, #5730 ) ;
#5286 = PLANE ( 'NONE',  #10352 ) ;
#5287 = LINE ( 'NONE', #10477, #8053 ) ;
#5288 = UNCERTAINTY_MEASURE_WITH_UNIT (LENGTH_MEASURE( 1.000000000000000100E-005 ), #7805, 'distance_accuracy_value', 'NONE');
#5289 = VERTEX_POINT ( 'NONE', #11387 ) ;
#5290 = ORIENTED_EDGE ( 'NONE', *, *, #7114, .T. ) ;
#5291 = EDGE_CURVE ( 'NONE', #12134, #2179, #5888, .T. ) ;
#5292 = DIRECTION ( 'NONE',  ( -0.0000000000000000000, -0.0000000000000000000, 1.000000000000000000 ) ) ;
#5293 = DIRECTION ( 'NONE',  ( 1.000000000000000000, -1.707404996040159400E-015, 0.0000000000000000000 ) ) ;
#5294 = ORIENTED_EDGE ( 'NONE', *, *, #1522, .T. ) ;
#5295 = FILL_AREA_STYLE_COLOUR ( '', #9783 ) ;
#5296 = EDGE_CURVE ( 'NONE', #9599, #2261, #6201, .T. ) ;
#5297 =( GEOMETRIC_REPRESENTATION_CONTEXT ( 3 ) GLOBAL_UNCERTAINTY_ASSIGNED_CONTEXT ( ( #4346 ) ) GLOBAL_UNIT_ASSIGNED_CONTEXT ( ( #13324, #7155, #908 ) ) REPRESENTATION_CONTEXT ( 'NONE', 'WORKASPACE' ) );
#5298 = ORIENTED_EDGE ( 'NONE', *, *, #9778, .F. ) ;
#5299 = CARTESIAN_POINT ( 'NONE',  ( -4.317999999999999600, -1.778000000000000200, -10.28700000000000100 ) ) ;
#5300 = AXIS2_PLACEMENT_3D ( 'NONE', #2646, #9910, #3666 ) ;
#5301 = ADVANCED_FACE ( 'NONE', ( #646 ), #2100, .T. ) ;
#5302 = ORIENTED_EDGE ( 'NONE', *, *, #7845, .T. ) ;
#5303 = VERTEX_POINT ( 'NONE', #13352 ) ;
#5304 = MECHANICAL_DESIGN_GEOMETRIC_PRESENTATION_REPRESENTATION (  '', ( #3222 ), #6007 ) ;
#5305 = UNCERTAINTY_MEASURE_WITH_UNIT (LENGTH_MEASURE( 1.000000000000000100E-005 ), #6417, 'distance_accuracy_value', 'NONE');
#5306 = MECHANICAL_DESIGN_GEOMETRIC_PRESENTATION_REPRESENTATION (  '', ( #3225 ), #6009 ) ;
#5307 = EDGE_LOOP ( 'NONE', ( #1442, #8642, #4607, #10686 ) ) ;
#5308 = CARTESIAN_POINT ( 'NONE',  ( -7.264400000000000200, -1.778000000000000200, 2.667000000000000300 ) ) ;
#5309 = EDGE_LOOP ( 'NONE', ( #12803, #2873, #5323, #4004 ) ) ;
#5310 = CARTESIAN_POINT ( 'NONE',  ( -8.890000000000000600, 0.0000000000000000000, -8.964998325999999900 ) ) ;
#5311 = STYLED_ITEM ( 'NONE', ( #212 ), #12496 ) ;
#5312 = DIRECTION ( 'NONE',  ( 0.0000000000000000000, 0.0000000000000000000, 1.000000000000000000 ) ) ;
#5313 = EDGE_CURVE ( 'NONE', #8791, #262, #11996, .T. ) ;
#5314 = SURFACE_STYLE_FILL_AREA ( #5078 ) ;
#5315 = CARTESIAN_POINT ( 'NONE',  ( 8.762999999999999900, 10.74927999999999900, 12.06500000000000100 ) ) ;
#5316 = CARTESIAN_POINT ( 'NONE',  ( -8.382000000000003200, 2.276954804999999500, 10.05299547990382800 ) ) ;
#5317 = AXIS2_PLACEMENT_3D ( 'NONE', #1682, #8963, #2741 ) ;
#5318 = ORIENTED_EDGE ( 'NONE', *, *, #3062, .T. ) ;
#5319 = ORIENTED_EDGE ( 'NONE', *, *, #9098, .T. ) ;
#5320 =( LENGTH_UNIT ( ) NAMED_UNIT ( * ) SI_UNIT ( .MILLI., .METRE. ) );
#5321 = DIRECTION ( 'NONE',  ( 0.0000000000000000000, 0.0000000000000000000, 1.000000000000000000 ) ) ;
#5322 = ADVANCED_FACE ( 'NONE', ( #7335 ), #3187, .F. ) ;
#5323 = ORIENTED_EDGE ( 'NONE', *, *, #277, .F. ) ;
#5324 = ORIENTED_EDGE ( 'NONE', *, *, #4223, .F. ) ;
#5325 = SURFACE_SIDE_STYLE ('',( #5111 ) ) ;
#5326 = DIRECTION ( 'NONE',  ( 0.0000000000000000000, 0.0000000000000000000, 1.000000000000000000 ) ) ;
#5327 = VECTOR ( 'NONE', #2252, 1000.000000000000000 ) ;
#5328 = SURFACE_STYLE_USAGE ( .BOTH. , #5384 ) ;
#5329 = ADVANCED_FACE ( 'NONE', ( #9124 ), #7411, .T. ) ;
#5330 = SURFACE_SIDE_STYLE ('',( #3010 ) ) ;
#5331 = ORIENTED_EDGE ( 'NONE', *, *, #10581, .F. ) ;
#5332 = EDGE_LOOP ( 'NONE', ( #1754, #6824, #343, #2085 ) ) ;
#5333 = VECTOR ( 'NONE', #12243, 1000.000000000000000 ) ;
#5334 = EDGE_LOOP ( 'NONE', ( #9406, #2545, #8987, #6645 ) ) ;
#5335 = CARTESIAN_POINT ( 'NONE',  ( -8.890000000000000600, 0.0000000000000000000, -7.569200000000000400 ) ) ;
#5336 = UNCERTAINTY_MEASURE_WITH_UNIT (LENGTH_MEASURE( 1.000000000000000100E-005 ), #3400, 'distance_accuracy_value', 'NONE');
#5337 = DIRECTION ( 'NONE',  ( 1.000000000000000000, 0.0000000000000000000, 0.0000000000000000000 ) ) ;
#5338 =( GEOMETRIC_REPRESENTATION_CONTEXT ( 3 ) GLOBAL_UNCERTAINTY_ASSIGNED_CONTEXT ( ( #4328 ) ) GLOBAL_UNIT_ASSIGNED_CONTEXT ( ( #4191, #11420, #5239 ) ) REPRESENTATION_CONTEXT ( 'NONE', 'WORKASPACE' ) );
#5339 = VECTOR ( 'NONE', #9977, 1000.000000000000000 ) ;
#5340 = VECTOR ( 'NONE', #7738, 1000.000000000000000 ) ;
#5341 =( NAMED_UNIT ( * ) SI_UNIT ( $, .STERADIAN. ) SOLID_ANGLE_UNIT ( ) );
#5342 = FACE_BOUND ( 'NONE', #2584, .T. ) ;
#5343 = CARTESIAN_POINT ( 'NONE',  ( -6.426820371000000700, -1.778000000000000500, -1.143000000000000200 ) ) ;
#5344 = DIRECTION ( 'NONE',  ( -0.0000000000000000000, -1.000000000000000000, -0.0000000000000000000 ) ) ;
#5345 = CARTESIAN_POINT ( 'NONE',  ( 7.264400000000000200, -1.778000000000000200, 7.493000000000000300 ) ) ;
#5346 = LINE ( 'NONE', #4466, #10555 ) ;
#5347 = SURFACE_STYLE_USAGE ( .BOTH. , #6850 ) ;
#5348 = VERTEX_POINT ( 'NONE', #6307 ) ;
#5349 = CARTESIAN_POINT ( 'NONE',  ( -8.890000000000000600, 0.0000000000000000000, 12.06500000000000100 ) ) ;
#5350 = SURFACE_STYLE_FILL_AREA ( #1843 ) ;
#5351 = LINE ( 'NONE', #4128, #12936 ) ;
#5352 = ORIENTED_EDGE ( 'NONE', *, *, #630, .F. ) ;
#5353 = FACE_OUTER_BOUND ( 'NONE', #3626, .T. ) ;
#5354 = LINE ( 'NONE', #316, #13257 ) ;
#5355 =( GEOMETRIC_REPRESENTATION_CONTEXT ( 3 ) GLOBAL_UNCERTAINTY_ASSIGNED_CONTEXT ( ( #10701 ) ) GLOBAL_UNIT_ASSIGNED_CONTEXT ( ( #12900, #6722, #486 ) ) REPRESENTATION_CONTEXT ( 'NONE', 'WORKASPACE' ) );
#5356 = CYLINDRICAL_SURFACE ( 'NONE', #12021, 2.767382544000000200 ) ;
#5357 = UNCERTAINTY_MEASURE_WITH_UNIT (LENGTH_MEASURE( 1.000000000000000100E-005 ), #7855, 'distance_accuracy_value', 'NONE');
#5358 =( LENGTH_UNIT ( ) NAMED_UNIT ( * ) SI_UNIT ( .MILLI., .METRE. ) );
#5359 = UNCERTAINTY_MEASURE_WITH_UNIT (LENGTH_MEASURE( 1.000000000000000100E-005 ), #8465, 'distance_accuracy_value', 'NONE');
#5360 = LINE ( 'NONE', #5770, #2611 ) ;
#5361 = DIRECTION ( 'NONE',  ( 0.0000000000000000000, 0.6816456128749177600, -0.7316824847216022400 ) ) ;
#5362 = CARTESIAN_POINT ( 'NONE',  ( -5.530603067000000400, 10.54099999999999900, 3.802000015999999600 ) ) ;
#5363 = EDGE_CURVE ( 'NONE', #3048, #8874, #8145, .T. ) ;
#5364 = DIRECTION ( 'NONE',  ( 0.0000000000000000000, 1.000000000000000000, 0.0000000000000000000 ) ) ;
#5365 =( LENGTH_UNIT ( ) NAMED_UNIT ( * ) SI_UNIT ( .MILLI., .METRE. ) );
#5366 = PRESENTATION_LAYER_ASSIGNMENT (  '', '', ( #3963 ) ) ;
#5367 = VERTEX_POINT ( 'NONE', #12529 ) ;
#5368 = ORIENTED_EDGE ( 'NONE', *, *, #4465, .F. ) ;
#5369 = PRESENTATION_STYLE_ASSIGNMENT (( #5495 ) ) ;
#5370 = DIRECTION ( 'NONE',  ( 1.000000000000000000, 0.0000000000000000000, 0.0000000000000000000 ) ) ;
#5371 = PRESENTATION_STYLE_ASSIGNMENT (( #9989 ) ) ;
#5372 = COLOUR_RGB ( '',0.7490196078431372600, 1.000000000000000000, 1.000000000000000000 ) ;
#5373 = ORIENTED_EDGE ( 'NONE', *, *, #8935, .T. ) ;
#5374 = DIRECTION ( 'NONE',  ( 0.0000000000000000000, 0.0000000000000000000, -1.000000000000000000 ) ) ;
#5375 = AXIS2_PLACEMENT_3D ( 'NONE', #8343, #8165, #8255 ) ;
#5376 = STYLED_ITEM ( 'NONE', ( #9801 ), #6596 ) ;
#5377 = DIRECTION ( 'NONE',  ( -1.000000000000000000, -0.0000000000000000000, -0.0000000000000000000 ) ) ;
#5378 = SURFACE_STYLE_USAGE ( .BOTH. , #11561 ) ;
#5379 =( LENGTH_UNIT ( ) NAMED_UNIT ( * ) SI_UNIT ( .MILLI., .METRE. ) );
#5380 = EDGE_LOOP ( 'NONE', ( #995, #8470, #1345, #6179 ) ) ;
#5381 = ORIENTED_EDGE ( 'NONE', *, *, #11382, .T. ) ;
#5382 = LINE ( 'NONE', #13345, #10585 ) ;
#5383 = EDGE_CURVE ( 'NONE', #8187, #8037, #5390, .T. ) ;
#5384 = SURFACE_SIDE_STYLE ('',( #12968 ) ) ;
#5385 = PLANE ( 'NONE',  #7039 ) ;
#5386 = SURFACE_SIDE_STYLE ('',( #5861 ) ) ;
#5387 = PRESENTATION_LAYER_ASSIGNMENT (  '', '', ( #3987 ) ) ;
#5388 = PRESENTATION_STYLE_ASSIGNMENT (( #5328 ) ) ;
#5389 = VERTEX_POINT ( 'NONE', #3493 ) ;
#5390 = LINE ( 'NONE', #9553, #10913 ) ;
#5391 = LINE ( 'NONE', #11327, #2640 ) ;
#5392 = FILL_AREA_STYLE_COLOUR ( '', #8754 ) ;
#5393 =( GEOMETRIC_REPRESENTATION_CONTEXT ( 3 ) GLOBAL_UNCERTAINTY_ASSIGNED_CONTEXT ( ( #287 ) ) GLOBAL_UNIT_ASSIGNED_CONTEXT ( ( #808, #8098, #1860 ) ) REPRESENTATION_CONTEXT ( 'NONE', 'WORKASPACE' ) );
#5394 = ORIENTED_EDGE ( 'NONE', *, *, #12439, .F. ) ;
#5395 = PLANE ( 'NONE',  #3411 ) ;
#5396 =( NAMED_UNIT ( * ) PLANE_ANGLE_UNIT ( ) SI_UNIT ( $, .RADIAN. ) );
#5397 = PRESENTATION_STYLE_ASSIGNMENT (( #1427 ) ) ;
#5399 = AXIS2_PLACEMENT_3D ( 'NONE', #5089, #5571, #5077 ) ;
#5398 = SURFACE_SIDE_STYLE ('',( #8230 ) ) ;
#5400 = FACE_OUTER_BOUND ( 'NONE', #5920, .T. ) ;
#5401 = ADVANCED_FACE ( 'NONE', ( #7820 ), #10796, .T. ) ;
#5402 = AXIS2_PLACEMENT_3D ( 'NONE', #6047, #13249, #7070 ) ;
#5403 = VERTEX_POINT ( 'NONE', #4547 ) ;
#5404 = VECTOR ( 'NONE', #7733, 1000.000000000000000 ) ;
#5405 = STYLED_ITEM ( 'NONE', ( #11295 ), #12209 ) ;
#5406 =( NAMED_UNIT ( * ) PLANE_ANGLE_UNIT ( ) SI_UNIT ( $, .RADIAN. ) );
#5407 = EDGE_CURVE ( 'NONE', #2352, #6224, #1858, .T. ) ;
#5408 = VECTOR ( 'NONE', #6815, 1000.000000000000000 ) ;
#5409 = PRESENTATION_LAYER_ASSIGNMENT (  '', '', ( #4006 ) ) ;
#5410 = DIRECTION ( 'NONE',  ( -1.000000000000000000, -0.0000000000000000000, -0.0000000000000000000 ) ) ;
#5411 = DIRECTION ( 'NONE',  ( -0.0000000000000000000, -0.0000000000000000000, -1.000000000000000000 ) ) ;
#5412 = DIRECTION ( 'NONE',  ( -1.000000000000000000, 0.0000000000000000000, 0.0000000000000000000 ) ) ;
#5413 = CARTESIAN_POINT ( 'NONE',  ( 4.317999999999999600, -0.8890000000000001200, -10.10920000000000100 ) ) ;
#5414 = SURFACE_SIDE_STYLE ('',( #6649 ) ) ;
#5415 = LINE ( 'NONE', #2415, #10934 ) ;
#5416 = FILL_AREA_STYLE_COLOUR ( '', #462 ) ;
#5417 = DIRECTION ( 'NONE',  ( 0.0000000000000000000, -1.000000000000000000, 0.0000000000000000000 ) ) ;
#5418 = AXIS2_PLACEMENT_3D ( 'NONE', #9247, #11260, #9194 ) ;
#5419 =( GEOMETRIC_REPRESENTATION_CONTEXT ( 3 ) GLOBAL_UNCERTAINTY_ASSIGNED_CONTEXT ( ( #12135 ) ) GLOBAL_UNIT_ASSIGNED_CONTEXT ( ( #12432, #6253, #28 ) ) REPRESENTATION_CONTEXT ( 'NONE', 'WORKASPACE' ) );
#5420 = SURFACE_STYLE_USAGE ( .BOTH. , #5434 ) ;
#5421 =( NAMED_UNIT ( * ) SI_UNIT ( $, .STERADIAN. ) SOLID_ANGLE_UNIT ( ) );
#5422 = CARTESIAN_POINT ( 'NONE',  ( 8.890000000000000600, 4.436602109999999000, -1.778000001132839600 ) ) ;
#5423 = STYLED_ITEM ( 'NONE', ( #4200 ), #13293 ) ;
#5424 = LINE ( 'NONE', #8221, #2667 ) ;
#5425 = ORIENTED_EDGE ( 'NONE', *, *, #8480, .T. ) ;
#5426 = PLANE ( 'NONE',  #8877 ) ;
#5427 = CARTESIAN_POINT ( 'NONE',  ( 8.826499999999999300, 8.975793326000001600, -5.181387328999999700 ) ) ;
#5428 = ORIENTED_EDGE ( 'NONE', *, *, #5720, .T. ) ;
#5429 =( NAMED_UNIT ( * ) PLANE_ANGLE_UNIT ( ) SI_UNIT ( $, .RADIAN. ) );
#5430 = PRESENTATION_LAYER_ASSIGNMENT (  '', '', ( #4034 ) ) ;
#5431 = SURFACE_STYLE_FILL_AREA ( #12893 ) ;
#5432 = PLANE ( 'NONE',  #4734 ) ;
#5433 = PRESENTATION_LAYER_ASSIGNMENT (  '', '', ( #4044 ) ) ;
#5434 = SURFACE_SIDE_STYLE ('',( #9759 ) ) ;
#5435 = CARTESIAN_POINT ( 'NONE',  ( 8.635999999999999200, 1.150000621000000200, -10.24599881200000000 ) ) ;
#5436 = ORIENTED_EDGE ( 'NONE', *, *, #2668, .F. ) ;
#5437 = ORIENTED_EDGE ( 'NONE', *, *, #5070, .F. ) ;
#5438 =( BOUNDED_CURVE ( )  B_SPLINE_CURVE ( 3, ( #9483, #7338, #9640, #7241 ),
 .UNSPECIFIED., .F., .F. ) 
 B_SPLINE_CURVE_WITH_KNOTS ( ( 4, 4 ),
 ( 0.7500093655289047400, 2.353840412339797300 ),
 .UNSPECIFIED. ) 
 CURVE ( )  GEOMETRIC_REPRESENTATION_ITEM ( )  RATIONAL_B_SPLINE_CURVE ( ( 1.000000000000000000, 0.7968875464114468800, 0.7968875464114468800, 1.000000000000000000 ) ) 
 REPRESENTATION_ITEM ( '' )  );
#5439 = PLANE ( 'NONE',  #9395 ) ;
#5440 = FILL_AREA_STYLE ('',( #1192 ) ) ;
#5441 = LINE ( 'NONE', #5276, #7870 ) ;
#5442 = EDGE_CURVE ( 'NONE', #209, #7367, #12329, .T. ) ;
#5443 = AXIS2_PLACEMENT_3D ( 'NONE', #10968, #4747, #11968 ) ;
#5444 = SURFACE_STYLE_USAGE ( .BOTH. , #11624 ) ;
#5445 = ORIENTED_EDGE ( 'NONE', *, *, #8339, .F. ) ;
#5446 = ORIENTED_EDGE ( 'NONE', *, *, #3907, .F. ) ;
#5447 =( LENGTH_UNIT ( ) NAMED_UNIT ( * ) SI_UNIT ( .MILLI., .METRE. ) );
#5448 = FILL_AREA_STYLE_COLOUR ( '', #12159 ) ;
#5449 = CARTESIAN_POINT ( 'NONE',  ( -8.635999999999999200, -1.165775448000000000, -1.143000000000000200 ) ) ;
#5450 = DIRECTION ( 'NONE',  ( -1.000000000000000000, 0.0000000000000000000, 0.0000000000000000000 ) ) ;
#5451 = UNCERTAINTY_MEASURE_WITH_UNIT (LENGTH_MEASURE( 1.000000000000000100E-005 ), #10087, 'distance_accuracy_value', 'NONE');
#5452 = EDGE_CURVE ( 'NONE', #12899, #9235, #12422, .T. ) ;
#5453 = EDGE_LOOP ( 'NONE', ( #9943, #8559, #216, #4989 ) ) ;
#5454 = EDGE_LOOP ( 'NONE', ( #1895, #1686, #623, #7123 ) ) ;
#5455 = CARTESIAN_POINT ( 'NONE',  ( 8.990000000000000200, -1.031404344999999900, -0.8382000000000000600 ) ) ;
#5456 = EDGE_CURVE ( 'NONE', #9525, #7476, #6834, .T. ) ;
#5457 = DIRECTION ( 'NONE',  ( -1.000000000000000000, 0.0000000000000000000, 0.0000000000000000000 ) ) ;
#5458 = ORIENTED_EDGE ( 'NONE', *, *, #163, .T. ) ;
#5459 =( NAMED_UNIT ( * ) PLANE_ANGLE_UNIT ( ) SI_UNIT ( $, .RADIAN. ) );
#5460 = VERTEX_POINT ( 'NONE', #8819 ) ;
#5461 = ADVANCED_FACE ( 'NONE', ( #1154 ), #10916, .T. ) ;
#5462 = CIRCLE ( 'NONE', #1381, 0.1270000000000003900 ) ;
#5463 = EDGE_CURVE ( 'NONE', #7153, #6257, #172, .T. ) ;
#5464 = COLOUR_RGB ( '',0.7490196078431372600, 1.000000000000000000, 1.000000000000000000 ) ;
#5465 = DIRECTION ( 'NONE',  ( 0.0000000000000000000, 1.000000000000000000, 0.0000000000000000000 ) ) ;
#5466 = UNCERTAINTY_MEASURE_WITH_UNIT (LENGTH_MEASURE( 1.000000000000000100E-005 ), #3531, 'distance_accuracy_value', 'NONE');
#5467 = ORIENTED_EDGE ( 'NONE', *, *, #12367, .F. ) ;
#5468 = DIRECTION ( 'NONE',  ( 0.0000000000000000000, 1.000000000000000000, 0.0000000000000000000 ) ) ;
#5469 = VERTEX_POINT ( 'NONE', #10952 ) ;
#5470 = STYLED_ITEM ( 'NONE', ( #4049 ), #3409 ) ;
#5471 = DIRECTION ( 'NONE',  ( 0.0000000000000000000, 0.0000000000000000000, -1.000000000000000000 ) ) ;
#5472 = ORIENTED_EDGE ( 'NONE', *, *, #7080, .T. ) ;
#5473 = MECHANICAL_DESIGN_GEOMETRIC_PRESENTATION_REPRESENTATION (  '', ( #3376 ), #6170 ) ;
#5474 = COLOUR_RGB ( '',0.7529411764705882200, 1.000000000000000000, 1.000000000000000000 ) ;
#5475 = FILL_AREA_STYLE_COLOUR ( '', #11778 ) ;
#5476 = CARTESIAN_POINT ( 'NONE',  ( -9.230128286710552700, 3.840844149579424500, 9.101405148798166400 ) ) ;
#5477 = EDGE_CURVE ( 'NONE', #918, #1741, #8157, .T. ) ;
#5478 = DIRECTION ( 'NONE',  ( -1.000000000000000000, -0.0000000000000000000, -0.0000000000000000000 ) ) ;
#5479 = ORIENTED_EDGE ( 'NONE', *, *, #7670, .T. ) ;
#5480 = CARTESIAN_POINT ( 'NONE',  ( 8.635999999999999200, 9.448793649999998900, -5.181387329000000500 ) ) ;
#5481 = STYLED_ITEM ( 'NONE', ( #4154 ), #9347 ) ;
#5482 = UNCERTAINTY_MEASURE_WITH_UNIT (LENGTH_MEASURE( 1.000000000000000100E-005 ), #3444, 'distance_accuracy_value', 'NONE');
#5483 = VECTOR ( 'NONE', #10661, 1000.000000000000000 ) ;
#5484 = VERTEX_POINT ( 'NONE', #7862 ) ;
#5485 = ORIENTED_EDGE ( 'NONE', *, *, #3456, .T. ) ;
#5486 = DIRECTION ( 'NONE',  ( 1.000000000000000000, 0.0000000000000000000, 0.0000000000000000000 ) ) ;
#5487 = PRESENTATION_LAYER_ASSIGNMENT (  '', '', ( #4108 ) ) ;
#5488 = AXIS2_PLACEMENT_3D ( 'NONE', #10258, #10305, #10345 ) ;
#5489 = SURFACE_SIDE_STYLE ('',( #12915 ) ) ;
#5490 = DIRECTION ( 'NONE',  ( -1.000000000000000000, 0.0000000000000000000, 0.0000000000000000000 ) ) ;
#5491 = VECTOR ( 'NONE', #7474, 1000.000000000000000 ) ;
#5492 = ORIENTED_EDGE ( 'NONE', *, *, #12739, .F. ) ;
#5493 = CARTESIAN_POINT ( 'NONE',  ( 3.809999999999999600, -1.778000000000000200, -10.10920000000000100 ) ) ;
#5494 = FILL_AREA_STYLE_COLOUR ( '', #4719 ) ;
#5495 = SURFACE_STYLE_USAGE ( .BOTH. , #11681 ) ;
#5496 = ORIENTED_EDGE ( 'NONE', *, *, #11330, .T. ) ;
#5497 = CARTESIAN_POINT ( 'NONE',  ( -7.772400000000000200, -1.778000000000000200, 8.000999999999999400 ) ) ;
#5498 = EDGE_LOOP ( 'NONE', ( #8826, #3538, #8005, #6090 ) ) ;
#5499 = ORIENTED_EDGE ( 'NONE', *, *, #9286, .F. ) ;
#5500 = VECTOR ( 'NONE', #2356, 1000.000000000000000 ) ;
#5501 = DIRECTION ( 'NONE',  ( 0.0000000000000000000, 0.6816456128749178700, -0.7316824847216021300 ) ) ;
#5502 = DIRECTION ( 'NONE',  ( 0.0000000000000000000, 0.0000000000000000000, 1.000000000000000000 ) ) ;
#5503 = SURFACE_STYLE_FILL_AREA ( #10562 ) ;
#5504 = LINE ( 'NONE', #9399, #7937 ) ;
#5505 = DIRECTION ( 'NONE',  ( 0.0000000000000000000, -1.000000000000000000, 0.0000000000000000000 ) ) ;
#5506 = LINE ( 'NONE', #9514, #9246 ) ;
#5507 = ORIENTED_EDGE ( 'NONE', *, *, #8872, .F. ) ;
#5508 = SURFACE_STYLE_FILL_AREA ( #5131 ) ;
#5509 =( GEOMETRIC_REPRESENTATION_CONTEXT ( 3 ) GLOBAL_UNCERTAINTY_ASSIGNED_CONTEXT ( ( #9199 ) ) GLOBAL_UNIT_ASSIGNED_CONTEXT ( ( #10663, #4429, #11663 ) ) REPRESENTATION_CONTEXT ( 'NONE', 'WORKASPACE' ) );
#5510 = ORIENTED_EDGE ( 'NONE', *, *, #6054, .F. ) ;
#5511 = FILL_AREA_STYLE ('',( #12716 ) ) ;
#5512 = DIRECTION ( 'NONE',  ( -0.0000000000000000000, -1.000000000000000000, -0.0000000000000000000 ) ) ;
#5513 = LINE ( 'NONE', #849, #13423 ) ;
#5514 = LINE ( 'NONE', #12109, #5193 ) ;
#5515 = LINE ( 'NONE', #176, #7956 ) ;
#5516 = CARTESIAN_POINT ( 'NONE',  ( -8.636000000000001000, 10.54099999999999900, 10.83254115400000100 ) ) ;
#5517 = ORIENTED_EDGE ( 'NONE', *, *, #4240, .T. ) ;
#5518 = ORIENTED_EDGE ( 'NONE', *, *, #2036, .T. ) ;
#5519 =( NAMED_UNIT ( * ) PLANE_ANGLE_UNIT ( ) SI_UNIT ( $, .RADIAN. ) );
#5520 = AXIS2_PLACEMENT_3D ( 'NONE', #5830, #13024, #6861 ) ;
#5521 = FACE_OUTER_BOUND ( 'NONE', #12242, .T. ) ;
#5522 = VECTOR ( 'NONE', #724, 1000.000000000000000 ) ;
#5523 =( LENGTH_UNIT ( ) NAMED_UNIT ( * ) SI_UNIT ( .MILLI., .METRE. ) );
#5524 = DIRECTION ( 'NONE',  ( 0.0000000000000000000, 0.0000000000000000000, 1.000000000000000000 ) ) ;
#5525 = PLANE ( 'NONE',  #734 ) ;
#5526 = LINE ( 'NONE', #12624, #2773 ) ;
#5527 = PRESENTATION_STYLE_ASSIGNMENT (( #12590 ) ) ;
#5528 = ORIENTED_EDGE ( 'NONE', *, *, #10232, .F. ) ;
#5529 = UNCERTAINTY_MEASURE_WITH_UNIT (LENGTH_MEASURE( 1.000000000000000100E-005 ), #10907, 'distance_accuracy_value', 'NONE');
#5530 = ADVANCED_FACE ( 'NONE', ( #2974 ), #1641, .T. ) ;
#5531 = SURFACE_SIDE_STYLE ('',( #7276 ) ) ;
#5532 = EDGE_LOOP ( 'NONE', ( #10153, #4392, #12406, #4180 ) ) ;
#5533 = EDGE_CURVE ( 'NONE', #7863, #7104, #1657, .T. ) ;
#5534 = SURFACE_STYLE_FILL_AREA ( #8394 ) ;
#5535 = STYLED_ITEM ( 'NONE', ( #11625 ), #12012 ) ;
#5536 = FACE_OUTER_BOUND ( 'NONE', #4394, .T. ) ;
#5537 = DIRECTION ( 'NONE',  ( -0.0000000000000000000, -1.000000000000000000, -0.0000000000000000000 ) ) ;
#5538 =( LENGTH_UNIT ( ) NAMED_UNIT ( * ) SI_UNIT ( .MILLI., .METRE. ) );
#5539 = EDGE_CURVE ( 'NONE', #7856, #11227, #9967, .T. ) ;
#5540 = CARTESIAN_POINT ( 'NONE',  ( -8.635999999999999200, 8.248718325491999800, 0.0000000000000000000 ) ) ;
#5541 = LINE ( 'NONE', #1227, #5222 ) ;
#5542 = CARTESIAN_POINT ( 'NONE',  ( -7.227737259999998700, 8.536145111999999800, 8.828665489999998800 ) ) ;
#5543 = VERTEX_POINT ( 'NONE', #3784 ) ;
#5544 =( NAMED_UNIT ( * ) PLANE_ANGLE_UNIT ( ) SI_UNIT ( $, .RADIAN. ) );
#5545 = DIRECTION ( 'NONE',  ( 1.000000000000000000, -0.0000000000000000000, -0.0000000000000000000 ) ) ;
#5546 = UNCERTAINTY_MEASURE_WITH_UNIT (LENGTH_MEASURE( 1.000000000000000100E-005 ), #3404, 'distance_accuracy_value', 'NONE');
#5547 =( LENGTH_UNIT ( ) NAMED_UNIT ( * ) SI_UNIT ( .MILLI., .METRE. ) );
#5548 = DIRECTION ( 'NONE',  ( 1.000000000000000000, 0.0000000000000000000, 0.0000000000000000000 ) ) ;
#5549 = CARTESIAN_POINT ( 'NONE',  ( -8.635999999999999200, 0.0000000000000000000, -0.5080000000000000100 ) ) ;
#5550 = FILL_AREA_STYLE_COLOUR ( '', #12121 ) ;
#5551 = CARTESIAN_POINT ( 'NONE',  ( -3.301999999999999600, -1.778000000000000200, -7.569200000000000400 ) ) ;
#5552 = SURFACE_STYLE_FILL_AREA ( #1204 ) ;
#5553 = STYLED_ITEM ( 'NONE', ( #2431 ), #3075 ) ;
#5554 = VECTOR ( 'NONE', #13409, 1000.000000000000000 ) ;
#5555 = AXIS2_PLACEMENT_3D ( 'NONE', #10356, #10437, #10571 ) ;
#5556 = VERTEX_POINT ( 'NONE', #4809 ) ;
#5557 = LINE ( 'NONE', #1812, #9 ) ;
#5558 = CARTESIAN_POINT ( 'NONE',  ( -9.326660973907062100, 3.942475241296221600, 10.12369416500732000 ) ) ;
#5559 = DIRECTION ( 'NONE',  ( 0.0000000000000000000, 0.0000000000000000000, -1.000000000000000000 ) ) ;
#5560 = SURFACE_SIDE_STYLE ('',( #7359 ) ) ;
#5561 = EDGE_CURVE ( 'NONE', #10185, #3157, #1316, .T. ) ;
#5562 = UNCERTAINTY_MEASURE_WITH_UNIT (LENGTH_MEASURE( 1.000000000000000100E-005 ), #5379, 'distance_accuracy_value', 'NONE');
#5563 = DIRECTION ( 'NONE',  ( 0.0000000000000000000, 0.0000000000000000000, -1.000000000000000000 ) ) ;
#5564 = EDGE_CURVE ( 'NONE', #3640, #2558, #6852, .T. ) ;
#5565 = CARTESIAN_POINT ( 'NONE',  ( -1.778000000000000200, -1.778000000000000200, -10.46480000000000000 ) ) ;
#5566 = PRESENTATION_LAYER_ASSIGNMENT (  '', '', ( #4860 ) ) ;
#5567 = LINE ( 'NONE', #5624, #12170 ) ;
#5568 = LINE ( 'NONE', #975, #11072 ) ;
#5569 = ORIENTED_EDGE ( 'NONE', *, *, #10949, .F. ) ;
#5570 = CIRCLE ( 'NONE', #12071, 0.6350000000000001200 ) ;
#5571 = DIRECTION ( 'NONE',  ( -1.000000000000000000, 0.0000000000000000000, 0.0000000000000000000 ) ) ;
#5572 =( NAMED_UNIT ( * ) PLANE_ANGLE_UNIT ( ) SI_UNIT ( $, .RADIAN. ) );
#5573 = CARTESIAN_POINT ( 'NONE',  ( -9.278756295398279600, 3.890766320203874700, 9.084134968491479600 ) ) ;
#5574 =( GEOMETRIC_REPRESENTATION_CONTEXT ( 3 ) GLOBAL_UNCERTAINTY_ASSIGNED_CONTEXT ( ( #8941 ) ) GLOBAL_UNIT_ASSIGNED_CONTEXT ( ( #1388, #8667, #2460 ) ) REPRESENTATION_CONTEXT ( 'NONE', 'WORKASPACE' ) );
#5575 = CARTESIAN_POINT ( 'NONE',  ( -8.762999999999999900, 2.550001377000000500, -11.06499945999999900 ) ) ;
#5576 = SURFACE_SIDE_STYLE ('',( #3698 ) ) ;
#5578 =( GEOMETRIC_REPRESENTATION_CONTEXT ( 3 ) GLOBAL_UNCERTAINTY_ASSIGNED_CONTEXT ( ( #31 ) ) GLOBAL_UNIT_ASSIGNED_CONTEXT ( ( #48, #88, #141 ) ) REPRESENTATION_CONTEXT ( 'NONE', 'WORKASPACE' ) );
#5577 = DIRECTION ( 'NONE',  ( 0.0000000000000000000, 0.0000000000000000000, 1.000000000000000000 ) ) ;
#5579 = MECHANICAL_DESIGN_GEOMETRIC_PRESENTATION_REPRESENTATION (  '', ( #4177 ), #6249 ) ;
#5580 = ORIENTED_EDGE ( 'NONE', *, *, #6526, .F. ) ;
#5581 = FILL_AREA_STYLE_COLOUR ( '', #2570 ) ;
#5582 = ORIENTED_EDGE ( 'NONE', *, *, #8616, .T. ) ;
#5583 = EDGE_CURVE ( 'NONE', #3719, #4996, #12339, .T. ) ;
#5584 = MECHANICAL_DESIGN_GEOMETRIC_PRESENTATION_REPRESENTATION (  '', ( #3478 ), #6259 ) ;
#5585 = DIRECTION ( 'NONE',  ( -1.000000000000000000, -8.537024980200796200E-016, 0.0000000000000000000 ) ) ;
#5586 = CARTESIAN_POINT ( 'NONE',  ( -9.326660973907278800, 3.942475241296456500, 9.082254298602768100 ) ) ;
#5587 = CARTESIAN_POINT ( 'NONE',  ( 8.975279772164057600, 3.828296213204688900, 10.36402441600000100 ) ) ;
#5588 = CARTESIAN_POINT ( 'NONE',  ( -6.299820371000000000, -1.778000000000000200, -1.143000000000000200 ) ) ;
#5589 = CARTESIAN_POINT ( 'NONE',  ( -5.804110354999999700, 10.96964580000000200, 11.03698555000000100 ) ) ;
#5590 = ORIENTED_EDGE ( 'NONE', *, *, #7919, .F. ) ;
#5591 =( NAMED_UNIT ( * ) PLANE_ANGLE_UNIT ( ) SI_UNIT ( $, .RADIAN. ) );
#5592 = VERTEX_POINT ( 'NONE', #3819 ) ;
#5593 = AXIS2_PLACEMENT_3D ( 'NONE', #3523, #10819, #4572 ) ;
#5594 = DIRECTION ( 'NONE',  ( 0.0000000000000000000, 0.0000000000000000000, -1.000000000000000000 ) ) ;
#5595 = CARTESIAN_POINT ( 'NONE',  ( -2.286000000000000500, -1.778000000000000200, -10.10920000000000100 ) ) ;
#5596 = ADVANCED_FACE ( 'NONE', ( #3775 ), #12076, .F. ) ;
#5597 = PRESENTATION_STYLE_ASSIGNMENT (( #7729 ) ) ;
#5598 = FACE_OUTER_BOUND ( 'NONE', #755, .T. ) ;
#5599 = FILL_AREA_STYLE ('',( #168 ) ) ;
#5600 = EDGE_LOOP ( 'NONE', ( #11125, #12547, #10842, #9733 ) ) ;
#5601 = CARTESIAN_POINT ( 'NONE',  ( 9.016999999999997700, 9.737793325999998500, -4.673387329052095800 ) ) ;
#5602 = ORIENTED_EDGE ( 'NONE', *, *, #2090, .F. ) ;
#5603 = DIRECTION ( 'NONE',  ( -0.0000000000000000000, 1.000000000000000000, -0.0000000000000000000 ) ) ;
#5604 = PRESENTATION_LAYER_ASSIGNMENT (  '', '', ( #4205 ) ) ;
#5605 = UNCERTAINTY_MEASURE_WITH_UNIT (LENGTH_MEASURE( 1.000000000000000100E-005 ), #4864, 'distance_accuracy_value', 'NONE');
#5606 = DIRECTION ( 'NONE',  ( -0.0000000000000000000, -0.0000000000000000000, 1.000000000000000000 ) ) ;
#5607 = ORIENTED_EDGE ( 'NONE', *, *, #2038, .T. ) ;
#5608 = SURFACE_SIDE_STYLE ('',( #8100 ) ) ;
#5609 = ORIENTED_EDGE ( 'NONE', *, *, #12924, .F. ) ;
#5610 = DIRECTION ( 'NONE',  ( -1.000000000000000000, -0.0000000000000000000, -0.0000000000000000000 ) ) ;
#5611 = SURFACE_SIDE_STYLE ('',( #4317 ) ) ;
#5612 = ORIENTED_EDGE ( 'NONE', *, *, #6438, .T. ) ;
#5613 = EDGE_CURVE ( 'NONE', #8874, #7515, #4107, .T. ) ;
#5614 =( BOUNDED_CURVE ( )  B_SPLINE_CURVE ( 3, ( #8449, #9507, #3276, #10550 ),
 .UNSPECIFIED., .F., .T. ) 
 B_SPLINE_CURVE_WITH_KNOTS ( ( 4, 4 ),
 ( 3.311337008698463700, 4.196782689781692900 ),
 .UNSPECIFIED. ) 
 CURVE ( )  GEOMETRIC_REPRESENTATION_ITEM ( )  RATIONAL_B_SPLINE_CURVE ( ( 1.000000000000000000, 0.9357256970399832100, 0.9357256970399832100, 1.000000000000000000 ) ) 
 REPRESENTATION_ITEM ( '' )  );
#5615 = STYLED_ITEM ( 'NONE', ( #5999 ), #6270 ) ;
#5616 =( NAMED_UNIT ( * ) PLANE_ANGLE_UNIT ( ) SI_UNIT ( $, .RADIAN. ) );
#5617 = EDGE_LOOP ( 'NONE', ( #5851, #7883, #6573, #12252 ) ) ;
#5618 = VERTEX_POINT ( 'NONE', #9037 ) ;
#5619 = CARTESIAN_POINT ( 'NONE',  ( 0.7620000000000001200, -0.8890000000000001200, -7.569200000000000400 ) ) ;
#5620 = ORIENTED_EDGE ( 'NONE', *, *, #1333, .T. ) ;
#5621 = CARTESIAN_POINT ( 'NONE',  ( -3.809999999999999600, -1.778000000000000200, -10.46480000000000000 ) ) ;
#5622 = EDGE_LOOP ( 'NONE', ( #2077, #1164, #7271, #7199 ) ) ;
#5623 = CARTESIAN_POINT ( 'NONE',  ( 4.496466545586936400, 11.08582716786231300, 4.905350693147797300 ) ) ;
#5624 = CARTESIAN_POINT ( 'NONE',  ( -7.264400000000000200, -0.8890000000000001200, 7.493000000000000300 ) ) ;
#5625 = STYLED_ITEM ( 'NONE', ( #3782 ), #55 ) ;
#5626 = LINE ( 'NONE', #1329, #2870 ) ;
#5627 = AXIS2_PLACEMENT_3D ( 'NONE', #1175, #2237, #1222 ) ;
#5628 = FILL_AREA_STYLE ('',( #1210 ) ) ;
#5629 = SURFACE_STYLE_USAGE ( .BOTH. , #11806 ) ;
#5630 = CARTESIAN_POINT ( 'NONE',  ( 4.254710354999999400, 11.04899999999999900, 11.55412747299999900 ) ) ;
#5631 = SURFACE_STYLE_USAGE ( .BOTH. , #6273 ) ;
#5632 = DIRECTION ( 'NONE',  ( -1.000000000000000000, -0.0000000000000000000, -0.0000000000000000000 ) ) ;
#5633 = ORIENTED_EDGE ( 'NONE', *, *, #9486, .T. ) ;
#5634 = ORIENTED_EDGE ( 'NONE', *, *, #10872, .T. ) ;
#5635 = DIRECTION ( 'NONE',  ( 0.0000000000000000000, 1.000000000000000000, 0.0000000000000000000 ) ) ;
#5636 = EDGE_CURVE ( 'NONE', #1383, #13116, #5557, .T. ) ;
#5637 = AXIS2_PLACEMENT_3D ( 'NONE', #5218, #12416, #6237 ) ;
#5638 = VERTEX_POINT ( 'NONE', #11112 ) ;
#5639 = ORIENTED_EDGE ( 'NONE', *, *, #12354, .T. ) ;
#5640 = VECTOR ( 'NONE', #1836, 1000.000000000000000 ) ;
#5641 = FACE_OUTER_BOUND ( 'NONE', #7599, .T. ) ;
#5642 = DIRECTION ( 'NONE',  ( -3.469446951953611000E-015, -1.000000000000000000, 0.0000000000000000000 ) ) ;
#5643 = FILL_AREA_STYLE ('',( #12852 ) ) ;
#5644 = LINE ( 'NONE', #8114, #8399 ) ;
#5645 = DIRECTION ( 'NONE',  ( 0.0000000000000000000, 0.0000000000000000000, -1.000000000000000000 ) ) ;
#5646 = CARTESIAN_POINT ( 'NONE',  ( 5.804110354999999700, 11.04899999954654900, 11.26824597580215800 ) ) ;
#5647 = PRESENTATION_LAYER_ASSIGNMENT (  '', '', ( #3548 ) ) ;
#5648 = LINE ( 'NONE', #456, #2889 ) ;
#5649 = FILL_AREA_STYLE_COLOUR ( '', #205 ) ;
#5650 = ORIENTED_EDGE ( 'NONE', *, *, #5539, .T. ) ;
#5651 = EDGE_LOOP ( 'NONE', ( #10409, #10699, #6973, #8836 ) ) ;
#5652 = CARTESIAN_POINT ( 'NONE',  ( 8.635999999999999200, -1.811580100000000200, -0.5080000000000000100 ) ) ;
#5653 = SURFACE_STYLE_USAGE ( .BOTH. , #11821 ) ;
#5654 = STYLED_ITEM ( 'NONE', ( #1933 ), #1147 ) ;
#5655 = AXIS2_PLACEMENT_3D ( 'NONE', #4736, #11944, #5780 ) ;
#5656 = EDGE_LOOP ( 'NONE', ( #11748, #12876, #6962, #7477 ) ) ;
#5657 = VERTEX_POINT ( 'NONE', #2869 ) ;
#5658 = CARTESIAN_POINT ( 'NONE',  ( 5.801475411933025400, 11.23840813927395600, 11.42054445414427700 ) ) ;
#5659 = FILL_AREA_STYLE_COLOUR ( '', #10365 ) ;
#5660 = EDGE_CURVE ( 'NONE', #5255, #7773, #8316, .T. ) ;
#5661 = COLOUR_RGB ( '',0.7490196078431372600, 1.000000000000000000, 1.000000000000000000 ) ;
#5662 = DIRECTION ( 'NONE',  ( -0.0000000000000000000, -1.000000000000000000, -0.0000000000000000000 ) ) ;
#5663 = MECHANICAL_DESIGN_GEOMETRIC_PRESENTATION_REPRESENTATION (  '', ( #3560 ), #6340 ) ;
#5664 = CARTESIAN_POINT ( 'NONE',  ( -8.658011851999999600, 9.952328655000000500, 12.27782467650000200 ) ) ;
#5665 = DIRECTION ( 'NONE',  ( 3.414809992080330300E-015, -1.000000000000000000, 0.0000000000000000000 ) ) ;
#5666 = ADVANCED_FACE ( 'NONE', ( #10776 ), #11154, .T. ) ;
#5667 = PRESENTATION_STYLE_ASSIGNMENT (( #8162 ) ) ;
#5668 = VECTOR ( 'NONE', #11497, 1000.000000000000000 ) ;
#5669 = ORIENTED_EDGE ( 'NONE', *, *, #2761, .T. ) ;
#5670 = LINE ( 'NONE', #8975, #10870 ) ;
#5671 =( GEOMETRIC_REPRESENTATION_CONTEXT ( 3 ) GLOBAL_UNCERTAINTY_ASSIGNED_CONTEXT ( ( #10304 ) ) GLOBAL_UNIT_ASSIGNED_CONTEXT ( ( #2973, #10224, #4001 ) ) REPRESENTATION_CONTEXT ( 'NONE', 'WORKASPACE' ) );
#5672 = FILL_AREA_STYLE_COLOUR ( '', #1762 ) ;
#5673 = DIRECTION ( 'NONE',  ( 0.0000000000000000000, -0.7981611581847086700, 0.6024439937166313800 ) ) ;
#5674 = FACE_BOUND ( 'NONE', #884, .T. ) ;
#5675 = DIRECTION ( 'NONE',  ( 0.0000000000000000000, 0.0000000000000000000, -1.000000000000000000 ) ) ;
#5676 = CYLINDRICAL_SURFACE ( 'NONE', #2696, 0.1270000000000003900 ) ;
#5677 = SURFACE_STYLE_USAGE ( .BOTH. , #11840 ) ;
#5678 = DIRECTION ( 'NONE',  ( -1.000000000000000000, 0.0000000000000000000, 0.0000000000000000000 ) ) ;
#5679 = LINE ( 'NONE', #4723, #4212 ) ;
#5680 = PRESENTATION_LAYER_ASSIGNMENT (  '', '', ( #6361 ) ) ;
#5681 = PLANE ( 'NONE',  #3026 ) ;
#5682 = FACE_OUTER_BOUND ( 'NONE', #4390, .T. ) ;
#5683 = SURFACE_STYLE_USAGE ( .BOTH. , #11848 ) ;
#5684 = CARTESIAN_POINT ( 'NONE',  ( 2.286000000000000000, 0.0000000000000000000, -10.46480000000000000 ) ) ;
#5685 = DIRECTION ( 'NONE',  ( 0.0000000000000000000, 1.000000000000000000, 0.0000000000000000000 ) ) ;
#5686 = LINE ( 'NONE', #9087, #2603 ) ;
#5687 = UNCERTAINTY_MEASURE_WITH_UNIT (LENGTH_MEASURE( 1.000000000000000100E-005 ), #12908, 'distance_accuracy_value', 'NONE');
#5688 =( GEOMETRIC_REPRESENTATION_CONTEXT ( 3 ) GLOBAL_UNCERTAINTY_ASSIGNED_CONTEXT ( ( #1061 ) ) GLOBAL_UNIT_ASSIGNED_CONTEXT ( ( #9484, #3252, #10518 ) ) REPRESENTATION_CONTEXT ( 'NONE', 'WORKASPACE' ) );
#5690 = LINE ( 'NONE', #8158, #10885 ) ;
#5689 = CARTESIAN_POINT ( 'NONE',  ( 5.030491105499999400, 11.18252178137756500, 11.13101989432197300 ) ) ;
#5691 = ORIENTED_EDGE ( 'NONE', *, *, #7030, .F. ) ;
#5692 = LINE ( 'NONE', #3721, #7795 ) ;
#5693 = LINE ( 'NONE', #11089, #2930 ) ;
#5694 = VERTEX_POINT ( 'NONE', #6046 ) ;
#5695 = PLANE ( 'NONE',  #7923 ) ;
#5696 = AXIS2_PLACEMENT_3D ( 'NONE', #8190, #1964, #9243 ) ;
#5697 = CARTESIAN_POINT ( 'NONE',  ( -10.90312778737221700, 5.759646900124071300, 9.011910282895449600 ) ) ;
#5698 = DIRECTION ( 'NONE',  ( 0.0000000000000000000, 0.0000000000000000000, -1.000000000000000000 ) ) ;
#5699 = LINE ( 'NONE', #10639, #8127 ) ;
#5700 = FACE_OUTER_BOUND ( 'NONE', #8851, .T. ) ;
#5701 = LINE ( 'NONE', #7084, #8455 ) ;
#5702 = CARTESIAN_POINT ( 'NONE',  ( 8.635999999999999200, 1.150000621000000000, -9.991998811853310500 ) ) ;
#5703 = SURFACE_STYLE_USAGE ( .BOTH. , #11865 ) ;
#5704 = ORIENTED_EDGE ( 'NONE', *, *, #1874, .F. ) ;
#5705 = UNCERTAINTY_MEASURE_WITH_UNIT (LENGTH_MEASURE( 1.000000000000000100E-005 ), #2280, 'distance_accuracy_value', 'NONE');
#5706 = EDGE_CURVE ( 'NONE', #2558, #9537, #6999, .T. ) ;
#5707 = CARTESIAN_POINT ( 'NONE',  ( 4.336861946262671600, 13.03584593764670400, 9.293669417793477500 ) ) ;
#5708 = EDGE_LOOP ( 'NONE', ( #1518, #12593, #5437, #3080 ) ) ;
#5709 = SURFACE_STYLE_USAGE ( .BOTH. , #11873 ) ;
#5710 = CARTESIAN_POINT ( 'NONE',  ( -3.301999999999999600, -0.8890000000000001200, -7.569200000000000400 ) ) ;
#5711 = VECTOR ( 'NONE', #9689, 1000.000000000000000 ) ;
#5712 =( NAMED_UNIT ( * ) PLANE_ANGLE_UNIT ( ) SI_UNIT ( $, .RADIAN. ) );
#5713 = DIRECTION ( 'NONE',  ( 0.0000000000000000000, 0.0000000000000000000, 1.000000000000000000 ) ) ;
#5714 = VECTOR ( 'NONE', #10085, 1000.000000000000000 ) ;
#5715 = ORIENTED_EDGE ( 'NONE', *, *, #9384, .F. ) ;
#5716 = EDGE_CURVE ( 'NONE', #2110, #2440, #1478, .T. ) ;
#5717 =( BOUNDED_CURVE ( )  B_SPLINE_CURVE ( 3, ( #886, #8181, #1956, #9229 ),
 .UNSPECIFIED., .F., .T. ) 
 B_SPLINE_CURVE_WITH_KNOTS ( ( 4, 4 ),
 ( 2.283995689214894900, 2.358383501750767500 ),
 .UNSPECIFIED. ) 
 CURVE ( )  GEOMETRIC_REPRESENTATION_ITEM ( )  RATIONAL_B_SPLINE_CURVE ( ( 1.000000000000000000, 0.9995389242696888200, 0.9995389242696888200, 1.000000000000000000 ) ) 
 REPRESENTATION_ITEM ( '' )  );
#5718 = CARTESIAN_POINT ( 'NONE',  ( -8.762999999999999900, 7.948998325999999900, -2.211001673999999800 ) ) ;
#5719 = ORIENTED_EDGE ( 'NONE', *, *, #9540, .T. ) ;
#5720 = EDGE_CURVE ( 'NONE', #5403, #9041, #12165, .T. ) ;
#5721 = CARTESIAN_POINT ( 'NONE',  ( 3.048000000000000000, -1.778000000000000200, -7.924799999999999400 ) ) ;
#5722 = FILL_AREA_STYLE ('',( #8809 ) ) ;
#5723 = DIRECTION ( 'NONE',  ( 0.0000000000000000000, -1.000000000000000000, 0.0000000000000000000 ) ) ;
#5724 =( NAMED_UNIT ( * ) PLANE_ANGLE_UNIT ( ) SI_UNIT ( $, .RADIAN. ) );
#5725 = COLOUR_RGB ( '',0.7490196078431372600, 1.000000000000000000, 1.000000000000000000 ) ;
#5726 = VERTEX_POINT ( 'NONE', #10222 ) ;
#5727 = FACE_OUTER_BOUND ( 'NONE', #3743, .T. ) ;
#5728 = FACE_OUTER_BOUND ( 'NONE', #5863, .T. ) ;
#5729 = DIRECTION ( 'NONE',  ( -1.000000000000000000, -0.0000000000000000000, -0.0000000000000000000 ) ) ;
#5730 = DIRECTION ( 'NONE',  ( 0.0000000000000000000, 0.0000000000000000000, 1.000000000000000000 ) ) ;
#5731 = PRESENTATION_STYLE_ASSIGNMENT (( #9972 ) ) ;
#5732 = DIRECTION ( 'NONE',  ( -1.000000000000000000, 0.0000000000000000000, 0.0000000000000000000 ) ) ;
#5733 =( GEOMETRIC_REPRESENTATION_CONTEXT ( 3 ) GLOBAL_UNCERTAINTY_ASSIGNED_CONTEXT ( ( #11565 ) ) GLOBAL_UNIT_ASSIGNED_CONTEXT ( ( #4286, #3936, #2783 ) ) REPRESENTATION_CONTEXT ( 'NONE', 'WORKASPACE' ) );
#5734 = UNCERTAINTY_MEASURE_WITH_UNIT (LENGTH_MEASURE( 1.000000000000000100E-005 ), #5523, 'distance_accuracy_value', 'NONE');
#5735 = ADVANCED_FACE ( 'NONE', ( #11837 ), #5049, .F. ) ;
#5736 =( GEOMETRIC_REPRESENTATION_CONTEXT ( 3 ) GLOBAL_UNCERTAINTY_ASSIGNED_CONTEXT ( ( #11520 ) ) GLOBAL_UNIT_ASSIGNED_CONTEXT ( ( #8665, #8702, #6982 ) ) REPRESENTATION_CONTEXT ( 'NONE', 'WORKASPACE' ) );
#5737 = AXIS2_PLACEMENT_3D ( 'NONE', #5902, #13108, #6927 ) ;
#5738 =( LENGTH_UNIT ( ) NAMED_UNIT ( * ) SI_UNIT ( .MILLI., .METRE. ) );
#5739 = CARTESIAN_POINT ( 'NONE',  ( 5.804110354705869700, 10.79499999999999800, 11.56604519000000100 ) ) ;
#5740 = SURFACE_STYLE_USAGE ( .BOTH. , #11903 ) ;
#5741 = EDGE_CURVE ( 'NONE', #6428, #4347, #10914, .T. ) ;
#5742 = FACE_OUTER_BOUND ( 'NONE', #10617, .T. ) ;
#5743 = DIRECTION ( 'NONE',  ( 0.0000000000000000000, 0.0000000000000000000, 1.000000000000000000 ) ) ;
#5744 = CARTESIAN_POINT ( 'NONE',  ( 6.349999999999998800, -1.778000000000000200, -10.46480000000000200 ) ) ;
#5745 = LINE ( 'NONE', #472, #12620 ) ;
#5746 = VERTEX_POINT ( 'NONE', #11284 ) ;
#5747 =( NAMED_UNIT ( * ) SI_UNIT ( $, .STERADIAN. ) SOLID_ANGLE_UNIT ( ) );
#5748 = ORIENTED_EDGE ( 'NONE', *, *, #4262, .F. ) ;
#5749 = PLANE ( 'NONE',  #4581 ) ;
#5750 = ORIENTED_EDGE ( 'NONE', *, *, #10078, .F. ) ;
#5751 = PRESENTATION_LAYER_ASSIGNMENT (  '', '', ( #2975 ) ) ;
#5752 = CARTESIAN_POINT ( 'NONE',  ( -9.016999999999999500, 1.658000621000000200, -10.24599881200000000 ) ) ;
#5754 = STYLED_ITEM ( 'NONE', ( #6422 ), #1989 ) ;
#5753 = CARTESIAN_POINT ( 'NONE',  ( 4.268568198592712200, 11.16468374036638300, 11.17140184961890600 ) ) ;
#5755 = AXIS2_PLACEMENT_3D ( 'NONE', #822, #8119, #1876 ) ;
#5756 = MECHANICAL_DESIGN_GEOMETRIC_PRESENTATION_REPRESENTATION (  '', ( #3657 ), #6431 ) ;
#5757 = EDGE_CURVE ( 'NONE', #12419, #11615, #161, .T. ) ;
#5758 = ORIENTED_EDGE ( 'NONE', *, *, #11355, .T. ) ;
#5759 = ORIENTED_EDGE ( 'NONE', *, *, #10169, .T. ) ;
#5760 = EDGE_CURVE ( 'NONE', #290, #4609, #8147, .T. ) ;
#5761 = DIRECTION ( 'NONE',  ( -0.0000000000000000000, -0.0000000000000000000, -1.000000000000000000 ) ) ;
#5762 =( NAMED_UNIT ( * ) PLANE_ANGLE_UNIT ( ) SI_UNIT ( $, .RADIAN. ) );
#5763 = FILL_AREA_STYLE_COLOUR ( '', #10028 ) ;
#5764 = VERTEX_POINT ( 'NONE', #8217 ) ;
#5765 = PLANE ( 'NONE',  #3650 ) ;
#5766 = DIRECTION ( 'NONE',  ( 0.0000000000000000000, 1.000000000000000000, 0.0000000000000000000 ) ) ;
#5767 = DIRECTION ( 'NONE',  ( -1.000000000000000000, 0.0000000000000000000, 0.0000000000000000000 ) ) ;
#5768 = FACE_OUTER_BOUND ( 'NONE', #3378, .T. ) ;
#5769 =( LENGTH_UNIT ( ) NAMED_UNIT ( * ) SI_UNIT ( .MILLI., .METRE. ) );
#5770 = CARTESIAN_POINT ( 'NONE',  ( -8.890000000000000600, 4.436602109999999000, -8.664998163999998200 ) ) ;
#5771 = MECHANICAL_DESIGN_GEOMETRIC_PRESENTATION_REPRESENTATION (  '', ( #4368 ), #6447 ) ;
#5772 = DIRECTION ( 'NONE',  ( 0.0000000000000000000, 1.000000000000000000, 0.0000000000000000000 ) ) ;
#5773 = ORIENTED_EDGE ( 'NONE', *, *, #9010, .F. ) ;
#5774 = CARTESIAN_POINT ( 'NONE',  ( 2.286000000000000000, 0.0000000000000000000, -10.10920000000000100 ) ) ;
#5775 = ORIENTED_EDGE ( 'NONE', *, *, #60, .T. ) ;
#5776 = UNCERTAINTY_MEASURE_WITH_UNIT (LENGTH_MEASURE( 1.000000000000000100E-005 ), #13455, 'distance_accuracy_value', 'NONE');
#5777 = FACE_OUTER_BOUND ( 'NONE', #12169, .T. ) ;
#5778 = FACE_OUTER_BOUND ( 'NONE', #12334, .T. ) ;
#5779 = FILL_AREA_STYLE_COLOUR ( '', #2655 ) ;
#5780 = DIRECTION ( 'NONE',  ( 0.0000000000000000000, 0.0000000000000000000, 1.000000000000000000 ) ) ;
#5781 = ORIENTED_EDGE ( 'NONE', *, *, #1200, .F. ) ;
#5782 =( GEOMETRIC_REPRESENTATION_CONTEXT ( 3 ) GLOBAL_UNCERTAINTY_ASSIGNED_CONTEXT ( ( #10991 ) ) GLOBAL_UNIT_ASSIGNED_CONTEXT ( ( #379, #7687, #1459 ) ) REPRESENTATION_CONTEXT ( 'NONE', 'WORKASPACE' ) );
#5783 = VERTEX_POINT ( 'NONE', #3053 ) ;
#5784 = ORIENTED_EDGE ( 'NONE', *, *, #11361, .F. ) ;
#5785 = CARTESIAN_POINT ( 'NONE',  ( -8.890000000000000600, 0.0000000000000000000, -12.06500000000000100 ) ) ;
#5786 =( LENGTH_UNIT ( ) NAMED_UNIT ( * ) SI_UNIT ( .MILLI., .METRE. ) );
#5787 = ORIENTED_EDGE ( 'NONE', *, *, #1689, .F. ) ;
#5788 = LINE ( 'NONE', #444, #8219 ) ;
#5789 = UNCERTAINTY_MEASURE_WITH_UNIT (LENGTH_MEASURE( 1.000000000000000100E-005 ), #12856, 'distance_accuracy_value', 'NONE');
#5790 = FILL_AREA_STYLE ('',( #2526 ) ) ;
#5791 = EDGE_CURVE ( 'NONE', #704, #10578, #5391, .T. ) ;
#5792 = ORIENTED_EDGE ( 'NONE', *, *, #1678, .F. ) ;
#5793 =( LENGTH_UNIT ( ) NAMED_UNIT ( * ) SI_UNIT ( .MILLI., .METRE. ) );
#5794 = ORIENTED_EDGE ( 'NONE', *, *, #11684, .T. ) ;
#5795 = AXIS2_PLACEMENT_3D ( 'NONE', #4912, #12132, #5956 ) ;
#5796 = SURFACE_STYLE_USAGE ( .BOTH. , #11966 ) ;
#5797 = FILL_AREA_STYLE ('',( #9953 ) ) ;
#5798 = ADVANCED_FACE ( 'NONE', ( #5066 ), #1991, .F. ) ;
#5799 = EDGE_CURVE ( 'NONE', #9303, #7915, #1306, .T. ) ;
#5800 = EDGE_CURVE ( 'NONE', #2543, #12268, #4096, .T. ) ;
#5801 = ORIENTED_EDGE ( 'NONE', *, *, #7618, .T. ) ;
#5802 = VECTOR ( 'NONE', #368, 1000.000000000000000 ) ;
#5803 = DIRECTION ( 'NONE',  ( -1.000000000000000000, 0.0000000000000000000, 0.0000000000000000000 ) ) ;
#5804 = FACE_OUTER_BOUND ( 'NONE', #1156, .T. ) ;
#5805 = CARTESIAN_POINT ( 'NONE',  ( -1.016000000000000000, -1.778000000000000200, -7.569200000000000400 ) ) ;
#5806 = ORIENTED_EDGE ( 'NONE', *, *, #5799, .F. ) ;
#5807 = EDGE_LOOP ( 'NONE', ( #7198, #6719, #12172, #4121, #10660, #10347 ) ) ;
#5808 = DIRECTION ( 'NONE',  ( 0.0000000000000000000, 0.0000000000000000000, 1.000000000000000000 ) ) ;
#5809 = CARTESIAN_POINT ( 'NONE',  ( -7.264400000000000200, -1.778000000000000200, 5.461000000000000300 ) ) ;
#5810 = VECTOR ( 'NONE', #7526, 1000.000000000000000 ) ;
#5811 = DIRECTION ( 'NONE',  ( 1.000000000000000000, 0.0000000000000000000, 0.0000000000000000000 ) ) ;
#5812 = CARTESIAN_POINT ( 'NONE',  ( -3.747926352204435500, 11.04899999999999900, 11.56604519136803500 ) ) ;
#5813 = MECHANICAL_DESIGN_GEOMETRIC_PRESENTATION_REPRESENTATION (  '', ( #3718 ), #6491 ) ;
#5814 = ORIENTED_EDGE ( 'NONE', *, *, #9563, .T. ) ;
#5815 = ORIENTED_EDGE ( 'NONE', *, *, #853, .T. ) ;
#5816 = PRESENTATION_STYLE_ASSIGNMENT (( #13045 ) ) ;
#5817 = AXIS2_PLACEMENT_3D ( 'NONE', #11333, #5144, #12360 ) ;
#5818 = PLANE ( 'NONE',  #1540 ) ;
#5819 = PLANE ( 'NONE',  #10721 ) ;
#5820 = PRESENTATION_STYLE_ASSIGNMENT (( #8728 ) ) ;
#5821 = EDGE_CURVE ( 'NONE', #9671, #8187, #9626, .T. ) ;
#5822 = VECTOR ( 'NONE', #2111, 1000.000000000000000 ) ;
#5823 = EDGE_CURVE ( 'NONE', #10854, #238, #11991, .T. ) ;
#5824 = VERTEX_POINT ( 'NONE', #12388 ) ;
#5825 = MECHANICAL_DESIGN_GEOMETRIC_PRESENTATION_REPRESENTATION (  '', ( #3733 ), #6504 ) ;
#5826 = UNCERTAINTY_MEASURE_WITH_UNIT (LENGTH_MEASURE( 1.000000000000000100E-005 ), #7181, 'distance_accuracy_value', 'NONE');
#5827 = FACE_OUTER_BOUND ( 'NONE', #1865, .T. ) ;
#5828 = FILL_AREA_STYLE ('',( #9971 ) ) ;
#5829 = ORIENTED_EDGE ( 'NONE', *, *, #1565, .T. ) ;
#5830 = CARTESIAN_POINT ( 'NONE',  ( -8.890000000000000600, 8.848793325999999100, -5.381387436999999900 ) ) ;
#5831 = ORIENTED_EDGE ( 'NONE', *, *, #107, .T. ) ;
#5832 = DIRECTION ( 'NONE',  ( 0.0000000000000000000, 1.000000000000000000, 0.0000000000000000000 ) ) ;
#5833 = SURFACE_STYLE_USAGE ( .BOTH. , #11994 ) ;
#5834 = SURFACE_STYLE_FILL_AREA ( #9466 ) ;
#5835 = LINE ( 'NONE', #11399, #8581 ) ;
#5836 = DIRECTION ( 'NONE',  ( 0.0000000000000000000, 1.000000000000000000, 0.0000000000000000000 ) ) ;
#5837 = MECHANICAL_DESIGN_GEOMETRIC_PRESENTATION_REPRESENTATION (  '', ( #3742 ), #6517 ) ;
#5838 = PRESENTATION_LAYER_ASSIGNMENT (  '', '', ( #4435 ) ) ;
#5839 = ORIENTED_EDGE ( 'NONE', *, *, #7091, .F. ) ;
#5840 = CARTESIAN_POINT ( 'NONE',  ( 8.890000000000000600, 0.0000000000000000000, -1.778000000566419800 ) ) ;
#5841 = DIRECTION ( 'NONE',  ( -1.000000000000000000, -0.0000000000000000000, -0.0000000000000000000 ) ) ;
#5842 = CARTESIAN_POINT ( 'NONE',  ( -1.270000000000000000, -1.778000000000000200, -7.569200000000000400 ) ) ;
#5843 = SURFACE_STYLE_FILL_AREA ( #11098 ) ;
#5844 = STYLED_ITEM ( 'NONE', ( #10503 ), #12313 ) ;
#5845 = EDGE_CURVE ( 'NONE', #8211, #8037, #9666, .T. ) ;
#5846 = ORIENTED_EDGE ( 'NONE', *, *, #3231, .F. ) ;
#5847 = CARTESIAN_POINT ( 'NONE',  ( -1.778000000000000000, 0.0000000000000000000, -12.06500000000000100 ) ) ;
#5848 = SURFACE_STYLE_FILL_AREA ( #9323 ) ;
#5849 =( GEOMETRIC_REPRESENTATION_CONTEXT ( 3 ) GLOBAL_UNCERTAINTY_ASSIGNED_CONTEXT ( ( #10363 ) ) GLOBAL_UNIT_ASSIGNED_CONTEXT ( ( #7775, #1541, #8818 ) ) REPRESENTATION_CONTEXT ( 'NONE', 'WORKASPACE' ) );
#5850 = CARTESIAN_POINT ( 'NONE',  ( -11.03686102020167000, 8.422408044673426600, 8.908832892328481600 ) ) ;
#5851 = ORIENTED_EDGE ( 'NONE', *, *, #13136, .T. ) ;
#5852 = EDGE_LOOP ( 'NONE', ( #3113, #6625, #7434, #8331 ) ) ;
#5853 = SURFACE_STYLE_FILL_AREA ( #7900 ) ;
#5854 = LINE ( 'NONE', #10080, #11343 ) ;
#5855 =( GEOMETRIC_REPRESENTATION_CONTEXT ( 3 ) GLOBAL_UNCERTAINTY_ASSIGNED_CONTEXT ( ( #4932 ) ) GLOBAL_UNIT_ASSIGNED_CONTEXT ( ( #2947, #2238, #2189 ) ) REPRESENTATION_CONTEXT ( 'NONE', 'WORKASPACE' ) );
#5856 = STYLED_ITEM ( 'NONE', ( #10616 ), #10502 ) ;
#5857 = DIRECTION ( 'NONE',  ( 0.0000000000000000000, 0.0000000000000000000, 1.000000000000000000 ) ) ;
#5858 = SURFACE_SIDE_STYLE ('',( #256 ) ) ;
#5859 = UNCERTAINTY_MEASURE_WITH_UNIT (LENGTH_MEASURE( 1.000000000000000100E-005 ), #9920, 'distance_accuracy_value', 'NONE');
#5860 = SURFACE_STYLE_FILL_AREA ( #13099 ) ;
#5861 = SURFACE_STYLE_FILL_AREA ( #11568 ) ;
#5862 = DIRECTION ( 'NONE',  ( 3.414809992080330300E-015, -1.000000000000000000, 0.0000000000000000000 ) ) ;
#5863 = EDGE_LOOP ( 'NONE', ( #9482, #1424, #5886, #1842 ) ) ;
#5864 = PLANE ( 'NONE',  #8091 ) ;
#5865 = CARTESIAN_POINT ( 'NONE',  ( 9.213783124692506400, 10.25428738349044100, 9.589324416000002000 ) ) ;
#5866 = FILL_AREA_STYLE_COLOUR ( '', #8937 ) ;
#5867 =( NAMED_UNIT ( * ) PLANE_ANGLE_UNIT ( ) SI_UNIT ( $, .RADIAN. ) );
#5868 = CARTESIAN_POINT ( 'NONE',  ( 2.794000000000000000, -1.778000000000000200, -7.569200000000000400 ) ) ;
#5869 =( NAMED_UNIT ( * ) PLANE_ANGLE_UNIT ( ) SI_UNIT ( $, .RADIAN. ) );
#5870 = ORIENTED_EDGE ( 'NONE', *, *, #2031, .T. ) ;
#5871 = ORIENTED_EDGE ( 'NONE', *, *, #10341, .T. ) ;
#5872 = FILL_AREA_STYLE_COLOUR ( '', #3088 ) ;
#5873 = FACE_OUTER_BOUND ( 'NONE', #3159, .T. ) ;
#5874 = MECHANICAL_DESIGN_GEOMETRIC_PRESENTATION_REPRESENTATION (  '', ( #4462 ), #6546 ) ;
#5875 = DIRECTION ( 'NONE',  ( 0.0000000000000000000, -0.7071067811865473500, -0.7071067811865477900 ) ) ;
#5876 = CYLINDRICAL_SURFACE ( 'NONE', #5076, 0.2500000000000002200 ) ;
#5877 = ADVANCED_FACE ( 'NONE', ( #3420 ), #4179, .F. ) ;
#5878 = VECTOR ( 'NONE', #12669, 1000.000000000000000 ) ;
#5879 = ORIENTED_EDGE ( 'NONE', *, *, #5636, .F. ) ;
#5880 = EDGE_CURVE ( 'NONE', #5469, #12151, #5224, .T. ) ;
#5881 = FILL_AREA_STYLE ('',( #1718 ) ) ;
#5882 = SURFACE_STYLE_USAGE ( .BOTH. , #12037 ) ;
#5883 = ORIENTED_EDGE ( 'NONE', *, *, #12264, .F. ) ;
#5884 = SURFACE_STYLE_USAGE ( .BOTH. , #12042 ) ;
#5885 = FILL_AREA_STYLE ('',( #4816 ) ) ;
#5886 = ORIENTED_EDGE ( 'NONE', *, *, #6526, .T. ) ;
#5887 = EDGE_CURVE ( 'NONE', #8838, #9880, #7984, .T. ) ;
#5888 = LINE ( 'NONE', #5199, #3131 ) ;
#5889 =( GEOMETRIC_REPRESENTATION_CONTEXT ( 3 ) GLOBAL_UNCERTAINTY_ASSIGNED_CONTEXT ( ( #10038 ) ) GLOBAL_UNIT_ASSIGNED_CONTEXT ( ( #13173, #7001, #766 ) ) REPRESENTATION_CONTEXT ( 'NONE', 'WORKASPACE' ) );
#5890 =( NAMED_UNIT ( * ) PLANE_ANGLE_UNIT ( ) SI_UNIT ( $, .RADIAN. ) );
#5891 = CARTESIAN_POINT ( 'NONE',  ( -8.635999999999999200, 7.948998325285623800, -8.964998320808875900 ) ) ;
#5892 =( NAMED_UNIT ( * ) SI_UNIT ( $, .STERADIAN. ) SOLID_ANGLE_UNIT ( ) );
#5893 = VECTOR ( 'NONE', #9054, 1000.000000000000000 ) ;
#5894 = EDGE_CURVE ( 'NONE', #9378, #169, #2465, .T. ) ;
#5895 =( NAMED_UNIT ( * ) SI_UNIT ( $, .STERADIAN. ) SOLID_ANGLE_UNIT ( ) );
#5896 = EDGE_CURVE ( 'NONE', #2904, #417, #13118, .T. ) ;
#5897 = CARTESIAN_POINT ( 'NONE',  ( 5.800070757999999500, 8.142580277000002200, 8.064649543000001600 ) ) ;
#5898 =( NAMED_UNIT ( * ) SI_UNIT ( $, .STERADIAN. ) SOLID_ANGLE_UNIT ( ) );
#5899 = CARTESIAN_POINT ( 'NONE',  ( -8.635999999999999200, -1.084202172485504400E-016, -1.777999999999999600 ) ) ;
#5900 = LINE ( 'NONE', #4224, #342 ) ;
#5901 = SURFACE_STYLE_USAGE ( .BOTH. , #5940 ) ;
#5902 = CARTESIAN_POINT ( 'NONE',  ( 0.7620000000000001200, -1.778000000000000200, -7.569200000000000400 ) ) ;
#5903 = DIRECTION ( 'NONE',  ( -1.000000000000000000, -0.0000000000000000000, -0.0000000000000000000 ) ) ;
#5904 = ORIENTED_EDGE ( 'NONE', *, *, #7144, .F. ) ;
#5905 = DIRECTION ( 'NONE',  ( -1.000000000000000000, 0.0000000000000000000, 0.0000000000000000000 ) ) ;
#5906 = DIRECTION ( 'NONE',  ( -0.0000000000000000000, -1.000000000000000000, -0.0000000000000000000 ) ) ;
#5907 = PRESENTATION_LAYER_ASSIGNMENT (  '', '', ( #4503 ) ) ;
#5908 = STYLED_ITEM ( 'NONE', ( #10706 ), #1051 ) ;
#5909 = STYLED_ITEM ( 'NONE', ( #5820 ), #7433 ) ;
#5910 = SURFACE_SIDE_STYLE ('',( #9306 ) ) ;
#5911 = DIRECTION ( 'NONE',  ( -0.0000000000000000000, -0.0000000000000000000, -1.000000000000000000 ) ) ;
#5912 = VERTEX_POINT ( 'NONE', #2216 ) ;
#5913 =( NAMED_UNIT ( * ) SI_UNIT ( $, .STERADIAN. ) SOLID_ANGLE_UNIT ( ) );
#5914 = EDGE_CURVE ( 'NONE', #841, #2379, #7655, .T. ) ;
#5915 = CARTESIAN_POINT ( 'NONE',  ( -5.029410354999999600, 11.09975097700000100, 11.22993965000000200 ) ) ;
#5916 = CARTESIAN_POINT ( 'NONE',  ( 5.530603067000000400, 10.79499999999999800, 3.301999999999999600 ) ) ;
#5917 = AXIS2_PLACEMENT_3D ( 'NONE', #3836, #4880, #10112 ) ;
#5918 = LINE ( 'NONE', #3498, #355 ) ;
#5919 = CARTESIAN_POINT ( 'NONE',  ( -5.841999999999999600, 0.0000000000000000000, -10.46480000000000000 ) ) ;
#5920 = EDGE_LOOP ( 'NONE', ( #13040, #5904, #1711, #12107 ) ) ;
#5921 = CARTESIAN_POINT ( 'NONE',  ( -8.635999999999999200, 10.74927999999999900, 6.327140000000000000 ) ) ;
#5923 =( GEOMETRIC_REPRESENTATION_CONTEXT ( 3 ) GLOBAL_UNCERTAINTY_ASSIGNED_CONTEXT ( ( #8924 ) ) GLOBAL_UNIT_ASSIGNED_CONTEXT ( ( #10832, #10654, #10567 ) ) REPRESENTATION_CONTEXT ( 'NONE', 'WORKASPACE' ) );
#5922 = FILL_AREA_STYLE ('',( #11129 ) ) ;
#5924 = DIRECTION ( 'NONE',  ( 0.0000000000000000000, -1.000000000000000000, 0.0000000000000000000 ) ) ;
#5925 =( NAMED_UNIT ( * ) SI_UNIT ( $, .STERADIAN. ) SOLID_ANGLE_UNIT ( ) );
#5926 = ORIENTED_EDGE ( 'NONE', *, *, #5880, .F. ) ;
#5927 = ADVANCED_FACE ( 'NONE', ( #10099 ), #104, .F. ) ;
#5928 = FILL_AREA_STYLE ('',( #6152 ) ) ;
#5929 = DIRECTION ( 'NONE',  ( -1.000000000000000000, 0.0000000000000000000, 0.0000000000000000000 ) ) ;
#5930 = STYLED_ITEM ( 'NONE', ( #4071 ), #12965 ) ;
#5931 = ORIENTED_EDGE ( 'NONE', *, *, #11425, .F. ) ;
#5932 = FILL_AREA_STYLE ('',( #406 ) ) ;
#5933 =( NAMED_UNIT ( * ) SI_UNIT ( $, .STERADIAN. ) SOLID_ANGLE_UNIT ( ) );
#5934 = VERTEX_POINT ( 'NONE', #10543 ) ;
#5935 = MECHANICAL_DESIGN_GEOMETRIC_PRESENTATION_REPRESENTATION (  '', ( #8272 ), #6617 ) ;
#5936 = CARTESIAN_POINT ( 'NONE',  ( 3.228254885999998000, -1.084202172485506400E-016, -1.246957018000000000 ) ) ;
#5937 =( LENGTH_UNIT ( ) NAMED_UNIT ( * ) SI_UNIT ( .MILLI., .METRE. ) );
#5938 =( LENGTH_UNIT ( ) NAMED_UNIT ( * ) SI_UNIT ( .MILLI., .METRE. ) );
#5939 = SURFACE_STYLE_FILL_AREA ( #13041 ) ;
#5940 = SURFACE_SIDE_STYLE ('',( #3269 ) ) ;
#5941 = DIRECTION ( 'NONE',  ( 0.0000000000000000000, -1.000000000000000000, 0.0000000000000000000 ) ) ;
#5942 = STYLED_ITEM ( 'NONE', ( #13459 ), #11301 ) ;
#5943 = CARTESIAN_POINT ( 'NONE',  ( -3.149999999999999900, 8.195800000000000200, 3.505199999999999900 ) ) ;
#5944 = ORIENTED_EDGE ( 'NONE', *, *, #7251, .F. ) ;
#5945 = ORIENTED_EDGE ( 'NONE', *, *, #5226, .F. ) ;
#5946 =( NAMED_UNIT ( * ) SI_UNIT ( $, .STERADIAN. ) SOLID_ANGLE_UNIT ( ) );
#5947 = ORIENTED_EDGE ( 'NONE', *, *, #13152, .T. ) ;
#5948 = LINE ( 'NONE', #11981, #2206 ) ;
#5949 = CARTESIAN_POINT ( 'NONE',  ( 8.890000000039625800, 10.54099999909560700, 10.36402441714770700 ) ) ;
#5950 = DIRECTION ( 'NONE',  ( 0.0000000000000000000, -1.000000000000000000, 0.0000000000000000000 ) ) ;
#5951 = AXIS2_PLACEMENT_3D ( 'NONE', #9223, #3008, #10279 ) ;
#5952 = FACE_OUTER_BOUND ( 'NONE', #10413, .T. ) ;
#5953 = ORIENTED_EDGE ( 'NONE', *, *, #8160, .F. ) ;
#5954 = VERTEX_POINT ( 'NONE', #12611 ) ;
#5955 = CARTESIAN_POINT ( 'NONE',  ( -4.826000000000001400, 0.0000000000000000000, -2.668177707000000800 ) ) ;
#5956 = DIRECTION ( 'NONE',  ( 0.0000000000000000000, -0.7071067811865475700, 0.7071067811865475700 ) ) ;
#5957 = ORIENTED_EDGE ( 'NONE', *, *, #6572, .F. ) ;
#5958 = FILL_AREA_STYLE_COLOUR ( '', #11965 ) ;
#5959 = VERTEX_POINT ( 'NONE', #193 ) ;
#5961 = PLANE ( 'NONE',  #4903 ) ;
#5960 = LINE ( 'NONE', #2850, #11141 ) ;
#5962 = VECTOR ( 'NONE', #2320, 1000.000000000000000 ) ;
#5963 = EDGE_CURVE ( 'NONE', #4227, #5289, #3580, .T. ) ;
#5964 =( NAMED_UNIT ( * ) PLANE_ANGLE_UNIT ( ) SI_UNIT ( $, .RADIAN. ) );
#5965 = CARTESIAN_POINT ( 'NONE',  ( -8.635999999999999200, 8.248718325618998600, -2.335149765040001900 ) ) ;
#5966 = SURFACE_STYLE_USAGE ( .BOTH. , #12147 ) ;
#5967 =( NAMED_UNIT ( * ) PLANE_ANGLE_UNIT ( ) SI_UNIT ( $, .RADIAN. ) );
#5968 = PRESENTATION_STYLE_ASSIGNMENT (( #1387 ) ) ;
#5969 = EDGE_CURVE ( 'NONE', #1549, #6560, #6336, .T. ) ;
#5970 = ORIENTED_EDGE ( 'NONE', *, *, #11923, .F. ) ;
#5971 = VERTEX_POINT ( 'NONE', #4403 ) ;
#5972 = FACE_OUTER_BOUND ( 'NONE', #10972, .T. ) ;
#5973 = VERTEX_POINT ( 'NONE', #10638 ) ;
#5974 = VECTOR ( 'NONE', #3480, 1000.000000000000000 ) ;
#5975 = VECTOR ( 'NONE', #8503, 1000.000000000000000 ) ;
#5976 = DIRECTION ( 'NONE',  ( -1.000000000000000000, -0.0000000000000000000, -0.0000000000000000000 ) ) ;
#5977 = CARTESIAN_POINT ( 'NONE',  ( -9.213783128420509200, 10.25428737918114100, 10.27966232706692800 ) ) ;
#5978 = MECHANICAL_DESIGN_GEOMETRIC_PRESENTATION_REPRESENTATION (  '', ( #3893 ), #6666 ) ;
#5979 = CARTESIAN_POINT ( 'NONE',  ( -8.890000000000000600, 11.04899999999999900, 0.4651319110000000100 ) ) ;
#5980 = VECTOR ( 'NONE', #979, 1000.000000000000000 ) ;
#5981 = DIRECTION ( 'NONE',  ( -0.0000000000000000000, -1.000000000000000000, -0.0000000000000000000 ) ) ;
#5982 = VERTEX_POINT ( 'NONE', #11632 ) ;
#5983 = PRESENTATION_LAYER_ASSIGNMENT (  '', '', ( #4582 ) ) ;
#5984 = AXIS2_PLACEMENT_3D ( 'NONE', #1494, #8765, #2550 ) ;
#5985 = CARTESIAN_POINT ( 'NONE',  ( -4.917327024883542600, -3.898305459020061900E-017, -2.756429475120515200 ) ) ;
#5986 =( NAMED_UNIT ( * ) SI_UNIT ( $, .STERADIAN. ) SOLID_ANGLE_UNIT ( ) );
#5987 = PLANE ( 'NONE',  #6949 ) ;
#5988 = LINE ( 'NONE', #10489, #5668 ) ;
#5989 = COLOUR_RGB ( '',0.7490196078431372600, 1.000000000000000000, 1.000000000000000000 ) ;
#5990 = EDGE_LOOP ( 'NONE', ( #2227, #10894, #8419, #8894 ) ) ;
#5991 =( NAMED_UNIT ( * ) PLANE_ANGLE_UNIT ( ) SI_UNIT ( $, .RADIAN. ) );
#5993 = FACE_OUTER_BOUND ( 'NONE', #6244, .T. ) ;
#5992 = DIRECTION ( 'NONE',  ( 1.000000000000000000, 0.0000000000000000000, 0.0000000000000000000 ) ) ;
#5994 = EDGE_CURVE ( 'NONE', #6856, #6895, #464, .T. ) ;
#5995 = LINE ( 'NONE', #9101, #431 ) ;
#5996 = FACE_BOUND ( 'NONE', #117, .T. ) ;
#5997 = ADVANCED_FACE ( 'NONE', ( #6025 ), #10250, .T. ) ;
#5998 = EDGE_CURVE ( 'NONE', #12578, #1681, #12954, .T. ) ;
#5999 = PRESENTATION_STYLE_ASSIGNMENT (( #12403 ) ) ;
#6000 = ORIENTED_EDGE ( 'NONE', *, *, #1874, .T. ) ;
#6001 = CARTESIAN_POINT ( 'NONE',  ( 3.301999999999999600, -0.8890000000000001200, -7.569200000000000400 ) ) ;
#6002 = SURFACE_STYLE_USAGE ( .BOTH. , #12178 ) ;
#6003 = PRESENTATION_LAYER_ASSIGNMENT (  '', '', ( #4599 ) ) ;
#6004 = SURFACE_STYLE_FILL_AREA ( #8169 ) ;
#6005 = CARTESIAN_POINT ( 'NONE',  ( -8.890000000000000600, 0.0000000000000000000, -8.964998325999999900 ) ) ;
#6006 = DIRECTION ( 'NONE',  ( -0.0000000000000000000, -1.000000000000000000, -0.0000000000000000000 ) ) ;
#6007 =( GEOMETRIC_REPRESENTATION_CONTEXT ( 3 ) GLOBAL_UNCERTAINTY_ASSIGNED_CONTEXT ( ( #7183 ) ) GLOBAL_UNIT_ASSIGNED_CONTEXT ( ( #8808, #8623, #7848 ) ) REPRESENTATION_CONTEXT ( 'NONE', 'WORKASPACE' ) );
#6008 = ORIENTED_EDGE ( 'NONE', *, *, #10785, .F. ) ;
#6009 =( GEOMETRIC_REPRESENTATION_CONTEXT ( 3 ) GLOBAL_UNCERTAINTY_ASSIGNED_CONTEXT ( ( #4705 ) ) GLOBAL_UNIT_ASSIGNED_CONTEXT ( ( #7939, #1705, #8986 ) ) REPRESENTATION_CONTEXT ( 'NONE', 'WORKASPACE' ) );
#6010 = CIRCLE ( 'NONE', #3110, 0.5079999999999997900 ) ;
#6011 = DIRECTION ( 'NONE',  ( 0.0000000000000000000, 1.000000000000000000, 0.0000000000000000000 ) ) ;
#6012 = AXIS2_PLACEMENT_3D ( 'NONE', #2073, #9362, #3141 ) ;
#6013 = ORIENTED_EDGE ( 'NONE', *, *, #7844, .F. ) ;
#6014 = EDGE_CURVE ( 'NONE', #7230, #6415, #5048, .T. ) ;
#6015 = FILL_AREA_STYLE ('',( #11168 ) ) ;
#6016 = STYLED_ITEM ( 'NONE', ( #1998 ), #10219 ) ;
#6017 = PRESENTATION_STYLE_ASSIGNMENT (( #1236 ) ) ;
#6018 = FILL_AREA_STYLE_COLOUR ( '', #6168 ) ;
#6019 = UNCERTAINTY_MEASURE_WITH_UNIT (LENGTH_MEASURE( 1.000000000000000100E-005 ), #1571, 'distance_accuracy_value', 'NONE');
#6020 = VECTOR ( 'NONE', #11920, 1000.000000000000000 ) ;
#6021 = FACE_OUTER_BOUND ( 'NONE', #5651, .T. ) ;
#6022 = EDGE_LOOP ( 'NONE', ( #11138, #5806, #255, #869 ) ) ;
#6023 = VECTOR ( 'NONE', #162, 1000.000000000000000 ) ;
#6024 = ADVANCED_FACE ( 'NONE', ( #2287 ), #445, .F. ) ;
#6025 = FACE_OUTER_BOUND ( 'NONE', #12262, .T. ) ;
#6026 = STYLED_ITEM ( 'NONE', ( #10106 ), #10844 ) ;
#6027 =( NAMED_UNIT ( * ) SI_UNIT ( $, .STERADIAN. ) SOLID_ANGLE_UNIT ( ) );
#6028 = ORIENTED_EDGE ( 'NONE', *, *, #7722, .F. ) ;
#6029 = FILL_AREA_STYLE ('',( #5763 ) ) ;
#6030 = CARTESIAN_POINT ( 'NONE',  ( -2.286000000000000500, -1.778000000000000200, -10.46480000000000000 ) ) ;
#6031 = LINE ( 'NONE', #1930, #800 ) ;
#6032 =( NAMED_UNIT ( * ) PLANE_ANGLE_UNIT ( ) SI_UNIT ( $, .RADIAN. ) );
#6033 = DIRECTION ( 'NONE',  ( 0.0000000000000000000, 0.0000000000000000000, 1.000000000000000000 ) ) ;
#6034 = CARTESIAN_POINT ( 'NONE',  ( -7.264400000000000200, -1.778000000000000200, 7.493000000000000300 ) ) ;
#6035 = VECTOR ( 'NONE', #10549, 1000.000000000000000 ) ;
#6036 = PRESENTATION_STYLE_ASSIGNMENT (( #7610 ) ) ;
#6037 = ORIENTED_EDGE ( 'NONE', *, *, #4081, .F. ) ;
#6038 = UNCERTAINTY_MEASURE_WITH_UNIT (LENGTH_MEASURE( 1.000000000000000100E-005 ), #50, 'distance_accuracy_value', 'NONE');
#6039 = COLOUR_RGB ( '',0.7490196078431372600, 1.000000000000000000, 1.000000000000000000 ) ;
#6040 = DIRECTION ( 'NONE',  ( 1.000000000000000000, 0.0000000000000000000, 0.0000000000000000000 ) ) ;
#6041 =( NAMED_UNIT ( * ) PLANE_ANGLE_UNIT ( ) SI_UNIT ( $, .RADIAN. ) );
#6042 = DIRECTION ( 'NONE',  ( -0.0000000000000000000, 0.0000000000000000000, 1.000000000000000000 ) ) ;
#6043 = ORIENTED_EDGE ( 'NONE', *, *, #6733, .T. ) ;
#6044 = SURFACE_STYLE_FILL_AREA ( #7505 ) ;
#6045 = EDGE_LOOP ( 'NONE', ( #3519, #11155, #2190, #2659 ) ) ;
#6046 = CARTESIAN_POINT ( 'NONE',  ( -9.090344282899101500, 10.13973070442536100, 10.27683157202811900 ) ) ;
#6047 = CARTESIAN_POINT ( 'NONE',  ( 8.975279772000002200, 3.828296212999999800, 8.814624416000002700 ) ) ;
#6048 = PLANE ( 'NONE',  #7750 ) ;
#6049 = CARTESIAN_POINT ( 'NONE',  ( -3.301999999999999600, -1.778000000000000200, -7.924799999999999400 ) ) ;
#6050 = PRESENTATION_LAYER_ASSIGNMENT (  '', '', ( #6730 ) ) ;
#6051 = COLOUR_RGB ( '',0.7490196078431372600, 1.000000000000000000, 1.000000000000000000 ) ;
#6052 = FACE_OUTER_BOUND ( 'NONE', #9426, .T. ) ;
#6053 = CARTESIAN_POINT ( 'NONE',  ( -4.737748231875017700, -1.778000000000000000, 0.3664724568706616000 ) ) ;
#6054 = EDGE_CURVE ( 'NONE', #10720, #10498, #6490, .T. ) ;
#6055 = FILL_AREA_STYLE ('',( #10186 ) ) ;
#6056 = MECHANICAL_DESIGN_GEOMETRIC_PRESENTATION_REPRESENTATION (  '', ( #3963 ), #6736 ) ;
#6057 = SURFACE_STYLE_USAGE ( .BOTH. , #12230 ) ;
#6058 = CARTESIAN_POINT ( 'NONE',  ( -4.254710354999999400, 8.142580277000002200, 8.064649543000001600 ) ) ;
#6059 = DIRECTION ( 'NONE',  ( -0.0002392220719450000700, 0.9999999713863998400, 0.0000000000000000000 ) ) ;
#6060 = LINE ( 'NONE', #10797, #3294 ) ;
#6061 = ADVANCED_FACE ( 'NONE', ( #963 ), #8832, .T. ) ;
#6062 = PRESENTATION_LAYER_ASSIGNMENT (  '', '', ( #4660 ) ) ;
#6063 = ORIENTED_EDGE ( 'NONE', *, *, #6840, .F. ) ;
#6064 = PRESENTATION_LAYER_ASSIGNMENT (  '', '', ( #5376 ) ) ;
#6065 = VERTEX_POINT ( 'NONE', #7794 ) ;
#6066 = PLANE ( 'NONE',  #7386 ) ;
#6067 = SURFACE_SIDE_STYLE ('',( #4490 ) ) ;
#6068 = VECTOR ( 'NONE', #5635, 1000.000000000000000 ) ;
#6069 = EDGE_CURVE ( 'NONE', #6935, #4269, #2777, .T. ) ;
#6070 = FILL_AREA_STYLE_COLOUR ( '', #2586 ) ;
#6071 = DIRECTION ( 'NONE',  ( -1.000000000000000000, -0.0000000000000000000, -0.0000000000000000000 ) ) ;
#6072 =( LENGTH_UNIT ( ) NAMED_UNIT ( * ) SI_UNIT ( .MILLI., .METRE. ) );
#6073 = MECHANICAL_DESIGN_GEOMETRIC_PRESENTATION_REPRESENTATION (  '', ( #3987 ), #6754 ) ;
#6074 = CIRCLE ( 'NONE', #405, 0.1270000000000003900 ) ;
#6075 = FILL_AREA_STYLE ('',( #9965 ) ) ;
#6076 =( NAMED_UNIT ( * ) PLANE_ANGLE_UNIT ( ) SI_UNIT ( $, .RADIAN. ) );
#6077 = ORIENTED_EDGE ( 'NONE', *, *, #8235, .F. ) ;
#6078 = SURFACE_SIDE_STYLE ('',( #5848 ) ) ;
#6079 = EDGE_LOOP ( 'NONE', ( #7263, #7292, #7274, #6609 ) ) ;
#6080 = ORIENTED_EDGE ( 'NONE', *, *, #12439, .T. ) ;
#6081 = MECHANICAL_DESIGN_GEOMETRIC_PRESENTATION_REPRESENTATION (  '', ( #4688 ), #6768 ) ;
#6082 = ADVANCED_FACE ( 'NONE', ( #7970 ), #1456, .T. ) ;
#6083 = STYLED_ITEM ( 'NONE', ( #797 ), #7772 ) ;
#6084 = SURFACE_STYLE_USAGE ( .BOTH. , #12255 ) ;
#6085 = FILL_AREA_STYLE_COLOUR ( '', #11827 ) ;
#6086 = AXIS2_PLACEMENT_3D ( 'NONE', #5549, #12754, #6571 ) ;
#6087 = DIRECTION ( 'NONE',  ( 1.000000000000000000, 0.0000000000000000000, 0.0000000000000000000 ) ) ;
#6088 = EDGE_CURVE ( 'NONE', #13182, #693, #3330, .T. ) ;
#6089 = UNCERTAINTY_MEASURE_WITH_UNIT (LENGTH_MEASURE( 1.000000000000000100E-005 ), #3890, 'distance_accuracy_value', 'NONE');
#6090 = ORIENTED_EDGE ( 'NONE', *, *, #8661, .F. ) ;
#6091 = DIRECTION ( 'NONE',  ( -8.537024980200839600E-016, 1.000000000000000000, 0.0000000000000000000 ) ) ;
#6092 = MECHANICAL_DESIGN_GEOMETRIC_PRESENTATION_REPRESENTATION (  '', ( #4006 ), #6779 ) ;
#6093 = CARTESIAN_POINT ( 'NONE',  ( -2.793999999999999600, 0.0000000000000000000, -7.924799999999999400 ) ) ;
#6094 = COLOUR_RGB ( '',0.7529411764705882200, 1.000000000000000000, 1.000000000000000000 ) ;
#6095 = PLANE ( 'NONE',  #3253 ) ;
#6096 = FACE_OUTER_BOUND ( 'NONE', #2644, .T. ) ;
#6097 = VERTEX_POINT ( 'NONE', #3701 ) ;
#6098 =( LENGTH_UNIT ( ) NAMED_UNIT ( * ) SI_UNIT ( .MILLI., .METRE. ) );
#6099 = ORIENTED_EDGE ( 'NONE', *, *, #11626, .F. ) ;
#6101 = AXIS2_PLACEMENT_3D ( 'NONE', #12234, #12095, #12053 ) ;
#6100 = DIRECTION ( 'NONE',  ( 0.0000000000000000000, 0.7071067811865473500, -0.7071067811865477900 ) ) ;
#6102 = DIRECTION ( 'NONE',  ( -1.000000000000000000, -1.707404996040159200E-015, 0.0000000000000000000 ) ) ;
#6103 =( LENGTH_UNIT ( ) NAMED_UNIT ( * ) SI_UNIT ( .MILLI., .METRE. ) );
#6104 = ORIENTED_EDGE ( 'NONE', *, *, #7222, .T. ) ;
#6105 = DIRECTION ( 'NONE',  ( 0.0000000000000000000, 0.0000000000000000000, -1.000000000000000000 ) ) ;
#6106 = AXIS2_PLACEMENT_3D ( 'NONE', #2025, #9324, #3101 ) ;
#6107 = CARTESIAN_POINT ( 'NONE',  ( 8.636000005079999700, 11.04899999999999900, 0.0000000000000000000 ) ) ;
#6108 = SURFACE_STYLE_USAGE ( .BOTH. , #12284 ) ;
#6109 = VECTOR ( 'NONE', #9670, 1000.000000000000000 ) ;
#6110 = SURFACE_STYLE_USAGE ( .BOTH. , #6067 ) ;
#6111 = ORIENTED_EDGE ( 'NONE', *, *, #9540, .F. ) ;
#6112 = MECHANICAL_DESIGN_GEOMETRIC_PRESENTATION_REPRESENTATION (  '', ( #4034 ), #6804 ) ;
#6113 = ORIENTED_EDGE ( 'NONE', *, *, #7013, .T. ) ;
#6114 = CARTESIAN_POINT ( 'NONE',  ( -8.762999999999999900, 10.04879397399999900, -3.781386573000000300 ) ) ;
#6115 =( LENGTH_UNIT ( ) NAMED_UNIT ( * ) SI_UNIT ( .MILLI., .METRE. ) );
#6116 = SURFACE_SIDE_STYLE ('',( #3238 ) ) ;
#6117 = ORIENTED_EDGE ( 'NONE', *, *, #7399, .T. ) ;
#6118 = VECTOR ( 'NONE', #7636, 1000.000000000000000 ) ;
#6119 =( LENGTH_UNIT ( ) NAMED_UNIT ( * ) SI_UNIT ( .MILLI., .METRE. ) );
#6120 = MECHANICAL_DESIGN_GEOMETRIC_PRESENTATION_REPRESENTATION (  '', ( #4044 ), #6814 ) ;
#6121 = UNCERTAINTY_MEASURE_WITH_UNIT (LENGTH_MEASURE( 1.000000000000000100E-005 ), #4126, 'distance_accuracy_value', 'NONE');
#6122 =( NAMED_UNIT ( * ) PLANE_ANGLE_UNIT ( ) SI_UNIT ( $, .RADIAN. ) );
#6123 =( NAMED_UNIT ( * ) SI_UNIT ( $, .STERADIAN. ) SOLID_ANGLE_UNIT ( ) );
#6124 = ADVANCED_FACE ( 'NONE', ( #9776 ), #2759, .T. ) ;
#6125 = VERTEX_POINT ( 'NONE', #12011 ) ;
#6126 = ORIENTED_EDGE ( 'NONE', *, *, #1002, .F. ) ;
#6127 = PRESENTATION_STYLE_ASSIGNMENT (( #7737 ) ) ;
#6128 = DIRECTION ( 'NONE',  ( -8.537024980200839600E-016, 1.000000000000000000, 0.0000000000000000000 ) ) ;
#6129 = EDGE_CURVE ( 'NONE', #12374, #7430, #11187, .T. ) ;
#6130 = VERTEX_POINT ( 'NONE', #1739 ) ;
#6131 = DIRECTION ( 'NONE',  ( -1.000000000000000000, 0.0000000000000000000, 0.0000000000000000000 ) ) ;
#6132 = LINE ( 'NONE', #10975, #8561 ) ;
#6133 = DIRECTION ( 'NONE',  ( 0.0000000000000000000, 0.7071067811865477900, -0.7071067811865473500 ) ) ;
#6134 = AXIS2_PLACEMENT_3D ( 'NONE', #12963, #6781, #533 ) ;
#6135 = SURFACE_STYLE_FILL_AREA ( #9420 ) ;
#6136 = VECTOR ( 'NONE', #9751, 1000.000000000000000 ) ;
#6137 = FACE_OUTER_BOUND ( 'NONE', #4784, .T. ) ;
#6138 = DIRECTION ( 'NONE',  ( -0.0000000000000000000, -1.000000000000000000, -0.0000000000000000000 ) ) ;
#6139 = SURFACE_SIDE_STYLE ('',( #11782 ) ) ;
#6140 = LINE ( 'NONE', #3648, #5822 ) ;
#6141 = UNCERTAINTY_MEASURE_WITH_UNIT (LENGTH_MEASURE( 1.000000000000000100E-005 ), #9859, 'distance_accuracy_value', 'NONE');
#6142 = VERTEX_POINT ( 'NONE', #3838 ) ;
#6143 = DIRECTION ( 'NONE',  ( -1.000000000000000000, -1.707404996040159200E-015, 0.0000000000000000000 ) ) ;
#6144 = PRESENTATION_STYLE_ASSIGNMENT (( #2197 ) ) ;
#6145 = EDGE_CURVE ( 'NONE', #4731, #10235, #5693, .T. ) ;
#6146 = ORIENTED_EDGE ( 'NONE', *, *, #8258, .T. ) ;
#6147 = COLOUR_RGB ( '',0.7490196078431372600, 1.000000000000000000, 1.000000000000000000 ) ;
#6148 = DIRECTION ( 'NONE',  ( -1.000000000000000000, -0.0000000000000000000, -0.0000000000000000000 ) ) ;
#6149 = CARTESIAN_POINT ( 'NONE',  ( -8.636000005079999700, 11.04899999999999900, 0.0000000000000000000 ) ) ;
#6150 = PLANE ( 'NONE',  #9882 ) ;
#6151 = EDGE_CURVE ( 'NONE', #1215, #12814, #6010, .T. ) ;
#6152 = FILL_AREA_STYLE_COLOUR ( '', #4730 ) ;
#6153 = SURFACE_STYLE_FILL_AREA ( #2643 ) ;
#6154 = ADVANCED_FACE ( 'NONE', ( #3250 ), #713, .T. ) ;
#6155 = EDGE_CURVE ( 'NONE', #2296, #3007, #12608, .T. ) ;
#6156 = VECTOR ( 'NONE', #6920, 1000.000000000000000 ) ;
#6157 = COLOUR_RGB ( '',0.7490196078431372600, 1.000000000000000000, 1.000000000000000000 ) ;
#6158 = VERTEX_POINT ( 'NONE', #3928 ) ;
#6159 =( NAMED_UNIT ( * ) SI_UNIT ( $, .STERADIAN. ) SOLID_ANGLE_UNIT ( ) );
#6160 = CARTESIAN_POINT ( 'NONE',  ( 5.949999998704999600, 8.195800000453500500, 12.06500000000000100 ) ) ;
#6161 = DIRECTION ( 'NONE',  ( -0.0000000000000000000, -1.000000000000000000, -0.0000000000000000000 ) ) ;
#6162 =( LENGTH_UNIT ( ) NAMED_UNIT ( * ) SI_UNIT ( .MILLI., .METRE. ) );
#6163 = VECTOR ( 'NONE', #11776, 999.9999999999998900 ) ;
#6164 = CARTESIAN_POINT ( 'NONE',  ( -8.826499999999999300, 9.737793325999998500, -4.673387328999999600 ) ) ;
#6165 = AXIS2_PLACEMENT_3D ( 'NONE', #9263, #3039, #10310 ) ;
#6166 = DIRECTION ( 'NONE',  ( 0.0000000000000000000, 1.000000000000000000, 0.0000000000000000000 ) ) ;
#6167 = DIRECTION ( 'NONE',  ( 1.000000000000000000, 0.0000000000000000000, 0.0000000000000000000 ) ) ;
#6168 = COLOUR_RGB ( '',0.7490196078431372600, 1.000000000000000000, 1.000000000000000000 ) ;
#6169 = VERTEX_POINT ( 'NONE', #11171 ) ;
#6170 =( GEOMETRIC_REPRESENTATION_CONTEXT ( 3 ) GLOBAL_UNCERTAINTY_ASSIGNED_CONTEXT ( ( #5562 ) ) GLOBAL_UNIT_ASSIGNED_CONTEXT ( ( #5379, #12583, #6403 ) ) REPRESENTATION_CONTEXT ( 'NONE', 'WORKASPACE' ) );
#6171 = CARTESIAN_POINT ( 'NONE',  ( 8.890000000000000600, 10.04879397418453700, -3.781386573399691600 ) ) ;
#6172 =( NAMED_UNIT ( * ) PLANE_ANGLE_UNIT ( ) SI_UNIT ( $, .RADIAN. ) );
#6173 = SURFACE_STYLE_USAGE ( .BOTH. , #12350 ) ;
#6174 = EDGE_CURVE ( 'NONE', #11468, #12311, #4375, .T. ) ;
#6175 = AXIS2_PLACEMENT_3D ( 'NONE', #496, #7793, #1557 ) ;
#6176 = SURFACE_STYLE_FILL_AREA ( #4849 ) ;
#6177 = ORIENTED_EDGE ( 'NONE', *, *, #2038, .F. ) ;
#6178 = SURFACE_STYLE_FILL_AREA ( #2467 ) ;
#6179 = ORIENTED_EDGE ( 'NONE', *, *, #8935, .F. ) ;
#6180 = MECHANICAL_DESIGN_GEOMETRIC_PRESENTATION_REPRESENTATION (  '', ( #4108 ), #6872 ) ;
#6181 = VECTOR ( 'NONE', #12431, 1000.000000000000000 ) ;
#6182 = CARTESIAN_POINT ( 'NONE',  ( 3.263927861000001300, -0.8890000000000001200, -1.158705249999999900 ) ) ;
#6183 = SURFACE_STYLE_FILL_AREA ( #4613 ) ;
#6184 = PRESENTATION_LAYER_ASSIGNMENT (  '', '', ( #4787 ) ) ;
#6185 = UNCERTAINTY_MEASURE_WITH_UNIT (LENGTH_MEASURE( 1.000000000000000100E-005 ), #4112, 'distance_accuracy_value', 'NONE');
#6187 = LINE ( 'NONE', #12475, #5878 ) ;
#6186 =( LENGTH_UNIT ( ) NAMED_UNIT ( * ) SI_UNIT ( .MILLI., .METRE. ) );
#6188 = FACE_OUTER_BOUND ( 'NONE', #5532, .T. ) ;
#6189 = VERTEX_POINT ( 'NONE', #810 ) ;
#6190 = CARTESIAN_POINT ( 'NONE',  ( -9.016999999999999500, 2.350001268999999800, -10.75399881200000100 ) ) ;
#6191 = VECTOR ( 'NONE', #11383, 1000.000000000000000 ) ;
#6192 = STYLED_ITEM ( 'NONE', ( #682 ), #12762 ) ;
#6193 = PRESENTATION_STYLE_ASSIGNMENT (( #5264 ) ) ;
#6194 = CARTESIAN_POINT ( 'NONE',  ( 4.825999999999999600, -1.778000000000000200, -7.569200000000000400 ) ) ;
#6195 = DIRECTION ( 'NONE',  ( 0.6948958118341515000, 0.0000000000000000000, -0.7191104301116453300 ) ) ;
#6196 = ADVANCED_FACE ( 'NONE', ( #9923 ), #11337, .F. ) ;
#6197 = PLANE ( 'NONE',  #3071 ) ;
#6198 = FACE_OUTER_BOUND ( 'NONE', #2651, .T. ) ;
#6199 = VECTOR ( 'NONE', #6420, 1000.000000000000000 ) ;
#6200 = EDGE_LOOP ( 'NONE', ( #3901, #2525, #12218, #13110 ) ) ;
#6201 = LINE ( 'NONE', #12399, #8643 ) ;
#6202 = UNCERTAINTY_MEASURE_WITH_UNIT (LENGTH_MEASURE( 1.000000000000000100E-005 ), #11577, 'distance_accuracy_value', 'NONE');
#6203 = LINE ( 'NONE', #5785, #3433 ) ;
#6204 = STYLED_ITEM ( 'NONE', ( #6036 ), #11222 ) ;
#6205 =( LENGTH_UNIT ( ) NAMED_UNIT ( * ) SI_UNIT ( .MILLI., .METRE. ) );
#6206 = CARTESIAN_POINT ( 'NONE',  ( -8.890000000035733800, 10.33011169777526200, 9.589324416000002000 ) ) ;
#6207 =( NAMED_UNIT ( * ) PLANE_ANGLE_UNIT ( ) SI_UNIT ( $, .RADIAN. ) );
#6208 = EDGE_LOOP ( 'NONE', ( #10246, #12029, #2540, #2969, #9011, #7786, #11604, #3680, #6765, #6726, #923, #4762 ) ) ;
#6209 =( LENGTH_UNIT ( ) NAMED_UNIT ( * ) SI_UNIT ( .MILLI., .METRE. ) );
#6210 = FILL_AREA_STYLE ('',( #12379 ) ) ;
#6211 = LINE ( 'NONE', #1736, #3439 ) ;
#6212 = SURFACE_STYLE_USAGE ( .BOTH. , #12383 ) ;
#6213 = STYLED_ITEM ( 'NONE', ( #991 ), #5596 ) ;
#6214 = ADVANCED_FACE ( 'NONE', ( #12295 ), #7627, .T. ) ;
#6215 =( NAMED_UNIT ( * ) PLANE_ANGLE_UNIT ( ) SI_UNIT ( $, .RADIAN. ) );
#6216 = ORIENTED_EDGE ( 'NONE', *, *, #6155, .F. ) ;
#6217 = EDGE_CURVE ( 'NONE', #12280, #6716, #10403, .T. ) ;
#6218 = FILL_AREA_STYLE_COLOUR ( '', #634 ) ;
#6219 = SURFACE_STYLE_USAGE ( .BOTH. , #12396 ) ;
#6220 = AXIS2_PLACEMENT_3D ( 'NONE', #2095, #9377, #3151 ) ;
#6221 = SURFACE_STYLE_FILL_AREA ( #5828 ) ;
#6222 = EDGE_CURVE ( 'NONE', #4996, #2928, #13093, .T. ) ;
#6223 = DIRECTION ( 'NONE',  ( 1.000000000000000000, 0.0000000000000000000, 0.0000000000000000000 ) ) ;
#6224 = VERTEX_POINT ( 'NONE', #9242 ) ;
#6225 = DIRECTION ( 'NONE',  ( -0.0000000000000000000, -1.000000000000000000, -0.0000000000000000000 ) ) ;
#6226 =( LENGTH_UNIT ( ) NAMED_UNIT ( * ) SI_UNIT ( .MILLI., .METRE. ) );
#6227 = VECTOR ( 'NONE', #6442, 1000.000000000000000 ) ;
#6228 = FACE_OUTER_BOUND ( 'NONE', #12526, .T. ) ;
#6229 = AXIS2_PLACEMENT_3D ( 'NONE', #2980, #2931, #2839 ) ;
#6230 = AXIS2_PLACEMENT_3D ( 'NONE', #7708, #7812, #1939 ) ;
#6231 = STYLED_ITEM ( 'NONE', ( #7151 ), #7003 ) ;
#6232 = SURFACE_STYLE_USAGE ( .BOTH. , #6321 ) ;
#6233 =( NAMED_UNIT ( * ) SI_UNIT ( $, .STERADIAN. ) SOLID_ANGLE_UNIT ( ) );
#6234 = ORIENTED_EDGE ( 'NONE', *, *, #12823, .T. ) ;
#6235 = EDGE_CURVE ( 'NONE', #6856, #9694, #5197, .T. ) ;
#6236 = CARTESIAN_POINT ( 'NONE',  ( 3.263927861116457900, 2.862775971554506800E-016, -1.158705249879485200 ) ) ;
#6237 = DIRECTION ( 'NONE',  ( 0.0000000000000000000, 0.0000000000000000000, -1.000000000000000000 ) ) ;
#6238 = EDGE_CURVE ( 'NONE', #10691, #9955, #2098, .T. ) ;
#6239 = FACE_OUTER_BOUND ( 'NONE', #7245, .T. ) ;
#6240 = CARTESIAN_POINT ( 'NONE',  ( 4.825999999999999600, -0.8890000000000001200, -7.924799999999999400 ) ) ;
#6241 = MECHANICAL_DESIGN_GEOMETRIC_PRESENTATION_REPRESENTATION (  '', ( #4860 ), #6937 ) ;
#6242 = VECTOR ( 'NONE', #809, 1000.000000000000000 ) ;
#6243 = DIRECTION ( 'NONE',  ( 1.000000000000000000, -0.0000000000000000000, 0.0000000000000000000 ) ) ;
#6244 = EDGE_LOOP ( 'NONE', ( #11790, #12780, #9040, #13049, #6727, #1724, #13179, #12864, #3105 ) ) ;
#6245 = PRESENTATION_LAYER_ASSIGNMENT (  '', '', ( #6943 ) ) ;
#6246 = UNCERTAINTY_MEASURE_WITH_UNIT (LENGTH_MEASURE( 1.000000000000000100E-005 ), #4827, 'distance_accuracy_value', 'NONE');
#6247 = ADVANCED_FACE ( 'NONE', ( #1764 ), #8232, .F. ) ;
#6248 = EDGE_LOOP ( 'NONE', ( #11917, #9519, #3079, #13202 ) ) ;
#6249 =( GEOMETRIC_REPRESENTATION_CONTEXT ( 3 ) GLOBAL_UNCERTAINTY_ASSIGNED_CONTEXT ( ( #11692 ) ) GLOBAL_UNIT_ASSIGNED_CONTEXT ( ( #2546, #9832, #3576 ) ) REPRESENTATION_CONTEXT ( 'NONE', 'WORKASPACE' ) );
#6250 = CARTESIAN_POINT ( 'NONE',  ( 4.434883336267639600, 13.25155617373118000, 6.598577270933585500 ) ) ;
#6251 = CARTESIAN_POINT ( 'NONE',  ( 3.301999999999999600, 0.0000000000000000000, -7.924799999999999400 ) ) ;
#6252 = STYLED_ITEM ( 'NONE', ( #9368 ), #12405 ) ;
#6253 =( NAMED_UNIT ( * ) PLANE_ANGLE_UNIT ( ) SI_UNIT ( $, .RADIAN. ) );
#6254 = EDGE_CURVE ( 'NONE', #10134, #1314, #770, .T. ) ;
#6255 = VECTOR ( 'NONE', #6563, 1000.000000000000000 ) ;
#6256 = ORIENTED_EDGE ( 'NONE', *, *, #6155, .T. ) ;
#6257 = VERTEX_POINT ( 'NONE', #9345 ) ;
#6258 = CARTESIAN_POINT ( 'NONE',  ( 8.890000000000000600, 10.04879397418453700, -5.381387438458844500 ) ) ;
#6259 =( GEOMETRIC_REPRESENTATION_CONTEXT ( 3 ) GLOBAL_UNCERTAINTY_ASSIGNED_CONTEXT ( ( #3895 ) ) GLOBAL_UNIT_ASSIGNED_CONTEXT ( ( #1502, #8776, #2563 ) ) REPRESENTATION_CONTEXT ( 'NONE', 'WORKASPACE' ) );
#6260 =( NAMED_UNIT ( * ) PLANE_ANGLE_UNIT ( ) SI_UNIT ( $, .RADIAN. ) );
#6261 = UNCERTAINTY_MEASURE_WITH_UNIT (LENGTH_MEASURE( 1.000000000000000100E-005 ), #12704, 'distance_accuracy_value', 'NONE');
#6262 = CARTESIAN_POINT ( 'NONE',  ( -5.804110354999999700, 10.64219414800000000, 4.690675691000000000 ) ) ;
#6263 = LINE ( 'NONE', #2654, #9036 ) ;
#6264 = SURFACE_SIDE_STYLE ('',( #11887 ) ) ;
#6265 = STYLED_ITEM ( 'NONE', ( #6359 ), #10649 ) ;
#6266 = SURFACE_STYLE_FILL_AREA ( #7050 ) ;
#6267 = EDGE_LOOP ( 'NONE', ( #2877, #4624, #11749, #5240, #9084, #3306 ) ) ;
#6268 = EDGE_LOOP ( 'NONE', ( #11331, #4774, #11535, #4402, #5590 ) ) ;
#6269 = CARTESIAN_POINT ( 'NONE',  ( -8.890000000000000600, 0.0000000000000000000, 2.920999999999999800 ) ) ;
#6270 = ADVANCED_FACE ( 'NONE', ( #8760 ), #11389, .T. ) ;
#6271 = VERTEX_POINT ( 'NONE', #8328 ) ;
#6272 = ORIENTED_EDGE ( 'NONE', *, *, #9932, .F. ) ;
#6273 = SURFACE_SIDE_STYLE ('',( #3731 ) ) ;
#6274 = LINE ( 'NONE', #6729, #3947 ) ;
#6275 = MECHANICAL_DESIGN_GEOMETRIC_PRESENTATION_REPRESENTATION (  '', ( #4205 ), #6984 ) ;
#6276 = SURFACE_STYLE_USAGE ( .BOTH. , #12463 ) ;
#6277 = DIRECTION ( 'NONE',  ( -1.000000000000000000, 0.0000000000000000000, 0.0000000000000000000 ) ) ;
#6278 =( NAMED_UNIT ( * ) SI_UNIT ( $, .STERADIAN. ) SOLID_ANGLE_UNIT ( ) );
#6279 = EDGE_LOOP ( 'NONE', ( #2284, #3676, #9236, #8664 ) ) ;
#6280 = FILL_AREA_STYLE ('',( #12468 ) ) ;
#6281 = ORIENTED_EDGE ( 'NONE', *, *, #5561, .F. ) ;
#6282 = LINE ( 'NONE', #2157, #11777 ) ;
#6283 = DIRECTION ( 'NONE',  ( 0.0000000000000000000, 0.0000000000000000000, -1.000000000000000000 ) ) ;
#6284 = CIRCLE ( 'NONE', #12585, 0.5079999999999997900 ) ;
#6285 = ORIENTED_EDGE ( 'NONE', *, *, #13339, .T. ) ;
#6286 = PRESENTATION_STYLE_ASSIGNMENT (( #407 ) ) ;
#6287 = PRESENTATION_STYLE_ASSIGNMENT (( #4334 ) ) ;
#6288 = SURFACE_STYLE_FILL_AREA ( #11075 ) ;
#6289 = LINE ( 'NONE', #1040, #9076 ) ;
#6290 = UNCERTAINTY_MEASURE_WITH_UNIT (LENGTH_MEASURE( 1.000000000000000100E-005 ), #13070, 'distance_accuracy_value', 'NONE');
#6291 = EDGE_LOOP ( 'NONE', ( #2966, #2774, #1498, #1457 ) ) ;
#6292 = DIRECTION ( 'NONE',  ( 0.0000000000000000000, 0.0000000000000000000, -1.000000000000000000 ) ) ;
#6293 =( NAMED_UNIT ( * ) PLANE_ANGLE_UNIT ( ) SI_UNIT ( $, .RADIAN. ) );
#6294 = EDGE_CURVE ( 'NONE', #6657, #1545, #10554, .T. ) ;
#6295 = CARTESIAN_POINT ( 'NONE',  ( 4.027795056479528800, 10.79499999999999800, 3.784029870169274700 ) ) ;
#6296 = ORIENTED_EDGE ( 'NONE', *, *, #9636, .T. ) ;
#6297 = PLANE ( 'NONE',  #11642 ) ;
#6298 = AXIS2_PLACEMENT_3D ( 'NONE', #13404, #7233, #999 ) ;
#6299 = SURFACE_STYLE_FILL_AREA ( #8245 ) ;
#6300 = ORIENTED_EDGE ( 'NONE', *, *, #10021, .F. ) ;
#6301 = COLOUR_RGB ( '',0.7529411764705882200, 1.000000000000000000, 1.000000000000000000 ) ;
#6302 = DIRECTION ( 'NONE',  ( -0.0000000000000000000, -1.000000000000000000, -0.0000000000000000000 ) ) ;
#6303 = CARTESIAN_POINT ( 'NONE',  ( 8.635999999999999200, 1.150000621000000200, -9.991998812000000300 ) ) ;
#6304 = FACE_BOUND ( 'NONE', #1100, .T. ) ;
#6305 = CARTESIAN_POINT ( 'NONE',  ( 5.629215134333558800, 12.99531760862620000, 6.684258631986729400 ) ) ;
#6306 = VECTOR ( 'NONE', #10386, 1000.000000000000100 ) ;
#6307 = CARTESIAN_POINT ( 'NONE',  ( -3.301999999999999600, 0.0000000000000000000, -7.569200000000000400 ) ) ;
#6308 = ORIENTED_EDGE ( 'NONE', *, *, #9216, .F. ) ;
#6309 = AXIS2_PLACEMENT_3D ( 'NONE', #1755, #1708, #1671 ) ;
#6310 = MECHANICAL_DESIGN_GEOMETRIC_PRESENTATION_REPRESENTATION (  '', ( #4923 ), #7011 ) ;
#6311 = PRESENTATION_STYLE_ASSIGNMENT (( #4035 ) ) ;
#6312 = CARTESIAN_POINT ( 'NONE',  ( 9.016999999999999500, 9.229793325999999400, -3.981386681000000500 ) ) ;
#6313 = FILL_AREA_STYLE_COLOUR ( '', #6463 ) ;
#6314 = ADVANCED_FACE ( 'NONE', ( #5020 ), #11953, .T. ) ;
#6315 = EDGE_CURVE ( 'NONE', #12564, #2313, #9579, .T. ) ;
#6316 = CARTESIAN_POINT ( 'NONE',  ( 8.635999999999999200, 8.848793325999999100, -3.781386573000000300 ) ) ;
#6317 = ORIENTED_EDGE ( 'NONE', *, *, #4822, .T. ) ;
#6318 = CARTESIAN_POINT ( 'NONE',  ( 9.016999999999999500, 8.975793326000001600, -3.981386681000000500 ) ) ;
#6319 = PRESENTATION_LAYER_ASSIGNMENT (  '', '', ( #4934 ) ) ;
#6320 = VERTEX_POINT ( 'NONE', #1125 ) ;
#6321 = SURFACE_SIDE_STYLE ('',( #10735 ) ) ;
#6322 = UNCERTAINTY_MEASURE_WITH_UNIT (LENGTH_MEASURE( 1.000000000000000100E-005 ), #2223, 'distance_accuracy_value', 'NONE');
#6323 = DIRECTION ( 'NONE',  ( 0.0000000000000000000, -0.0000000000000000000, 1.000000000000000000 ) ) ;
#6324 = FACE_OUTER_BOUND ( 'NONE', #2308, .T. ) ;
#6325 = MECHANICAL_DESIGN_GEOMETRIC_PRESENTATION_REPRESENTATION (  '', ( #3548 ), #7023 ) ;
#6326 = DIRECTION ( 'NONE',  ( 1.000000000000000000, -0.0000000000000000000, -0.0000000000000000000 ) ) ;
#6327 = FILL_AREA_STYLE ('',( #5295 ) ) ;
#6328 = DIRECTION ( 'NONE',  ( -0.0000000000000000000, 0.6024439893196357200, 0.7981611615035165700 ) ) ;
#6329 = VECTOR ( 'NONE', #3309, 1000.000000000000000 ) ;
#6330 = LINE ( 'NONE', #2726, #3910 ) ;
#6331 = AXIS2_PLACEMENT_3D ( 'NONE', #8210, #8078, #7885 ) ;
#6332 = VERTEX_POINT ( 'NONE', #9293 ) ;
#6333 = FACE_OUTER_BOUND ( 'NONE', #6079, .T. ) ;
#6334 = ADVANCED_FACE ( 'NONE', ( #6792 ), #11472, .F. ) ;
#6335 = STYLED_ITEM ( 'NONE', ( #10061 ), #7569 ) ;
#6336 = LINE ( 'NONE', #2316, #11824 ) ;
#6337 = FILL_AREA_STYLE ('',( #7351 ) ) ;
#6338 = EDGE_CURVE ( 'NONE', #9171, #281, #5506, .T. ) ;
#6339 = FACE_BOUND ( 'NONE', #9276, .T. ) ;
#6340 =( GEOMETRIC_REPRESENTATION_CONTEXT ( 3 ) GLOBAL_UNCERTAINTY_ASSIGNED_CONTEXT ( ( #10655 ) ) GLOBAL_UNIT_ASSIGNED_CONTEXT ( ( #10334, #4116, #11344 ) ) REPRESENTATION_CONTEXT ( 'NONE', 'WORKASPACE' ) );
#6341 = VECTOR ( 'NONE', #872, 1000.000000000000000 ) ;
#6342 = UNCERTAINTY_MEASURE_WITH_UNIT (LENGTH_MEASURE( 1.000000000000000100E-005 ), #6162, 'distance_accuracy_value', 'NONE');
#6343 = ADVANCED_FACE ( 'NONE', ( #13408 ), #4261, .T. ) ;
#6344 = LINE ( 'NONE', #10943, #11830 ) ;
#6345 = LINE ( 'NONE', #6513, #11831 ) ;
#6346 = COLOUR_RGB ( '',0.7490196078431372600, 1.000000000000000000, 1.000000000000000000 ) ;
#6347 = FILL_AREA_STYLE_COLOUR ( '', #8967 ) ;
#6348 = ORIENTED_EDGE ( 'NONE', *, *, #7903, .T. ) ;
#6349 = CARTESIAN_POINT ( 'NONE',  ( -8.762999999999999900, 7.948998325999999900, -8.964998325999999900 ) ) ;
#6350 = SURFACE_STYLE_FILL_AREA ( #1068 ) ;
#6351 = DIRECTION ( 'NONE',  ( 0.0000000000000000000, 0.0000000000000000000, -1.000000000000000000 ) ) ;
#6352 = DIRECTION ( 'NONE',  ( 0.0000000000000000000, 1.000000000000000000, 0.0000000000000000000 ) ) ;
#6353 = DIRECTION ( 'NONE',  ( -1.000000000000000000, 0.0000000000000000000, 0.0000000000000000000 ) ) ;
#6354 = CARTESIAN_POINT ( 'NONE',  ( 8.890000000000000600, 5.524499999999999700, -11.06499946049999900 ) ) ;
#6355 = STYLED_ITEM ( 'NONE', ( #8520 ), #2323 ) ;
#6356 = ORIENTED_EDGE ( 'NONE', *, *, #10933, .F. ) ;
#6357 =( NAMED_UNIT ( * ) SI_UNIT ( $, .STERADIAN. ) SOLID_ANGLE_UNIT ( ) );
#6358 = SURFACE_STYLE_FILL_AREA ( #11255 ) ;
#6359 = PRESENTATION_STYLE_ASSIGNMENT (( #4658 ) ) ;
#6360 = FILL_AREA_STYLE_COLOUR ( '', #3591 ) ;
#6361 = STYLED_ITEM ( 'NONE', ( #8109 ), #13154 ) ;
#6362 = ORIENTED_EDGE ( 'NONE', *, *, #6151, .T. ) ;
#6363 = UNCERTAINTY_MEASURE_WITH_UNIT (LENGTH_MEASURE( 1.000000000000000100E-005 ), #11264, 'distance_accuracy_value', 'NONE');
#6364 =( LENGTH_UNIT ( ) NAMED_UNIT ( * ) SI_UNIT ( .MILLI., .METRE. ) );
#6365 = CARTESIAN_POINT ( 'NONE',  ( -7.772400000000000200, -1.778000000000000200, 2.412999999999999800 ) ) ;
#6366 = DIRECTION ( 'NONE',  ( 0.0000000000000000000, 0.6816456125582046600, -0.7316824850166566700 ) ) ;
#6367 = STYLED_ITEM ( 'NONE', ( #7601 ), #4905 ) ;
#6368 = CARTESIAN_POINT ( 'NONE',  ( 8.635999999999999200, -1.084202172485504400E-016, -0.5079999999999995600 ) ) ;
#6369 = LINE ( 'NONE', #4696, #3614 ) ;
#6370 = SURFACE_STYLE_FILL_AREA ( #2961 ) ;
#6371 = PRESENTATION_LAYER_ASSIGNMENT (  '', '', ( #4986 ) ) ;
#6372 = SURFACE_STYLE_USAGE ( .BOTH. , #6078 ) ;
#6373 = CARTESIAN_POINT ( 'NONE',  ( 9.016999999999999500, 1.842001269000000100, -10.24599881200000000 ) ) ;
#6374 = DIRECTION ( 'NONE',  ( 3.414809992080318500E-015, 1.000000000000000000, 0.0000000000000000000 ) ) ;
#6375 = CARTESIAN_POINT ( 'NONE',  ( 8.890000000000000600, 7.948998321247525900, 1.700000918000001700 ) ) ;
#6376 = FILL_AREA_STYLE_COLOUR ( '', #9073 ) ;
#6377 = DIRECTION ( 'NONE',  ( 1.000000000000000000, 0.0000000000000000000, 0.0000000000000000000 ) ) ;
#6378 = EDGE_CURVE ( 'NONE', #12652, #217, #9818, .T. ) ;
#6379 = ORIENTED_EDGE ( 'NONE', *, *, #12288, .T. ) ;
#6380 = STYLED_ITEM ( 'NONE', ( #9110 ), #5997 ) ;
#6381 = DIRECTION ( 'NONE',  ( -0.0000000000000000000, -0.0000000000000000000, 1.000000000000000000 ) ) ;
#6382 = ORIENTED_EDGE ( 'NONE', *, *, #7972, .T. ) ;
#6383 = CIRCLE ( 'NONE', #1743, 2.767382544000000200 ) ;
#6384 = FACE_OUTER_BOUND ( 'NONE', #11199, .T. ) ;
#6385 = FILL_AREA_STYLE_COLOUR ( '', #10769 ) ;
#6386 = DIRECTION ( 'NONE',  ( 0.0000000000000000000, 0.0000000000000000000, 1.000000000000000000 ) ) ;
#6387 =( NAMED_UNIT ( * ) SI_UNIT ( $, .STERADIAN. ) SOLID_ANGLE_UNIT ( ) );
#6388 = EDGE_CURVE ( 'NONE', #8876, #2501, #1814, .T. ) ;
#6389 = ORIENTED_EDGE ( 'NONE', *, *, #5583, .T. ) ;
#6390 = CARTESIAN_POINT ( 'NONE',  ( -8.889999999999998800, 11.04899999999999900, -12.06500000000000100 ) ) ;
#6391 = CARTESIAN_POINT ( 'NONE',  ( 9.090000012907161400, 3.705154819180682200, 8.814624416000002700 ) ) ;
#6392 = FILL_AREA_STYLE_COLOUR ( '', #2056 ) ;
#6393 = ORIENTED_EDGE ( 'NONE', *, *, #11908, .T. ) ;
#6394 = EDGE_CURVE ( 'NONE', #723, #4890, #1492, .T. ) ;
#6395 = VECTOR ( 'NONE', #1032, 1000.000000000000000 ) ;
#6396 = ORIENTED_EDGE ( 'NONE', *, *, #4648, .T. ) ;
#6397 = COLOUR_RGB ( '',0.7529411764705882200, 1.000000000000000000, 1.000000000000000000 ) ;
#6398 = CARTESIAN_POINT ( 'NONE',  ( -8.889999999999998800, 2.276954807571085000, 1.700000918000001700 ) ) ;
#6399 = ADVANCED_FACE ( 'NONE', ( #7010 ), #7517, .F. ) ;
#6400 = EDGE_CURVE ( 'NONE', #3199, #9905, #2972, .T. ) ;
#6401 = DIRECTION ( 'NONE',  ( -1.000000000000000000, 0.0000000000000000000, 0.0000000000000000000 ) ) ;
#6402 =( NAMED_UNIT ( * ) PLANE_ANGLE_UNIT ( ) SI_UNIT ( $, .RADIAN. ) );
#6403 =( NAMED_UNIT ( * ) SI_UNIT ( $, .STERADIAN. ) SOLID_ANGLE_UNIT ( ) );
#6404 = VERTEX_POINT ( 'NONE', #8781 ) ;
#6405 = EDGE_LOOP ( 'NONE', ( #6452, #954, #13128, #6389 ) ) ;
#6406 =( NAMED_UNIT ( * ) SI_UNIT ( $, .STERADIAN. ) SOLID_ANGLE_UNIT ( ) );
#6407 =( LENGTH_UNIT ( ) NAMED_UNIT ( * ) SI_UNIT ( .MILLI., .METRE. ) );
#6408 = PRESENTATION_LAYER_ASSIGNMENT (  '', '', ( #5036 ) ) ;
#6409 = SURFACE_STYLE_FILL_AREA ( #12460 ) ;
#6410 = CARTESIAN_POINT ( 'NONE',  ( 9.016999999999999500, 9.229793325999999400, -4.489386681000000900 ) ) ;
#6411 = DIRECTION ( 'NONE',  ( 0.0000000000000000000, 0.0000000000000000000, 1.000000000000000000 ) ) ;
#6412 = VERTEX_POINT ( 'NONE', #1505 ) ;
#6413 = EDGE_CURVE ( 'NONE', #80, #4850, #8156, .T. ) ;
#6414 = DIRECTION ( 'NONE',  ( 1.000000000000000000, -0.0000000000000000000, 0.0000000000000000000 ) ) ;
#6415 = VERTEX_POINT ( 'NONE', #4637 ) ;
#6416 = STYLED_ITEM ( 'NONE', ( #8061 ), #9220 ) ;
#6417 =( LENGTH_UNIT ( ) NAMED_UNIT ( * ) SI_UNIT ( .MILLI., .METRE. ) );
#6418 = ORIENTED_EDGE ( 'NONE', *, *, #1089, .F. ) ;
#6419 = FACE_OUTER_BOUND ( 'NONE', #2456, .T. ) ;
#6420 = DIRECTION ( 'NONE',  ( -0.0000000000000000000, 0.9993539390586464500, 0.03594029059380551800 ) ) ;
#6421 = MECHANICAL_DESIGN_GEOMETRIC_PRESENTATION_REPRESENTATION (  '', ( #2975 ), #7124 ) ;
#6422 = PRESENTATION_STYLE_ASSIGNMENT (( #11485 ) ) ;
#6423 = ORIENTED_EDGE ( 'NONE', *, *, #5533, .T. ) ;
#6424 = VERTEX_POINT ( 'NONE', #5702 ) ;
#6425 = AXIS2_PLACEMENT_3D ( 'NONE', #9072, #2402, #9257 ) ;
#6426 = DIRECTION ( 'NONE',  ( -0.0000000000000000000, -0.0000000000000000000, 1.000000000000000000 ) ) ;
#6427 = CARTESIAN_POINT ( 'NONE',  ( 5.079999999999999200, -1.778000000000000200, -7.924799999999999400 ) ) ;
#6428 = VERTEX_POINT ( 'NONE', #485 ) ;
#6429 =( LENGTH_UNIT ( ) NAMED_UNIT ( * ) SI_UNIT ( .MILLI., .METRE. ) );
#6430 = UNCERTAINTY_MEASURE_WITH_UNIT (LENGTH_MEASURE( 1.000000000000000100E-005 ), #12486, 'distance_accuracy_value', 'NONE');
#6431 =( GEOMETRIC_REPRESENTATION_CONTEXT ( 3 ) GLOBAL_UNCERTAINTY_ASSIGNED_CONTEXT ( ( #2867 ) ) GLOBAL_UNIT_ASSIGNED_CONTEXT ( ( #6186, #13396, #7228 ) ) REPRESENTATION_CONTEXT ( 'NONE', 'WORKASPACE' ) );
#6432 = SURFACE_SIDE_STYLE ('',( #827 ) ) ;
#6433 = VECTOR ( 'NONE', #12708, 1000.000000000000000 ) ;
#6434 = EDGE_CURVE ( 'NONE', #11596, #9780, #8482, .T. ) ;
#6435 = VECTOR ( 'NONE', #10303, 1000.000000000000000 ) ;
#6436 = DIRECTION ( 'NONE',  ( 0.0000000000000000000, 1.000000000000000000, 0.0000000000000000000 ) ) ;
#6437 = CARTESIAN_POINT ( 'NONE',  ( 8.890000000000000600, 10.54099999999999900, 9.551776717499999200 ) ) ;
#6438 = EDGE_CURVE ( 'NONE', #8417, #9504, #10926, .T. ) ;
#6439 = EDGE_LOOP ( 'NONE', ( #9658, #2597, #8812, #1361 ) ) ;
#6440 =( NAMED_UNIT ( * ) PLANE_ANGLE_UNIT ( ) SI_UNIT ( $, .RADIAN. ) );
#6441 = ORIENTED_EDGE ( 'NONE', *, *, #12987, .F. ) ;
#6442 = DIRECTION ( 'NONE',  ( -0.0000000000000000000, -1.000000000000000000, -0.0000000000000000000 ) ) ;
#6443 = VECTOR ( 'NONE', #6636, 1000.000000000000000 ) ;
#6444 = ORIENTED_EDGE ( 'NONE', *, *, #17, .F. ) ;
#6445 = ORIENTED_EDGE ( 'NONE', *, *, #10260, .T. ) ;
#6446 = FILL_AREA_STYLE ('',( #11600 ) ) ;
#6447 =( GEOMETRIC_REPRESENTATION_CONTEXT ( 3 ) GLOBAL_UNCERTAINTY_ASSIGNED_CONTEXT ( ( #3042 ) ) GLOBAL_UNIT_ASSIGNED_CONTEXT ( ( #5253, #12466, #6278 ) ) REPRESENTATION_CONTEXT ( 'NONE', 'WORKASPACE' ) );
#6448 = VECTOR ( 'NONE', #12679, 1000.000000000000000 ) ;
#6449 = CIRCLE ( 'NONE', #8682, 4.317854963000002000 ) ;
#6450 =( NAMED_UNIT ( * ) PLANE_ANGLE_UNIT ( ) SI_UNIT ( $, .RADIAN. ) );
#6451 = ORIENTED_EDGE ( 'NONE', *, *, #3205, .T. ) ;
#6452 = ORIENTED_EDGE ( 'NONE', *, *, #11110, .T. ) ;
#6453 = ORIENTED_EDGE ( 'NONE', *, *, #7226, .F. ) ;
#6454 = SURFACE_STYLE_USAGE ( .BOTH. , #9876 ) ;
#6456 = DIRECTION ( 'NONE',  ( 0.0000000000000000000, 0.0000000000000000000, 1.000000000000000000 ) ) ;
#6455 = PRESENTATION_STYLE_ASSIGNMENT (( #11629 ) ) ;
#6457 = LINE ( 'NONE', #4669, #8911 ) ;
#6458 = VECTOR ( 'NONE', #13123, 1000.000000000000000 ) ;
#6459 = DIRECTION ( 'NONE',  ( -0.0000000000000000000, 0.0000000000000000000, 1.000000000000000000 ) ) ;
#6460 = COLOUR_RGB ( '',0.7529411764705882200, 1.000000000000000000, 1.000000000000000000 ) ;
#6461 = FILL_AREA_STYLE_COLOUR ( '', #9935 ) ;
#6462 = DIRECTION ( 'NONE',  ( -0.0000000000000000000, -1.000000000000000000, -0.0000000000000000000 ) ) ;
#6463 = COLOUR_RGB ( '',0.7490196078431372600, 1.000000000000000000, 1.000000000000000000 ) ;
#6464 = CARTESIAN_POINT ( 'NONE',  ( -8.890000000000000600, 5.524499999999999700, -11.06499946050000100 ) ) ;
#6465 = VECTOR ( 'NONE', #8820, 1000.000000000000000 ) ;
#6466 = CIRCLE ( 'NONE', #8173, 0.5079999999999997900 ) ;
#6467 = ADVANCED_FACE ( 'NONE', ( #5728 ), #6849, .T. ) ;
#6468 = VERTEX_POINT ( 'NONE', #10956 ) ;
#6469 =( NAMED_UNIT ( * ) PLANE_ANGLE_UNIT ( ) SI_UNIT ( $, .RADIAN. ) );
#6470 = COLOUR_RGB ( '',0.7490196078431372600, 1.000000000000000000, 1.000000000000000000 ) ;
#6471 = FACE_OUTER_BOUND ( 'NONE', #12751, .T. ) ;
#6472 = EDGE_CURVE ( 'NONE', #6716, #2232, #9638, .T. ) ;
#6473 = ORIENTED_EDGE ( 'NONE', *, *, #7826, .F. ) ;
#6474 = LINE ( 'NONE', #4554, #11652 ) ;
#6475 = PRESENTATION_LAYER_ASSIGNMENT (  '', '', ( #5097 ) ) ;
#6476 = PLANE ( 'NONE',  #1193 ) ;
#6477 =( NAMED_UNIT ( * ) SI_UNIT ( $, .STERADIAN. ) SOLID_ANGLE_UNIT ( ) );
#6478 = EDGE_CURVE ( 'NONE', #5824, #723, #12338, .T. ) ;
#6479 = FACE_OUTER_BOUND ( 'NONE', #9386, .T. ) ;
#6480 = ORIENTED_EDGE ( 'NONE', *, *, #7080, .F. ) ;
#6481 = EDGE_CURVE ( 'NONE', #9504, #9708, #4415, .T. ) ;
#6482 = CARTESIAN_POINT ( 'NONE',  ( -8.635999999999999200, 7.948998325999999900, -8.664998163999998200 ) ) ;
#6483 = DIRECTION ( 'NONE',  ( -0.0000000000000000000, -1.000000000000000000, -0.0000000000000000000 ) ) ;
#6484 = ORIENTED_EDGE ( 'NONE', *, *, #194, .F. ) ;
#6485 = VECTOR ( 'NONE', #9734, 1000.000000000000000 ) ;
#6486 = DIRECTION ( 'NONE',  ( 0.0000000000000000000, 0.0000000000000000000, -1.000000000000000000 ) ) ;
#6487 = CARTESIAN_POINT ( 'NONE',  ( 8.715588148000000100, 8.742905755999999000, 9.706843757000001500 ) ) ;
#6488 = ORIENTED_EDGE ( 'NONE', *, *, #12467, .F. ) ;
#6489 = AXIS2_PLACEMENT_3D ( 'NONE', #13200, #13129, #13081 ) ;
#6491 =( GEOMETRIC_REPRESENTATION_CONTEXT ( 3 ) GLOBAL_UNCERTAINTY_ASSIGNED_CONTEXT ( ( #4945 ) ) GLOBAL_UNIT_ASSIGNED_CONTEXT ( ( #11237, #11143, #9997 ) ) REPRESENTATION_CONTEXT ( 'NONE', 'WORKASPACE' ) );
#6490 = LINE ( 'NONE', #12701, #9273 ) ;
#6492 = PRESENTATION_LAYER_ASSIGNMENT (  '', '', ( #5115 ) ) ;
#6493 = VERTEX_POINT ( 'NONE', #9976 ) ;
#6494 = CARTESIAN_POINT ( 'NONE',  ( 4.317999999999999600, -1.778000000000000200, -10.28700000000000100 ) ) ;
#6495 = PLANE ( 'NONE',  #2439 ) ;
#6496 = ORIENTED_EDGE ( 'NONE', *, *, #3905, .T. ) ;
#6497 = VECTOR ( 'NONE', #13387, 1000.000000000000000 ) ;
#6498 = DIRECTION ( 'NONE',  ( -1.000000000000000000, 0.0000000000000000000, 0.0000000000000000000 ) ) ;
#6499 = EDGE_CURVE ( 'NONE', #7646, #4060, #3772, .T. ) ;
#6500 =( LENGTH_UNIT ( ) NAMED_UNIT ( * ) SI_UNIT ( .MILLI., .METRE. ) );
#6501 = EDGE_CURVE ( 'NONE', #3242, #9171, #1315, .T. ) ;
#6502 = VECTOR ( 'NONE', #6693, 1000.000000000000000 ) ;
#6503 = CARTESIAN_POINT ( 'NONE',  ( 7.227737259999998700, 8.536145111999999800, 10.36402441600000100 ) ) ;
#6504 =( GEOMETRIC_REPRESENTATION_CONTEXT ( 3 ) GLOBAL_UNCERTAINTY_ASSIGNED_CONTEXT ( ( #8349 ) ) GLOBAL_UNIT_ASSIGNED_CONTEXT ( ( #5538, #12743, #6562 ) ) REPRESENTATION_CONTEXT ( 'NONE', 'WORKASPACE' ) );
#6505 = CIRCLE ( 'NONE', #2366, 0.5080000000000016700 ) ;
#6506 = ORIENTED_EDGE ( 'NONE', *, *, #4400, .T. ) ;
#6507 = SURFACE_STYLE_FILL_AREA ( #3150 ) ;
#6508 = FILL_AREA_STYLE_COLOUR ( '', #7959 ) ;
#6509 = DIRECTION ( 'NONE',  ( -1.000000000000000000, 1.707404996040168300E-015, -0.0000000000000000000 ) ) ;
#6510 = STYLED_ITEM ( 'NONE', ( #2799 ), #4119 ) ;
#6511 = CARTESIAN_POINT ( 'NONE',  ( -8.890000000000000600, 10.54099999999999900, 9.551776717499999200 ) ) ;
#6512 = ORIENTED_EDGE ( 'NONE', *, *, #1806, .T. ) ;
#6513 = CARTESIAN_POINT ( 'NONE',  ( 8.890000000000002300, 10.54099999999999900, 8.271012280999999100 ) ) ;
#6514 = CARTESIAN_POINT ( 'NONE',  ( 8.635999999999999200, 0.0000000000000000000, 12.06500000000000100 ) ) ;
#6515 = VECTOR ( 'NONE', #3227, 1000.000000000000000 ) ;
#6517 =( GEOMETRIC_REPRESENTATION_CONTEXT ( 3 ) GLOBAL_UNCERTAINTY_ASSIGNED_CONTEXT ( ( #8753 ) ) GLOBAL_UNIT_ASSIGNED_CONTEXT ( ( #268, #245, #234 ) ) REPRESENTATION_CONTEXT ( 'NONE', 'WORKASPACE' ) );
#6516 = CARTESIAN_POINT ( 'NONE',  ( -8.890000000000000600, 0.9500005130000001000, -11.06499945999999900 ) ) ;
#6518 = LINE ( 'NONE', #10035, #11691 ) ;
#6519 = MECHANICAL_DESIGN_GEOMETRIC_PRESENTATION_REPRESENTATION (  '', ( #4435 ), #7216 ) ;
#6520 = COLOUR_RGB ( '',0.7490196078431372600, 1.000000000000000000, 1.000000000000000000 ) ;
#6521 = VERTEX_POINT ( 'NONE', #614 ) ;
#6522 = VECTOR ( 'NONE', #13031, 1000.000000000000100 ) ;
#6523 = AXIS2_PLACEMENT_3D ( 'NONE', #3722, #10982, #4760 ) ;
#6524 = EDGE_CURVE ( 'NONE', #10197, #10037, #6203, .T. ) ;
#6525 = COLOUR_RGB ( '',0.7529411764705882200, 1.000000000000000000, 1.000000000000000000 ) ;
#6526 = EDGE_CURVE ( 'NONE', #4906, #10973, #8974, .T. ) ;
#6527 = DIRECTION ( 'NONE',  ( 0.0000000000000000000, 0.0000000000000000000, -1.000000000000000000 ) ) ;
#6528 = CARTESIAN_POINT ( 'NONE',  ( -9.720360444999999000, 3.942475241000000400, 9.082254299000002400 ) ) ;
#6529 = DIRECTION ( 'NONE',  ( -0.0000000000000000000, -0.0000000000000000000, 1.000000000000000000 ) ) ;
#6530 = COLOUR_RGB ( '',0.7490196078431372600, 1.000000000000000000, 1.000000000000000000 ) ;
#6531 = DIRECTION ( 'NONE',  ( 0.0000000000000000000, 0.0000000000000000000, -1.000000000000000000 ) ) ;
#6532 = COLOUR_RGB ( '',0.7490196078431372600, 1.000000000000000000, 1.000000000000000000 ) ;
#6533 =( NAMED_UNIT ( * ) PLANE_ANGLE_UNIT ( ) SI_UNIT ( $, .RADIAN. ) );
#6534 = DIRECTION ( 'NONE',  ( 0.0000000000000000000, 0.0000000000000000000, -1.000000000000000000 ) ) ;
#6535 = SURFACE_STYLE_FILL_AREA ( #1346 ) ;
#6536 = VECTOR ( 'NONE', #4820, 1000.000000000000000 ) ;
#6537 = CARTESIAN_POINT ( 'NONE',  ( 7.264399999999999300, 0.0000000000000000000, 5.461000000000000300 ) ) ;
#6538 = AXIS2_PLACEMENT_3D ( 'NONE', #9601, #3353, #10640 ) ;
#6539 = PLANE ( 'NONE',  #5284 ) ;
#6540 = ADVANCED_FACE ( 'NONE', ( #8644 ), #10008, .F. ) ;
#6541 = STYLED_ITEM ( 'NONE', ( #586 ), #13382 ) ;
#6542 = ORIENTED_EDGE ( 'NONE', *, *, #6088, .T. ) ;
#6543 = ORIENTED_EDGE ( 'NONE', *, *, #4606, .T. ) ;
#6544 = FILL_AREA_STYLE ('',( #4458 ) ) ;
#6545 = CARTESIAN_POINT ( 'NONE',  ( -8.635999999999999200, 1.842001268999999600, -10.75399881182987200 ) ) ;
#6546 =( GEOMETRIC_REPRESENTATION_CONTEXT ( 3 ) GLOBAL_UNCERTAINTY_ASSIGNED_CONTEXT ( ( #5259 ) ) GLOBAL_UNIT_ASSIGNED_CONTEXT ( ( #3745, #11002, #4781 ) ) REPRESENTATION_CONTEXT ( 'NONE', 'WORKASPACE' ) );
#6547 = VECTOR ( 'NONE', #1585, 1000.000000000000000 ) ;
#6548 = UNCERTAINTY_MEASURE_WITH_UNIT (LENGTH_MEASURE( 1.000000000000000100E-005 ), #8123, 'distance_accuracy_value', 'NONE');
#6549 = EDGE_CURVE ( 'NONE', #4199, #6271, #13130, .T. ) ;
#6550 = CARTESIAN_POINT ( 'NONE',  ( 8.890000000000000600, 2.776954805000000800, 10.05299548000000000 ) ) ;
#6551 = ORIENTED_EDGE ( 'NONE', *, *, #4671, .T. ) ;
#6552 = ORIENTED_EDGE ( 'NONE', *, *, #9915, .F. ) ;
#6553 =( NAMED_UNIT ( * ) SI_UNIT ( $, .STERADIAN. ) SOLID_ANGLE_UNIT ( ) );
#6554 = FILL_AREA_STYLE ('',( #3426 ) ) ;
#6555 = CIRCLE ( 'NONE', #3399, 0.5079999999999997900 ) ;
#6556 = CARTESIAN_POINT ( 'NONE',  ( 6.349999999999999600, -0.8890000000000001200, -10.10920000000000100 ) ) ;
#6557 = VECTOR ( 'NONE', #173, 1000.000000000000000 ) ;
#6558 = EDGE_CURVE ( 'NONE', #2023, #3487, #7667, .T. ) ;
#6559 =( LENGTH_UNIT ( ) NAMED_UNIT ( * ) SI_UNIT ( .MILLI., .METRE. ) );
#6560 = VERTEX_POINT ( 'NONE', #13122 ) ;
#6561 = DIRECTION ( 'NONE',  ( 1.000000000000000000, 1.734723475976806300E-015, -0.0000000000000000000 ) ) ;
#6562 =( NAMED_UNIT ( * ) SI_UNIT ( $, .STERADIAN. ) SOLID_ANGLE_UNIT ( ) );
#6563 = DIRECTION ( 'NONE',  ( -0.0000000000000000000, -0.0000000000000000000, 1.000000000000000000 ) ) ;
#6564 = FILL_AREA_STYLE ('',( #8625 ) ) ;
#6565 = CARTESIAN_POINT ( 'NONE',  ( 4.737748232139559000, -1.778000000000000500, -2.759504731134859500 ) ) ;
#6566 = DIRECTION ( 'NONE',  ( 0.7981611590040701400, 0.6024439926310822800, 0.0000000000000000000 ) ) ;
#6567 = EDGE_CURVE ( 'NONE', #3628, #8417, #10110, .T. ) ;
#6568 = PRESENTATION_STYLE_ASSIGNMENT (( #9300 ) ) ;
#6569 = ORIENTED_EDGE ( 'NONE', *, *, #1252, .T. ) ;
#6570 = CARTESIAN_POINT ( 'NONE',  ( 5.950000000000000200, 1.345799999999999900, 7.785100000000000800 ) ) ;
#6571 = DIRECTION ( 'NONE',  ( 0.0000000000000000000, 0.0000000000000000000, -1.000000000000000000 ) ) ;
#6572 = EDGE_CURVE ( 'NONE', #4003, #5657, #12810, .T. ) ;
#6573 = ORIENTED_EDGE ( 'NONE', *, *, #12987, .T. ) ;
#6574 = ORIENTED_EDGE ( 'NONE', *, *, #1002, .T. ) ;
#6575 = SURFACE_STYLE_FILL_AREA ( #3989 ) ;
#6576 = PRESENTATION_LAYER_ASSIGNMENT (  '', '', ( #5056 ) ) ;
#6577 = CARTESIAN_POINT ( 'NONE',  ( -7.518399999999999700, -1.778000000000000200, 2.412999999999999800 ) ) ;
#6578 = DIRECTION ( 'NONE',  ( -1.000000000000000000, -0.0000000000000000000, -0.0000000000000000000 ) ) ;
#6579 = COLOUR_RGB ( '',0.7490196078431372600, 1.000000000000000000, 1.000000000000000000 ) ;
#6580 = ORIENTED_EDGE ( 'NONE', *, *, #6145, .T. ) ;
#6581 =( LENGTH_UNIT ( ) NAMED_UNIT ( * ) SI_UNIT ( .MILLI., .METRE. ) );
#6582 = ORIENTED_EDGE ( 'NONE', *, *, #3017, .F. ) ;
#6583 = MECHANICAL_DESIGN_GEOMETRIC_PRESENTATION_REPRESENTATION (  '', ( #4503 ), #7298 ) ;
#6584 = SURFACE_STYLE_USAGE ( .BOTH. , #6630 ) ;
#6585 = DIRECTION ( 'NONE',  ( 0.0000000000000000000, 0.0000000000000000000, 1.000000000000000000 ) ) ;
#6586 = AXIS2_PLACEMENT_3D ( 'NONE', #8199, #12606, #12594 ) ;
#6587 = AXIS2_PLACEMENT_3D ( 'NONE', #4500, #11730, #5559 ) ;
#6588 = CARTESIAN_POINT ( 'NONE',  ( -8.890000000017536800, 10.33011169778693400, 10.28153598543221700 ) ) ;
#6589 = CARTESIAN_POINT ( 'NONE',  ( -8.890000000000000600, 7.948998321247525900, 1.700000918000001700 ) ) ;
#6590 = EDGE_CURVE ( 'NONE', #6169, #281, #4564, .T. ) ;
#6591 = CARTESIAN_POINT ( 'NONE',  ( 8.635999999999999200, -1.165775448000000000, -1.778000000000000000 ) ) ;
#6592 = ORIENTED_EDGE ( 'NONE', *, *, #3129, .T. ) ;
#6593 =( LENGTH_UNIT ( ) NAMED_UNIT ( * ) SI_UNIT ( .MILLI., .METRE. ) );
#6594 = ORIENTED_EDGE ( 'NONE', *, *, #1546, .T. ) ;
#6595 = MECHANICAL_DESIGN_GEOMETRIC_PRESENTATION_REPRESENTATION (  '', ( #5227 ), #7311 ) ;
#6596 = ADVANCED_FACE ( 'NONE', ( #10435 ), #8011, .T. ) ;
#6597 = VECTOR ( 'NONE', #190, 1000.000000000000000 ) ;
#6598 = LINE ( 'NONE', #2670, #1054 ) ;
#6599 = ORIENTED_EDGE ( 'NONE', *, *, #3732, .F. ) ;
#6600 =( LENGTH_UNIT ( ) NAMED_UNIT ( * ) SI_UNIT ( .MILLI., .METRE. ) );
#6601 = DIRECTION ( 'NONE',  ( -0.0000000000000000000, -1.000000000000000000, -0.0000000000000000000 ) ) ;
#6602 = ORIENTED_EDGE ( 'NONE', *, *, #4648, .F. ) ;
#6603 = ORIENTED_EDGE ( 'NONE', *, *, #12207, .T. ) ;
#6604 = PLANE ( 'NONE',  #11116 ) ;
#6605 = DIRECTION ( 'NONE',  ( -1.000000000000000000, -1.707404996040159200E-015, -1.536664496436143200E-014 ) ) ;
#6606 = AXIS2_PLACEMENT_3D ( 'NONE', #10861, #4623, #11853 ) ;
#6607 = SURFACE_SIDE_STYLE ('',( #16 ) ) ;
#6608 = CARTESIAN_POINT ( 'NONE',  ( 5.334000000000000500, 0.0000000000000000000, -12.06500000000000100 ) ) ;
#6609 = ORIENTED_EDGE ( 'NONE', *, *, #6847, .T. ) ;
#6610 = EDGE_LOOP ( 'NONE', ( #571, #823, #2427, #6418 ) ) ;
#6611 = LINE ( 'NONE', #10778, #9067 ) ;
#6612 = VECTOR ( 'NONE', #10043, 1000.000000000000000 ) ;
#6613 = DIRECTION ( 'NONE',  ( 1.000000000000000000, -0.0000000000000000000, 0.0000000000000000000 ) ) ;
#6614 = PLANE ( 'NONE',  #10281 ) ;
#6615 =( LENGTH_UNIT ( ) NAMED_UNIT ( * ) SI_UNIT ( .MILLI., .METRE. ) );
#6616 = LINE ( 'NONE', #7431, #11785 ) ;
#6617 =( GEOMETRIC_REPRESENTATION_CONTEXT ( 3 ) GLOBAL_UNCERTAINTY_ASSIGNED_CONTEXT ( ( #6363 ) ) GLOBAL_UNIT_ASSIGNED_CONTEXT ( ( #11264, #5079, #12285 ) ) REPRESENTATION_CONTEXT ( 'NONE', 'WORKASPACE' ) );
#6618 = FILL_AREA_STYLE_COLOUR ( '', #3308 ) ;
#6619 = VERTEX_POINT ( 'NONE', #6005 ) ;
#6620 = ORIENTED_EDGE ( 'NONE', *, *, #12702, .F. ) ;
#6621 = PRESENTATION_STYLE_ASSIGNMENT (( #4979 ) ) ;
#6622 = DIRECTION ( 'NONE',  ( -1.000000000000000000, 1.734723475976806300E-015, 0.0000000000000000000 ) ) ;
#6623 = AXIS2_PLACEMENT_3D ( 'NONE', #6958, #714, #8019 ) ;
#6624 = SURFACE_STYLE_USAGE ( .BOTH. , #12812 ) ;
#6625 = ORIENTED_EDGE ( 'NONE', *, *, #7739, .F. ) ;
#6626 = FILL_AREA_STYLE ('',( #6675 ) ) ;
#6627 = DIRECTION ( 'NONE',  ( -0.0000000000000000000, -0.0000000000000000000, -1.000000000000000000 ) ) ;
#6628 = LINE ( 'NONE', #9888, #9418 ) ;
#6629 = FACE_BOUND ( 'NONE', #7306, .T. ) ;
#6630 = SURFACE_SIDE_STYLE ('',( #9512 ) ) ;
#6631 = CARTESIAN_POINT ( 'NONE',  ( 3.149999999999999900, 9.845800000000000600, 7.785100000000000800 ) ) ;
#6632 = VECTOR ( 'NONE', #7916, 1000.000000000000000 ) ;
#6633 = UNCERTAINTY_MEASURE_WITH_UNIT (LENGTH_MEASURE( 1.000000000000000100E-005 ), #662, 'distance_accuracy_value', 'NONE');
#6634 = ORIENTED_EDGE ( 'NONE', *, *, #5019, .F. ) ;
#6635 = DIRECTION ( 'NONE',  ( 1.000000000000000000, 0.0000000000000000000, 0.0000000000000000000 ) ) ;
#6636 = DIRECTION ( 'NONE',  ( -0.0000000000000000000, -1.000000000000000000, -0.0000000000000000000 ) ) ;
#6637 = PRESENTATION_STYLE_ASSIGNMENT (( #7803 ) ) ;
#6638 = PRESENTATION_LAYER_ASSIGNMENT (  '', '', ( #5256 ) ) ;
#6639 = COLOUR_RGB ( '',0.7490196078431372600, 1.000000000000000000, 1.000000000000000000 ) ;
#6640 = FACE_BOUND ( 'NONE', #1908, .T. ) ;
#6641 = DIRECTION ( 'NONE',  ( 0.0000000000000000000, 1.000000000000000000, 0.0000000000000000000 ) ) ;
#6642 = CARTESIAN_POINT ( 'NONE',  ( -8.890000000000000600, 9.648859162999997400, -5.381387442835376500 ) ) ;
#6643 = CIRCLE ( 'NONE', #6489, 0.1269999999999999500 ) ;
#6644 =( LENGTH_UNIT ( ) NAMED_UNIT ( * ) SI_UNIT ( .MILLI., .METRE. ) );
#6645 = ORIENTED_EDGE ( 'NONE', *, *, #2537, .T. ) ;
#6646 = LINE ( 'NONE', #4618, #12136 ) ;
#6647 = VERTEX_POINT ( 'NONE', #798 ) ;
#6648 = EDGE_CURVE ( 'NONE', #9030, #9235, #250, .T. ) ;
#6649 = SURFACE_STYLE_FILL_AREA ( #11588 ) ;
#6650 = CARTESIAN_POINT ( 'NONE',  ( 4.825999999999999600, -1.778000000000000200, -7.924799999999999400 ) ) ;
#6651 = SURFACE_SIDE_STYLE ('',( #746 ) ) ;
#6652 = EDGE_CURVE ( 'NONE', #9041, #7157, #11525, .T. ) ;
#6653 = PLANE ( 'NONE',  #2263 ) ;
#6654 = VECTOR ( 'NONE', #12190, 1000.000000000000000 ) ;
#6655 = LINE ( 'NONE', #3850, #9447 ) ;
#6656 = DIRECTION ( 'NONE',  ( 0.0000000000000000000, 0.0000000000000000000, 1.000000000000000000 ) ) ;
#6657 = VERTEX_POINT ( 'NONE', #10180 ) ;
#6658 = CARTESIAN_POINT ( 'NONE',  ( -7.772400000000001100, -1.778000000000000200, 5.461000000000000300 ) ) ;
#6659 = CARTESIAN_POINT ( 'NONE',  ( 8.890000000000000600, 8.248718325999997000, -5.680775462500001500 ) ) ;
#6660 = CARTESIAN_POINT ( 'NONE',  ( -4.917327025000000500, -1.778000000000000200, 0.3695477130000000600 ) ) ;
#6661 =( NAMED_UNIT ( * ) PLANE_ANGLE_UNIT ( ) SI_UNIT ( $, .RADIAN. ) );
#6662 = DIRECTION ( 'NONE',  ( 0.0000000000000000000, 0.0000000000000000000, -1.000000000000000000 ) ) ;
#6663 = FILL_AREA_STYLE ('',( #7719 ) ) ;
#6664 =( NAMED_UNIT ( * ) PLANE_ANGLE_UNIT ( ) SI_UNIT ( $, .RADIAN. ) );
#6665 = FACE_OUTER_BOUND ( 'NONE', #7305, .T. ) ;
#6666 =( GEOMETRIC_REPRESENTATION_CONTEXT ( 3 ) GLOBAL_UNCERTAINTY_ASSIGNED_CONTEXT ( ( #2935 ) ) GLOBAL_UNIT_ASSIGNED_CONTEXT ( ( #10465, #6440, #5421 ) ) REPRESENTATION_CONTEXT ( 'NONE', 'WORKASPACE' ) );
#6667 = ADVANCED_FACE ( 'NONE', ( #806 ), #11210, .T. ) ;
#6668 = VECTOR ( 'NONE', #10245, 1000.000000000000000 ) ;
#6669 = MECHANICAL_DESIGN_GEOMETRIC_PRESENTATION_REPRESENTATION (  '', ( #4582 ), #7375 ) ;
#6670 = ORIENTED_EDGE ( 'NONE', *, *, #7385, .T. ) ;
#6671 = STYLED_ITEM ( 'NONE', ( #11812 ), #7090 ) ;
#6672 = SURFACE_STYLE_FILL_AREA ( #8133 ) ;
#6673 = FILL_AREA_STYLE_COLOUR ( '', #5098 ) ;
#6674 = CARTESIAN_POINT ( 'NONE',  ( 5.800100574734110600, 11.29235519068756900, 11.38274338924565600 ) ) ;
#6675 = FILL_AREA_STYLE_COLOUR ( '', #4823 ) ;
#6676 = FILL_AREA_STYLE ('',( #2516 ) ) ;
#6677 = EDGE_CURVE ( 'NONE', #9517, #11084, #5063, .T. ) ;
#6678 = ORIENTED_EDGE ( 'NONE', *, *, #1160, .T. ) ;
#6679 = FILL_AREA_STYLE ('',( #6961 ) ) ;
#6680 = EDGE_CURVE ( 'NONE', #12081, #9599, #3274, .T. ) ;
#6681 = DIRECTION ( 'NONE',  ( 0.0000000000000000000, 0.0000000000000000000, -1.000000000000000000 ) ) ;
#6682 =( NAMED_UNIT ( * ) PLANE_ANGLE_UNIT ( ) SI_UNIT ( $, .RADIAN. ) );
#6683 = STYLED_ITEM ( 'NONE', ( #9213 ), #9131 ) ;
#6684 = VECTOR ( 'NONE', #4615, 1000.000000000000000 ) ;
#6685 = UNCERTAINTY_MEASURE_WITH_UNIT (LENGTH_MEASURE( 1.000000000000000100E-005 ), #4230, 'distance_accuracy_value', 'NONE');
#6686 = VERTEX_POINT ( 'NONE', #6049 ) ;
#6687 = VECTOR ( 'NONE', #6011, 1000.000000000000000 ) ;
#6688 = DIRECTION ( 'NONE',  ( 0.0000000000000000000, 0.0000000000000000000, -1.000000000000000000 ) ) ;
#6689 = FILL_AREA_STYLE ('',( #9817 ) ) ;
#6690 = VECTOR ( 'NONE', #11601, 1000.000000000000000 ) ;
#6691 = VECTOR ( 'NONE', #11942, 1000.000000000000000 ) ;
#6692 = MECHANICAL_DESIGN_GEOMETRIC_PRESENTATION_REPRESENTATION (  '', ( #4599 ), #7390 ) ;
#6693 = DIRECTION ( 'NONE',  ( 1.000000000000000000, 0.0000000000000000000, 0.0000000000000000000 ) ) ;
#6694 = DIRECTION ( 'NONE',  ( 0.0000000000000000000, 1.000000000000000000, 0.0000000000000000000 ) ) ;
#6695 = DIRECTION ( 'NONE',  ( -0.0000000000000000000, -0.0000000000000000000, 1.000000000000000000 ) ) ;
#6696 = EDGE_LOOP ( 'NONE', ( #4310, #8214, #4654, #8082 ) ) ;
#6697 = PRESENTATION_LAYER_ASSIGNMENT (  '', '', ( #5311 ) ) ;
#6698 = ORIENTED_EDGE ( 'NONE', *, *, #669, .T. ) ;
#6699 = EDGE_CURVE ( 'NONE', #12384, #8838, #7821, .T. ) ;
#6700 = PRESENTATION_LAYER_ASSIGNMENT (  '', '', ( #6016 ) ) ;
#6701 = CARTESIAN_POINT ( 'NONE',  ( -4.254710354999999400, 11.23840813887676900, 11.42054445418824700 ) ) ;
#6702 = CARTESIAN_POINT ( 'NONE',  ( -8.890000000000000600, 0.0000000000000000000, -8.964998325999999900 ) ) ;
#6703 = FACE_OUTER_BOUND ( 'NONE', #9672, .T. ) ;
#6704 =( NAMED_UNIT ( * ) PLANE_ANGLE_UNIT ( ) SI_UNIT ( $, .RADIAN. ) );
#6705 = DIRECTION ( 'NONE',  ( 0.0000000000000000000, 0.0000000000000000000, -1.000000000000000000 ) ) ;
#6706 = ORIENTED_EDGE ( 'NONE', *, *, #1004, .T. ) ;
#6707 = FILL_AREA_STYLE_COLOUR ( '', #4258 ) ;
#6708 = CARTESIAN_POINT ( 'NONE',  ( -9.053398425328506200, 3.902378696802777400, 10.12223584033031400 ) ) ;
#6709 = AXIS2_PLACEMENT_3D ( 'NONE', #8034, #1796, #9078 ) ;
#6710 =( NAMED_UNIT ( * ) SI_UNIT ( $, .STERADIAN. ) SOLID_ANGLE_UNIT ( ) );
#6711 = CARTESIAN_POINT ( 'NONE',  ( 8.890000000000000600, 11.04899999999999900, 0.0000000000000000000 ) ) ;
#6712 = LINE ( 'NONE', #10795, #11879 ) ;
#6713 = UNCERTAINTY_MEASURE_WITH_UNIT (LENGTH_MEASURE( 1.000000000000000100E-005 ), #3321, 'distance_accuracy_value', 'NONE');
#6714 = SURFACE_SIDE_STYLE ('',( #5431 ) ) ;
#6715 = CARTESIAN_POINT ( 'NONE',  ( 8.826499999999999300, 1.658000620791615100, -10.75399881199999900 ) ) ;
#6716 = VERTEX_POINT ( 'NONE', #13306 ) ;
#6717 = PLANE ( 'NONE',  #13172 ) ;
#6718 = STYLED_ITEM ( 'NONE', ( #4563 ), #5322 ) ;
#6719 = ORIENTED_EDGE ( 'NONE', *, *, #12227, .T. ) ;
#6720 = LINE ( 'NONE', #3117, #3970 ) ;
#6721 = DIRECTION ( 'NONE',  ( -0.0000000000000000000, -0.0000000000000000000, 1.000000000000000000 ) ) ;
#6722 =( NAMED_UNIT ( * ) PLANE_ANGLE_UNIT ( ) SI_UNIT ( $, .RADIAN. ) );
#6723 = LINE ( 'NONE', #9382, #2524 ) ;
#6724 = VECTOR ( 'NONE', #7152, 1000.000000000000000 ) ;
#6725 = CARTESIAN_POINT ( 'NONE',  ( 2.031999999999999600, 9.845800000000000600, 7.785100000000000800 ) ) ;
#6726 = ORIENTED_EDGE ( 'NONE', *, *, #2220, .T. ) ;
#6727 = ORIENTED_EDGE ( 'NONE', *, *, #10232, .T. ) ;
#6728 =( NAMED_UNIT ( * ) PLANE_ANGLE_UNIT ( ) SI_UNIT ( $, .RADIAN. ) );
#6729 = CARTESIAN_POINT ( 'NONE',  ( 8.715588148000000100, 7.530902241999999800, 12.27084082950000100 ) ) ;
#6730 = STYLED_ITEM ( 'NONE', ( #11487 ), #11619 ) ;
#6731 = DIRECTION ( 'NONE',  ( -1.000000000000000000, -0.0000000000000000000, -0.0000000000000000000 ) ) ;
#6732 = ADVANCED_FACE ( 'NONE', ( #2297 ), #4063, .F. ) ;
#6733 = EDGE_CURVE ( 'NONE', #1575, #12311, #3758, .T. ) ;
#6734 = PRESENTATION_STYLE_ASSIGNMENT (( #6212 ) ) ;
#6735 = EDGE_CURVE ( 'NONE', #7367, #4512, #11990, .T. ) ;
#6736 =( GEOMETRIC_REPRESENTATION_CONTEXT ( 3 ) GLOBAL_UNCERTAINTY_ASSIGNED_CONTEXT ( ( #4807 ) ) GLOBAL_UNIT_ASSIGNED_CONTEXT ( ( #12582, #6402, #174 ) ) REPRESENTATION_CONTEXT ( 'NONE', 'WORKASPACE' ) );
#6737 = UNCERTAINTY_MEASURE_WITH_UNIT (LENGTH_MEASURE( 1.000000000000000100E-005 ), #11611, 'distance_accuracy_value', 'NONE');
#6738 = VERTEX_POINT ( 'NONE', #9335 ) ;
#6739 = ORIENTED_EDGE ( 'NONE', *, *, #9590, .T. ) ;
#6740 =( LENGTH_UNIT ( ) NAMED_UNIT ( * ) SI_UNIT ( .MILLI., .METRE. ) );
#6741 = EDGE_LOOP ( 'NONE', ( #4369, #3266, #3764, #156, #1683, #9186 ) ) ;
#6742 = SURFACE_STYLE_USAGE ( .BOTH. , #12927 ) ;
#6743 = FILL_AREA_STYLE ('',( #2594 ) ) ;
#6744 = CARTESIAN_POINT ( 'NONE',  ( -7.772400000000001100, -1.778000000000000200, 2.412999999999999800 ) ) ;
#6745 = MECHANICAL_DESIGN_GEOMETRIC_PRESENTATION_REPRESENTATION (  '', ( #4660 ), #7461 ) ;
#6746 = MECHANICAL_DESIGN_GEOMETRIC_PRESENTATION_REPRESENTATION (  '', ( #5376 ), #7463 ) ;
#6747 = SURFACE_SIDE_STYLE ('',( #3896 ) ) ;
#6748 = DIRECTION ( 'NONE',  ( -1.000000000000000000, 0.0000000000000000000, 0.0000000000000000000 ) ) ;
#6749 = DIRECTION ( 'NONE',  ( -1.000000000000000000, 0.0000000000000000000, 0.0000000000000000000 ) ) ;
#6750 = EDGE_LOOP ( 'NONE', ( #11093, #5518, #4793, #701 ) ) ;
#6751 = ORIENTED_EDGE ( 'NONE', *, *, #6524, .T. ) ;
#6752 = FILL_AREA_STYLE ('',( #11897 ) ) ;
#6753 = EDGE_CURVE ( 'NONE', #13055, #2872, #974, .T. ) ;
#6754 =( GEOMETRIC_REPRESENTATION_CONTEXT ( 3 ) GLOBAL_UNCERTAINTY_ASSIGNED_CONTEXT ( ( #2311 ) ) GLOBAL_UNIT_ASSIGNED_CONTEXT ( ( #10624, #4384, #11613 ) ) REPRESENTATION_CONTEXT ( 'NONE', 'WORKASPACE' ) );
#6755 = VERTEX_POINT ( 'NONE', #3115 ) ;
#6756 = ORIENTED_EDGE ( 'NONE', *, *, #8437, .F. ) ;
#6757 = CARTESIAN_POINT ( 'NONE',  ( 7.772400000000000200, 0.0000000000000000000, 5.461000000000000300 ) ) ;
#6758 =( NAMED_UNIT ( * ) SI_UNIT ( $, .STERADIAN. ) SOLID_ANGLE_UNIT ( ) );
#6759 = VECTOR ( 'NONE', #2994, 1000.000000000000000 ) ;
#6760 = DIRECTION ( 'NONE',  ( -1.000000000000000000, -0.0000000000000000000, -0.0000000000000000000 ) ) ;
#6761 =( NAMED_UNIT ( * ) PLANE_ANGLE_UNIT ( ) SI_UNIT ( $, .RADIAN. ) );
#6762 = AXIS2_PLACEMENT_3D ( 'NONE', #9187, #2983, #10239 ) ;
#6763 = FACE_OUTER_BOUND ( 'NONE', #4702, .T. ) ;
#6764 = EDGE_LOOP ( 'NONE', ( #12337, #2515, #11658, #4803 ) ) ;
#6765 = ORIENTED_EDGE ( 'NONE', *, *, #12616, .T. ) ;
#6766 = SURFACE_SIDE_STYLE ('',( #171 ) ) ;
#6767 = FILL_AREA_STYLE_COLOUR ( '', #6301 ) ;
#6768 =( GEOMETRIC_REPRESENTATION_CONTEXT ( 3 ) GLOBAL_UNCERTAINTY_ASSIGNED_CONTEXT ( ( #2639 ) ) GLOBAL_UNIT_ASSIGNED_CONTEXT ( ( #3532, #3517, #3502 ) ) REPRESENTATION_CONTEXT ( 'NONE', 'WORKASPACE' ) );
#6769 = FACE_OUTER_BOUND ( 'NONE', #3562, .T. ) ;
#6770 = PRESENTATION_LAYER_ASSIGNMENT (  '', '', ( #6083 ) ) ;
#6771 = LINE ( 'NONE', #12822, #1242 ) ;
#6772 = VERTEX_POINT ( 'NONE', #5190 ) ;
#6773 = UNCERTAINTY_MEASURE_WITH_UNIT (LENGTH_MEASURE( 1.000000000000000100E-005 ), #3395, 'distance_accuracy_value', 'NONE');
#6774 = CARTESIAN_POINT ( 'NONE',  ( 2.794000000000000000, -1.778000000000000200, -7.569200000000000400 ) ) ;
#6775 = PRESENTATION_LAYER_ASSIGNMENT (  '', '', ( #5405 ) ) ;
#6776 = EDGE_CURVE ( 'NONE', #10037, #95, #8957, .T. ) ;
#6777 = LINE ( 'NONE', #274, #12258 ) ;
#6778 = DIRECTION ( 'NONE',  ( 3.414809992080318500E-015, 1.000000000000000000, 0.0000000000000000000 ) ) ;
#6779 =( GEOMETRIC_REPRESENTATION_CONTEXT ( 3 ) GLOBAL_UNCERTAINTY_ASSIGNED_CONTEXT ( ( #11160 ) ) GLOBAL_UNIT_ASSIGNED_CONTEXT ( ( #1268, #8544, #2327 ) ) REPRESENTATION_CONTEXT ( 'NONE', 'WORKASPACE' ) );
#6780 = CARTESIAN_POINT ( 'NONE',  ( 4.270036903646158100, 11.18252178205955100, 11.13101989364586500 ) ) ;
#6781 = DIRECTION ( 'NONE',  ( 0.0000000000000000000, 0.0000000000000000000, 1.000000000000000000 ) ) ;
#6782 = ORIENTED_EDGE ( 'NONE', *, *, #12174, .T. ) ;
#6783 = VECTOR ( 'NONE', #1979, 1000.000000000000000 ) ;
#6784 = PRESENTATION_STYLE_ASSIGNMENT (( #4341 ) ) ;
#6785 = VERTEX_POINT ( 'NONE', #13454 ) ;
#6786 = FACE_OUTER_BOUND ( 'NONE', #366, .T. ) ;
#6787 = STYLED_ITEM ( 'NONE', ( #8333 ), #10427 ) ;
#6788 = CARTESIAN_POINT ( 'NONE',  ( -8.890000000000000600, 4.436602109999999000, -1.447800007267768800 ) ) ;
#6789 = SURFACE_STYLE_FILL_AREA ( #7368 ) ;
#6790 = CARTESIAN_POINT ( 'NONE',  ( -8.658011851999999600, 7.531149590000000900, 12.06500000000000000 ) ) ;
#6791 = FACE_OUTER_BOUND ( 'NONE', #10128, .T. ) ;
#6792 = FACE_OUTER_BOUND ( 'NONE', #6200, .T. ) ;
#6793 = FILL_AREA_STYLE_COLOUR ( '', #9103 ) ;
#6794 = SURFACE_STYLE_FILL_AREA ( #7825 ) ;
#6795 = CARTESIAN_POINT ( 'NONE',  ( -3.301999999999999600, -1.778000000000000200, -7.569200000000000400 ) ) ;
#6796 = PRESENTATION_LAYER_ASSIGNMENT (  '', '', ( #5423 ) ) ;
#6797 = ORIENTED_EDGE ( 'NONE', *, *, #11446, .T. ) ;
#6798 = FILL_AREA_STYLE_COLOUR ( '', #6520 ) ;
#6799 = DIRECTION ( 'NONE',  ( -1.000000000000000000, -0.0000000000000000000, -0.0000000000000000000 ) ) ;
#6800 = SURFACE_SIDE_STYLE ('',( #718 ) ) ;
#6801 = SURFACE_STYLE_FILL_AREA ( #10271 ) ;
#6802 = VERTEX_POINT ( 'NONE', #2094 ) ;
#6803 = DIRECTION ( 'NONE',  ( 0.0000000000000000000, 0.0000000000000000000, 1.000000000000000000 ) ) ;
#6804 =( GEOMETRIC_REPRESENTATION_CONTEXT ( 3 ) GLOBAL_UNCERTAINTY_ASSIGNED_CONTEXT ( ( #4916 ) ) GLOBAL_UNIT_ASSIGNED_CONTEXT ( ( #11737, #5572, #12779 ) ) REPRESENTATION_CONTEXT ( 'NONE', 'WORKASPACE' ) );
#6806 = FACE_OUTER_BOUND ( 'NONE', #3012, .T. ) ;
#6805 = CARTESIAN_POINT ( 'NONE',  ( 2.032000000000000500, -1.778000000000000200, -10.46480000000000000 ) ) ;
#6807 = LINE ( 'NONE', #5516, #3728 ) ;
#6808 = CYLINDRICAL_SURFACE ( 'NONE', #2775, 0.1270000000000003900 ) ;
#6809 = FACE_OUTER_BOUND ( 'NONE', #5617, .T. ) ;
#6810 = ADVANCED_FACE ( 'NONE', ( #8628 ), #13390, .T. ) ;
#6811 = ORIENTED_EDGE ( 'NONE', *, *, #570, .F. ) ;
#6812 = ORIENTED_EDGE ( 'NONE', *, *, #10414, .T. ) ;
#6813 = CARTESIAN_POINT ( 'NONE',  ( -8.636000002539999400, 11.04899999999999900, 12.06500000000000300 ) ) ;
#6814 =( GEOMETRIC_REPRESENTATION_CONTEXT ( 3 ) GLOBAL_UNCERTAINTY_ASSIGNED_CONTEXT ( ( #12982 ) ) GLOBAL_UNIT_ASSIGNED_CONTEXT ( ( #2378, #9664, #3417 ) ) REPRESENTATION_CONTEXT ( 'NONE', 'WORKASPACE' ) );
#6815 = DIRECTION ( 'NONE',  ( 0.0000000000000000000, 1.000000000000000000, 0.0000000000000000000 ) ) ;
#6816 = CARTESIAN_POINT ( 'NONE',  ( -8.762999999999999900, 2.550001377000000500, -9.864998812000001400 ) ) ;
#6817 = LINE ( 'NONE', #7630, #11974 ) ;
#6818 = SURFACE_STYLE_FILL_AREA ( #6752 ) ;
#6819 = PRESENTATION_STYLE_ASSIGNMENT (( #11060 ) ) ;
#6820 = VECTOR ( 'NONE', #11570, 1000.000000000000000 ) ;
#6821 = COLOUR_RGB ( '',0.7490196078431372600, 1.000000000000000000, 1.000000000000000000 ) ;
#6822 = CARTESIAN_POINT ( 'NONE',  ( 9.016999999999999500, 8.975793326000001600, -4.581387004999999800 ) ) ;
#6823 =( NAMED_UNIT ( * ) SI_UNIT ( $, .STERADIAN. ) SOLID_ANGLE_UNIT ( ) );
#6824 = ORIENTED_EDGE ( 'NONE', *, *, #10076, .F. ) ;
#6825 = EDGE_CURVE ( 'NONE', #7532, #12498, #13117, .T. ) ;
#6826 = CARTESIAN_POINT ( 'NONE',  ( 1.270000000000000200, 0.0000000000000000000, -12.06500000000000100 ) ) ;
#6827 = STYLED_ITEM ( 'NONE', ( #5210 ), #6082 ) ;
#6828 = EDGE_LOOP ( 'NONE', ( #5507, #10006, #8693, #11153 ) ) ;
#6829 =( NAMED_UNIT ( * ) SI_UNIT ( $, .STERADIAN. ) SOLID_ANGLE_UNIT ( ) );
#6830 =( NAMED_UNIT ( * ) PLANE_ANGLE_UNIT ( ) SI_UNIT ( $, .RADIAN. ) );
#6831 = SURFACE_STYLE_USAGE ( .BOTH. , #13005 ) ;
#6832 = LINE ( 'NONE', #2529, #1134 ) ;
#6833 = ORIENTED_EDGE ( 'NONE', *, *, #7958, .T. ) ;
#6834 = LINE ( 'NONE', #11861, #4093 ) ;
#6836 = EDGE_CURVE ( 'NONE', #21, #898, #7654, .T. ) ;
#6835 = VECTOR ( 'NONE', #7261, 1000.000000000000000 ) ;
#6837 = CARTESIAN_POINT ( 'NONE',  ( -6.626043302000000200, 9.952328655000000500, 12.12850133100000100 ) ) ;
#6838 = CARTESIAN_POINT ( 'NONE',  ( 6.030280054046809100, 11.04899999999999900, 3.784029870034875600 ) ) ;
#6839 = VERTEX_POINT ( 'NONE', #9419 ) ;
#6840 = EDGE_CURVE ( 'NONE', #1415, #13264, #12795, .T. ) ;
#6841 = PLANE ( 'NONE',  #5488 ) ;
#6842 = VECTOR ( 'NONE', #64, 1000.000000000000000 ) ;
#6843 = FILL_AREA_STYLE_COLOUR ( '', #2619 ) ;
#6844 = DIRECTION ( 'NONE',  ( -1.000000000000000000, 0.0000000000000000000, 0.0000000000000000000 ) ) ;
#6845 = PLANE ( 'NONE',  #1834 ) ;
#6846 = CARTESIAN_POINT ( 'NONE',  ( -4.317999999999999600, -0.8890000000000001200, -10.46480000000000000 ) ) ;
#6847 = EDGE_CURVE ( 'NONE', #9905, #11972, #10424, .T. ) ;
#6848 = ORIENTED_EDGE ( 'NONE', *, *, #6680, .T. ) ;
#6849 = CYLINDRICAL_SURFACE ( 'NONE', #1174, 0.1269999999999999500 ) ;
#6850 = SURFACE_SIDE_STYLE ('',( #8325 ) ) ;
#6851 = SURFACE_SIDE_STYLE ('',( #10565 ) ) ;
#6852 = CIRCLE ( 'NONE', #4811, 0.3048000000000000200 ) ;
#6853 = CARTESIAN_POINT ( 'NONE',  ( 6.349999999999999600, 0.0000000000000000000, -10.46480000000000000 ) ) ;
#6854 = PLANE ( 'NONE',  #2183 ) ;
#6855 = PRESENTATION_LAYER_ASSIGNMENT (  '', '', ( #5470 ) ) ;
#6856 = VERTEX_POINT ( 'NONE', #9463 ) ;
#6857 = PRESENTATION_LAYER_ASSIGNMENT (  '', '', ( #4091 ) ) ;
#6858 = PRESENTATION_LAYER_ASSIGNMENT (  '', '', ( #7560 ) ) ;
#6859 = FACE_BOUND ( 'NONE', #8732, .T. ) ;
#6860 = SURFACE_STYLE_USAGE ( .BOTH. , #13022 ) ;
#6861 = DIRECTION ( 'NONE',  ( 1.000000000000000000, 0.0000000000000000000, 0.0000000000000000000 ) ) ;
#6862 = PRESENTATION_STYLE_ASSIGNMENT (( #667 ) ) ;
#6863 =( NAMED_UNIT ( * ) PLANE_ANGLE_UNIT ( ) SI_UNIT ( $, .RADIAN. ) );
#6864 = EDGE_CURVE ( 'NONE', #416, #10230, #2123, .T. ) ;
#6865 = CARTESIAN_POINT ( 'NONE',  ( 5.029410354999999600, 11.04899999949598300, 11.26824597584032300 ) ) ;
#6866 = FACE_OUTER_BOUND ( 'NONE', #13230, .T. ) ;
#6867 = CARTESIAN_POINT ( 'NONE',  ( 4.379490864000000100, 11.04899999999999900, 8.121589921500001800 ) ) ;
#6868 = FILL_AREA_STYLE ('',( #7061 ) ) ;
#6869 = DIRECTION ( 'NONE',  ( 0.0000000000000000000, 0.0000000000000000000, -1.000000000000000000 ) ) ;
#6870 = EDGE_LOOP ( 'NONE', ( #8585, #4924, #3041, #2199 ) ) ;
#6871 = ORIENTED_EDGE ( 'NONE', *, *, #7806, .T. ) ;
#6872 =( GEOMETRIC_REPRESENTATION_CONTEXT ( 3 ) GLOBAL_UNCERTAINTY_ASSIGNED_CONTEXT ( ( #6038 ) ) GLOBAL_UNIT_ASSIGNED_CONTEXT ( ( #50, #7342, #1090 ) ) REPRESENTATION_CONTEXT ( 'NONE', 'WORKASPACE' ) );
#6873 = CARTESIAN_POINT ( 'NONE',  ( -8.890000000000000600, 2.758984659740490600, 8.550880985221351000 ) ) ;
#6875 = MECHANICAL_DESIGN_GEOMETRIC_PRESENTATION_REPRESENTATION (  '', ( #4787 ), #7574 ) ;
#6874 = SURFACE_SIDE_STYLE ('',( #5939 ) ) ;
#6876 = CIRCLE ( 'NONE', #7224, 0.1270000000000003900 ) ;
#6877 = ADVANCED_FACE ( 'NONE', ( #7327 ), #10499, .F. ) ;
#6878 = PRESENTATION_LAYER_ASSIGNMENT (  '', '', ( #6192 ) ) ;
#6879 = ORIENTED_EDGE ( 'NONE', *, *, #9655, .F. ) ;
#6880 = ORIENTED_EDGE ( 'NONE', *, *, #1698, .F. ) ;
#6881 =( NAMED_UNIT ( * ) SI_UNIT ( $, .STERADIAN. ) SOLID_ANGLE_UNIT ( ) );
#6882 =( LENGTH_UNIT ( ) NAMED_UNIT ( * ) SI_UNIT ( .MILLI., .METRE. ) );
#6883 = VECTOR ( 'NONE', #4315, 1000.000000000000000 ) ;
#6884 = EDGE_LOOP ( 'NONE', ( #1872, #1881, #4673, #7004 ) ) ;
#6885 = FILL_AREA_STYLE_COLOUR ( '', #9609 ) ;
#6886 = LINE ( 'NONE', #10506, #12044 ) ;
#6887 = SURFACE_SIDE_STYLE ('',( #12602 ) ) ;
#6888 = FACE_OUTER_BOUND ( 'NONE', #12559, .T. ) ;
#6889 = CARTESIAN_POINT ( 'NONE',  ( -8.890000000000000600, 0.0000000000000000000, -7.935942080000001100 ) ) ;
#6890 = AXIS2_PLACEMENT_3D ( 'NONE', #4471, #11708, #5524 ) ;
#6891 = ORIENTED_EDGE ( 'NONE', *, *, #7251, .T. ) ;
#6892 = CARTESIAN_POINT ( 'NONE',  ( -8.890000000000000600, 11.04899999999999900, 0.0000000000000000000 ) ) ;
#6893 = ORIENTED_EDGE ( 'NONE', *, *, #3824, .F. ) ;
#6894 =( NAMED_UNIT ( * ) PLANE_ANGLE_UNIT ( ) SI_UNIT ( $, .RADIAN. ) );
#6895 = VERTEX_POINT ( 'NONE', #12569 ) ;
#6896 = FILL_AREA_STYLE_COLOUR ( '', #13006 ) ;
#6897 = PRESENTATION_LAYER_ASSIGNMENT (  '', '', ( #6213 ) ) ;
#6898 = VERTEX_POINT ( 'NONE', #6391 ) ;
#6899 =( NAMED_UNIT ( * ) PLANE_ANGLE_UNIT ( ) SI_UNIT ( $, .RADIAN. ) );
#6900 = SURFACE_STYLE_USAGE ( .BOTH. , #13075 ) ;
#6901 = VECTOR ( 'NONE', #8124, 1000.000000000000000 ) ;
#6902 = DIRECTION ( 'NONE',  ( -1.000000000000000000, -1.707404996040159200E-015, 0.0000000000000000000 ) ) ;
#6903 = COLOUR_RGB ( '',0.7490196078431372600, 1.000000000000000000, 1.000000000000000000 ) ;
#6904 = SURFACE_SIDE_STYLE ('',( #9322 ) ) ;
#6905 = SURFACE_STYLE_USAGE ( .BOTH. , #7079 ) ;
#6906 = EDGE_CURVE ( 'NONE', #9285, #5152, #8786, .T. ) ;
#6907 = VERTEX_POINT ( 'NONE', #1211 ) ;
#6908 = ORIENTED_EDGE ( 'NONE', *, *, #1113, .T. ) ;
#6909 = PRESENTATION_LAYER_ASSIGNMENT (  '', '', ( #5535 ) ) ;
#6910 = DIRECTION ( 'NONE',  ( -0.02660211554634339700, 0.6814043784651520100, -0.7314235438218945600 ) ) ;
#6911 = CARTESIAN_POINT ( 'NONE',  ( -8.890000000000000600, 8.848793325999999100, -5.381387436999999900 ) ) ;
#6912 = EDGE_CURVE ( 'NONE', #12299, #13116, #3577, .T. ) ;
#6913 = DIRECTION ( 'NONE',  ( 1.000000000000000000, 0.0000000000000000000, 0.0000000000000000000 ) ) ;
#6914 = DIRECTION ( 'NONE',  ( -1.000000000000000000, 0.0000000000000000000, 0.0000000000000000000 ) ) ;
#6915 = VECTOR ( 'NONE', #12657, 1000.000000000000000 ) ;
#6916 = ORIENTED_EDGE ( 'NONE', *, *, #2754, .F. ) ;
#6917 = ORIENTED_EDGE ( 'NONE', *, *, #6394, .T. ) ;
#6918 = CARTESIAN_POINT ( 'NONE',  ( 8.890000000000000600, 8.848793325999999100, -5.381387436999999900 ) ) ;
#6919 = PRESENTATION_LAYER_ASSIGNMENT (  '', '', ( #5553 ) ) ;
#6920 = DIRECTION ( 'NONE',  ( -0.0000000000000000000, -0.0000000000000000000, 1.000000000000000000 ) ) ;
#6921 = UNCERTAINTY_MEASURE_WITH_UNIT (LENGTH_MEASURE( 1.000000000000000100E-005 ), #13379, 'distance_accuracy_value', 'NONE');
#6922 = CARTESIAN_POINT ( 'NONE',  ( 8.635999999999999200, 11.04899999999999900, -11.82668283297500300 ) ) ;
#6923 = DIRECTION ( 'NONE',  ( 0.6024439926310822800, -0.7981611590040701400, 0.0000000000000000000 ) ) ;
#6924 = VERTEX_POINT ( 'NONE', #4357 ) ;
#6925 = AXIS2_PLACEMENT_3D ( 'NONE', #5455, #12670, #6486 ) ;
#6926 = CARTESIAN_POINT ( 'NONE',  ( -5.804110354999999700, 11.67612242599999900, 11.56604519000000100 ) ) ;
#6927 = DIRECTION ( 'NONE',  ( 0.0000000000000000000, 0.0000000000000000000, -1.000000000000000000 ) ) ;
#6928 = FILL_AREA_STYLE_COLOUR ( '', #3997 ) ;
#6929 = CARTESIAN_POINT ( 'NONE',  ( 8.890000000000000600, 11.04899999999999900, -12.06500000000000100 ) ) ;
#6930 = CARTESIAN_POINT ( 'NONE',  ( -8.890000000000000600, 0.0000000000000000000, -1.778000000566422000 ) ) ;
#6931 = EDGE_CURVE ( 'NONE', #12941, #3242, #11514, .T. ) ;
#6932 = SURFACE_STYLE_FILL_AREA ( #12196 ) ;
#6933 = ADVANCED_FACE ( 'NONE', ( #6333 ), #10599, .T. ) ;
#6934 = EDGE_CURVE ( 'NONE', #12081, #9155, #10247, .T. ) ;
#6935 = VERTEX_POINT ( 'NONE', #7542 ) ;
#6936 = ORIENTED_EDGE ( 'NONE', *, *, #2787, .T. ) ;
#6937 =( GEOMETRIC_REPRESENTATION_CONTEXT ( 3 ) GLOBAL_UNCERTAINTY_ASSIGNED_CONTEXT ( ( #11505 ) ) GLOBAL_UNIT_ASSIGNED_CONTEXT ( ( #6882, #636, #7935 ) ) REPRESENTATION_CONTEXT ( 'NONE', 'WORKASPACE' ) );
#6938 = PRESENTATION_STYLE_ASSIGNMENT (( #12737 ) ) ;
#6939 =( LENGTH_UNIT ( ) NAMED_UNIT ( * ) SI_UNIT ( .MILLI., .METRE. ) );
#6940 = EDGE_LOOP ( 'NONE', ( #1944, #4356, #8154, #5602, #5298, #3791 ) ) ;
#6941 = CARTESIAN_POINT ( 'NONE',  ( -0.7620000000000001200, -1.778000000000000200, -7.569200000000000400 ) ) ;
#6942 = LINE ( 'NONE', #10475, #1418 ) ;
#6943 = STYLED_ITEM ( 'NONE', ( #1634 ), #4219 ) ;
#6944 = COLOUR_RGB ( '',0.7529411764705882200, 1.000000000000000000, 1.000000000000000000 ) ;
#6945 = SURFACE_STYLE_FILL_AREA ( #3298 ) ;
#6946 = CARTESIAN_POINT ( 'NONE',  ( -8.890000000000002300, 0.9500005125555001100, -9.864998812275002700 ) ) ;
#6947 = AXIS2_PLACEMENT_3D ( 'NONE', #1234, #1282, #1340 ) ;
#6948 = VERTEX_POINT ( 'NONE', #1308 ) ;
#6949 = AXIS2_PLACEMENT_3D ( 'NONE', #11190, #4985, #12204 ) ;
#6950 = FACE_OUTER_BOUND ( 'NONE', #7629, .T. ) ;
#6951 = EDGE_CURVE ( 'NONE', #11791, #3360, #4716, .T. ) ;
#6952 = ORIENTED_EDGE ( 'NONE', *, *, #3789, .T. ) ;
#6953 = CARTESIAN_POINT ( 'NONE',  ( 8.890000000000002300, 0.9500005112220001300, -10.51499916300000100 ) ) ;
#6954 = FACE_OUTER_BOUND ( 'NONE', #11224, .T. ) ;
#6955 = COLOUR_RGB ( '',0.7490196078431372600, 1.000000000000000000, 1.000000000000000000 ) ;
#6956 = SURFACE_SIDE_STYLE ('',( #9863 ) ) ;
#6957 = FILL_AREA_STYLE_COLOUR ( '', #8442 ) ;
#6958 = CARTESIAN_POINT ( 'NONE',  ( 6.683662506000000100, 9.954909269000001600, 12.06500000000000100 ) ) ;
#6959 = PRESENTATION_STYLE_ASSIGNMENT (( #12244 ) ) ;
#6960 = LINE ( 'NONE', #5718, #12441 ) ;
#6961 = FILL_AREA_STYLE_COLOUR ( '', #3975 ) ;
#6962 = ORIENTED_EDGE ( 'NONE', *, *, #7262, .F. ) ;
#6963 = ORIENTED_EDGE ( 'NONE', *, *, #7799, .F. ) ;
#6964 = LINE ( 'NONE', #7755, #12444 ) ;
#6965 = VECTOR ( 'NONE', #7953, 1000.000000000000000 ) ;
#6966 = LINE ( 'NONE', #5030, #1449 ) ;
#6967 = PRESENTATION_LAYER_ASSIGNMENT (  '', '', ( #6265 ) ) ;
#6968 = DIRECTION ( 'NONE',  ( -0.0000000000000000000, -0.0000000000000000000, 1.000000000000000000 ) ) ;
#6969 = CARTESIAN_POINT ( 'NONE',  ( 5.333999999999999600, -1.778000000000000200, -7.569200000000000400 ) ) ;
#6970 = CIRCLE ( 'NONE', #12201, 0.5000000000000004400 ) ;
#6971 = PRESENTATION_STYLE_ASSIGNMENT (( #1277 ) ) ;
#6972 = CARTESIAN_POINT ( 'NONE',  ( -8.826499999999999300, 1.150000620999998000, -10.24599881180457700 ) ) ;
#6973 = ORIENTED_EDGE ( 'NONE', *, *, #3358, .F. ) ;
#6974 =( NAMED_UNIT ( * ) SI_UNIT ( $, .STERADIAN. ) SOLID_ANGLE_UNIT ( ) );
#6975 = AXIS2_PLACEMENT_3D ( 'NONE', #10775, #402, #7705 ) ;
#6976 =( NAMED_UNIT ( * ) SI_UNIT ( $, .STERADIAN. ) SOLID_ANGLE_UNIT ( ) );
#6977 = COLOUR_RGB ( '',0.7490196078431372600, 1.000000000000000000, 1.000000000000000000 ) ;
#6978 = DIRECTION ( 'NONE',  ( -0.7191104300310848800, 0.0000000000000000000, -0.6948958119175191500 ) ) ;
#6979 = FILL_AREA_STYLE_COLOUR ( '', #10401 ) ;
#6980 = EDGE_LOOP ( 'NONE', ( #9720, #744, #309, #7062 ) ) ;
#6981 = EDGE_LOOP ( 'NONE', ( #561, #4966, #1936 ) ) ;
#6982 =( NAMED_UNIT ( * ) SI_UNIT ( $, .STERADIAN. ) SOLID_ANGLE_UNIT ( ) );
#6983 = VECTOR ( 'NONE', #10544, 1000.000000000000000 ) ;
#6984 =( GEOMETRIC_REPRESENTATION_CONTEXT ( 3 ) GLOBAL_UNCERTAINTY_ASSIGNED_CONTEXT ( ( #4842 ) ) GLOBAL_UNIT_ASSIGNED_CONTEXT ( ( #850, #8146, #1907 ) ) REPRESENTATION_CONTEXT ( 'NONE', 'WORKASPACE' ) );
#6985 = CARTESIAN_POINT ( 'NONE',  ( 4.829075255999998500, -1.778000000000000200, 0.2782206890000000800 ) ) ;
#6986 = LINE ( 'NONE', #2887, #6654 ) ;
#6987 = ORIENTED_EDGE ( 'NONE', *, *, #9932, .T. ) ;
#6988 = CARTESIAN_POINT ( 'NONE',  ( -8.889999999999998800, 2.776954805000000800, 10.05299548000000000 ) ) ;
#6989 = DIRECTION ( 'NONE',  ( 1.000000000000000000, -0.0000000000000000000, 0.0000000000000000000 ) ) ;
#6990 = CARTESIAN_POINT ( 'NONE',  ( 4.260881636811519400, 11.29235518297164200, 11.38274339753813700 ) ) ;
#6991 = DIRECTION ( 'NONE',  ( -1.000000000000000000, -8.537024980200796200E-016, 0.0000000000000000000 ) ) ;
#6992 = CARTESIAN_POINT ( 'NONE',  ( 0.7620000000000001200, -0.8890000000000001200, -7.935942080000001100 ) ) ;
#6993 = SURFACE_STYLE_FILL_AREA ( #8569 ) ;
#6994 = ORIENTED_EDGE ( 'NONE', *, *, #5583, .F. ) ;
#6995 =( NAMED_UNIT ( * ) SI_UNIT ( $, .STERADIAN. ) SOLID_ANGLE_UNIT ( ) );
#6996 = EDGE_CURVE ( 'NONE', #6657, #8265, #7487, .T. ) ;
#6997 = FILL_AREA_STYLE ('',( #12088 ) ) ;
#6998 = PRESENTATION_LAYER_ASSIGNMENT (  '', '', ( #5615 ) ) ;
#6999 = LINE ( 'NONE', #12173, #9802 ) ;
#7000 = PLANE ( 'NONE',  #9413 ) ;
#7001 =( NAMED_UNIT ( * ) PLANE_ANGLE_UNIT ( ) SI_UNIT ( $, .RADIAN. ) );
#7002 = UNCERTAINTY_MEASURE_WITH_UNIT (LENGTH_MEASURE( 1.000000000000000100E-005 ), #3864, 'distance_accuracy_value', 'NONE');
#7003 = ADVANCED_FACE ( 'NONE', ( #12630 ), #297, .F. ) ;
#7004 = ORIENTED_EDGE ( 'NONE', *, *, #12462, .T. ) ;
#7005 = LINE ( 'NONE', #1487, #1146 ) ;
#7006 = SURFACE_STYLE_FILL_AREA ( #9584 ) ;
#7007 = PRESENTATION_LAYER_ASSIGNMENT (  '', '', ( #5625 ) ) ;
#7008 = ORIENTED_EDGE ( 'NONE', *, *, #3662, .T. ) ;
#7009 = LINE ( 'NONE', #12183, #12499 ) ;
#7010 = FACE_OUTER_BOUND ( 'NONE', #11881, .T. ) ;
#7011 =( GEOMETRIC_REPRESENTATION_CONTEXT ( 3 ) GLOBAL_UNCERTAINTY_ASSIGNED_CONTEXT ( ( #7129 ) ) GLOBAL_UNIT_ASSIGNED_CONTEXT ( ( #3550, #10834, #4594 ) ) REPRESENTATION_CONTEXT ( 'NONE', 'WORKASPACE' ) );
#7012 = CARTESIAN_POINT ( 'NONE',  ( -5.950000000000000200, 1.345799999999999900, 12.06500000000000100 ) ) ;
#7013 = EDGE_CURVE ( 'NONE', #8617, #11208, #11668, .T. ) ;
#7014 = DIRECTION ( 'NONE',  ( 0.0000000000000000000, -0.7071067811865480200, -0.7071067811865470200 ) ) ;
#7015 = MECHANICAL_DESIGN_GEOMETRIC_PRESENTATION_REPRESENTATION (  '', ( #4934 ), #7725 ) ;
#7016 = SURFACE_STYLE_USAGE ( .BOTH. , #600 ) ;
#7017 = DIRECTION ( 'NONE',  ( 1.000000000000000000, 0.0000000000000000000, 0.0000000000000000000 ) ) ;
#7018 = PLANE ( 'NONE',  #11123 ) ;
#7019 = ORIENTED_EDGE ( 'NONE', *, *, #6499, .F. ) ;
#7020 = CARTESIAN_POINT ( 'NONE',  ( 9.016999999999999500, 1.842001269000000100, -10.24599881200000000 ) ) ;
#7021 = PLANE ( 'NONE',  #10556 ) ;
#7022 = FACE_OUTER_BOUND ( 'NONE', #3706, .T. ) ;
#7023 =( GEOMETRIC_REPRESENTATION_CONTEXT ( 3 ) GLOBAL_UNCERTAINTY_ASSIGNED_CONTEXT ( ( #3730 ) ) GLOBAL_UNIT_ASSIGNED_CONTEXT ( ( #5793, #13002, #6829 ) ) REPRESENTATION_CONTEXT ( 'NONE', 'WORKASPACE' ) );
#7024 = PRESENTATION_LAYER_ASSIGNMENT (  '', '', ( #5654 ) ) ;
#7025 = ADVANCED_FACE ( 'NONE', ( #8942 ), #1395, .F. ) ;
#7026 = PRESENTATION_LAYER_ASSIGNMENT (  '', '', ( #6335 ) ) ;
#7027 = SURFACE_SIDE_STYLE ('',( #7999 ) ) ;
#7028 = ORIENTED_EDGE ( 'NONE', *, *, #5994, .F. ) ;
#7029 =( NAMED_UNIT ( * ) PLANE_ANGLE_UNIT ( ) SI_UNIT ( $, .RADIAN. ) );
#7030 = EDGE_CURVE ( 'NONE', #5982, #5008, #2452, .T. ) ;
#7031 = ORIENTED_EDGE ( 'NONE', *, *, #8758, .F. ) ;
#7032 = FILL_AREA_STYLE_COLOUR ( '', #6039 ) ;
#7033 = CARTESIAN_POINT ( 'NONE',  ( -6.388072139125809700, -1.778000000000000500, -1.051672975121573000 ) ) ;
#7034 =( NAMED_UNIT ( * ) PLANE_ANGLE_UNIT ( ) SI_UNIT ( $, .RADIAN. ) );
#7035 = CARTESIAN_POINT ( 'NONE',  ( -0.7620000000000004500, 0.0000000000000000000, -7.569200000000000400 ) ) ;
#7036 = ORIENTED_EDGE ( 'NONE', *, *, #9360, .F. ) ;
#7037 = SURFACE_STYLE_USAGE ( .BOTH. , #13207 ) ;
#7039 = AXIS2_PLACEMENT_3D ( 'NONE', #4886, #4635, #2481 ) ;
#7038 = CARTESIAN_POINT ( 'NONE',  ( -8.890000000000000600, 5.524499999999999700, -9.864998813100001500 ) ) ;
#7040 = FILL_AREA_STYLE ('',( #1863 ) ) ;
#7041 = PLANE ( 'NONE',  #1500 ) ;
#7042 = ORIENTED_EDGE ( 'NONE', *, *, #5896, .T. ) ;
#7043 = STYLED_ITEM ( 'NONE', ( #1507 ), #10317 ) ;
#7044 = PLANE ( 'NONE',  #2885 ) ;
#7045 = AXIS2_PLACEMENT_3D ( 'NONE', #6985, #1761, #732 ) ;
#7046 = LINE ( 'NONE', #7983, #6724 ) ;
#7047 = VERTEX_POINT ( 'NONE', #1446 ) ;
#7048 = CARTESIAN_POINT ( 'NONE',  ( 4.270036903646158100, 11.18252178205955100, 11.13101989364586500 ) ) ;
#7049 = DIRECTION ( 'NONE',  ( 0.0000000000000000000, 1.000000000000000000, 0.0000000000000000000 ) ) ;
#7050 = FILL_AREA_STYLE ('',( #5117 ) ) ;
#7051 = ORIENTED_EDGE ( 'NONE', *, *, #5660, .F. ) ;
#7052 = AXIS2_PLACEMENT_3D ( 'NONE', #6410, #180, #7475 ) ;
#7053 = DIRECTION ( 'NONE',  ( 1.000000000000000000, 0.0000000000000000000, 0.0000000000000000000 ) ) ;
#7054 = VECTOR ( 'NONE', #2020, 1000.000000000000100 ) ;
#7055 = DIRECTION ( 'NONE',  ( 0.0000000000000000000, 0.0000000000000000000, 1.000000000000000000 ) ) ;
#7056 = PRESENTATION_STYLE_ASSIGNMENT (( #712 ) ) ;
#7057 =( NAMED_UNIT ( * ) SI_UNIT ( $, .STERADIAN. ) SOLID_ANGLE_UNIT ( ) );
#7058 = SURFACE_SIDE_STYLE ('',( #10552 ) ) ;
#7059 = CARTESIAN_POINT ( 'NONE',  ( 5.530603067000000400, 11.04899999999999900, 3.301999996825000200 ) ) ;
#7060 = MECHANICAL_DESIGN_GEOMETRIC_PRESENTATION_REPRESENTATION (  '', ( #4986 ), #7776 ) ;
#7061 = FILL_AREA_STYLE_COLOUR ( '', #12130 ) ;
#7062 = ORIENTED_EDGE ( 'NONE', *, *, #4393, .F. ) ;
#7063 = ORIENTED_EDGE ( 'NONE', *, *, #2520, .T. ) ;
#7064 = CARTESIAN_POINT ( 'NONE',  ( -9.720360444999999000, 3.942475241000000400, 10.12369416500000000 ) ) ;
#7065 = ADVANCED_FACE ( 'NONE', ( #13104 ), #9793, .T. ) ;
#7066 = EDGE_LOOP ( 'NONE', ( #6445, #12282, #6285, #8948 ) ) ;
#7067 = CARTESIAN_POINT ( 'NONE',  ( -8.762999999999999900, 0.9500005130000001000, -11.06499945999999900 ) ) ;
#7068 = EDGE_CURVE ( 'NONE', #8700, #7957, #6646, .T. ) ;
#7069 = LINE ( 'NONE', #1422, #1550 ) ;
#7070 = DIRECTION ( 'NONE',  ( 0.6816456128720466100, -0.7316824847242771000, 0.0000000000000000000 ) ) ;
#7071 = AXIS2_PLACEMENT_3D ( 'NONE', #10591, #4348, #11586 ) ;
#7072 = VERTEX_POINT ( 'NONE', #10858 ) ;
#7073 = VERTEX_POINT ( 'NONE', #5684 ) ;
#7074 = SURFACE_STYLE_USAGE ( .BOTH. , #13258 ) ;
#7075 = CARTESIAN_POINT ( 'NONE',  ( -3.301999999999999600, -1.778000000000000200, -7.569200000000000400 ) ) ;
#7076 = VERTEX_POINT ( 'NONE', #12881 ) ;
#7077 = ORIENTED_EDGE ( 'NONE', *, *, #4540, .T. ) ;
#7078 = SURFACE_STYLE_USAGE ( .BOTH. , #13263 ) ;
#7079 = SURFACE_SIDE_STYLE ('',( #10727 ) ) ;
#7080 = EDGE_CURVE ( 'NONE', #1373, #8791, #2354, .T. ) ;
#7081 = CARTESIAN_POINT ( 'NONE',  ( -1.778000000000000000, 0.0000000000000000000, -10.46480000000000000 ) ) ;
#7082 =( NAMED_UNIT ( * ) PLANE_ANGLE_UNIT ( ) SI_UNIT ( $, .RADIAN. ) );
#7083 = CARTESIAN_POINT ( 'NONE',  ( -4.829075255999998500, -1.778000000000000200, 0.2782206890000000800 ) ) ;
#7084 = CARTESIAN_POINT ( 'NONE',  ( 8.762999999999999900, -1.165775448000000000, -1.778000000000000200 ) ) ;
#7085 = LINE ( 'NONE', #2719, #1568 ) ;
#7086 = EDGE_CURVE ( 'NONE', #4869, #7673, #9435, .T. ) ;
#7087 = ORIENTED_EDGE ( 'NONE', *, *, #11259, .T. ) ;
#7088 = ORIENTED_EDGE ( 'NONE', *, *, #12650, .F. ) ;
#7089 = CARTESIAN_POINT ( 'NONE',  ( -8.890000000000000600, 2.550001375952250200, -11.06499946012500000 ) ) ;
#7090 = ADVANCED_FACE ( 'NONE', ( #1108 ), #467, .T. ) ;
#7091 = EDGE_CURVE ( 'NONE', #6158, #13198, #10890, .T. ) ;
#7092 = ORIENTED_EDGE ( 'NONE', *, *, #11253, .F. ) ;
#7093 = ORIENTED_EDGE ( 'NONE', *, *, #10260, .F. ) ;
#7094 = VECTOR ( 'NONE', #1567, 1000.000000000000000 ) ;
#7095 = CARTESIAN_POINT ( 'NONE',  ( 6.388072139125809700, 3.767037750554885100E-017, -1.051672975121572500 ) ) ;
#7096 = CARTESIAN_POINT ( 'NONE',  ( -8.635999999999999200, 0.0000000000000000000, 12.06500000000000100 ) ) ;
#7097 = CARTESIAN_POINT ( 'NONE',  ( 8.382000000000001400, 2.276954804999999500, 10.05299548009617400 ) ) ;
#7098 = STYLED_ITEM ( 'NONE', ( #13092 ), #3280 ) ;
#7099 = FILL_AREA_STYLE ('',( #6070 ) ) ;
#7100 = FACE_OUTER_BOUND ( 'NONE', #197, .T. ) ;
#7101 = FILL_AREA_STYLE_COLOUR ( '', #11214 ) ;
#7102 =( NAMED_UNIT ( * ) SI_UNIT ( $, .STERADIAN. ) SOLID_ANGLE_UNIT ( ) );
#7103 = STYLED_ITEM ( 'NONE', ( #1271 ), #861 ) ;
#7104 = VERTEX_POINT ( 'NONE', #551 ) ;
#7105 = VECTOR ( 'NONE', #12291, 1000.000000000000000 ) ;
#7106 = MECHANICAL_DESIGN_GEOMETRIC_PRESENTATION_REPRESENTATION (  '', ( #5036 ), #7822 ) ;
#7107 = SURFACE_SIDE_STYLE ('',( #10277 ) ) ;
#7108 = FILL_AREA_STYLE_COLOUR ( '', #6460 ) ;
#7109 = COLOUR_RGB ( '',0.7490196078431372600, 1.000000000000000000, 1.000000000000000000 ) ;
#7110 = PRESENTATION_STYLE_ASSIGNMENT (( #4203 ) ) ;
#7111 = ORIENTED_EDGE ( 'NONE', *, *, #5760, .F. ) ;
#7112 = UNCERTAINTY_MEASURE_WITH_UNIT (LENGTH_MEASURE( 1.000000000000000100E-005 ), #4904, 'distance_accuracy_value', 'NONE');
#7113 = DIRECTION ( 'NONE',  ( -3.469446951953611000E-015, -1.000000000000000000, 0.0000000000000000000 ) ) ;
#7114 = EDGE_CURVE ( 'NONE', #6142, #616, #5360, .T. ) ;
#7115 = LINE ( 'NONE', #11463, #9573 ) ;
#7116 = VECTOR ( 'NONE', #5124, 1000.000000000000200 ) ;
#7117 = AXIS2_PLACEMENT_3D ( 'NONE', #6516, #275, #7568 ) ;
#7118 = ORIENTED_EDGE ( 'NONE', *, *, #11335, .T. ) ;
#7119 =( NAMED_UNIT ( * ) PLANE_ANGLE_UNIT ( ) SI_UNIT ( $, .RADIAN. ) );
#7120 = PLANE ( 'NONE',  #10276 ) ;
#7121 = ORIENTED_EDGE ( 'NONE', *, *, #2225, .T. ) ;
#7122 = VECTOR ( 'NONE', #5766, 1000.000000000000000 ) ;
#7123 = ORIENTED_EDGE ( 'NONE', *, *, #10001, .T. ) ;
#7124 =( GEOMETRIC_REPRESENTATION_CONTEXT ( 3 ) GLOBAL_UNCERTAINTY_ASSIGNED_CONTEXT ( ( #11146 ) ) GLOBAL_UNIT_ASSIGNED_CONTEXT ( ( #3942, #11183, #4978 ) ) REPRESENTATION_CONTEXT ( 'NONE', 'WORKASPACE' ) );
#7125 = LINE ( 'NONE', #2692, #1603 ) ;
#7126 = CARTESIAN_POINT ( 'NONE',  ( -8.890000000000000600, 0.0000000000000000000, -8.964998325999999900 ) ) ;
#7127 = CARTESIAN_POINT ( 'NONE',  ( 2.793999999999999600, 0.0000000000000000000, -7.569200000000000400 ) ) ;
#7128 = PRESENTATION_LAYER_ASSIGNMENT (  '', '', ( #5754 ) ) ;
#7129 = UNCERTAINTY_MEASURE_WITH_UNIT (LENGTH_MEASURE( 1.000000000000000100E-005 ), #3550, 'distance_accuracy_value', 'NONE');
#7130 = PRESENTATION_STYLE_ASSIGNMENT (( #10193 ) ) ;
#7131 = ORIENTED_EDGE ( 'NONE', *, *, #8675, .T. ) ;
#7132 = CARTESIAN_POINT ( 'NONE',  ( -8.382000000000001400, 6.649992329499999000, 8.410946632999998200 ) ) ;
#7134 = PRESENTATION_STYLE_ASSIGNMENT (( #3799 ) ) ;
#7133 = DIRECTION ( 'NONE',  ( 0.0000000000000000000, 0.0000000000000000000, -1.000000000000000000 ) ) ;
#7135 = PRESENTATION_LAYER_ASSIGNMENT (  '', '', ( #7842 ) ) ;
#7136 = ORIENTED_EDGE ( 'NONE', *, *, #450, .T. ) ;
#7137 = EDGE_CURVE ( 'NONE', #4101, #6521, #8120, .T. ) ;
#7138 =( NAMED_UNIT ( * ) SI_UNIT ( $, .STERADIAN. ) SOLID_ANGLE_UNIT ( ) );
#7139 = LINE ( 'NONE', #5689, #4382 ) ;
#7140 = SURFACE_STYLE_FILL_AREA ( #10032 ) ;
#7141 = CARTESIAN_POINT ( 'NONE',  ( -5.333999999999999600, 0.0000000000000000000, -7.924799999999999400 ) ) ;
#7142 = PRESENTATION_STYLE_ASSIGNMENT (( #3383 ) ) ;
#7143 =( NAMED_UNIT ( * ) SI_UNIT ( $, .STERADIAN. ) SOLID_ANGLE_UNIT ( ) );
#7144 = EDGE_CURVE ( 'NONE', #1351, #5543, #5692, .T. ) ;
#7145 = ADVANCED_FACE ( 'NONE', ( #13261 ), #5818, .F. ) ;
#7146 = COLOUR_RGB ( '',0.7490196078431372600, 1.000000000000000000, 1.000000000000000000 ) ;
#7147 = LINE ( 'NONE', #10297, #9614 ) ;
#7148 = PRESENTATION_STYLE_ASSIGNMENT (( #7891 ) ) ;
#7149 = CARTESIAN_POINT ( 'NONE',  ( -8.635999999999999200, 9.737793325659740900, -4.581387004999999800 ) ) ;
#7150 = ORIENTED_EDGE ( 'NONE', *, *, #9314, .F. ) ;
#7151 = PRESENTATION_STYLE_ASSIGNMENT (( #8632 ) ) ;
#7152 = DIRECTION ( 'NONE',  ( -1.000000000000000000, -0.0000000000000000000, -0.0000000000000000000 ) ) ;
#7153 = VERTEX_POINT ( 'NONE', #10906 ) ;
#7154 =( NAMED_UNIT ( * ) PLANE_ANGLE_UNIT ( ) SI_UNIT ( $, .RADIAN. ) );
#7155 =( NAMED_UNIT ( * ) PLANE_ANGLE_UNIT ( ) SI_UNIT ( $, .RADIAN. ) );
#7156 = DIRECTION ( 'NONE',  ( 0.0000000000000000000, 0.0000000000000000000, -1.000000000000000000 ) ) ;
#7157 = VERTEX_POINT ( 'NONE', #5868 ) ;
#7158 = SURFACE_SIDE_STYLE ('',( #6266 ) ) ;
#7159 = CYLINDRICAL_SURFACE ( 'NONE', #7658, 2.457802204000000500 ) ;
#7160 = DIRECTION ( 'NONE',  ( 0.0000000000000000000, 1.000000000000000000, 0.0000000000000000000 ) ) ;
#7161 = VECTOR ( 'NONE', #13374, 1000.000000000000000 ) ;
#7162 =( NAMED_UNIT ( * ) SI_UNIT ( $, .STERADIAN. ) SOLID_ANGLE_UNIT ( ) );
#7163 =( LENGTH_UNIT ( ) NAMED_UNIT ( * ) SI_UNIT ( .MILLI., .METRE. ) );
#7164 = LINE ( 'NONE', #8577, #4401 ) ;
#7165 = ORIENTED_EDGE ( 'NONE', *, *, #2764, .F. ) ;
#7166 =( NAMED_UNIT ( * ) SI_UNIT ( $, .STERADIAN. ) SOLID_ANGLE_UNIT ( ) );
#7167 = EDGE_CURVE ( 'NONE', #6738, #3490, #9598, .T. ) ;
#7168 = UNCERTAINTY_MEASURE_WITH_UNIT (LENGTH_MEASURE( 1.000000000000000100E-005 ), #10442, 'distance_accuracy_value', 'NONE');
#7169 = SURFACE_SIDE_STYLE ('',( #9769 ) ) ;
#7170 = STYLED_ITEM ( 'NONE', ( #11851 ), #5461 ) ;
#7171 = CARTESIAN_POINT ( 'NONE',  ( -2.794000000000000000, -1.778000000000000200, -7.924799999999999400 ) ) ;
#7172 = ADVANCED_FACE ( 'NONE', ( #6809 ), #11980, .T. ) ;
#7173 = ORIENTED_EDGE ( 'NONE', *, *, #9957, .F. ) ;
#7174 = DIRECTION ( 'NONE',  ( 0.0000000000000000000, 0.0000000000000000000, 1.000000000000000000 ) ) ;
#7175 = FACE_OUTER_BOUND ( 'NONE', #4690, .T. ) ;
#7176 = CARTESIAN_POINT ( 'NONE',  ( -8.970000965933040900, 10.26972777553648300, 8.837321822779483000 ) ) ;
#7177 = DIRECTION ( 'NONE',  ( 1.000000000000000000, 0.0000000000000000000, 0.0000000000000000000 ) ) ;
#7179 = EDGE_CURVE ( 'NONE', #4027, #10569, #11031, .T. ) ;
#7178 = VECTOR ( 'NONE', #2737, 1000.000000000000000 ) ;
#7180 = DIRECTION ( 'NONE',  ( 0.0000000000000000000, 1.000000000000000000, 0.0000000000000000000 ) ) ;
#7181 =( LENGTH_UNIT ( ) NAMED_UNIT ( * ) SI_UNIT ( .MILLI., .METRE. ) );
#7182 = MECHANICAL_DESIGN_GEOMETRIC_PRESENTATION_REPRESENTATION (  '', ( #5097 ), #7877 ) ;
#7183 = UNCERTAINTY_MEASURE_WITH_UNIT (LENGTH_MEASURE( 1.000000000000000100E-005 ), #8808, 'distance_accuracy_value', 'NONE');
#7184 = UNCERTAINTY_MEASURE_WITH_UNIT (LENGTH_MEASURE( 1.000000000000000100E-005 ), #9541, 'distance_accuracy_value', 'NONE');
#7185 = EDGE_CURVE ( 'NONE', #11117, #10720, #8276, .T. ) ;
#7186 = ORIENTED_EDGE ( 'NONE', *, *, #12261, .T. ) ;
#7187 = DIRECTION ( 'NONE',  ( 0.0000000000000000000, -1.000000000000000000, 0.0000000000000000000 ) ) ;
#7188 = EDGE_CURVE ( 'NONE', #10333, #3725, #286, .T. ) ;
#7189 = FILL_AREA_STYLE_COLOUR ( '', #1973 ) ;
#7190 = FILL_AREA_STYLE_COLOUR ( '', #7712 ) ;
#7191 = DIRECTION ( 'NONE',  ( 0.0000000000000000000, 0.0000000000000000000, 1.000000000000000000 ) ) ;
#7192 = CARTESIAN_POINT ( 'NONE',  ( 4.825999999999999600, -1.778000000000000200, -7.569200000000000400 ) ) ;
#7193 = AXIS2_PLACEMENT_3D ( 'NONE', #10184, #10064, #10012 ) ;
#7194 = DIRECTION ( 'NONE',  ( -0.0000000000000000000, -0.9993539390632588700, 0.03594029046555317900 ) ) ;
#7195 = PRESENTATION_LAYER_ASSIGNMENT (  '', '', ( #7893 ) ) ;
#7196 = ORIENTED_EDGE ( 'NONE', *, *, #8392, .F. ) ;
#7197 = MECHANICAL_DESIGN_GEOMETRIC_PRESENTATION_REPRESENTATION (  '', ( #5115 ), #7894 ) ;
#7198 = ORIENTED_EDGE ( 'NONE', *, *, #7844, .T. ) ;
#7199 = ORIENTED_EDGE ( 'NONE', *, *, #4140, .F. ) ;
#7200 = CARTESIAN_POINT ( 'NONE',  ( 4.496466545586936400, 11.08582716786231300, 4.905350693147797300 ) ) ;
#7201 = FILL_AREA_STYLE_COLOUR ( '', #3683 ) ;
#7202 = FILL_AREA_STYLE_COLOUR ( '', #5989 ) ;
#7203 = EDGE_CURVE ( 'NONE', #290, #4053, #5514, .T. ) ;
#7204 = DIRECTION ( 'NONE',  ( -1.000000000000000000, -0.0000000000000000000, -0.0000000000000000000 ) ) ;
#7205 = CARTESIAN_POINT ( 'NONE',  ( -4.254710354999999400, 8.142580277000002200, 8.064649543000001600 ) ) ;
#7206 = EDGE_CURVE ( 'NONE', #782, #8681, #7955, .T. ) ;
#7207 = STYLED_ITEM ( 'NONE', ( #6286 ), #8720 ) ;
#7208 = DIRECTION ( 'NONE',  ( -0.0000000000000000000, -0.0000000000000000000, 1.000000000000000000 ) ) ;
#7209 =( LENGTH_UNIT ( ) NAMED_UNIT ( * ) SI_UNIT ( .MILLI., .METRE. ) );
#7210 = EDGE_LOOP ( 'NONE', ( #6739, #7602, #8515, #5582, #6542, #9980, #8178, #840 ) ) ;
#7211 =( NAMED_UNIT ( * ) PLANE_ANGLE_UNIT ( ) SI_UNIT ( $, .RADIAN. ) );
#7212 = ORIENTED_EDGE ( 'NONE', *, *, #2062, .T. ) ;
#7213 = AXIS2_PLACEMENT_3D ( 'NONE', #4305, #11546, #5361 ) ;
#7214 = ADVANCED_FACE ( 'NONE', ( #2433 ), #3881, .T. ) ;
#7215 = EDGE_LOOP ( 'NONE', ( #4022, #10822, #4300, #7118 ) ) ;
#7216 =( GEOMETRIC_REPRESENTATION_CONTEXT ( 3 ) GLOBAL_UNCERTAINTY_ASSIGNED_CONTEXT ( ( #9602 ) ) GLOBAL_UNIT_ASSIGNED_CONTEXT ( ( #6429, #195, #7502 ) ) REPRESENTATION_CONTEXT ( 'NONE', 'WORKASPACE' ) );
#7217 = SURFACE_SIDE_STYLE ('',( #7823 ) ) ;
#7218 = FILL_AREA_STYLE_COLOUR ( '', #1954 ) ;
#7219 = VECTOR ( 'NONE', #4080, 1000.000000000000000 ) ;
#7220 = PRESENTATION_LAYER_ASSIGNMENT (  '', '', ( #5844 ) ) ;
#7221 = FILL_AREA_STYLE_COLOUR ( '', #10628 ) ;
#7222 = EDGE_CURVE ( 'NONE', #8895, #3833, #1433, .T. ) ;
#7223 = ORIENTED_EDGE ( 'NONE', *, *, #383, .F. ) ;
#7224 = AXIS2_PLACEMENT_3D ( 'NONE', #10951, #4733, #11941 ) ;
#7225 = ORIENTED_EDGE ( 'NONE', *, *, #8081, .T. ) ;
#7226 = EDGE_CURVE ( 'NONE', #9789, #10047, #12118, .T. ) ;
#7227 = FACE_OUTER_BOUND ( 'NONE', #12080, .T. ) ;
#7228 =( NAMED_UNIT ( * ) SI_UNIT ( $, .STERADIAN. ) SOLID_ANGLE_UNIT ( ) );
#7229 = DIRECTION ( 'NONE',  ( 0.0000000000000000000, 0.0000000000000000000, 1.000000000000000000 ) ) ;
#7230 = VERTEX_POINT ( 'NONE', #3948 ) ;
#7232 = STYLED_ITEM ( 'NONE', ( #13460 ), #2733 ) ;
#7231 = DIRECTION ( 'NONE',  ( 0.0000000000000000000, 0.0000000000000000000, -1.000000000000000000 ) ) ;
#7233 = DIRECTION ( 'NONE',  ( 0.0000000000000000000, 0.0000000000000000000, 1.000000000000000000 ) ) ;
#7234 = CARTESIAN_POINT ( 'NONE',  ( 7.772400000000000200, -0.8890000000000001200, 8.000999999999999400 ) ) ;
#7235 = PRESENTATION_LAYER_ASSIGNMENT (  '', '', ( #5856 ) ) ;
#7236 = ORIENTED_EDGE ( 'NONE', *, *, #9384, .T. ) ;
#7237 = CARTESIAN_POINT ( 'NONE',  ( 8.826499999999999300, 1.150000621000000200, -10.24599881200000000 ) ) ;
#7238 = ADVANCED_FACE ( 'NONE', ( #1091, #9089, #6629, #3549, #6304, #769, #11488, #8757, #5996, #3237, #432, #11172, #8425, #5674, #2915, #112, #10871, #8104, #5342, #2592 ), #11189, .F. ) ;
#7239 = AXIS2_PLACEMENT_3D ( 'NONE', #7492, #1246, #8521 ) ;
#7240 = LINE ( 'NONE', #10843, #1707 ) ;
#7241 = CARTESIAN_POINT ( 'NONE',  ( 5.796293869530942700, 11.37117404642888700, 11.27807826195021500 ) ) ;
#7242 = DIRECTION ( 'NONE',  ( 0.0000000000000000000, -1.000000000000000000, 0.0000000000000000000 ) ) ;
#7243 = SURFACE_STYLE_USAGE ( .BOTH. , #7158 ) ;
#7244 = EDGE_LOOP ( 'NONE', ( #11127, #10054, #8237, #9272 ) ) ;
#7245 = EDGE_LOOP ( 'NONE', ( #8241, #10613, #11823, #10946 ) ) ;
#7246 = SURFACE_SIDE_STYLE ('',( #7790 ) ) ;
#7247 = CARTESIAN_POINT ( 'NONE',  ( 8.636000000000001000, 9.229793325895807100, -5.181387328999999700 ) ) ;
#7248 =( NAMED_UNIT ( * ) SI_UNIT ( $, .STERADIAN. ) SOLID_ANGLE_UNIT ( ) );
#7249 = SURFACE_STYLE_USAGE ( .BOTH. , #13430 ) ;
#7250 = ORIENTED_EDGE ( 'NONE', *, *, #3500, .F. ) ;
#7251 = EDGE_CURVE ( 'NONE', #10976, #5556, #9576, .T. ) ;
#7252 = COLOUR_RGB ( '',0.7490196078431372600, 1.000000000000000000, 1.000000000000000000 ) ;
#7253 =( NAMED_UNIT ( * ) PLANE_ANGLE_UNIT ( ) SI_UNIT ( $, .RADIAN. ) );
#7254 = FILL_AREA_STYLE ('',( #13438 ) ) ;
#7255 = ORIENTED_EDGE ( 'NONE', *, *, #4928, .F. ) ;
#7256 = UNCERTAINTY_MEASURE_WITH_UNIT (LENGTH_MEASURE( 1.000000000000000100E-005 ), #9644, 'distance_accuracy_value', 'NONE');
#7257 = VECTOR ( 'NONE', #7657, 1000.000000000000000 ) ;
#7258 = ORIENTED_EDGE ( 'NONE', *, *, #1508, .T. ) ;
#7259 = ORIENTED_EDGE ( 'NONE', *, *, #107, .F. ) ;
#7260 = ORIENTED_EDGE ( 'NONE', *, *, #4753, .T. ) ;
#7261 = DIRECTION ( 'NONE',  ( 1.000000000000000000, 0.0000000000000000000, 0.0000000000000000000 ) ) ;
#7262 = EDGE_CURVE ( 'NONE', #12969, #513, #12273, .T. ) ;
#7263 = ORIENTED_EDGE ( 'NONE', *, *, #1706, .T. ) ;
#7264 = FACE_OUTER_BOUND ( 'NONE', #4496, .T. ) ;
#7265 = DIRECTION ( 'NONE',  ( -0.9999999713863493300, 0.0002392222829775400900, 0.0000000000000000000 ) ) ;
#7266 = STYLED_ITEM ( 'NONE', ( #7130 ), #6196 ) ;
#7267 = VECTOR ( 'NONE', #7405, 1000.000000000000000 ) ;
#7268 = PRESENTATION_STYLE_ASSIGNMENT (( #2580 ) ) ;
#7269 = DIRECTION ( 'NONE',  ( 0.0000000000000000000, 1.000000000000000000, 0.0000000000000000000 ) ) ;
#7270 =( NAMED_UNIT ( * ) PLANE_ANGLE_UNIT ( ) SI_UNIT ( $, .RADIAN. ) );
#7271 = ORIENTED_EDGE ( 'NONE', *, *, #12434, .T. ) ;
#7272 = ORIENTED_EDGE ( 'NONE', *, *, #9114, .T. ) ;
#7273 = FILL_AREA_STYLE_COLOUR ( '', #862 ) ;
#7274 = ORIENTED_EDGE ( 'NONE', *, *, #6400, .T. ) ;
#7275 = COLOUR_RGB ( '',0.7490196078431372600, 1.000000000000000000, 1.000000000000000000 ) ;
#7276 = SURFACE_STYLE_FILL_AREA ( #11712 ) ;
#7277 = VECTOR ( 'NONE', #12542, 1000.000000000000000 ) ;
#7278 = EDGE_CURVE ( 'NONE', #6755, #7640, #4048, .T. ) ;
#7279 = EDGE_LOOP ( 'NONE', ( #10382, #3175, #264, #10749 ) ) ;
#7280 = ORIENTED_EDGE ( 'NONE', *, *, #9503, .F. ) ;
#7281 = FACE_OUTER_BOUND ( 'NONE', #6764, .T. ) ;
#7282 = VECTOR ( 'NONE', #9701, 1000.000000000000000 ) ;
#7283 =( NAMED_UNIT ( * ) SI_UNIT ( $, .STERADIAN. ) SOLID_ANGLE_UNIT ( ) );
#7284 = ADVANCED_FACE ( 'NONE', ( #11950 ), #4042, .T. ) ;
#7285 = EDGE_CURVE ( 'NONE', #1699, #1215, #2744, .T. ) ;
#7286 = CARTESIAN_POINT ( 'NONE',  ( -8.826499999999999300, 1.842001269000000100, -10.75399881200000100 ) ) ;
#7287 = FACE_OUTER_BOUND ( 'NONE', #3933, .T. ) ;
#7288 = ORIENTED_EDGE ( 'NONE', *, *, #2409, .F. ) ;
#7289 = MECHANICAL_DESIGN_GEOMETRIC_PRESENTATION_REPRESENTATION (  '', ( #5056 ), #7994 ) ;
#7290 = ORIENTED_EDGE ( 'NONE', *, *, #3272, .T. ) ;
#7291 = PRESENTATION_STYLE_ASSIGNMENT (( #4031 ) ) ;
#7292 = ORIENTED_EDGE ( 'NONE', *, *, #3808, .T. ) ;
#7293 = SURFACE_STYLE_USAGE ( .BOTH. , #7169 ) ;
#7294 = DIRECTION ( 'NONE',  ( 0.0000000000000000000, 0.0000000000000000000, 1.000000000000000000 ) ) ;
#7295 =( LENGTH_UNIT ( ) NAMED_UNIT ( * ) SI_UNIT ( .MILLI., .METRE. ) );
#7296 = VECTOR ( 'NONE', #5732, 1000.000000000000000 ) ;
#7297 = CARTESIAN_POINT ( 'NONE',  ( -4.254710354999999400, 10.65445416761346700, 11.56604519000000100 ) ) ;
#7298 =( GEOMETRIC_REPRESENTATION_CONTEXT ( 3 ) GLOBAL_UNCERTAINTY_ASSIGNED_CONTEXT ( ( #7693 ) ) GLOBAL_UNIT_ASSIGNED_CONTEXT ( ( #8558, #2345, #9631 ) ) REPRESENTATION_CONTEXT ( 'NONE', 'WORKASPACE' ) );
#7299 = FILL_AREA_STYLE ('',( #2119 ) ) ;
#7300 = DIRECTION ( 'NONE',  ( 0.0000000000000000000, 1.000000000000000000, 0.0000000000000000000 ) ) ;
#7301 = VECTOR ( 'NONE', #7191, 1000.000000000000000 ) ;
#7302 = PRESENTATION_LAYER_ASSIGNMENT (  '', '', ( #5908 ) ) ;
#7303 = PRESENTATION_LAYER_ASSIGNMENT (  '', '', ( #5909 ) ) ;
#7304 = SURFACE_SIDE_STYLE ('',( #8528 ) ) ;
#7305 = EDGE_LOOP ( 'NONE', ( #5829, #7121, #2626, #12358 ) ) ;
#7306 = EDGE_LOOP ( 'NONE', ( #7290, #6506, #7364, #4634 ) ) ;
#7307 = CARTESIAN_POINT ( 'NONE',  ( -9.016999999999999500, 9.737793325999998500, -4.581387004999999800 ) ) ;
#7308 = CARTESIAN_POINT ( 'NONE',  ( -6.626622502000000900, 7.531149590000000900, 12.19200266121506200 ) ) ;
#7309 = EDGE_CURVE ( 'NONE', #11223, #8291, #11013, .T. ) ;
#7310 = FACE_OUTER_BOUND ( 'NONE', #11768, .T. ) ;
#7311 =( GEOMETRIC_REPRESENTATION_CONTEXT ( 3 ) GLOBAL_UNCERTAINTY_ASSIGNED_CONTEXT ( ( #12964 ) ) GLOBAL_UNIT_ASSIGNED_CONTEXT ( ( #1828, #9104, #2884 ) ) REPRESENTATION_CONTEXT ( 'NONE', 'WORKASPACE' ) );
#7312 = ORIENTED_EDGE ( 'NONE', *, *, #10195, .F. ) ;
#7313 = UNCERTAINTY_MEASURE_WITH_UNIT (LENGTH_MEASURE( 1.000000000000000100E-005 ), #13267, 'distance_accuracy_value', 'NONE');
#7314 = ADVANCED_FACE ( 'NONE', ( #13406 ), #1419, .F. ) ;
#7315 = DIRECTION ( 'NONE',  ( 0.0000000000000000000, -1.000000000000000000, 0.0000000000000000000 ) ) ;
#7316 = CARTESIAN_POINT ( 'NONE',  ( 4.502782937478122500, 11.24761946599976300, 4.731681872000592600 ) ) ;
#7317 = CARTESIAN_POINT ( 'NONE',  ( -0.7620000000000001200, -1.778000000000000200, -7.752571040000001200 ) ) ;
#7318 = ORIENTED_EDGE ( 'NONE', *, *, #5383, .T. ) ;
#7319 = EDGE_LOOP ( 'NONE', ( #2340, #6797, #1543, #5458, #6594, #5318 ) ) ;
#7320 = VECTOR ( 'NONE', #2218, 1000.000000000000000 ) ;
#7321 = DIRECTION ( 'NONE',  ( 0.0000000000000000000, -1.000000000000000000, 0.0000000000000000000 ) ) ;
#7322 = STYLED_ITEM ( 'NONE', ( #6568 ), #2191 ) ;
#7323 = LINE ( 'NONE', #3209, #12464 ) ;
#7324 = VECTOR ( 'NONE', #10684, 1000.000000000000100 ) ;
#7325 = ORIENTED_EDGE ( 'NONE', *, *, #7618, .F. ) ;
#7326 = DIRECTION ( 'NONE',  ( 0.0000000000000000000, 0.0000000000000000000, 1.000000000000000000 ) ) ;
#7327 = FACE_OUTER_BOUND ( 'NONE', #381, .T. ) ;
#7328 = PRESENTATION_LAYER_ASSIGNMENT (  '', '', ( #5930 ) ) ;
#7329 = COLOUR_RGB ( '',0.7490196078431372600, 1.000000000000000000, 1.000000000000000000 ) ;
#7330 =( LENGTH_UNIT ( ) NAMED_UNIT ( * ) SI_UNIT ( .MILLI., .METRE. ) );
#7331 = FILL_AREA_STYLE ('',( #12448 ) ) ;
#7332 = DIRECTION ( 'NONE',  ( 0.0000000000000000000, -1.000000000000000000, 0.0000000000000000000 ) ) ;
#7333 = SURFACE_STYLE_FILL_AREA ( #11275 ) ;
#7334 = ORIENTED_EDGE ( 'NONE', *, *, #11795, .T. ) ;
#7335 = FACE_OUTER_BOUND ( 'NONE', #2555, .T. ) ;
#7336 = VECTOR ( 'NONE', #1774, 1000.000000000000000 ) ;
#7337 = PRESENTATION_LAYER_ASSIGNMENT (  '', '', ( #5942 ) ) ;
#7338 = CARTESIAN_POINT ( 'NONE',  ( 5.626098874982125700, 13.25155617372178400, 6.598577271257236800 ) ) ;
#7339 = UNCERTAINTY_MEASURE_WITH_UNIT (LENGTH_MEASURE( 1.000000000000000100E-005 ), #7295, 'distance_accuracy_value', 'NONE');
#7340 = DIRECTION ( 'NONE',  ( 0.0000000000000000000, 0.0000000000000000000, 1.000000000000000000 ) ) ;
#7341 =( NAMED_UNIT ( * ) PLANE_ANGLE_UNIT ( ) SI_UNIT ( $, .RADIAN. ) );
#7342 =( NAMED_UNIT ( * ) PLANE_ANGLE_UNIT ( ) SI_UNIT ( $, .RADIAN. ) );
#7343 = CARTESIAN_POINT ( 'NONE',  ( 5.950000000000000200, 8.195800001000000300, 3.505199999999999900 ) ) ;
#7344 = VERTEX_POINT ( 'NONE', #9516 ) ;
#7345 = CARTESIAN_POINT ( 'NONE',  ( -6.426820371000002500, -1.084202172485506400E-016, -1.143000000000000200 ) ) ;
#7346 = DIRECTION ( 'NONE',  ( 0.0000000000000000000, 0.0000000000000000000, -1.000000000000000000 ) ) ;
#7347 = DIRECTION ( 'NONE',  ( 0.0000000000000000000, 0.0000000000000000000, 1.000000000000000000 ) ) ;
#7348 = SURFACE_STYLE_USAGE ( .BOTH. , #56 ) ;
#7349 = EDGE_LOOP ( 'NONE', ( #11277, #7236, #13063, #7087 ) ) ;
#7350 = MECHANICAL_DESIGN_GEOMETRIC_PRESENTATION_REPRESENTATION (  '', ( #5256 ), #8045 ) ;
#7351 = FILL_AREA_STYLE_COLOUR ( '', #2909 ) ;
#7352 = ADVANCED_FACE ( 'NONE', ( #4195 ), #1223, .F. ) ;
#7353 = LINE ( 'NONE', #1162, #1820 ) ;
#7354 = PLANE ( 'NONE',  #5136 ) ;
#7355 = FILL_AREA_STYLE ('',( #990 ) ) ;
#7356 = ORIENTED_EDGE ( 'NONE', *, *, #3658, .F. ) ;
#7357 = EDGE_CURVE ( 'NONE', #903, #2092, #3221, .T. ) ;
#7358 = DIRECTION ( 'NONE',  ( 0.0000000000000000000, 1.000000000000000000, 0.0000000000000000000 ) ) ;
#7359 = SURFACE_STYLE_FILL_AREA ( #11732 ) ;
#7360 = EDGE_CURVE ( 'NONE', #13338, #6468, #419, .T. ) ;
#7361 = FILL_AREA_STYLE ('',( #8361 ) ) ;
#7362 = ADVANCED_FACE ( 'NONE', ( #12427 ), #6495, .F. ) ;
#7363 = UNCERTAINTY_MEASURE_WITH_UNIT (LENGTH_MEASURE( 1.000000000000000100E-005 ), #1143, 'distance_accuracy_value', 'NONE');
#7364 = ORIENTED_EDGE ( 'NONE', *, *, #26, .T. ) ;
#7365 = FILL_AREA_STYLE_COLOUR ( '', #10959 ) ;
#7366 = DIRECTION ( 'NONE',  ( -0.0000000000000000000, -1.000000000000000000, -0.0000000000000000000 ) ) ;
#7367 = VERTEX_POINT ( 'NONE', #208 ) ;
#7368 = FILL_AREA_STYLE ('',( #7108 ) ) ;
#7369 = PRESENTATION_STYLE_ASSIGNMENT (( #1400 ) ) ;
#7370 = DIRECTION ( 'NONE',  ( 0.0000000000000000000, 0.0000000000000000000, -1.000000000000000000 ) ) ;
#7371 = PRESENTATION_LAYER_ASSIGNMENT (  '', '', ( #8067 ) ) ;
#7372 = ADVANCED_FACE ( 'NONE', ( #7439 ), #311, .T. ) ;
#7373 =( NAMED_UNIT ( * ) SI_UNIT ( $, .STERADIAN. ) SOLID_ANGLE_UNIT ( ) );
#7374 = CIRCLE ( 'NONE', #7671, 0.5000000159999995500 ) ;
#7375 =( GEOMETRIC_REPRESENTATION_CONTEXT ( 3 ) GLOBAL_UNCERTAINTY_ASSIGNED_CONTEXT ( ( #8168 ) ) GLOBAL_UNIT_ASSIGNED_CONTEXT ( ( #6740, #12113, #12302 ) ) REPRESENTATION_CONTEXT ( 'NONE', 'WORKASPACE' ) );
#7376 = PRESENTATION_LAYER_ASSIGNMENT (  '', '', ( #6671 ) ) ;
#7377 =( LENGTH_UNIT ( ) NAMED_UNIT ( * ) SI_UNIT ( .MILLI., .METRE. ) );
#7378 = CARTESIAN_POINT ( 'NONE',  ( 8.890000000309314000, 10.54099999945290700, 8.814624416000002700 ) ) ;
#7379 = ORIENTED_EDGE ( 'NONE', *, *, #11584, .T. ) ;
#7380 = EDGE_CURVE ( 'NONE', #717, #9683, #3697, .T. ) ;
#7381 = PLANE ( 'NONE',  #8716 ) ;
#7382 = VERTEX_POINT ( 'NONE', #10755 ) ;
#7383 = CARTESIAN_POINT ( 'NONE',  ( 8.635999999999999200, 10.74927999999999900, 6.327140000000000000 ) ) ;
#7384 = SURFACE_STYLE_USAGE ( .BOTH. , #92 ) ;
#7385 = EDGE_CURVE ( 'NONE', #1681, #8251, #909, .T. ) ;
#7386 = AXIS2_PLACEMENT_3D ( 'NONE', #1975, #9255, #3032 ) ;
#7387 = SURFACE_STYLE_USAGE ( .BOTH. , #8431 ) ;
#7388 = DIRECTION ( 'NONE',  ( 0.0000000000000000000, 0.0000000000000000000, 1.000000000000000000 ) ) ;
#7389 = SURFACE_STYLE_USAGE ( .BOTH. , #100 ) ;
#7390 =( GEOMETRIC_REPRESENTATION_CONTEXT ( 3 ) GLOBAL_UNCERTAINTY_ASSIGNED_CONTEXT ( ( #10612 ) ) GLOBAL_UNIT_ASSIGNED_CONTEXT ( ( #2684, #9959, #3712 ) ) REPRESENTATION_CONTEXT ( 'NONE', 'WORKASPACE' ) );
#7391 = ORIENTED_EDGE ( 'NONE', *, *, #5880, .T. ) ;
#7392 = STYLED_ITEM ( 'NONE', ( #12404 ), #1888 ) ;
#7393 = STYLED_ITEM ( 'NONE', ( #8268 ), #8259 ) ;
#7394 = LINE ( 'NONE', #11317, #12866 ) ;
#7395 = FILL_AREA_STYLE ('',( #6347 ) ) ;
#7396 = DIRECTION ( 'NONE',  ( -1.000000000000000000, -0.0000000000000000000, -0.0000000000000000000 ) ) ;
#7397 = LINE ( 'NONE', #13088, #12867 ) ;
#7398 = MECHANICAL_DESIGN_GEOMETRIC_PRESENTATION_REPRESENTATION (  '', ( #5311 ), #8095 ) ;
#7399 = EDGE_CURVE ( 'NONE', #11982, #238, #10202, .T. ) ;
#7400 = SURFACE_STYLE_FILL_AREA ( #12649 ) ;
#7401 = ORIENTED_EDGE ( 'NONE', *, *, #542, .F. ) ;
#7402 = VERTEX_POINT ( 'NONE', #4548 ) ;
#7403 =( NAMED_UNIT ( * ) PLANE_ANGLE_UNIT ( ) SI_UNIT ( $, .RADIAN. ) );
#7404 = FILL_AREA_STYLE ('',( #4270 ) ) ;
#7405 = DIRECTION ( 'NONE',  ( 0.0000000000000000000, 1.000000000000000000, 0.0000000000000000000 ) ) ;
#7406 = MECHANICAL_DESIGN_GEOMETRIC_PRESENTATION_REPRESENTATION (  '', ( #6016 ), #8099 ) ;
#7407 = ORIENTED_EDGE ( 'NONE', *, *, #1342, .F. ) ;
#7408 =( NAMED_UNIT ( * ) SI_UNIT ( $, .STERADIAN. ) SOLID_ANGLE_UNIT ( ) );
#7409 = CARTESIAN_POINT ( 'NONE',  ( -7.264400000000000200, -1.778000000000000200, 2.920999999999999800 ) ) ;
#7410 = VERTEX_POINT ( 'NONE', #11771 ) ;
#7411 = PLANE ( 'NONE',  #3686 ) ;
#7412 =( NAMED_UNIT ( * ) SI_UNIT ( $, .STERADIAN. ) SOLID_ANGLE_UNIT ( ) );
#7413 = DIRECTION ( 'NONE',  ( 1.000000000000000000, 0.0000000000000000000, 0.0000000000000000000 ) ) ;
#7414 = PRESENTATION_LAYER_ASSIGNMENT (  '', '', ( #6026 ) ) ;
#7415 = CARTESIAN_POINT ( 'NONE',  ( -8.826499999999999300, 9.737793325999998500, -4.489386680895807800 ) ) ;
#7416 = VECTOR ( 'NONE', #2060, 1000.000000000000000 ) ;
#7417 = ORIENTED_EDGE ( 'NONE', *, *, #12075, .T. ) ;
#7418 = ORIENTED_EDGE ( 'NONE', *, *, #2982, .T. ) ;
#7419 = CARTESIAN_POINT ( 'NONE',  ( 5.841999999999999600, -1.778000000000000200, -10.28700000000000100 ) ) ;
#7420 = DIRECTION ( 'NONE',  ( 0.0000000000000000000, 0.0000000000000000000, 1.000000000000000000 ) ) ;
#7421 = ORIENTED_EDGE ( 'NONE', *, *, #5477, .F. ) ;
#7422 = ORIENTED_EDGE ( 'NONE', *, *, #191, .T. ) ;
#7423 = COLOUR_RGB ( '',0.7529411764705882200, 1.000000000000000000, 1.000000000000000000 ) ;
#7424 = SURFACE_STYLE_USAGE ( .BOTH. , #7623 ) ;
#7425 = CARTESIAN_POINT ( 'NONE',  ( 4.254710354999999400, 11.87834171449999900, 11.55242241500000200 ) ) ;
#7426 = FILL_AREA_STYLE_COLOUR ( '', #6579 ) ;
#7427 = AXIS2_PLACEMENT_3D ( 'NONE', #6262, #35, #7326 ) ;
#7428 = FILL_AREA_STYLE_COLOUR ( '', #11928 ) ;
#7429 = CARTESIAN_POINT ( 'NONE',  ( 4.254710355083394000, 11.04899999965863000, 11.26824597571755900 ) ) ;
#7430 = VERTEX_POINT ( 'NONE', #5601 ) ;
#7431 = CARTESIAN_POINT ( 'NONE',  ( -7.772400000000000200, -0.8890000000000001200, 2.412999999999999800 ) ) ;
#7432 = PLANE ( 'NONE',  #2967 ) ;
#7433 = ADVANCED_FACE ( 'NONE', ( #578, #3369, #11308 ), #2478, .F. ) ;
#7434 = ORIENTED_EDGE ( 'NONE', *, *, #10538, .F. ) ;
#7435 = ORIENTED_EDGE ( 'NONE', *, *, #12802, .T. ) ;
#7436 = LINE ( 'NONE', #504, #7094 ) ;
#7437 = CARTESIAN_POINT ( 'NONE',  ( 2.286000000000000500, -1.778000000000000200, -10.46480000000000200 ) ) ;
#7438 = VECTOR ( 'NONE', #2034, 1000.000000000000000 ) ;
#7439 = FACE_OUTER_BOUND ( 'NONE', #13386, .T. ) ;
#7440 = AXIS2_PLACEMENT_3D ( 'NONE', #7692, #4638, #1548 ) ;
#7441 = COLOUR_RGB ( '',0.7529411764705882200, 1.000000000000000000, 1.000000000000000000 ) ;
#7442 = COLOUR_RGB ( '',0.7529411764705882200, 1.000000000000000000, 1.000000000000000000 ) ;
#7443 = ADVANCED_FACE ( 'NONE', ( #10370 ), #7726, .F. ) ;
#7444 = EDGE_CURVE ( 'NONE', #8211, #2352, #4051, .T. ) ;
#7445 = ORIENTED_EDGE ( 'NONE', *, *, #5613, .F. ) ;
#7446 = SURFACE_SIDE_STYLE ('',( #2125 ) ) ;
#7447 = EDGE_CURVE ( 'NONE', #7544, #9826, #12277, .T. ) ;
#7448 = CARTESIAN_POINT ( 'NONE',  ( 5.950000000000000200, 1.345799999999999900, 12.06500000000000100 ) ) ;
#7449 = LINE ( 'NONE', #12557, #1909 ) ;
#7450 = SURFACE_STYLE_FILL_AREA ( #3166 ) ;
#7451 = EDGE_LOOP ( 'NONE', ( #3002, #11925, #7401, #11282 ) ) ;
#7452 = COLOUR_RGB ( '',0.7490196078431372600, 1.000000000000000000, 1.000000000000000000 ) ;
#7453 = VECTOR ( 'NONE', #10009, 1000.000000000000000 ) ;
#7454 = PLANE ( 'NONE',  #204 ) ;
#7455 = CARTESIAN_POINT ( 'NONE',  ( -5.841999999999999600, 0.0000000000000000000, -12.06500000000000100 ) ) ;
#7456 = LINE ( 'NONE', #13375, #7116 ) ;
#7457 = CARTESIAN_POINT ( 'NONE',  ( 6.684053347600470700, 8.321106894042133100, 12.47422630100000000 ) ) ;
#7458 = AXIS2_PLACEMENT_3D ( 'NONE', #9962, #9913, #9871 ) ;
#7459 = PRESENTATION_STYLE_ASSIGNMENT (( #3556 ) ) ;
#7460 = ORIENTED_EDGE ( 'NONE', *, *, #2394, .F. ) ;
#7461 =( GEOMETRIC_REPRESENTATION_CONTEXT ( 3 ) GLOBAL_UNCERTAINTY_ASSIGNED_CONTEXT ( ( #871 ) ) GLOBAL_UNIT_ASSIGNED_CONTEXT ( ( #7582, #7403, #7541 ) ) REPRESENTATION_CONTEXT ( 'NONE', 'WORKASPACE' ) );
#7462 = LINE ( 'NONE', #595, #7122 ) ;
#7463 =( GEOMETRIC_REPRESENTATION_CONTEXT ( 3 ) GLOBAL_UNCERTAINTY_ASSIGNED_CONTEXT ( ( #1610 ) ) GLOBAL_UNIT_ASSIGNED_CONTEXT ( ( #9094, #2874, #10137 ) ) REPRESENTATION_CONTEXT ( 'NONE', 'WORKASPACE' ) );
#7464 = PRESENTATION_STYLE_ASSIGNMENT (( #1008 ) ) ;
#7465 = ORIENTED_EDGE ( 'NONE', *, *, #1265, .F. ) ;
#7466 = DIRECTION ( 'NONE',  ( 0.0000000000000000000, 0.0000000000000000000, 1.000000000000000000 ) ) ;
#7467 = EDGE_CURVE ( 'NONE', #9880, #12498, #1263, .T. ) ;
#7468 = DIRECTION ( 'NONE',  ( -1.000000000000000000, -0.0000000000000000000, -0.0000000000000000000 ) ) ;
#7469 =( NAMED_UNIT ( * ) SI_UNIT ( $, .STERADIAN. ) SOLID_ANGLE_UNIT ( ) );
#7470 = SURFACE_STYLE_FILL_AREA ( #7040 ) ;
#7471 = ORIENTED_EDGE ( 'NONE', *, *, #12326, .T. ) ;
#7472 = FACE_OUTER_BOUND ( 'NONE', #8706, .T. ) ;
#7473 = ORIENTED_EDGE ( 'NONE', *, *, #11109, .F. ) ;
#7474 = DIRECTION ( 'NONE',  ( -0.0000000000000000000, -0.0000000000000000000, -1.000000000000000000 ) ) ;
#7475 = DIRECTION ( 'NONE',  ( 3.414809992080330300E-015, -1.000000000000000000, 0.0000000000000000000 ) ) ;
#7476 = VERTEX_POINT ( 'NONE', #11900 ) ;
#7477 = ORIENTED_EDGE ( 'NONE', *, *, #9648, .T. ) ;
#7478 = CARTESIAN_POINT ( 'NONE',  ( 7.693675389000000900, 7.530902241792295700, 12.19470501245298200 ) ) ;
#7479 = SURFACE_STYLE_FILL_AREA ( #2343 ) ;
#7480 = AXIS2_PLACEMENT_3D ( 'NONE', #2938, #10191, #3965 ) ;
#7481 = SURFACE_SIDE_STYLE ('',( #454 ) ) ;
#7482 = DIRECTION ( 'NONE',  ( 0.6024439926310822800, 0.7981611590040701400, -0.0000000000000000000 ) ) ;
#7483 = LINE ( 'NONE', #11957, #12308 ) ;
#7484 = LINE ( 'NONE', #8710, #12628 ) ;
#7485 =( NAMED_UNIT ( * ) SI_UNIT ( $, .STERADIAN. ) SOLID_ANGLE_UNIT ( ) );
#7486 = ORIENTED_EDGE ( 'NONE', *, *, #11531, .F. ) ;
#7487 = LINE ( 'NONE', #3403, #5047 ) ;
#7488 = MECHANICAL_DESIGN_GEOMETRIC_PRESENTATION_REPRESENTATION (  '', ( #6083 ), #8174 ) ;
#7489 = CARTESIAN_POINT ( 'NONE',  ( -8.890000000000000600, 10.54099999999999900, 8.271012280999999100 ) ) ;
#7490 = VECTOR ( 'NONE', #291, 1000.000000000000000 ) ;
#7491 = MECHANICAL_DESIGN_GEOMETRIC_PRESENTATION_REPRESENTATION (  '', ( #5405 ), #8177 ) ;
#7492 = CARTESIAN_POINT ( 'NONE',  ( 2.031999999999999600, 9.845800000000000600, 12.06500000000000100 ) ) ;
#7493 = EDGE_CURVE ( 'NONE', #12070, #1314, #9248, .T. ) ;
#7494 = VECTOR ( 'NONE', #988, 1000.000000000000000 ) ;
#7495 = LINE ( 'NONE', #5122, #12962 ) ;
#7496 = CARTESIAN_POINT ( 'NONE',  ( 4.917327025000000500, -0.8890000000000001200, 0.3695477130000000600 ) ) ;
#7497 = VECTOR ( 'NONE', #9873, 1000.000000000000000 ) ;
#7498 = VECTOR ( 'NONE', #6913, 1000.000000000000000 ) ;
#7499 = CARTESIAN_POINT ( 'NONE',  ( -9.051800825220413000, 10.18449994861054900, 10.27793784334605900 ) ) ;
#7500 = EDGE_LOOP ( 'NONE', ( #10213, #5787, #2735, #13273 ) ) ;
#7501 = DIRECTION ( 'NONE',  ( -0.0000000000000000000, -0.0000000000000000000, 1.000000000000000000 ) ) ;
#7502 =( NAMED_UNIT ( * ) SI_UNIT ( $, .STERADIAN. ) SOLID_ANGLE_UNIT ( ) );
#7503 = SURFACE_STYLE_FILL_AREA ( #946 ) ;
#7504 =( LENGTH_UNIT ( ) NAMED_UNIT ( * ) SI_UNIT ( .MILLI., .METRE. ) );
#7505 = FILL_AREA_STYLE ('',( #7764 ) ) ;
#7506 = DIRECTION ( 'NONE',  ( 8.537024980200826700E-016, -1.000000000000000000, -0.0000000000000000000 ) ) ;
#7507 = CARTESIAN_POINT ( 'NONE',  ( 7.518399999999999700, -1.778000000000000200, 8.000999999999999400 ) ) ;
#7508 = AXIS2_PLACEMENT_3D ( 'NONE', #1059, #8355, #2135 ) ;
#7509 = PLANE ( 'NONE',  #12454 ) ;
#7510 = DIRECTION ( 'NONE',  ( 1.000000000000000000, 1.707404996040165300E-015, 0.0000000000000000000 ) ) ;
#7511 = PRESENTATION_STYLE_ASSIGNMENT (( #1669 ) ) ;
#7512 = ADVANCED_FACE ( 'NONE', ( #3713 ), #520, .F. ) ;
#7513 = MECHANICAL_DESIGN_GEOMETRIC_PRESENTATION_REPRESENTATION (  '', ( #5423 ), #8198 ) ;
#7514 = COLOUR_RGB ( '',0.7490196078431372600, 1.000000000000000000, 1.000000000000000000 ) ;
#7515 = VERTEX_POINT ( 'NONE', #3639 ) ;
#7516 = SURFACE_STYLE_USAGE ( .BOTH. , #207 ) ;
#7517 = PLANE ( 'NONE',  #9111 ) ;
#7518 = CARTESIAN_POINT ( 'NONE',  ( -8.890000000000000600, 0.0000000000000000000, -1.778000000000000200 ) ) ;
#7519 = UNCERTAINTY_MEASURE_WITH_UNIT (LENGTH_MEASURE( 1.000000000000000100E-005 ), #11890, 'distance_accuracy_value', 'NONE');
#7520 = ORIENTED_EDGE ( 'NONE', *, *, #10330, .T. ) ;
#7521 = DIRECTION ( 'NONE',  ( 0.0000000000000000000, 1.000000000000000000, 0.0000000000000000000 ) ) ;
#7522 = SURFACE_SIDE_STYLE ('',( #9770 ) ) ;
#7523 = VECTOR ( 'NONE', #8875, 1000.000000000000000 ) ;
#7524 = PRESENTATION_LAYER_ASSIGNMENT (  '', '', ( #8209 ) ) ;
#7525 = FILL_AREA_STYLE_COLOUR ( '', #4553 ) ;
#7526 = DIRECTION ( 'NONE',  ( -0.0000000000000000000, -1.000000000000000000, -0.0000000000000000000 ) ) ;
#7527 = DIRECTION ( 'NONE',  ( 1.000000000000000000, 0.0000000000000000000, 0.0000000000000000000 ) ) ;
#7528 = SURFACE_SIDE_STYLE ('',( #2578 ) ) ;
#7529 = CARTESIAN_POINT ( 'NONE',  ( 8.890000000000000600, 2.758984659374705400, 8.550880984986525500 ) ) ;
#7530 = EDGE_CURVE ( 'NONE', #5954, #12652, #13410, .T. ) ;
#7531 = PRESENTATION_LAYER_ASSIGNMENT (  '', '', ( #6827 ) ) ;
#7532 = VERTEX_POINT ( 'NONE', #1642 ) ;
#7533 = CARTESIAN_POINT ( 'NONE',  ( -8.890000000000000600, 11.04899999999999900, -12.06500000000000100 ) ) ;
#7534 = VECTOR ( 'NONE', #12039, 1000.000000000000000 ) ;
#7535 = PLANE ( 'NONE',  #3464 ) ;
#7536 = DIRECTION ( 'NONE',  ( -1.000000000000000000, 0.0000000000000000000, 0.0000000000000000000 ) ) ;
#7537 = CARTESIAN_POINT ( 'NONE',  ( -8.970000964000000500, 10.26972777702116700, 10.28004386733142900 ) ) ;
#7538 = DIRECTION ( 'NONE',  ( -0.0000000000000000000, -0.0000000000000000000, -1.000000000000000000 ) ) ;
#7539 = EDGE_CURVE ( 'NONE', #2978, #2720, #2748, .T. ) ;
#7540 = ORIENTED_EDGE ( 'NONE', *, *, #4404, .F. ) ;
#7541 =( NAMED_UNIT ( * ) SI_UNIT ( $, .STERADIAN. ) SOLID_ANGLE_UNIT ( ) );
#7542 = CARTESIAN_POINT ( 'NONE',  ( 9.090000013450106700, 3.705154819686496300, 10.36402441600000100 ) ) ;
#7543 = FILL_AREA_STYLE_COLOUR ( '', #2880 ) ;
#7544 = VERTEX_POINT ( 'NONE', #4770 ) ;
#7545 = EDGE_CURVE ( 'NONE', #9625, #428, #10715, .T. ) ;
#7546 = DIRECTION ( 'NONE',  ( 0.0000000000000000000, 1.000000000000000000, 0.0000000000000000000 ) ) ;
#7547 = EDGE_LOOP ( 'NONE', ( #3182, #4259, #7552, #9218 ) ) ;
#7548 = EDGE_CURVE ( 'NONE', #478, #9558, #10388, .T. ) ;
#7549 = CARTESIAN_POINT ( 'NONE',  ( -8.890000000000000600, 0.0000000000000000000, -7.935942080000001100 ) ) ;
#7550 = ORIENTED_EDGE ( 'NONE', *, *, #9198, .F. ) ;
#7551 = SURFACE_SIDE_STYLE ('',( #11158 ) ) ;
#7552 = ORIENTED_EDGE ( 'NONE', *, *, #2317, .F. ) ;
#7553 = DIRECTION ( 'NONE',  ( 0.02190582917265506200, 0.7979696240301510400, -0.6022994386295222900 ) ) ;
#7554 = MECHANICAL_DESIGN_GEOMETRIC_PRESENTATION_REPRESENTATION (  '', ( #5470 ), #8248 ) ;
#7555 = UNCERTAINTY_MEASURE_WITH_UNIT (LENGTH_MEASURE( 1.000000000000000100E-005 ), #6098, 'distance_accuracy_value', 'NONE');
#7556 = COLOUR_RGB ( '',0.7490196078431372600, 1.000000000000000000, 1.000000000000000000 ) ;
#7557 = DIRECTION ( 'NONE',  ( 1.000000000000000000, 0.0000000000000000000, 0.0000000000000000000 ) ) ;
#7558 = MECHANICAL_DESIGN_GEOMETRIC_PRESENTATION_REPRESENTATION (  '', ( #4091 ), #8252 ) ;
#7559 = SURFACE_STYLE_FILL_AREA ( #5015 ) ;
#7560 = STYLED_ITEM ( 'NONE', ( #12100 ), #7352 ) ;
#7561 = SURFACE_STYLE_FILL_AREA ( #13178 ) ;
#7562 =( NAMED_UNIT ( * ) SI_UNIT ( $, .STERADIAN. ) SOLID_ANGLE_UNIT ( ) );
#7563 = EDGE_LOOP ( 'NONE', ( #9700, #11905, #1859, #2539 ) ) ;
#7564 = EDGE_CURVE ( 'NONE', #918, #11596, #2422, .T. ) ;
#7565 = CARTESIAN_POINT ( 'NONE',  ( 7.264399999999999300, 0.0000000000000000000, 8.000999999999999400 ) ) ;
#7566 = ORIENTED_EDGE ( 'NONE', *, *, #1522, .F. ) ;
#7567 = DIRECTION ( 'NONE',  ( 0.0000000000000000000, 0.0000000000000000000, -1.000000000000000000 ) ) ;
#7568 = DIRECTION ( 'NONE',  ( 1.000000000000000000, 0.0000000000000000000, 0.0000000000000000000 ) ) ;
#7569 = ADVANCED_FACE ( 'NONE', ( #7938 ), #11036, .F. ) ;
#7570 = CARTESIAN_POINT ( 'NONE',  ( 9.090000012947573500, 3.705154819218330800, 9.589324416000002000 ) ) ;
#7571 = COLOUR_RGB ( '',0.7490196078431372600, 1.000000000000000000, 1.000000000000000000 ) ;
#7572 = ORIENTED_EDGE ( 'NONE', *, *, #8052, .F. ) ;
#7573 = ORIENTED_EDGE ( 'NONE', *, *, #8321, .F. ) ;
#7574 =( GEOMETRIC_REPRESENTATION_CONTEXT ( 3 ) GLOBAL_UNCERTAINTY_ASSIGNED_CONTEXT ( ( #4764 ) ) GLOBAL_UNIT_ASSIGNED_CONTEXT ( ( #13047, #13012, #13100 ) ) REPRESENTATION_CONTEXT ( 'NONE', 'WORKASPACE' ) );
#7575 = DIRECTION ( 'NONE',  ( -1.000000000000000000, 0.0000000000000000000, 0.0000000000000000000 ) ) ;
#7576 = CARTESIAN_POINT ( 'NONE',  ( 8.762999999999999900, 7.948998325999999900, -8.964998325999999900 ) ) ;
#7577 = ORIENTED_EDGE ( 'NONE', *, *, #383, .T. ) ;
#7578 = CARTESIAN_POINT ( 'NONE',  ( -5.029410354999999600, 11.23840813999999700, 11.42054445500000200 ) ) ;
#7579 = MECHANICAL_DESIGN_GEOMETRIC_PRESENTATION_REPRESENTATION (  '', ( #6192 ), #8282 ) ;
#7580 = CARTESIAN_POINT ( 'NONE',  ( 8.610600000000003400, 10.54099999999999900, 9.551776717499999200 ) ) ;
#7581 = VECTOR ( 'NONE', #2551, 1000.000000000000000 ) ;
#7582 =( LENGTH_UNIT ( ) NAMED_UNIT ( * ) SI_UNIT ( .MILLI., .METRE. ) );
#7583 = FILL_AREA_STYLE ('',( #10681 ) ) ;
#7584 = CARTESIAN_POINT ( 'NONE',  ( -8.890000000000000600, 0.0000000000000000000, -10.46480000000000000 ) ) ;
#7585 = VERTEX_POINT ( 'NONE', #3786 ) ;
#7586 = EDGE_LOOP ( 'NONE', ( #10994, #8242, #859, #11534, #2755, #3814, #13399, #11989, #2164, #5130, #1036, #8047 ) ) ;
#7587 = CARTESIAN_POINT ( 'NONE',  ( -9.213783128420509200, 10.25428737918114100, 10.27966232706692800 ) ) ;
#7588 = PRESENTATION_STYLE_ASSIGNMENT (( #10925 ) ) ;
#7589 = ORIENTED_EDGE ( 'NONE', *, *, #2250, .F. ) ;
#7590 = LINE ( 'NONE', #6354, #7267 ) ;
#7591 = SURFACE_STYLE_USAGE ( .BOTH. , #310 ) ;
#7592 = AXIS2_PLACEMENT_3D ( 'NONE', #221, #8556, #12687 ) ;
#7593 = SURFACE_SIDE_STYLE ('',( #4668 ) ) ;
#7594 = SURFACE_STYLE_FILL_AREA ( #6626 ) ;
#7595 = VECTOR ( 'NONE', #2530, 1000.000000000000000 ) ;
#7596 = CARTESIAN_POINT ( 'NONE',  ( 4.917327025000000500, 0.0000000000000000000, -2.756429474999999600 ) ) ;
#7597 = VERTEX_POINT ( 'NONE', #3820 ) ;
#7598 = DIRECTION ( 'NONE',  ( 0.0000000000000000000, 0.7071067811865479100, 0.7071067811865470200 ) ) ;
#7599 = EDGE_LOOP ( 'NONE', ( #12658, #10831, #8335, #11635 ) ) ;
#7600 = CYLINDRICAL_SURFACE ( 'NONE', #11392, 0.6350000000000001200 ) ;
#7601 = PRESENTATION_STYLE_ASSIGNMENT (( #9572 ) ) ;
#7602 = ORIENTED_EDGE ( 'NONE', *, *, #2492, .T. ) ;
#7603 = ORIENTED_EDGE ( 'NONE', *, *, #10049, .F. ) ;
#7604 =( NAMED_UNIT ( * ) SI_UNIT ( $, .STERADIAN. ) SOLID_ANGLE_UNIT ( ) );
#7606 = DIRECTION ( 'NONE',  ( -0.6024439929991886000, 0.7981611587262271700, 0.0000000000000000000 ) ) ;
#7605 = SURFACE_STYLE_FILL_AREA ( #10729 ) ;
#7607 = MECHANICAL_DESIGN_GEOMETRIC_PRESENTATION_REPRESENTATION (  '', ( #6213 ), #8307 ) ;
#7608 = SURFACE_STYLE_FILL_AREA ( #799 ) ;
#7609 = CARTESIAN_POINT ( 'NONE',  ( -10.55072089000000100, 3.942475241000000400, 9.082254299000002400 ) ) ;
#7610 = SURFACE_STYLE_USAGE ( .BOTH. , #323 ) ;
#7611 = CARTESIAN_POINT ( 'NONE',  ( -3.887860703999999500, 10.54099999999999900, 7.675037530000000900 ) ) ;
#7612 = VECTOR ( 'NONE', #5832, 1000.000000000000000 ) ;
#7613 = VECTOR ( 'NONE', #1804, 1000.000000000000000 ) ;
#7614 = EDGE_LOOP ( 'NONE', ( #3863, #2518, #12664, #6317 ) ) ;
#7615 = UNCERTAINTY_MEASURE_WITH_UNIT (LENGTH_MEASURE( 1.000000000000000100E-005 ), #2664, 'distance_accuracy_value', 'NONE');
#7616 =( NAMED_UNIT ( * ) SI_UNIT ( $, .STERADIAN. ) SOLID_ANGLE_UNIT ( ) );
#7617 = COLOUR_RGB ( '',0.7490196078431372600, 1.000000000000000000, 1.000000000000000000 ) ;
#7618 = EDGE_CURVE ( 'NONE', #4227, #5592, #1078, .T. ) ;
#7619 = ORIENTED_EDGE ( 'NONE', *, *, #1701, .F. ) ;
#7620 = LINE ( 'NONE', #4937, #7296 ) ;
#7621 = COLOUR_RGB ( '',0.7490196078431372600, 1.000000000000000000, 1.000000000000000000 ) ;
#7622 = MECHANICAL_DESIGN_GEOMETRIC_PRESENTATION_REPRESENTATION (  '', ( #5535 ), #8319 ) ;
#7623 = SURFACE_SIDE_STYLE ('',( #11657 ) ) ;
#7624 = DIRECTION ( 'NONE',  ( 0.0000000000000000000, 0.0000000000000000000, 1.000000000000000000 ) ) ;
#7625 = PRESENTATION_STYLE_ASSIGNMENT (( #11144 ) ) ;
#7626 = EDGE_CURVE ( 'NONE', #439, #4066, #9074, .T. ) ;
#7627 = CYLINDRICAL_SURFACE ( 'NONE', #2136, 0.1270000000000003900 ) ;
#7628 = SURFACE_STYLE_USAGE ( .BOTH. , #333 ) ;
#7629 = EDGE_LOOP ( 'NONE', ( #8992, #2363, #10606, #11414 ) ) ;
#7630 = CARTESIAN_POINT ( 'NONE',  ( -8.890000000000000600, 10.54099999999999900, 9.551776717499999200 ) ) ;
#7631 = DIRECTION ( 'NONE',  ( 0.0000000000000000000, 1.000000000000000000, 0.0000000000000000000 ) ) ;
#7632 = CARTESIAN_POINT ( 'NONE',  ( -9.080599713000001600, 10.39713725900000300, 8.818061120999997700 ) ) ;
#7633 = ORIENTED_EDGE ( 'NONE', *, *, #8651, .T. ) ;
#7634 = SURFACE_STYLE_USAGE ( .BOTH. , #7717 ) ;
#7635 = FILL_AREA_STYLE_COLOUR ( '', #10410 ) ;
#7636 = DIRECTION ( 'NONE',  ( -1.000000000000000000, -0.0000000000000000000, -0.0000000000000000000 ) ) ;
#7637 = FILL_AREA_STYLE ('',( #6508 ) ) ;
#7638 = SURFACE_SIDE_STYLE ('',( #12846 ) ) ;
#7639 = VECTOR ( 'NONE', #1573, 1000.000000000000000 ) ;
#7640 = VERTEX_POINT ( 'NONE', #698 ) ;
#7641 = MECHANICAL_DESIGN_GEOMETRIC_PRESENTATION_REPRESENTATION (  '', ( #5553 ), #8329 ) ;
#7642 = PRESENTATION_STYLE_ASSIGNMENT (( #5629 ) ) ;
#7643 = ADVANCED_FACE ( 'NONE', ( #11476 ), #9038, .F. ) ;
#7644 = PRESENTATION_LAYER_ASSIGNMENT (  '', '', ( #6231 ) ) ;
#7645 = CARTESIAN_POINT ( 'NONE',  ( -9.143184565874962600, 3.754935542499807000, 10.03761088624278800 ) ) ;
#7646 = VERTEX_POINT ( 'NONE', #5949 ) ;
#7647 =( NAMED_UNIT ( * ) SI_UNIT ( $, .STERADIAN. ) SOLID_ANGLE_UNIT ( ) );
#7648 = EDGE_CURVE ( 'NONE', #1052, #1731, #13226, .T. ) ;
#7649 = SURFACE_STYLE_FILL_AREA ( #5722 ) ;
#7650 = EDGE_CURVE ( 'NONE', #4289, #4906, #10541, .T. ) ;
#7651 = DIRECTION ( 'NONE',  ( 1.000000000000000000, 0.0000000000000000000, 0.0000000000000000000 ) ) ;
#7652 = LINE ( 'NONE', #1003, #4882 ) ;
#7653 = ORIENTED_EDGE ( 'NONE', *, *, #12623, .F. ) ;
#7654 = CIRCLE ( 'NONE', #9305, 0.5000000159999995500 ) ;
#7655 = CIRCLE ( 'NONE', #1512, 0.5000000159999995500 ) ;
#7656 = CARTESIAN_POINT ( 'NONE',  ( 7.264400000000000200, -1.778000000000000200, 8.000999999999999400 ) ) ;
#7657 = DIRECTION ( 'NONE',  ( -1.000000000000000000, 0.0000000000000000000, 0.0000000000000000000 ) ) ;
#7658 = AXIS2_PLACEMENT_3D ( 'NONE', #5542, #11718, #3483 ) ;
#7659 =( NAMED_UNIT ( * ) SI_UNIT ( $, .STERADIAN. ) SOLID_ANGLE_UNIT ( ) );
#7661 = AXIS2_PLACEMENT_3D ( 'NONE', #321, #332, #409 ) ;
#7660 = DIRECTION ( 'NONE',  ( -1.000000000000000000, -0.0000000000000000000, -0.0000000000000000000 ) ) ;
#7662 = COLOUR_RGB ( '',0.7490196078431372600, 1.000000000000000000, 1.000000000000000000 ) ;
#7663 = AXIS2_PLACEMENT_3D ( 'NONE', #3622, #10902, #4656 ) ;
#7664 = VECTOR ( 'NONE', #11759, 1000.000000000000000 ) ;
#7665 = FACE_OUTER_BOUND ( 'NONE', #11984, .T. ) ;
#7666 = EDGE_LOOP ( 'NONE', ( #4455, #7853, #7186, #6111 ) ) ;
#7667 = LINE ( 'NONE', #4866, #2134 ) ;
#7668 = PRESENTATION_LAYER_ASSIGNMENT (  '', '', ( #6252 ) ) ;
#7669 =( NAMED_UNIT ( * ) SI_UNIT ( $, .STERADIAN. ) SOLID_ANGLE_UNIT ( ) );
#7670 = EDGE_CURVE ( 'NONE', #1741, #2763, #11789, .T. ) ;
#7671 = AXIS2_PLACEMENT_3D ( 'NONE', #7779, #1544, #8821 ) ;
#7672 = CARTESIAN_POINT ( 'NONE',  ( 4.917327024617395500, 3.767037749836653100E-017, 0.3695477133697213600 ) ) ;
#7673 = VERTEX_POINT ( 'NONE', #11156 ) ;
#7674 = LINE ( 'NONE', #9102, #12817 ) ;
#7675 = FILL_AREA_STYLE_COLOUR ( '', #4396 ) ;
#7676 = SURFACE_SIDE_STYLE ('',( #9268 ) ) ;
#7677 =( LENGTH_UNIT ( ) NAMED_UNIT ( * ) SI_UNIT ( .MILLI., .METRE. ) );
#7678 = ORIENTED_EDGE ( 'NONE', *, *, #654, .F. ) ;
#7679 = DIRECTION ( 'NONE',  ( 0.0000000000000000000, 1.000000000000000000, 0.0000000000000000000 ) ) ;
#7680 = CARTESIAN_POINT ( 'NONE',  ( -5.804110354999999700, 11.16672331699999900, 4.818516282000000900 ) ) ;
#7681 = MECHANICAL_DESIGN_GEOMETRIC_PRESENTATION_REPRESENTATION (  '', ( #6265 ), #8365 ) ;
#7682 = PLANE ( 'NONE',  #10527 ) ;
#7683 = CARTESIAN_POINT ( 'NONE',  ( -8.762999999999999900, 0.9500005130000001000, -9.864998812000001400 ) ) ;
#7684 = PRODUCT_DEFINITION ( 'UNKNOWN', '', #8369, #11591 ) ;
#7685 = ORIENTED_EDGE ( 'NONE', *, *, #4486, .F. ) ;
#7686 = FILL_AREA_STYLE_COLOUR ( '', #846 ) ;
#7687 =( NAMED_UNIT ( * ) PLANE_ANGLE_UNIT ( ) SI_UNIT ( $, .RADIAN. ) );
#7688 = FILL_AREA_STYLE ('',( #380 ) ) ;
#7689 = CARTESIAN_POINT ( 'NONE',  ( 8.990000000000000200, -0.7111962200000000500, -1.447799999999999800 ) ) ;
#7690 = VECTOR ( 'NONE', #7553, 1000.000000000000100 ) ;
#7691 = CARTESIAN_POINT ( 'NONE',  ( -6.310148756999999400, 10.79499999999999800, 11.56604519000000100 ) ) ;
#7692 = CARTESIAN_POINT ( 'NONE',  ( -9.016999999999999500, 1.658000621000000200, -10.24599881200000000 ) ) ;
#7693 = UNCERTAINTY_MEASURE_WITH_UNIT (LENGTH_MEASURE( 1.000000000000000100E-005 ), #8558, 'distance_accuracy_value', 'NONE');
#7694 = CARTESIAN_POINT ( 'NONE',  ( 7.772400000000000200, -0.8890000000000001200, 4.953000000000001200 ) ) ;
#7695 = ORIENTED_EDGE ( 'NONE', *, *, #12032, .T. ) ;
#7696 = VERTEX_POINT ( 'NONE', #1813 ) ;
#7697 = CARTESIAN_POINT ( 'NONE',  ( -3.048000000000000000, -1.778000000000000200, -7.924799999999999400 ) ) ;
#7698 = VECTOR ( 'NONE', #2321, 1000.000000000000000 ) ;
#7699 = CARTESIAN_POINT ( 'NONE',  ( -8.890000000000000600, 0.0000000000000000000, -0.5080000027966559100 ) ) ;
#7700 =( NAMED_UNIT ( * ) SI_UNIT ( $, .STERADIAN. ) SOLID_ANGLE_UNIT ( ) );
#7701 = COLOUR_RGB ( '',0.7490196078431372600, 1.000000000000000000, 1.000000000000000000 ) ;
#7702 = ADVANCED_FACE ( 'NONE', ( #2239 ), #1846, .T. ) ;
#7703 = EDGE_CURVE ( 'NONE', #8097, #4463, #9452, .T. ) ;
#7704 = MECHANICAL_DESIGN_GEOMETRIC_PRESENTATION_REPRESENTATION (  '', ( #5615 ), #8397 ) ;
#7705 = DIRECTION ( 'NONE',  ( 1.000000000000000000, 0.0000000000000000000, 0.0000000000000000000 ) ) ;
#7706 = ORIENTED_EDGE ( 'NONE', *, *, #7285, .F. ) ;
#7707 = ORIENTED_EDGE ( 'NONE', *, *, #12009, .F. ) ;
#7708 = CARTESIAN_POINT ( 'NONE',  ( -7.772400000000000200, -1.778000000000000200, 7.493000000000000300 ) ) ;
#7709 =( LENGTH_UNIT ( ) NAMED_UNIT ( * ) SI_UNIT ( .MILLI., .METRE. ) );
#7710 = COLOUR_RGB ( '',0.7529411764705882200, 1.000000000000000000, 1.000000000000000000 ) ;
#7711 = FILL_AREA_STYLE_COLOUR ( '', #627 ) ;
#7712 = COLOUR_RGB ( '',0.7490196078431372600, 1.000000000000000000, 1.000000000000000000 ) ;
#7713 = FILL_AREA_STYLE ('',( #12838 ) ) ;
#7714 =( NAMED_UNIT ( * ) SI_UNIT ( $, .STERADIAN. ) SOLID_ANGLE_UNIT ( ) );
#7715 = MECHANICAL_DESIGN_GEOMETRIC_PRESENTATION_REPRESENTATION (  '', ( #5625 ), #8408 ) ;
#7716 = ORIENTED_EDGE ( 'NONE', *, *, #11930, .F. ) ;
#7717 = SURFACE_SIDE_STYLE ('',( #6044 ) ) ;
#7718 = CARTESIAN_POINT ( 'NONE',  ( -8.635999999999999200, 9.229793325999999400, -5.181387328999999700 ) ) ;
#7719 = FILL_AREA_STYLE_COLOUR ( '', #949 ) ;
#7720 = ORIENTED_EDGE ( 'NONE', *, *, #10190, .F. ) ;
#7721 = SURFACE_SIDE_STYLE ('',( #8828 ) ) ;
#7722 = EDGE_CURVE ( 'NONE', #6424, #11027, #12157, .T. ) ;
#7723 = ORIENTED_EDGE ( 'NONE', *, *, #13175, .T. ) ;
#7724 = UNCERTAINTY_MEASURE_WITH_UNIT (LENGTH_MEASURE( 1.000000000000000100E-005 ), #11229, 'distance_accuracy_value', 'NONE');
#7725 =( GEOMETRIC_REPRESENTATION_CONTEXT ( 3 ) GLOBAL_UNCERTAINTY_ASSIGNED_CONTEXT ( ( #7168 ) ) GLOBAL_UNIT_ASSIGNED_CONTEXT ( ( #10442, #4208, #11436 ) ) REPRESENTATION_CONTEXT ( 'NONE', 'WORKASPACE' ) );
#7726 = PLANE ( 'NONE',  #1468 ) ;
#7727 = VECTOR ( 'NONE', #10705, 1000.000000000000000 ) ;
#7728 = EDGE_LOOP ( 'NONE', ( #1244, #1414, #6512, #11962 ) ) ;
#7729 = SURFACE_STYLE_USAGE ( .BOTH. , #429 ) ;
#7730 = ORIENTED_EDGE ( 'NONE', *, *, #5184, .F. ) ;
#7731 = DIRECTION ( 'NONE',  ( -1.000000000000000000, -0.0000000000000000000, -0.0000000000000000000 ) ) ;
#7732 = EDGE_LOOP ( 'NONE', ( #3362, #1057, #8752, #13461 ) ) ;
#7733 = DIRECTION ( 'NONE',  ( 1.000000000000000000, -0.0000000000000000000, -0.0000000000000000000 ) ) ;
#7734 = MECHANICAL_DESIGN_GEOMETRIC_PRESENTATION_REPRESENTATION (  '', ( #5654 ), #8428 ) ;
#7735 = MECHANICAL_DESIGN_GEOMETRIC_PRESENTATION_REPRESENTATION (  '', ( #6335 ), #8430 ) ;
#7736 = SURFACE_STYLE_FILL_AREA ( #3774 ) ;
#7737 = SURFACE_STYLE_USAGE ( .BOTH. , #438 ) ;
#7738 = DIRECTION ( 'NONE',  ( 0.7981611587262271700, 0.6024439929991886000, -0.0000000000000000000 ) ) ;
#7739 = EDGE_CURVE ( 'NONE', #2067, #9807, #3915, .T. ) ;
#7740 = LINE ( 'NONE', #8374, #10508 ) ;
#7741 = DIRECTION ( 'NONE',  ( 0.0000000000000000000, 0.0000000000000000000, -1.000000000000000000 ) ) ;
#7742 = EDGE_LOOP ( 'NONE', ( #9217, #3364, #1176, #5394 ) ) ;
#7743 = ORIENTED_EDGE ( 'NONE', *, *, #11207, .T. ) ;
#7744 = STYLED_ITEM ( 'NONE', ( #3647 ), #9554 ) ;
#7745 = CARTESIAN_POINT ( 'NONE',  ( -1.270000000000000000, -1.778000000000000200, -7.935942080000001100 ) ) ;
#7746 = FILL_AREA_STYLE ('',( #5494 ) ) ;
#7747 = ORIENTED_EDGE ( 'NONE', *, *, #163, .F. ) ;
#7748 = PRESENTATION_STYLE_ASSIGNMENT (( #6108 ) ) ;
#7749 = PRESENTATION_LAYER_ASSIGNMENT (  '', '', ( #6355 ) ) ;
#7750 = AXIS2_PLACEMENT_3D ( 'NONE', #5051, #12257, #6087 ) ;
#7751 = DIRECTION ( 'NONE',  ( 1.000000000000000000, -1.734723475976806300E-015, -0.0000000000000000000 ) ) ;
#7752 = CARTESIAN_POINT ( 'NONE',  ( 8.382000000000001400, 2.758984659000000200, 10.55267244900000100 ) ) ;
#7753 = ORIENTED_EDGE ( 'NONE', *, *, #3341, .F. ) ;
#7754 = ORIENTED_EDGE ( 'NONE', *, *, #3875, .T. ) ;
#7755 = CARTESIAN_POINT ( 'NONE',  ( -8.890000000000000600, 4.436602109999999000, -1.778000001132843800 ) ) ;
#7756 = FACE_BOUND ( 'NONE', #7819, .T. ) ;
#7757 = MECHANICAL_DESIGN_GEOMETRIC_PRESENTATION_REPRESENTATION (  '', ( #6361 ), #8459 ) ;
#7758 = DIRECTION ( 'NONE',  ( -1.000000000000000000, -0.0000000000000000000, -0.0000000000000000000 ) ) ;
#7759 = LINE ( 'NONE', #8741, #11621 ) ;
#7760 = ORIENTED_EDGE ( 'NONE', *, *, #10330, .F. ) ;
#7761 = ORIENTED_EDGE ( 'NONE', *, *, #1971, .F. ) ;
#7762 = LINE ( 'NONE', #12873, #10198 ) ;
#7763 = LINE ( 'NONE', #11334, #10537 ) ;
#7764 = FILL_AREA_STYLE_COLOUR ( '', #5725 ) ;
#7765 = CARTESIAN_POINT ( 'NONE',  ( -3.355254886000000900, 0.0000000000000000000, -1.246957018000000000 ) ) ;
#7766 = DIRECTION ( 'NONE',  ( 3.414809992080330300E-015, -1.000000000000000000, 0.0000000000000000000 ) ) ;
#7767 = FACE_OUTER_BOUND ( 'NONE', #2712, .T. ) ;
#7768 = AXIS2_PLACEMENT_3D ( 'NONE', #9393, #6323, #11529 ) ;
#7769 = DIRECTION ( 'NONE',  ( 0.7981611588096800800, -0.6024439928886241600, 0.0000000000000000000 ) ) ;
#7770 = UNCERTAINTY_MEASURE_WITH_UNIT (LENGTH_MEASURE( 1.000000000000000100E-005 ), #9354, 'distance_accuracy_value', 'NONE');
#7771 = VECTOR ( 'NONE', #10133, 1000.000000000000000 ) ;
#7772 = ADVANCED_FACE ( 'NONE', ( #6339, #6665 ), #7120, .T. ) ;
#7773 = VERTEX_POINT ( 'NONE', #13302 ) ;
#7774 = LINE ( 'NONE', #3133, #12920 ) ;
#7775 =( LENGTH_UNIT ( ) NAMED_UNIT ( * ) SI_UNIT ( .MILLI., .METRE. ) );
#7776 =( GEOMETRIC_REPRESENTATION_CONTEXT ( 3 ) GLOBAL_UNCERTAINTY_ASSIGNED_CONTEXT ( ( #8295 ) ) GLOBAL_UNIT_ASSIGNED_CONTEXT ( ( #9294, #3073, #10336 ) ) REPRESENTATION_CONTEXT ( 'NONE', 'WORKASPACE' ) );
#7777 = VERTEX_POINT ( 'NONE', #7176 ) ;
#7778 = CARTESIAN_POINT ( 'NONE',  ( 5.030491105500000300, 11.37117404675445300, 11.27807826140800400 ) ) ;
#7779 = CARTESIAN_POINT ( 'NONE',  ( -4.527472041999999400, 10.54099999999999900, 3.802000015999999600 ) ) ;
#7780 = CIRCLE ( 'NONE', #9665, 0.5079999999999997900 ) ;
#7781 = VECTOR ( 'NONE', #4776, 1000.000000000000000 ) ;
#7782 = PRESENTATION_STYLE_ASSIGNMENT (( #830 ) ) ;
#7783 = CARTESIAN_POINT ( 'NONE',  ( 7.518399999999999700, -1.778000000000000200, 5.461000000000000300 ) ) ;
#7784 = SURFACE_STYLE_FILL_AREA ( #7331 ) ;
#7785 = LINE ( 'NONE', #4097, #12929 ) ;
#7786 = ORIENTED_EDGE ( 'NONE', *, *, #7278, .T. ) ;
#7787 = EDGE_CURVE ( 'NONE', #217, #1122, #5382, .T. ) ;
#7788 = FILL_AREA_STYLE ('',( #5550 ) ) ;
#7789 = PRESENTATION_LAYER_ASSIGNMENT (  '', '', ( #6380 ) ) ;
#7790 = SURFACE_STYLE_FILL_AREA ( #13424 ) ;
#7791 = ORIENTED_EDGE ( 'NONE', *, *, #7030, .T. ) ;
#7792 = CYLINDRICAL_SURFACE ( 'NONE', #8908, 2.457802204000000500 ) ;
#7793 = DIRECTION ( 'NONE',  ( -1.000000000000000000, 0.0000000000000000000, 0.0000000000000000000 ) ) ;
#7794 = CARTESIAN_POINT ( 'NONE',  ( 8.636000000000001000, 1.150000621000000000, -10.24599881200000000 ) ) ;
#7795 = VECTOR ( 'NONE', #4759, 1000.000000000000000 ) ;
#7796 = ORIENTED_EDGE ( 'NONE', *, *, #113, .F. ) ;
#7797 = EDGE_CURVE ( 'NONE', #13348, #8876, #2632, .T. ) ;
#7798 = CARTESIAN_POINT ( 'NONE',  ( -8.975279771901954400, 3.828296212960510500, 10.09135783686563700 ) ) ;
#7799 = EDGE_CURVE ( 'NONE', #5211, #76, #13278, .T. ) ;
#7800 = DIRECTION ( 'NONE',  ( 0.0000000000000000000, 0.03594029059380552500, -0.9993539390586464500 ) ) ;
#7801 =( NAMED_UNIT ( * ) PLANE_ANGLE_UNIT ( ) SI_UNIT ( $, .RADIAN. ) );
#7802 = VERTEX_POINT ( 'NONE', #5139 ) ;
#7803 = SURFACE_STYLE_USAGE ( .BOTH. , #508 ) ;
#7804 = DIRECTION ( 'NONE',  ( 1.000000000000000000, -0.0000000000000000000, 0.0000000000000000000 ) ) ;
#7805 =( LENGTH_UNIT ( ) NAMED_UNIT ( * ) SI_UNIT ( .MILLI., .METRE. ) );
#7806 = EDGE_CURVE ( 'NONE', #5214, #12861, #10259, .T. ) ;
#7807 = SURFACE_STYLE_FILL_AREA ( #7746 ) ;
#7808 = PLANE ( 'NONE',  #9556 ) ;
#7809 =( LENGTH_UNIT ( ) NAMED_UNIT ( * ) SI_UNIT ( .MILLI., .METRE. ) );
#7810 = CARTESIAN_POINT ( 'NONE',  ( 4.825999999999998700, 0.0000000000000000000, -7.569200000000000400 ) ) ;
#7811 = ORIENTED_EDGE ( 'NONE', *, *, #11746, .F. ) ;
#7812 = DIRECTION ( 'NONE',  ( 0.0000000000000000000, 1.000000000000000000, 0.0000000000000000000 ) ) ;
#7813 = VECTOR ( 'NONE', #10320, 1000.000000000000000 ) ;
#7814 = SURFACE_STYLE_USAGE ( .BOTH. , #516 ) ;
#7815 = AXIS2_PLACEMENT_3D ( 'NONE', #590, #2301, #10622 ) ;
#7816 = PRESENTATION_STYLE_ASSIGNMENT (( #9767 ) ) ;
#7817 = LINE ( 'NONE', #7237, #5058 ) ;
#7818 = AXIS2_PLACEMENT_3D ( 'NONE', #13221, #4124, #8739 ) ;
#7819 = EDGE_LOOP ( 'NONE', ( #8774, #10995, #10794, #13028, #7909, #6396 ) ) ;
#7820 = FACE_OUTER_BOUND ( 'NONE', #5453, .T. ) ;
#7821 = CIRCLE ( 'NONE', #905, 0.5000000159999995500 ) ;
#7822 =( GEOMETRIC_REPRESENTATION_CONTEXT ( 3 ) GLOBAL_UNCERTAINTY_ASSIGNED_CONTEXT ( ( #4144 ) ) GLOBAL_UNIT_ASSIGNED_CONTEXT ( ( #4935, #12164, #5986 ) ) REPRESENTATION_CONTEXT ( 'NONE', 'WORKASPACE' ) );
#7823 = SURFACE_STYLE_FILL_AREA ( #13385 ) ;
#7824 = CARTESIAN_POINT ( 'NONE',  ( 8.762999999999999900, 8.848793325999999100, -3.781386573000000300 ) ) ;
#7825 = FILL_AREA_STYLE ('',( #4680 ) ) ;
#7826 = EDGE_CURVE ( 'NONE', #5005, #10134, #12959, .T. ) ;
#7827 = EDGE_LOOP ( 'NONE', ( #3261, #4874, #12981, #5750 ) ) ;
#7828 =( LENGTH_UNIT ( ) NAMED_UNIT ( * ) SI_UNIT ( .MILLI., .METRE. ) );
#7829 = CARTESIAN_POINT ( 'NONE',  ( 5.804110354999999700, 11.04563829300000100, 11.56604519000000100 ) ) ;
#7830 = PRESENTATION_LAYER_ASSIGNMENT (  '', '', ( #6416 ) ) ;
#7831 = VECTOR ( 'NONE', #5811, 1000.000000000000000 ) ;
#7832 = ORIENTED_EDGE ( 'NONE', *, *, #6840, .T. ) ;
#7833 = DIRECTION ( 'NONE',  ( 0.0000000000000000000, 0.0000000000000000000, -1.000000000000000000 ) ) ;
#7834 = DIRECTION ( 'NONE',  ( 0.0000000000000000000, 1.000000000000000000, 0.0000000000000000000 ) ) ;
#7836 = MECHANICAL_DESIGN_GEOMETRIC_PRESENTATION_REPRESENTATION (  '', ( #5754 ), #8524 ) ;
#7835 = CARTESIAN_POINT ( 'NONE',  ( 4.267336799725905300, 11.13635379836042500, 11.20525908644664500 ) ) ;
#7837 = CARTESIAN_POINT ( 'NONE',  ( -9.016999999999999500, 9.229793325999999400, -4.489386681000000900 ) ) ;
#7838 = ADVANCED_FACE ( 'NONE', ( #4724 ), #3108, .F. ) ;
#7839 = ORIENTED_EDGE ( 'NONE', *, *, #5636, .T. ) ;
#7840 = LINE ( 'NONE', #2713, #13309 ) ;
#7841 = SURFACE_STYLE_FILL_AREA ( #8573 ) ;
#7842 = STYLED_ITEM ( 'NONE', ( #11576 ), #12631 ) ;
#7843 = VECTOR ( 'NONE', #2222, 1000.000000000000000 ) ;
#7844 = EDGE_CURVE ( 'NONE', #2554, #5973, #966, .T. ) ;
#7845 = EDGE_CURVE ( 'NONE', #6404, #8549, #11674, .T. ) ;
#7846 = FILL_AREA_STYLE_COLOUR ( '', #8929 ) ;
#7847 = DIRECTION ( 'NONE',  ( 0.0000000000000000000, 0.0000000000000000000, 1.000000000000000000 ) ) ;
#7848 =( NAMED_UNIT ( * ) SI_UNIT ( $, .STERADIAN. ) SOLID_ANGLE_UNIT ( ) );
#7849 = FILL_AREA_STYLE ('',( #6793 ) ) ;
#7850 = FILL_AREA_STYLE_COLOUR ( '', #2921 ) ;
#7851 = CARTESIAN_POINT ( 'NONE',  ( 9.080599712684483300, 10.39713725947126100, 10.36402441600000100 ) ) ;
#7852 = PRESENTATION_STYLE_ASSIGNMENT (( #4139 ) ) ;
#7853 = ORIENTED_EDGE ( 'NONE', *, *, #12966, .F. ) ;
#7854 = FILL_AREA_STYLE_COLOUR ( '', #5033 ) ;
#7855 =( LENGTH_UNIT ( ) NAMED_UNIT ( * ) SI_UNIT ( .MILLI., .METRE. ) );
#7856 = VERTEX_POINT ( 'NONE', #27 ) ;
#7857 = EDGE_LOOP ( 'NONE', ( #12421, #994, #3544, #8039 ) ) ;
#7858 = STYLED_ITEM ( 'NONE', ( #4551 ), #11090 ) ;
#7859 = DIRECTION ( 'NONE',  ( -1.000000000000000000, 0.0000000000000000000, 0.0000000000000000000 ) ) ;
#7860 = VECTOR ( 'NONE', #10866, 1000.000000000000000 ) ;
#7861 = DIRECTION ( 'NONE',  ( -8.537024980200839600E-016, 1.000000000000000000, 0.0000000000000000000 ) ) ;
#7862 = CARTESIAN_POINT ( 'NONE',  ( 8.636000000000001000, 9.737793325829867900, -4.673387329052095800 ) ) ;
#7863 = VERTEX_POINT ( 'NONE', #6251 ) ;
#7864 = DIRECTION ( 'NONE',  ( 0.0000000000000000000, 0.0000000000000000000, -1.000000000000000000 ) ) ;
#7865 = AXIS2_PLACEMENT_3D ( 'NONE', #2512, #9804, #3543 ) ;
#7866 = ORIENTED_EDGE ( 'NONE', *, *, #8835, .F. ) ;
#7867 = COLOUR_RGB ( '',0.7490196078431372600, 1.000000000000000000, 1.000000000000000000 ) ;
#7868 = CARTESIAN_POINT ( 'NONE',  ( 8.890000000000000600, 8.248718325999997000, -11.82668283600000300 ) ) ;
#7869 = ORIENTED_EDGE ( 'NONE', *, *, #8141, .F. ) ;
#7870 = VECTOR ( 'NONE', #2185, 1000.000000000000200 ) ;
#7871 = CARTESIAN_POINT ( 'NONE',  ( -8.635999999999999200, 1.750000945000000300, -9.991998811779964700 ) ) ;
#7872 = DIRECTION ( 'NONE',  ( -8.537024980200826700E-016, 1.000000000000000000, 0.0000000000000000000 ) ) ;
#7873 = EDGE_CURVE ( 'NONE', #7915, #7887, #8950, .T. ) ;
#7874 = UNCERTAINTY_MEASURE_WITH_UNIT (LENGTH_MEASURE( 1.000000000000000100E-005 ), #5786, 'distance_accuracy_value', 'NONE');
#7875 = ORIENTED_EDGE ( 'NONE', *, *, #10805, .T. ) ;
#7876 = CARTESIAN_POINT ( 'NONE',  ( -7.772400000000000200, -1.778000000000000200, 5.461000000000000300 ) ) ;
#7877 =( GEOMETRIC_REPRESENTATION_CONTEXT ( 3 ) GLOBAL_UNCERTAINTY_ASSIGNED_CONTEXT ( ( #8046 ) ) GLOBAL_UNIT_ASSIGNED_CONTEXT ( ( #11211, #5002, #12219 ) ) REPRESENTATION_CONTEXT ( 'NONE', 'WORKASPACE' ) );
#7878 =( NAMED_UNIT ( * ) PLANE_ANGLE_UNIT ( ) SI_UNIT ( $, .RADIAN. ) );
#7879 = ORIENTED_EDGE ( 'NONE', *, *, #5741, .T. ) ;
#7880 = EDGE_CURVE ( 'NONE', #11152, #10720, #3751, .T. ) ;
#7881 = EDGE_CURVE ( 'NONE', #2543, #9355, #3412, .T. ) ;
#7882 = LINE ( 'NONE', #9196, #10331 ) ;
#7883 = ORIENTED_EDGE ( 'NONE', *, *, #9311, .T. ) ;
#7884 = ORIENTED_EDGE ( 'NONE', *, *, #10762, .T. ) ;
#7885 = DIRECTION ( 'NONE',  ( 0.0000000000000000000, 0.0000000000000000000, -1.000000000000000000 ) ) ;
#7886 = CARTESIAN_POINT ( 'NONE',  ( 3.355254885999999500, -1.778000000000000200, -1.246957018000000000 ) ) ;
#7887 = VERTEX_POINT ( 'NONE', #12487 ) ;
#7888 = ORIENTED_EDGE ( 'NONE', *, *, #7447, .F. ) ;
#7889 = STYLED_ITEM ( 'NONE', ( #9095 ), #2968 ) ;
#7890 = SURFACE_SIDE_STYLE ('',( #12977 ) ) ;
#7891 = SURFACE_STYLE_USAGE ( .BOTH. , #7944 ) ;
#7892 = VECTOR ( 'NONE', #4936, 1000.000000000000000 ) ;
#7893 = STYLED_ITEM ( 'NONE', ( #154 ), #326 ) ;
#7894 =( GEOMETRIC_REPRESENTATION_CONTEXT ( 3 ) GLOBAL_UNCERTAINTY_ASSIGNED_CONTEXT ( ( #9061 ) ) GLOBAL_UNIT_ASSIGNED_CONTEXT ( ( #11415, #5235, #12437 ) ) REPRESENTATION_CONTEXT ( 'NONE', 'WORKASPACE' ) );
#7895 = CARTESIAN_POINT ( 'NONE',  ( 3.809999999999999600, -0.8890000000000001200, -10.46480000000000000 ) ) ;
#7896 =( LENGTH_UNIT ( ) NAMED_UNIT ( * ) SI_UNIT ( .MILLI., .METRE. ) );
#7897 = CARTESIAN_POINT ( 'NONE',  ( -5.333999999999999600, -1.778000000000000200, -7.569200000000000400 ) ) ;
#7898 = ORIENTED_EDGE ( 'NONE', *, *, #1633, .F. ) ;
#7899 = EDGE_LOOP ( 'NONE', ( #12140, #5792, #11292, #5143 ) ) ;
#7900 = FILL_AREA_STYLE ('',( #4763 ) ) ;
#7901 = EDGE_CURVE ( 'NONE', #4869, #3914, #11354, .T. ) ;
#7902 = ADVANCED_FACE ( 'NONE', ( #312, #5873 ), #7354, .F. ) ;
#7903 = EDGE_CURVE ( 'NONE', #13085, #1191, #1781, .T. ) ;
#7904 = AXIS2_PLACEMENT_3D ( 'NONE', #4529, #11751, #5585 ) ;
#7905 = DIRECTION ( 'NONE',  ( 0.0000000000000000000, 0.0000000000000000000, -1.000000000000000000 ) ) ;
#7906 = DIRECTION ( 'NONE',  ( 1.000000000000000000, 0.0000000000000000000, 0.0000000000000000000 ) ) ;
#7907 = PRESENTATION_LAYER_ASSIGNMENT (  '', '', ( #6510 ) ) ;
#7908 = ORIENTED_EDGE ( 'NONE', *, *, #1900, .T. ) ;
#7909 = ORIENTED_EDGE ( 'NONE', *, *, #12970, .T. ) ;
#7910 = AXIS2_PLACEMENT_3D ( 'NONE', #8526, #8555, #6688 ) ;
#7911 = VECTOR ( 'NONE', #271, 1000.000000000000000 ) ;
#7912 = SURFACE_STYLE_FILL_AREA ( #9894 ) ;
#7913 = ORIENTED_EDGE ( 'NONE', *, *, #473, .T. ) ;
#7914 =( LENGTH_UNIT ( ) NAMED_UNIT ( * ) SI_UNIT ( .MILLI., .METRE. ) );
#7915 = VERTEX_POINT ( 'NONE', #5265 ) ;
#7916 = DIRECTION ( 'NONE',  ( 0.02190582905124581800, -0.7979696281447810100, 0.6022994331825802800 ) ) ;
#7917 = MECHANICAL_DESIGN_GEOMETRIC_PRESENTATION_REPRESENTATION (  '', ( #5844 ), #8614 ) ;
#7918 = DIRECTION ( 'NONE',  ( -3.469446951953611000E-015, -1.000000000000000000, 0.0000000000000000000 ) ) ;
#7919 = EDGE_CURVE ( 'NONE', #9195, #4511, #9781, .T. ) ;
#7920 = UNCERTAINTY_MEASURE_WITH_UNIT (LENGTH_MEASURE( 1.000000000000000100E-005 ), #844, 'distance_accuracy_value', 'NONE');
#7921 = LINE ( 'NONE', #11786, #10695 ) ;
#7922 = FILL_AREA_STYLE_COLOUR ( '', #5085 ) ;
#7923 = AXIS2_PLACEMENT_3D ( 'NONE', #9881, #3638, #10915 ) ;
#7924 =( LENGTH_UNIT ( ) NAMED_UNIT ( * ) SI_UNIT ( .MILLI., .METRE. ) );
#7925 = EDGE_CURVE ( 'NONE', #8691, #6158, #10089, .T. ) ;
#7926 = VERTEX_POINT ( 'NONE', #3273 ) ;
#7927 = ORIENTED_EDGE ( 'NONE', *, *, #8661, .T. ) ;
#7928 = ORIENTED_EDGE ( 'NONE', *, *, #8751, .T. ) ;
#7929 = LINE ( 'NONE', #1338, #2412 ) ;
#7930 = SURFACE_STYLE_FILL_AREA ( #13151 ) ;
#7931 = LINE ( 'NONE', #8049, #13402 ) ;
#7932 = AXIS2_PLACEMENT_3D ( 'NONE', #2107, #1969, #1918 ) ;
#7933 = MECHANICAL_DESIGN_GEOMETRIC_PRESENTATION_REPRESENTATION (  '', ( #5856 ), #8635 ) ;
#7934 = DIRECTION ( 'NONE',  ( 1.000000000000000000, 0.0000000000000000000, 0.0000000000000000000 ) ) ;
#7935 =( NAMED_UNIT ( * ) SI_UNIT ( $, .STERADIAN. ) SOLID_ANGLE_UNIT ( ) );
#7936 = COLOUR_RGB ( '',0.7529411764705882200, 1.000000000000000000, 1.000000000000000000 ) ;
#7937 = VECTOR ( 'NONE', #4211, 1000.000000000000000 ) ;
#7938 = FACE_OUTER_BOUND ( 'NONE', #8618, .T. ) ;
#7939 =( LENGTH_UNIT ( ) NAMED_UNIT ( * ) SI_UNIT ( .MILLI., .METRE. ) );
#7940 = UNCERTAINTY_MEASURE_WITH_UNIT (LENGTH_MEASURE( 1.000000000000000100E-005 ), #5447, 'distance_accuracy_value', 'NONE');
#7941 = COLOUR_RGB ( '',0.7490196078431372600, 1.000000000000000000, 1.000000000000000000 ) ;
#7942 = PRESENTATION_LAYER_ASSIGNMENT (  '', '', ( #6541 ) ) ;
#7943 = CARTESIAN_POINT ( 'NONE',  ( -8.635999999999999200, 0.0000000000000000000, -8.664998163999998200 ) ) ;
#7944 = SURFACE_SIDE_STYLE ('',( #1943 ) ) ;
#7945 = EDGE_LOOP ( 'NONE', ( #7042, #278, #7982, #838 ) ) ;
#7946 = DIRECTION ( 'NONE',  ( 1.000000000000000000, 0.0000000000000000000, 0.0000000000000000000 ) ) ;
#7947 = FILL_AREA_STYLE_COLOUR ( '', #9261 ) ;
#7948 = CARTESIAN_POINT ( 'NONE',  ( 4.027795055999998700, 10.54099999999999900, 3.784029870000000400 ) ) ;
#7949 = LINE ( 'NONE', #89, #10393 ) ;
#7950 = ORIENTED_EDGE ( 'NONE', *, *, #3840, .T. ) ;
#7951 = CARTESIAN_POINT ( 'NONE',  ( 4.064000000000000100, -1.778000000000000200, -10.46480000000000000 ) ) ;
#7952 = STYLED_ITEM ( 'NONE', ( #6862 ), #5135 ) ;
#7953 = DIRECTION ( 'NONE',  ( -0.0000000000000000000, -1.000000000000000000, -0.0000000000000000000 ) ) ;
#7954 = COLOUR_RGB ( '',0.7490196078431372600, 1.000000000000000000, 1.000000000000000000 ) ;
#7955 = LINE ( 'NONE', #13148, #13090 ) ;
#7956 = VECTOR ( 'NONE', #852, 1000.000000000000000 ) ;
#7957 = VERTEX_POINT ( 'NONE', #4307 ) ;
#7958 = EDGE_CURVE ( 'NONE', #4199, #11468, #4549, .T. ) ;
#7959 = COLOUR_RGB ( '',0.7490196078431372600, 1.000000000000000000, 1.000000000000000000 ) ;
#7960 = VERTEX_POINT ( 'NONE', #12565 ) ;
#7961 = UNCERTAINTY_MEASURE_WITH_UNIT (LENGTH_MEASURE( 1.000000000000000100E-005 ), #2837, 'distance_accuracy_value', 'NONE');
#7962 = CYLINDRICAL_SURFACE ( 'NONE', #4870, 0.5000000159999995500 ) ;
#7963 = CARTESIAN_POINT ( 'NONE',  ( -4.254710354999999400, 10.96964580000000200, 11.03698555000000100 ) ) ;
#7964 = FACE_OUTER_BOUND ( 'NONE', #13098, .T. ) ;
#7965 = VECTOR ( 'NONE', #12955, 1000.000000000000000 ) ;
#7966 =( NAMED_UNIT ( * ) PLANE_ANGLE_UNIT ( ) SI_UNIT ( $, .RADIAN. ) );
#7967 = LINE ( 'NONE', #2776, #5204 ) ;
#7968 = EDGE_LOOP ( 'NONE', ( #777, #7760, #556, #9800 ) ) ;
#7969 = VECTOR ( 'NONE', #5501, 1000.000000000000100 ) ;
#7970 = FACE_OUTER_BOUND ( 'NONE', #8887, .T. ) ;
#7971 = SURFACE_STYLE_USAGE ( .BOTH. , #8013 ) ;
#7972 = EDGE_CURVE ( 'NONE', #1471, #1545, #4228, .T. ) ;
#7973 =( LENGTH_UNIT ( ) NAMED_UNIT ( * ) SI_UNIT ( .MILLI., .METRE. ) );
#7974 = AXIS2_PLACEMENT_3D ( 'NONE', #1829, #9105, #2886 ) ;
#7975 = ORIENTED_EDGE ( 'NONE', *, *, #6648, .T. ) ;
#7976 = DIRECTION ( 'NONE',  ( 0.0000000000000000000, 0.0000000000000000000, 1.000000000000000000 ) ) ;
#7977 = UNCERTAINTY_MEASURE_WITH_UNIT (LENGTH_MEASURE( 1.000000000000000100E-005 ), #6644, 'distance_accuracy_value', 'NONE');
#7978 = ADVANCED_FACE ( 'NONE', ( #12143 ), #4349, .F. ) ;
#7979 = COLOUR_RGB ( '',0.7490196078431372600, 1.000000000000000000, 1.000000000000000000 ) ;
#7980 = LINE ( 'NONE', #4242, #13115 ) ;
#7981 = CARTESIAN_POINT ( 'NONE',  ( -8.635999999999999200, 1.150000620999999800, -9.991998811853310500 ) ) ;
#7982 = ORIENTED_EDGE ( 'NONE', *, *, #11854, .T. ) ;
#7983 = CARTESIAN_POINT ( 'NONE',  ( -8.890000000000000600, 0.0000000000000000000, -7.924799999999999400 ) ) ;
#7985 = EDGE_CURVE ( 'NONE', #4172, #2695, #2937, .T. ) ;
#7984 = LINE ( 'NONE', #4266, #10425 ) ;
#7986 = CARTESIAN_POINT ( 'NONE',  ( 8.975279771974140200, 3.828296213027760200, 8.814624416000002700 ) ) ;
#7987 = FILL_AREA_STYLE_COLOUR ( '', #12410 ) ;
#7988 = ORIENTED_EDGE ( 'NONE', *, *, #8096, .T. ) ;
#7989 = EDGE_CURVE ( 'NONE', #7696, #11462, #5699, .T. ) ;
#7990 = DIRECTION ( 'NONE',  ( -1.000000000000000000, 0.0000000000000000000, 0.0000000000000000000 ) ) ;
#7991 = CARTESIAN_POINT ( 'NONE',  ( 6.349999999999999600, -0.8890000000000001200, -10.46480000000000000 ) ) ;
#7992 = CARTESIAN_POINT ( 'NONE',  ( -9.017000000000001200, 1.842001269000000100, -10.24599881200000000 ) ) ;
#7993 = FILL_AREA_STYLE ('',( #8892 ) ) ;
#7994 =( GEOMETRIC_REPRESENTATION_CONTEXT ( 3 ) GLOBAL_UNCERTAINTY_ASSIGNED_CONTEXT ( ( #9182 ) ) GLOBAL_UNIT_ASSIGNED_CONTEXT ( ( #1928, #9205, #2998 ) ) REPRESENTATION_CONTEXT ( 'NONE', 'WORKASPACE' ) );
#7995 = LINE ( 'NONE', #7149, #13127 ) ;
#7996 = VERTEX_POINT ( 'NONE', #6482 ) ;
#7997 = FILL_AREA_STYLE_COLOUR ( '', #7514 ) ;
#7998 = CARTESIAN_POINT ( 'NONE',  ( 8.635999999999999200, 2.350001269000000700, -10.46499913600000100 ) ) ;
#7999 = SURFACE_STYLE_FILL_AREA ( #13194 ) ;
#8000 = CARTESIAN_POINT ( 'NONE',  ( -6.626043302000001100, 9.952328655000000500, 12.19200266147522500 ) ) ;
#8001 = ORIENTED_EDGE ( 'NONE', *, *, #5184, .T. ) ;
#8002 = MECHANICAL_DESIGN_GEOMETRIC_PRESENTATION_REPRESENTATION (  '', ( #5908 ), #8684 ) ;
#8003 = COLOUR_RGB ( '',0.7490196078431372600, 1.000000000000000000, 1.000000000000000000 ) ;
#8004 = MECHANICAL_DESIGN_GEOMETRIC_PRESENTATION_REPRESENTATION (  '', ( #5909 ), #8687 ) ;
#8005 = ORIENTED_EDGE ( 'NONE', *, *, #12786, .T. ) ;
#8006 =( NAMED_UNIT ( * ) SI_UNIT ( $, .STERADIAN. ) SOLID_ANGLE_UNIT ( ) );
#8007 = COLOUR_RGB ( '',0.7490196078431372600, 1.000000000000000000, 1.000000000000000000 ) ;
#8008 = CARTESIAN_POINT ( 'NONE',  ( -8.939999999999999500, -0.7111962200000000500, -0.8382000000000000600 ) ) ;
#8009 = DIRECTION ( 'NONE',  ( -1.000000000000000000, 0.0000000000000000000, 0.0000000000000000000 ) ) ;
#8010 = EDGE_CURVE ( 'NONE', #5783, #1629, #10895, .T. ) ;
#8011 = PLANE ( 'NONE',  #9559 ) ;
#8012 = FILL_AREA_STYLE ('',( #11080 ) ) ;
#8013 = SURFACE_SIDE_STYLE ('',( #2927 ) ) ;
#8014 = DIRECTION ( 'NONE',  ( 1.000000000000000000, -0.0000000000000000000, -0.0000000000000000000 ) ) ;
#8015 = VERTEX_POINT ( 'NONE', #239 ) ;
#8016 = CARTESIAN_POINT ( 'NONE',  ( 4.027795056237493100, 10.54099999999999900, 3.784029870147790600 ) ) ;
#8018 = AXIS2_PLACEMENT_3D ( 'NONE', #10340, #10299, #10249 ) ;
#8017 =( LENGTH_UNIT ( ) NAMED_UNIT ( * ) SI_UNIT ( .MILLI., .METRE. ) );
#8019 = DIRECTION ( 'NONE',  ( 0.0000000000000000000, 0.0000000000000000000, 1.000000000000000000 ) ) ;
#8020 = VECTOR ( 'NONE', #5468, 1000.000000000000000 ) ;
#8021 = LINE ( 'NONE', #2835, #2497 ) ;
#8022 = CARTESIAN_POINT ( 'NONE',  ( 8.890000000000000600, 1.247224551999999600, -0.8381999997291957900 ) ) ;
#8023 = CARTESIAN_POINT ( 'NONE',  ( -7.264400000000000200, 0.0000000000000000000, 5.460999999999998500 ) ) ;
#8024 = MECHANICAL_DESIGN_GEOMETRIC_PRESENTATION_REPRESENTATION (  '', ( #5930 ), #8708 ) ;
#8025 = ORIENTED_EDGE ( 'NONE', *, *, #2330, .T. ) ;
#8026 = CARTESIAN_POINT ( 'NONE',  ( -8.658011851999999600, 7.531149590000000900, 12.19200266121506200 ) ) ;
#8027 = DIRECTION ( 'NONE',  ( -1.000000000000000000, 0.0000000000000000000, 0.0000000000000000000 ) ) ;
#8028 = DIRECTION ( 'NONE',  ( 0.0000000000000000000, 0.9993539390586464500, 0.03594029059380552500 ) ) ;
#8029 = LINE ( 'NONE', #12711, #2168 ) ;
#8030 = STYLED_ITEM ( 'NONE', ( #425 ), #4700 ) ;
#8031 = CARTESIAN_POINT ( 'NONE',  ( -9.126755405763184100, 10.35118319609722800, 10.28205667311930100 ) ) ;
#8032 = LINE ( 'NONE', #7549, #2507 ) ;
#8033 = CARTESIAN_POINT ( 'NONE',  ( -8.890000000000000600, 8.248718325999997000, -9.026401162000000900 ) ) ;
#8034 = CARTESIAN_POINT ( 'NONE',  ( 5.530603067000000400, 10.54099999999999900, 3.301999999999999600 ) ) ;
#8035 = CARTESIAN_POINT ( 'NONE',  ( 4.825999999999998700, 0.0000000000000000000, -7.924799999999999400 ) ) ;
#8036 = MECHANICAL_DESIGN_GEOMETRIC_PRESENTATION_REPRESENTATION (  '', ( #5942 ), #8727 ) ;
#8037 = VERTEX_POINT ( 'NONE', #2272 ) ;
#8038 = CARTESIAN_POINT ( 'NONE',  ( 8.939999999999999500, 1.247224551874968700, -1.447800000000000400 ) ) ;
#8039 = ORIENTED_EDGE ( 'NONE', *, *, #5226, .T. ) ;
#8040 = ADVANCED_FACE ( 'NONE', ( #13265 ), #2359, .T. ) ;
#8041 = DIRECTION ( 'NONE',  ( -3.469446951953611000E-015, -1.000000000000000000, 0.0000000000000000000 ) ) ;
#8042 = CARTESIAN_POINT ( 'NONE',  ( -4.002375674500000500, -1.778000000000000200, -2.048894387000000300 ) ) ;
#8043 = ORIENTED_EDGE ( 'NONE', *, *, #10605, .T. ) ;
#8044 = CARTESIAN_POINT ( 'NONE',  ( 4.264688342302959800, 11.37117404642888700, 11.27807826195021500 ) ) ;
#8045 =( GEOMETRIC_REPRESENTATION_CONTEXT ( 3 ) GLOBAL_UNCERTAINTY_ASSIGNED_CONTEXT ( ( #4343 ) ) GLOBAL_UNIT_ASSIGNED_CONTEXT ( ( #8266, #2029, #9329 ) ) REPRESENTATION_CONTEXT ( 'NONE', 'WORKASPACE' ) );
#8046 = UNCERTAINTY_MEASURE_WITH_UNIT (LENGTH_MEASURE( 1.000000000000000100E-005 ), #11211, 'distance_accuracy_value', 'NONE');
#8047 = ORIENTED_EDGE ( 'NONE', *, *, #3510, .F. ) ;
#8048 = SURFACE_SIDE_STYLE ('',( #1799 ) ) ;
#8049 = CARTESIAN_POINT ( 'NONE',  ( 9.016999999999999500, 9.102793326000000500, -3.981386681000000500 ) ) ;
#8050 = FILL_AREA_STYLE ('',( #8092 ) ) ;
#8051 = SURFACE_STYLE_USAGE ( .BOTH. , #757 ) ;
#8052 = EDGE_CURVE ( 'NONE', #6839, #10069, #1614, .T. ) ;
#8053 = VECTOR ( 'NONE', #10397, 1000.000000000000000 ) ;
#8054 = ORIENTED_EDGE ( 'NONE', *, *, #1784, .F. ) ;
#8055 = DIRECTION ( 'NONE',  ( 0.0000000000000000000, -1.000000000000000000, 0.0000000000000000000 ) ) ;
#8056 = SURFACE_STYLE_USAGE ( .BOTH. , #764 ) ;
#8057 = DIRECTION ( 'NONE',  ( -1.000000000000000000, 0.0000000000000000000, 0.0000000000000000000 ) ) ;
#8058 = EDGE_CURVE ( 'NONE', #4890, #7047, #9604, .T. ) ;
#8059 = ORIENTED_EDGE ( 'NONE', *, *, #10444, .F. ) ;
#8060 = UNCERTAINTY_MEASURE_WITH_UNIT (LENGTH_MEASURE( 1.000000000000000100E-005 ), #5937, 'distance_accuracy_value', 'NONE');
#8061 = PRESENTATION_STYLE_ASSIGNMENT (( #2450 ) ) ;
#8062 = DIRECTION ( 'NONE',  ( 0.0000000000000000000, 0.0000000000000000000, -1.000000000000000000 ) ) ;
#8063 = CARTESIAN_POINT ( 'NONE',  ( -8.790300481999999200, 10.40536388850000000, 8.814624416000002700 ) ) ;
#8064 = ORIENTED_EDGE ( 'NONE', *, *, #6836, .F. ) ;
#8065 = VERTEX_POINT ( 'NONE', #334 ) ;
#8066 = PLANE ( 'NONE',  #9227 ) ;
#8067 = STYLED_ITEM ( 'NONE', ( #11010 ), #3193 ) ;
#8068 = PLANE ( 'NONE',  #5755 ) ;
#8069 = FILL_AREA_STYLE ('',( #13184 ) ) ;
#8070 = PRESENTATION_LAYER_ASSIGNMENT (  '', '', ( #8772 ) ) ;
#8071 = ORIENTED_EDGE ( 'NONE', *, *, #7539, .T. ) ;
#8072 = ORIENTED_EDGE ( 'NONE', *, *, #3534, .F. ) ;
#8073 = MECHANICAL_DESIGN_GEOMETRIC_PRESENTATION_REPRESENTATION (  '', ( #6671 ), #8773 ) ;
#8074 = CARTESIAN_POINT ( 'NONE',  ( 7.518399999999999700, -1.778000000000000200, 4.953000000000001200 ) ) ;
#8075 = CARTESIAN_POINT ( 'NONE',  ( -5.029037554499999500, 11.04563829323599900, 11.56604519000000100 ) ) ;
#8076 = SURFACE_SIDE_STYLE ('',( #10666 ) ) ;
#8077 = VECTOR ( 'NONE', #1870, 1000.000000000000000 ) ;
#8078 = DIRECTION ( 'NONE',  ( 0.0000000000000000000, -1.000000000000000000, 0.0000000000000000000 ) ) ;
#8079 = DIRECTION ( 'NONE',  ( 1.000000000000000000, 0.0000000000000000000, 0.0000000000000000000 ) ) ;
#8080 = EDGE_CURVE ( 'NONE', #9683, #8560, #6817, .T. ) ;
#8081 = EDGE_CURVE ( 'NONE', #10492, #1545, #12303, .T. ) ;
#8082 = ORIENTED_EDGE ( 'NONE', *, *, #5564, .F. ) ;
#8083 = PRESENTATION_LAYER_ASSIGNMENT (  '', '', ( #6683 ) ) ;
#8084 =( LENGTH_UNIT ( ) NAMED_UNIT ( * ) SI_UNIT ( .MILLI., .METRE. ) );
#8085 = ORIENTED_EDGE ( 'NONE', *, *, #13300, .F. ) ;
#8086 = FILL_AREA_STYLE_COLOUR ( '', #7441 ) ;
#8087 = LINE ( 'NONE', #11616, #5327 ) ;
#8088 = CARTESIAN_POINT ( 'NONE',  ( -8.975279772181235000, 3.828296212805461600, 9.114590626222243600 ) ) ;
#8089 = DIRECTION ( 'NONE',  ( 0.0000000000000000000, 1.000000000000000000, 0.0000000000000000000 ) ) ;
#8090 = AXIS2_PLACEMENT_3D ( 'NONE', #7012, #4891, #4927 ) ;
#8091 = AXIS2_PLACEMENT_3D ( 'NONE', #10033, #3805, #11061 ) ;
#8092 = FILL_AREA_STYLE_COLOUR ( '', #10886 ) ;
#8093 = CARTESIAN_POINT ( 'NONE',  ( 7.772400000000000200, 0.0000000000000000000, 4.953000000000001200 ) ) ;
#8094 = SURFACE_STYLE_FILL_AREA ( #7099 ) ;
#8095 =( GEOMETRIC_REPRESENTATION_CONTEXT ( 3 ) GLOBAL_UNCERTAINTY_ASSIGNED_CONTEXT ( ( #3153 ) ) GLOBAL_UNIT_ASSIGNED_CONTEXT ( ( #8344, #2124, #9404 ) ) REPRESENTATION_CONTEXT ( 'NONE', 'WORKASPACE' ) );
#8096 = EDGE_CURVE ( 'NONE', #11791, #12941, #1283, .T. ) ;
#8097 = VERTEX_POINT ( 'NONE', #6565 ) ;
#8098 =( NAMED_UNIT ( * ) PLANE_ANGLE_UNIT ( ) SI_UNIT ( $, .RADIAN. ) );
#8099 =( GEOMETRIC_REPRESENTATION_CONTEXT ( 3 ) GLOBAL_UNCERTAINTY_ASSIGNED_CONTEXT ( ( #5605 ) ) GLOBAL_UNIT_ASSIGNED_CONTEXT ( ( #4864, #12079, #5913 ) ) REPRESENTATION_CONTEXT ( 'NONE', 'WORKASPACE' ) );
#8100 = SURFACE_STYLE_FILL_AREA ( #9765 ) ;
#8101 = FILL_AREA_STYLE_COLOUR ( '', #12703 ) ;
#8102 = DIRECTION ( 'NONE',  ( -1.000000000000000000, 0.0000000000000000000, 0.0000000000000000000 ) ) ;
#8103 = FILL_AREA_STYLE ('',( #4963 ) ) ;
#8104 = FACE_BOUND ( 'NONE', #3251, .T. ) ;
#8105 = ADVANCED_FACE ( 'NONE', ( #11662 ), #7962, .F. ) ;
#8106 = CARTESIAN_POINT ( 'NONE',  ( 8.890000000000000600, 9.648859162999997400, -5.381387442835376500 ) ) ;
#8107 = UNCERTAINTY_MEASURE_WITH_UNIT (LENGTH_MEASURE( 1.000000000000000100E-005 ), #8552, 'distance_accuracy_value', 'NONE');
#8108 = VECTOR ( 'NONE', #4840, 1000.000000000000000 ) ;
#8109 = PRESENTATION_STYLE_ASSIGNMENT (( #2913 ) ) ;
#8110 = LINE ( 'NONE', #13371, #10880 ) ;
#8111 = MECHANICAL_DESIGN_GEOMETRIC_PRESENTATION_REPRESENTATION (  '', ( #6026 ), #8815 ) ;
#8112 = ORIENTED_EDGE ( 'NONE', *, *, #10143, .F. ) ;
#8113 = DIRECTION ( 'NONE',  ( -0.0000000000000000000, -0.0000000000000000000, 1.000000000000000000 ) ) ;
#8114 = CARTESIAN_POINT ( 'NONE',  ( -5.841999999999999600, -1.778000000000000200, -10.28700000000000100 ) ) ;
#8115 = CARTESIAN_POINT ( 'NONE',  ( 0.0000000000000000000, 1.345799999999999900, 3.505199999999999900 ) ) ;
#8116 = COLOUR_RGB ( '',0.7490196078431372600, 1.000000000000000000, 1.000000000000000000 ) ;
#8117 = LINE ( 'NONE', #9184, #2610 ) ;
#8118 = CARTESIAN_POINT ( 'NONE',  ( -8.890000000017865400, 10.33011169802398600, 10.36402441714770500 ) ) ;
#8119 = DIRECTION ( 'NONE',  ( 0.0000000000000000000, 1.000000000000000000, 0.0000000000000000000 ) ) ;
#8120 = LINE ( 'NONE', #8899, #131 ) ;
#8121 = CARTESIAN_POINT ( 'NONE',  ( 4.825999999999999600, -1.778000000000000200, -2.668177707000000800 ) ) ;
#8122 = FILL_AREA_STYLE ('',( #7997 ) ) ;
#8123 =( LENGTH_UNIT ( ) NAMED_UNIT ( * ) SI_UNIT ( .MILLI., .METRE. ) );
#8124 = DIRECTION ( 'NONE',  ( 0.0000000000000000000, 0.0000000000000000000, 1.000000000000000000 ) ) ;
#8125 = ORIENTED_EDGE ( 'NONE', *, *, #2919, .F. ) ;
#8126 = VERTEX_POINT ( 'NONE', #6658 ) ;
#8127 = VECTOR ( 'NONE', #5450, 1000.000000000000000 ) ;
#8128 = CARTESIAN_POINT ( 'NONE',  ( 8.715588148000000100, 8.742905755999999000, 12.47422630100000000 ) ) ;
#8129 = SURFACE_STYLE_FILL_AREA ( #8938 ) ;
#8130 = VECTOR ( 'NONE', #2986, 1000.000000000000000 ) ;
#8131 = ORIENTED_EDGE ( 'NONE', *, *, #3382, .F. ) ;
#8132 = ADVANCED_FACE ( 'NONE', ( #2767 ), #11803, .F. ) ;
#8133 = FILL_AREA_STYLE ('',( #1894 ) ) ;
#8134 = DIRECTION ( 'NONE',  ( 0.7979441975190582100, 0.6022802358100357600, -0.02331469918901037100 ) ) ;
#8135 = FILL_AREA_STYLE ('',( #13252 ) ) ;
#8136 = VECTOR ( 'NONE', #938, 1000.000000000000000 ) ;
#8137 =( NAMED_UNIT ( * ) PLANE_ANGLE_UNIT ( ) SI_UNIT ( $, .RADIAN. ) );
#8138 = DIRECTION ( 'NONE',  ( 0.0000000000000000000, 0.0000000000000000000, -1.000000000000000000 ) ) ;
#8139 = MECHANICAL_DESIGN_GEOMETRIC_PRESENTATION_REPRESENTATION (  '', ( #6730 ), #8830 ) ;
#8140 = UNCERTAINTY_MEASURE_WITH_UNIT (LENGTH_MEASURE( 1.000000000000000100E-005 ), #1984, 'distance_accuracy_value', 'NONE');
#8141 = EDGE_CURVE ( 'NONE', #2928, #13055, #6964, .T. ) ;
#8142 = ORIENTED_EDGE ( 'NONE', *, *, #6238, .F. ) ;
#8143 = CARTESIAN_POINT ( 'NONE',  ( -6.299820371000000000, -1.778000000000000200, -1.143000000000000200 ) ) ;
#8144 = EDGE_CURVE ( 'NONE', #9537, #6839, #1768, .T. ) ;
#8145 = LINE ( 'NONE', #6398, #13285 ) ;
#8146 =( NAMED_UNIT ( * ) PLANE_ANGLE_UNIT ( ) SI_UNIT ( $, .RADIAN. ) );
#8147 = LINE ( 'NONE', #3998, #13289 ) ;
#8148 = DIRECTION ( 'NONE',  ( -8.537024980200826700E-016, 1.000000000000000000, 0.0000000000000000000 ) ) ;
#8149 = EDGE_LOOP ( 'NONE', ( #9545, #7796, #5142, #3185 ) ) ;
#8150 = COLOUR_RGB ( '',0.7490196078431372600, 1.000000000000000000, 1.000000000000000000 ) ;
#8151 = DIRECTION ( 'NONE',  ( 0.0000000000000000000, 0.0000000000000000000, -1.000000000000000000 ) ) ;
#8152 = LINE ( 'NONE', #7851, #2307 ) ;
#8153 = PRESENTATION_LAYER_ASSIGNMENT (  '', '', ( #2817 ) ) ;
#8154 = ORIENTED_EDGE ( 'NONE', *, *, #1656, .F. ) ;
#8155 = PRESENTATION_STYLE_ASSIGNMENT (( #10291 ) ) ;
#8156 = LINE ( 'NONE', #2567, #5404 ) ;
#8157 = LINE ( 'NONE', #3682, #5408 ) ;
#8158 = CARTESIAN_POINT ( 'NONE',  ( 3.301999999999999600, -1.778000000000000200, -7.747000000000000800 ) ) ;
#8159 = DIRECTION ( 'NONE',  ( -0.0000000000000000000, -0.0000000000000000000, 1.000000000000000000 ) ) ;
#8160 = EDGE_CURVE ( 'NONE', #9434, #9479, #9763, .T. ) ;
#8161 = PLANE ( 'NONE',  #13347 ) ;
#8162 = SURFACE_STYLE_USAGE ( .BOTH. , #870 ) ;
#8163 = DIRECTION ( 'NONE',  ( -1.000000000000000000, -1.707404996040159200E-015, 0.0000000000000000000 ) ) ;
#8164 = STYLED_ITEM ( 'NONE', ( #5155 ), #8518 ) ;
#8165 = DIRECTION ( 'NONE',  ( -1.000000000000000000, 0.0000000000000000000, 0.0000000000000000000 ) ) ;
#8166 = DIRECTION ( 'NONE',  ( 0.7316824847242771000, -0.6816456128720466100, 0.0000000000000000000 ) ) ;
#8167 = PRESENTATION_STYLE_ASSIGNMENT (( #2019 ) ) ;
#8168 = UNCERTAINTY_MEASURE_WITH_UNIT (LENGTH_MEASURE( 1.000000000000000100E-005 ), #6740, 'distance_accuracy_value', 'NONE');
#8169 = FILL_AREA_STYLE ('',( #8420 ) ) ;
#8170 = FILL_AREA_STYLE_COLOUR ( '', #6470 ) ;
#8171 = STYLED_ITEM ( 'NONE', ( #814 ), #4020 ) ;
#8172 = ADVANCED_FACE ( 'NONE', ( #4216 ), #12928, .T. ) ;
#8173 = AXIS2_PLACEMENT_3D ( 'NONE', #3165, #3132, #3100 ) ;
#8174 =( GEOMETRIC_REPRESENTATION_CONTEXT ( 3 ) GLOBAL_UNCERTAINTY_ASSIGNED_CONTEXT ( ( #12537 ) ) GLOBAL_UNIT_ASSIGNED_CONTEXT ( ( #3009, #10280, #4055 ) ) REPRESENTATION_CONTEXT ( 'NONE', 'WORKASPACE' ) );
#8175 = SURFACE_STYLE_FILL_AREA ( #3109 ) ;
#8176 = FILL_AREA_STYLE ('',( #6085 ) ) ;
#8177 =( GEOMETRIC_REPRESENTATION_CONTEXT ( 3 ) GLOBAL_UNCERTAINTY_ASSIGNED_CONTEXT ( ( #5466 ) ) GLOBAL_UNIT_ASSIGNED_CONTEXT ( ( #3531, #10824, #4578 ) ) REPRESENTATION_CONTEXT ( 'NONE', 'WORKASPACE' ) );
#8178 = ORIENTED_EDGE ( 'NONE', *, *, #7739, .T. ) ;
#8179 = EDGE_CURVE ( 'NONE', #3097, #1052, #8433, .T. ) ;
#8180 = DIRECTION ( 'NONE',  ( -8.537024980200826700E-016, 1.000000000000000000, 0.0000000000000000000 ) ) ;
#8181 = CARTESIAN_POINT ( 'NONE',  ( -9.171170354456641900, 10.30354460618116400, 8.836012749050796700 ) ) ;
#8182 = STYLED_ITEM ( 'NONE', ( #12849 ), #9774 ) ;
#8183 = UNCERTAINTY_MEASURE_WITH_UNIT (LENGTH_MEASURE( 1.000000000000000100E-005 ), #4067, 'distance_accuracy_value', 'NONE');
#8184 = FACE_OUTER_BOUND ( 'NONE', #7827, .T. ) ;
#8185 = CARTESIAN_POINT ( 'NONE',  ( -6.299820371000000000, -1.778000000000000200, -1.143000000000000200 ) ) ;
#8186 = EDGE_LOOP ( 'NONE', ( #1099, #8, #3964, #8125 ) ) ;
#8187 = VERTEX_POINT ( 'NONE', #5623 ) ;
#8188 = CARTESIAN_POINT ( 'NONE',  ( 8.610599999999999800, 10.54099999999999900, 8.814624416000002700 ) ) ;
#8189 = STYLED_ITEM ( 'NONE', ( #11523 ), #2534 ) ;
#8190 = CARTESIAN_POINT ( 'NONE',  ( 8.635999999999999200, 0.9500005130000001000, -9.864998812000001400 ) ) ;
#8191 = ORIENTED_EDGE ( 'NONE', *, *, #2031, .F. ) ;
#8192 = PRESENTATION_LAYER_ASSIGNMENT (  '', '', ( #6787 ) ) ;
#8193 = ORIENTED_EDGE ( 'NONE', *, *, #1698, .T. ) ;
#8194 = DIRECTION ( 'NONE',  ( 0.0000000000000000000, 0.0000000000000000000, -1.000000000000000000 ) ) ;
#8195 = LINE ( 'NONE', #4238, #13343 ) ;
#8196 = ADVANCED_FACE ( 'NONE', ( #5682 ), #546, .F. ) ;
#8197 = CARTESIAN_POINT ( 'NONE',  ( 8.635999999999999200, 7.948998325285623800, -8.964998320808875900 ) ) ;
#8198 =( GEOMETRIC_REPRESENTATION_CONTEXT ( 3 ) GLOBAL_UNCERTAINTY_ASSIGNED_CONTEXT ( ( #2789 ) ) GLOBAL_UNIT_ASSIGNED_CONTEXT ( ( #2079, #9364, #3142 ) ) REPRESENTATION_CONTEXT ( 'NONE', 'WORKASPACE' ) );
#8199 = CARTESIAN_POINT ( 'NONE',  ( 5.841999999999999600, -1.778000000000000200, -10.46480000000000000 ) ) ;
#8200 = CARTESIAN_POINT ( 'NONE',  ( 7.699915265000001300, 7.530902241999999800, 12.06500000000000100 ) ) ;
#8201 = SURFACE_SIDE_STYLE ('',( #9029 ) ) ;
#8202 = VERTEX_POINT ( 'NONE', #6795 ) ;
#8203 = STYLED_ITEM ( 'NONE', ( #6127 ), #5043 ) ;
#8204 = ORIENTED_EDGE ( 'NONE', *, *, #11508, .F. ) ;
#8205 = CARTESIAN_POINT ( 'NONE',  ( 6.683662505999909500, 9.954909269380458200, 12.19470501285599100 ) ) ;
#8206 = DIRECTION ( 'NONE',  ( -1.000000000000000000, -1.707404996040159200E-015, 0.0000000000000000000 ) ) ;
#8207 =( NAMED_UNIT ( * ) SI_UNIT ( $, .STERADIAN. ) SOLID_ANGLE_UNIT ( ) );
#8208 = CARTESIAN_POINT ( 'NONE',  ( 3.267003117000000700, -1.778000000000000200, -1.338284043000000000 ) ) ;
#8209 = STYLED_ITEM ( 'NONE', ( #2262 ), #11500 ) ;
#8210 = CARTESIAN_POINT ( 'NONE',  ( 5.795887220999999200, 11.04899999999999900, 11.49434053000000100 ) ) ;
#8211 = VERTEX_POINT ( 'NONE', #1667 ) ;
#8212 = ORIENTED_EDGE ( 'NONE', *, *, #10762, .F. ) ;
#8213 = DIRECTION ( 'NONE',  ( 0.0000000000000000000, 0.0000000000000000000, 1.000000000000000000 ) ) ;
#8214 = ORIENTED_EDGE ( 'NONE', *, *, #8144, .F. ) ;
#8215 = ORIENTED_EDGE ( 'NONE', *, *, #1093, .T. ) ;
#8216 = LINE ( 'NONE', #1803, #13363 ) ;
#8217 = CARTESIAN_POINT ( 'NONE',  ( -4.825999999999999600, 0.0000000000000000000, -7.569200000000000400 ) ) ;
#8218 = EDGE_CURVE ( 'NONE', #8065, #12764, #1922, .T. ) ;
#8219 = VECTOR ( 'NONE', #8793, 1000.000000000000000 ) ;
#8220 = CARTESIAN_POINT ( 'NONE',  ( -7.772400000000000200, -0.8890000000000001200, 8.000999999999999400 ) ) ;
#8221 = CARTESIAN_POINT ( 'NONE',  ( -7.264400000000000200, -0.8890000000000001200, 5.461000000000000300 ) ) ;
#8222 = MECHANICAL_DESIGN_GEOMETRIC_PRESENTATION_REPRESENTATION (  '', ( #6827 ), #8920 ) ;
#8223 = ORIENTED_EDGE ( 'NONE', *, *, #5169, .F. ) ;
#8224 = SURFACE_SIDE_STYLE ('',( #7503 ) ) ;
#8225 =( NAMED_UNIT ( * ) SI_UNIT ( $, .STERADIAN. ) SOLID_ANGLE_UNIT ( ) );
#8226 = CARTESIAN_POINT ( 'NONE',  ( 8.382000000000001400, 2.776954804999999900, 10.05299548000000000 ) ) ;
#8227 = EDGE_LOOP ( 'NONE', ( #10786, #2782, #12022, #3677 ) ) ;
#8228 = ORIENTED_EDGE ( 'NONE', *, *, #7958, .F. ) ;
#8229 = EDGE_CURVE ( 'NONE', #11403, #3829, #7462, .T. ) ;
#8230 = SURFACE_STYLE_FILL_AREA ( #11578 ) ;
#8231 = PLANE ( 'NONE',  #8440 ) ;
#8232 = PLANE ( 'NONE',  #6298 ) ;
#8233 = SURFACE_SIDE_STYLE ('',( #12309 ) ) ;
#8234 = ADVANCED_FACE ( 'NONE', ( #9916 ), #5864, .F. ) ;
#8235 = EDGE_CURVE ( 'NONE', #9625, #12820, #599, .T. ) ;
#8236 = ORIENTED_EDGE ( 'NONE', *, *, #6499, .T. ) ;
#8237 = ORIENTED_EDGE ( 'NONE', *, *, #5099, .T. ) ;
#8238 = DIRECTION ( 'NONE',  ( -1.000000000000000000, -0.0000000000000000000, -0.0000000000000000000 ) ) ;
#8239 = LINE ( 'NONE', #4428, #13383 ) ;
#8240 = EDGE_CURVE ( 'NONE', #7153, #4661, #8919, .T. ) ;
#8241 = ORIENTED_EDGE ( 'NONE', *, *, #890, .F. ) ;
#8242 = ORIENTED_EDGE ( 'NONE', *, *, #1265, .T. ) ;
#8243 = COLOUR_RGB ( '',0.7529411764705882200, 1.000000000000000000, 1.000000000000000000 ) ;
#8244 = FILL_AREA_STYLE ('',( #7201 ) ) ;
#8245 = FILL_AREA_STYLE ('',( #7202 ) ) ;
#8246 = FILL_AREA_STYLE_COLOUR ( '', #4642 ) ;
#8247 = DIRECTION ( 'NONE',  ( 0.0000000000000000000, 0.0000000000000000000, 1.000000000000000000 ) ) ;
#8248 =( GEOMETRIC_REPRESENTATION_CONTEXT ( 3 ) GLOBAL_UNCERTAINTY_ASSIGNED_CONTEXT ( ( #10218 ) ) GLOBAL_UNIT_ASSIGNED_CONTEXT ( ( #1012, #8303, #2068 ) ) REPRESENTATION_CONTEXT ( 'NONE', 'WORKASPACE' ) );
#8249 = FILL_AREA_STYLE ('',( #9163 ) ) ;
#8250 = LINE ( 'NONE', #6107, #5491 ) ;
#8251 = VERTEX_POINT ( 'NONE', #9022 ) ;
#8252 =( GEOMETRIC_REPRESENTATION_CONTEXT ( 3 ) GLOBAL_UNCERTAINTY_ASSIGNED_CONTEXT ( ( #10597 ) ) GLOBAL_UNIT_ASSIGNED_CONTEXT ( ( #3630, #3726, #3445 ) ) REPRESENTATION_CONTEXT ( 'NONE', 'WORKASPACE' ) );
#8253 = CYLINDRICAL_SURFACE ( 'NONE', #2149, 4.555210407999998900 ) ;
#8254 = AXIS2_PLACEMENT_3D ( 'NONE', #10269, #3286, #7466 ) ;
#8255 = DIRECTION ( 'NONE',  ( 0.0000000000000000000, 0.0000000000000000000, 1.000000000000000000 ) ) ;
#8256 = ORIENTED_EDGE ( 'NONE', *, *, #12086, .F. ) ;
#8257 = EDGE_LOOP ( 'NONE', ( #8862, #1906, #11046, #4474 ) ) ;
#8258 = EDGE_CURVE ( 'NONE', #1644, #11596, #3081, .T. ) ;
#8259 = MANIFOLD_SOLID_BREP ( 'J0G-0009NL_1-1-solid1', #11846 ) ;
#8260 = VECTOR ( 'NONE', #1177, 1000.000000000000000 ) ;
#8261 = VECTOR ( 'NONE', #7300, 1000.000000000000000 ) ;
#8262 = PRESENTATION_LAYER_ASSIGNMENT (  '', '', ( #5481 ) ) ;
#8263 = PRESENTATION_STYLE_ASSIGNMENT (( #5378 ) ) ;
#8264 = ADVANCED_FACE ( 'NONE', ( #2088 ), #1795, .T. ) ;
#8265 = VERTEX_POINT ( 'NONE', #8033 ) ;
#8266 =( LENGTH_UNIT ( ) NAMED_UNIT ( * ) SI_UNIT ( .MILLI., .METRE. ) );
#8267 = CARTESIAN_POINT ( 'NONE',  ( 5.804110354999999700, 11.04899999959711300, 11.41714558250000000 ) ) ;
#8268 = PRESENTATION_STYLE_ASSIGNMENT (( #12104 ) ) ;
#8269 = CARTESIAN_POINT ( 'NONE',  ( 8.382000000000001400, 2.776954804999999900, 10.05299548000000000 ) ) ;
#8270 = LINE ( 'NONE', #8128, #11026 ) ;
#8271 = ORIENTED_EDGE ( 'NONE', *, *, #6174, .F. ) ;
#8272 = STYLED_ITEM ( 'NONE', ( #7291 ), #4625 ) ;
#8273 = DIRECTION ( 'NONE',  ( -0.0000000000000000000, -1.000000000000000000, -0.0000000000000000000 ) ) ;
#8274 = FILL_AREA_STYLE_COLOUR ( '', #12580 ) ;
#8275 = VECTOR ( 'NONE', #12226, 1000.000000000000000 ) ;
#8276 = LINE ( 'NONE', #2826, #2760 ) ;
#8277 = VECTOR ( 'NONE', #621, 1000.000000000000000 ) ;
#8278 = DIRECTION ( 'NONE',  ( -3.469446951953611000E-015, 1.000000000000000000, 0.0000000000000000000 ) ) ;
#8279 = VERTEX_POINT ( 'NONE', #1837 ) ;
#8280 = UNCERTAINTY_MEASURE_WITH_UNIT (LENGTH_MEASURE( 1.000000000000000100E-005 ), #12858, 'distance_accuracy_value', 'NONE');
#8281 = DIRECTION ( 'NONE',  ( -1.000000000000000000, 0.0000000000000000000, 0.0000000000000000000 ) ) ;
#8282 =( GEOMETRIC_REPRESENTATION_CONTEXT ( 3 ) GLOBAL_UNCERTAINTY_ASSIGNED_CONTEXT ( ( #2048 ) ) GLOBAL_UNIT_ASSIGNED_CONTEXT ( ( #11645, #5459, #12673 ) ) REPRESENTATION_CONTEXT ( 'NONE', 'WORKASPACE' ) );
#8283 = VECTOR ( 'NONE', #7859, 1000.000000000000000 ) ;
#8284 = LINE ( 'NONE', #2821, #5522 ) ;
#8285 = CARTESIAN_POINT ( 'NONE',  ( 5.794543052289987500, 11.09975097867829200, 11.22993964873553800 ) ) ;
#8286 = FILL_AREA_STYLE ('',( #2042 ) ) ;
#8287 = CARTESIAN_POINT ( 'NONE',  ( 8.939999999999999500, 1.247224551999999600, -0.8382000000000000600 ) ) ;
#8288 = FACE_OUTER_BOUND ( 'NONE', #11943, .T. ) ;
#8289 = COLOUR_RGB ( '',0.7490196078431372600, 1.000000000000000000, 1.000000000000000000 ) ;
#8290 = CARTESIAN_POINT ( 'NONE',  ( -8.635999999999999200, 10.04879397399999900, -3.781386573000000300 ) ) ;
#8291 = VERTEX_POINT ( 'NONE', #9117 ) ;
#8292 = CARTESIAN_POINT ( 'NONE',  ( -4.527472042205102900, 10.79499999999999800, 3.302000000000000000 ) ) ;
#8293 = ORIENTED_EDGE ( 'NONE', *, *, #473, .F. ) ;
#8294 = PRESENTATION_LAYER_ASSIGNMENT (  '', '', ( #6204 ) ) ;
#8295 = UNCERTAINTY_MEASURE_WITH_UNIT (LENGTH_MEASURE( 1.000000000000000100E-005 ), #9294, 'distance_accuracy_value', 'NONE');
#8296 = DIRECTION ( 'NONE',  ( 0.0000000000000000000, 0.0000000000000000000, -1.000000000000000000 ) ) ;
#8297 = SURFACE_STYLE_USAGE ( .BOTH. , #8201 ) ;
#8298 = COLOUR_RGB ( '',0.7529411764705882200, 1.000000000000000000, 1.000000000000000000 ) ;
#8299 =( LENGTH_UNIT ( ) NAMED_UNIT ( * ) SI_UNIT ( .MILLI., .METRE. ) );
#8300 = VECTOR ( 'NONE', #1044, 1000.000000000000000 ) ;
#8301 = FILL_AREA_STYLE ('',( #13425 ) ) ;
#8302 = DIRECTION ( 'NONE',  ( 0.0000000000000000000, 0.0000000000000000000, -1.000000000000000000 ) ) ;
#8303 =( NAMED_UNIT ( * ) PLANE_ANGLE_UNIT ( ) SI_UNIT ( $, .RADIAN. ) );
#8304 = FACE_OUTER_BOUND ( 'NONE', #1587, .T. ) ;
#8305 = ORIENTED_EDGE ( 'NONE', *, *, #11605, .T. ) ;
#8306 =( NAMED_UNIT ( * ) SI_UNIT ( $, .STERADIAN. ) SOLID_ANGLE_UNIT ( ) );
#8307 =( GEOMETRIC_REPRESENTATION_CONTEXT ( 3 ) GLOBAL_UNCERTAINTY_ASSIGNED_CONTEXT ( ( #9712 ) ) GLOBAL_UNIT_ASSIGNED_CONTEXT ( ( #6939, #697, #8006 ) ) REPRESENTATION_CONTEXT ( 'NONE', 'WORKASPACE' ) );
#8308 = SURFACE_STYLE_USAGE ( .BOTH. , #1018 ) ;
#8309 = ADVANCED_FACE ( 'NONE', ( #11792 ), #8068, .T. ) ;
#8310 = UNCERTAINTY_MEASURE_WITH_UNIT (LENGTH_MEASURE( 1.000000000000000100E-005 ), #2582, 'distance_accuracy_value', 'NONE');
#8311 = EDGE_LOOP ( 'NONE', ( #1410, #1071, #2503, #7520 ) ) ;
#8312 = DIRECTION ( 'NONE',  ( 0.0000000000000000000, 1.000000000000000000, 0.0000000000000000000 ) ) ;
#8313 = PRESENTATION_STYLE_ASSIGNMENT (( #10423 ) ) ;
#8314 = DIRECTION ( 'NONE',  ( 1.000000000000000000, -0.0000000000000000000, 0.0000000000000000000 ) ) ;
#8315 = DIRECTION ( 'NONE',  ( -1.000000000000000000, -0.0000000000000000000, -0.0000000000000000000 ) ) ;
#8317 = EDGE_CURVE ( 'NONE', #4452, #5152, #10864, .T. ) ;
#8316 = LINE ( 'NONE', #10132, #5234 ) ;
#8318 = CARTESIAN_POINT ( 'NONE',  ( 3.747926352000000800, 10.79499999999999800, 11.56604519000000100 ) ) ;
#8319 =( GEOMETRIC_REPRESENTATION_CONTEXT ( 3 ) GLOBAL_UNCERTAINTY_ASSIGNED_CONTEXT ( ( #6685 ) ) GLOBAL_UNIT_ASSIGNED_CONTEXT ( ( #4230, #11459, #5269 ) ) REPRESENTATION_CONTEXT ( 'NONE', 'WORKASPACE' ) );
#8320 = EDGE_LOOP ( 'NONE', ( #6423, #8191, #5496, #2936 ) ) ;
#8321 = EDGE_CURVE ( 'NONE', #7047, #726, #105, .T. ) ;
#8322 = CARTESIAN_POINT ( 'NONE',  ( -6.349999999999999600, -0.8890000000000001200, -10.46480000000000000 ) ) ;
#8323 = LINE ( 'NONE', #9735, #11071 ) ;
#8324 = CARTESIAN_POINT ( 'NONE',  ( -9.037124582921150000, 3.761911622433313300, 10.05373487834305200 ) ) ;
#8325 = SURFACE_STYLE_FILL_AREA ( #5628 ) ;
#8326 = FACE_OUTER_BOUND ( 'NONE', #74, .T. ) ;
#8327 = DIRECTION ( 'NONE',  ( 0.0000000000000000000, 0.0000000000000000000, -1.000000000000000000 ) ) ;
#8328 = CARTESIAN_POINT ( 'NONE',  ( -4.825999999999999600, 0.0000000000000000000, -7.924799999999999400 ) ) ;
#8329 =( GEOMETRIC_REPRESENTATION_CONTEXT ( 3 ) GLOBAL_UNCERTAINTY_ASSIGNED_CONTEXT ( ( #4751 ) ) GLOBAL_UNIT_ASSIGNED_CONTEXT ( ( #4875, #3696, #13353 ) ) REPRESENTATION_CONTEXT ( 'NONE', 'WORKASPACE' ) );
#8330 = ADVANCED_FACE ( 'NONE', ( #13232 ), #5032, .T. ) ;
#8331 = ORIENTED_EDGE ( 'NONE', *, *, #7167, .F. ) ;
#8332 = STYLED_ITEM ( 'NONE', ( #12469 ), #517 ) ;
#8333 = PRESENTATION_STYLE_ASSIGNMENT (( #8396 ) ) ;
#8334 = MECHANICAL_DESIGN_GEOMETRIC_PRESENTATION_REPRESENTATION (  '', ( #6231 ), #9026 ) ;
#8335 = ORIENTED_EDGE ( 'NONE', *, *, #12719, .T. ) ;
#8336 = ADVANCED_BREP_SHAPE_REPRESENTATION ( 'J0G-0009NL', ( #8259, #6975 ), #684 ) ;
#8337 = FILL_AREA_STYLE_COLOUR ( '', #1910 ) ;
#8338 = DIRECTION ( 'NONE',  ( 0.0000000000000000000, 1.000000000000000000, 0.0000000000000000000 ) ) ;
#8339 = EDGE_CURVE ( 'NONE', #2184, #10185, #4351, .T. ) ;
#8340 = PLANE ( 'NONE',  #9841 ) ;
#8341 = EDGE_CURVE ( 'NONE', #2261, #13085, #1583, .T. ) ;
#8342 = STYLED_ITEM ( 'NONE', ( #9723 ), #8928 ) ;
#8343 = CARTESIAN_POINT ( 'NONE',  ( -7.264400000000000200, -1.778000000000000200, 4.953000000000001200 ) ) ;
#8344 =( LENGTH_UNIT ( ) NAMED_UNIT ( * ) SI_UNIT ( .MILLI., .METRE. ) );
#8345 = ORIENTED_EDGE ( 'NONE', *, *, #4145, .T. ) ;
#8346 = CARTESIAN_POINT ( 'NONE',  ( -6.626437292593444700, 8.305364261609476300, 12.59484719580556900 ) ) ;
#8347 = MECHANICAL_DESIGN_GEOMETRIC_PRESENTATION_REPRESENTATION (  '', ( #6943 ), #9039 ) ;
#8348 = STYLED_ITEM ( 'NONE', ( #5968 ), #1763 ) ;
#8349 = UNCERTAINTY_MEASURE_WITH_UNIT (LENGTH_MEASURE( 1.000000000000000100E-005 ), #5538, 'distance_accuracy_value', 'NONE');
#8350 = AXIS2_PLACEMENT_3D ( 'NONE', #4614, #11842, #5678 ) ;
#8351 = COLOUR_RGB ( '',0.7490196078431372600, 1.000000000000000000, 1.000000000000000000 ) ;
#8352 = CARTESIAN_POINT ( 'NONE',  ( -6.626043302000077500, 9.952328654679002200, 12.06500000000000100 ) ) ;
#8353 = DIRECTION ( 'NONE',  ( -0.0000000000000000000, -0.0000000000000000000, 1.000000000000000000 ) ) ;
#8354 = MECHANICAL_DESIGN_GEOMETRIC_PRESENTATION_REPRESENTATION (  '', ( #6252 ), #9050 ) ;
#8355 = DIRECTION ( 'NONE',  ( 0.0000000000000000000, 0.0000000000000000000, -1.000000000000000000 ) ) ;
#8356 = EDGE_CURVE ( 'NONE', #4511, #9425, #12040, .T. ) ;
#8357 = VERTEX_POINT ( 'NONE', #13373 ) ;
#8358 = FILL_AREA_STYLE_COLOUR ( '', #576 ) ;
#8359 = AXIS2_PLACEMENT_3D ( 'NONE', #3597, #10868, #4632 ) ;
#8360 = DIRECTION ( 'NONE',  ( -0.9993539390597754300, 0.0000000000000000000, 0.03594029056241338600 ) ) ;
#8361 = FILL_AREA_STYLE_COLOUR ( '', #12809 ) ;
#8362 = ORIENTED_EDGE ( 'NONE', *, *, #10149, .T. ) ;
#8363 =( NAMED_UNIT ( * ) SI_UNIT ( $, .STERADIAN. ) SOLID_ANGLE_UNIT ( ) );
#8364 = SURFACE_STYLE_USAGE ( .BOTH. , #1075 ) ;
#8365 =( GEOMETRIC_REPRESENTATION_CONTEXT ( 3 ) GLOBAL_UNCERTAINTY_ASSIGNED_CONTEXT ( ( #7519 ) ) GLOBAL_UNIT_ASSIGNED_CONTEXT ( ( #11890, #5724, #12930 ) ) REPRESENTATION_CONTEXT ( 'NONE', 'WORKASPACE' ) );
#8366 = ADVANCED_FACE ( 'NONE', ( #1250 ), #8253, .T. ) ;
#8367 = ORIENTED_EDGE ( 'NONE', *, *, #13175, .F. ) ;
#8368 =( NAMED_UNIT ( * ) SI_UNIT ( $, .STERADIAN. ) SOLID_ANGLE_UNIT ( ) );
#8369 = PRODUCT_DEFINITION_FORMATION_WITH_SPECIFIED_SOURCE ( 'ANY', '', #4072, .NOT_KNOWN. ) ;
#8370 = FACE_OUTER_BOUND ( 'NONE', #6884, .T. ) ;
#8371 = COLOUR_RGB ( '',0.7529411764705882200, 1.000000000000000000, 1.000000000000000000 ) ;
#8372 = DIRECTION ( 'NONE',  ( 1.000000000000000000, -0.0000000000000000000, 0.0000000000000000000 ) ) ;
#8373 = CARTESIAN_POINT ( 'NONE',  ( -8.890000000000000600, 0.0000000000000000000, -10.46480000000000000 ) ) ;
#8374 = CARTESIAN_POINT ( 'NONE',  ( 8.715588156800000900, 5.524499999999999700, 12.06500000000000100 ) ) ;
#8375 = ORIENTED_EDGE ( 'NONE', *, *, #7137, .F. ) ;
#8376 = STYLED_ITEM ( 'NONE', ( #8155 ), #5244 ) ;
#8377 = VERTEX_POINT ( 'NONE', #7247 ) ;
#8378 = CARTESIAN_POINT ( 'NONE',  ( 4.265045945781913000, 11.04899999987399700, 11.26824597608109700 ) ) ;
#8379 = EDGE_LOOP ( 'NONE', ( #11741, #7573, #7566, #7811 ) ) ;
#8380 = DIRECTION ( 'NONE',  ( 0.0000000000000000000, -0.03594029059380552500, 0.9993539390586464500 ) ) ;
#8381 = ORIENTED_EDGE ( 'NONE', *, *, #8160, .T. ) ;
#8382 = ADVANCED_FACE ( 'NONE', ( #5827 ), #12377, .F. ) ;
#8383 =( NAMED_UNIT ( * ) PLANE_ANGLE_UNIT ( ) SI_UNIT ( $, .RADIAN. ) );
#8384 =( NAMED_UNIT ( * ) PLANE_ANGLE_UNIT ( ) SI_UNIT ( $, .RADIAN. ) );
#8385 = LINE ( 'NONE', #4473, #3189 ) ;
#8386 = CARTESIAN_POINT ( 'NONE',  ( -9.090344282899101500, 10.13973070442536100, 10.27683157202811900 ) ) ;
#8387 = VERTEX_POINT ( 'NONE', #1011 ) ;
#8388 = ORIENTED_EDGE ( 'NONE', *, *, #527, .T. ) ;
#8389 = ADVANCED_FACE ( 'NONE', ( #12747 ), #8340, .F. ) ;
#8390 = CARTESIAN_POINT ( 'NONE',  ( 8.890000000000000600, 4.436602109999999000, -0.5080000055933120400 ) ) ;
#8391 = DIRECTION ( 'NONE',  ( 0.0000000000000000000, -1.000000000000000000, 0.0000000000000000000 ) ) ;
#8392 = EDGE_CURVE ( 'NONE', #1107, #2965, #6282, .T. ) ;
#8393 = VERTEX_POINT ( 'NONE', #8378 ) ;
#8394 = FILL_AREA_STYLE ('',( #1058 ) ) ;
#8395 = SURFACE_STYLE_FILL_AREA ( #10152 ) ;
#8396 = SURFACE_STYLE_USAGE ( .BOTH. , #1112 ) ;
#8397 =( GEOMETRIC_REPRESENTATION_CONTEXT ( 3 ) GLOBAL_UNCERTAINTY_ASSIGNED_CONTEXT ( ( #10022 ) ) GLOBAL_UNIT_ASSIGNED_CONTEXT ( ( #6226, #3, #7283 ) ) REPRESENTATION_CONTEXT ( 'NONE', 'WORKASPACE' ) );
#8398 = VECTOR ( 'NONE', #9607, 1000.000000000000000 ) ;
#8399 = VECTOR ( 'NONE', #818, 1000.000000000000000 ) ;
#8400 = CARTESIAN_POINT ( 'NONE',  ( 8.990000000000000200, 0.2680141659999997800, -0.8382000000000000600 ) ) ;
#8401 = DIRECTION ( 'NONE',  ( 0.0000000000000000000, -0.7071067811865473500, 0.7071067811865477900 ) ) ;
#8402 = CIRCLE ( 'NONE', #6947, 0.3048000000000000200 ) ;
#8403 = ORIENTED_EDGE ( 'NONE', *, *, #1452, .F. ) ;
#8404 =( NAMED_UNIT ( * ) PLANE_ANGLE_UNIT ( ) SI_UNIT ( $, .RADIAN. ) );
#8405 = ORIENTED_EDGE ( 'NONE', *, *, #4569, .F. ) ;
#8406 = SURFACE_STYLE_USAGE ( .BOTH. , #1123 ) ;
#8407 = VERTEX_POINT ( 'NONE', #7343 ) ;
#8408 =( GEOMETRIC_REPRESENTATION_CONTEXT ( 3 ) GLOBAL_UNCERTAINTY_ASSIGNED_CONTEXT ( ( #3311 ) ) GLOBAL_UNIT_ASSIGNED_CONTEXT ( ( #1241, #1148, #1165 ) ) REPRESENTATION_CONTEXT ( 'NONE', 'WORKASPACE' ) );
#8409 = EDGE_LOOP ( 'NONE', ( #7111, #10546, #11977, #4714, #149, #9108, #10096, #10922 ) ) ;
#8410 = AXIS2_PLACEMENT_3D ( 'NONE', #9848, #3600, #10873 ) ;
#8411 = CARTESIAN_POINT ( 'NONE',  ( 8.635999999999999200, 0.0000000000000000000, -8.964998321554999100 ) ) ;
#8412 = SURFACE_STYLE_USAGE ( .BOTH. , #1127 ) ;
#8413 = VECTOR ( 'NONE', #5465, 1000.000000000000000 ) ;
#8414 = EDGE_CURVE ( 'NONE', #5982, #9708, #3522, .T. ) ;
#8415 =( NAMED_UNIT ( * ) PLANE_ANGLE_UNIT ( ) SI_UNIT ( $, .RADIAN. ) );
#8416 = ORIENTED_EDGE ( 'NONE', *, *, #834, .F. ) ;
#8417 = VERTEX_POINT ( 'NONE', #3207 ) ;
#8418 = SURFACE_STYLE_FILL_AREA ( #6337 ) ;
#8419 = ORIENTED_EDGE ( 'NONE', *, *, #13152, .F. ) ;
#8420 = FILL_AREA_STYLE_COLOUR ( '', #8116 ) ;
#8421 = SURFACE_SIDE_STYLE ('',( #3377 ) ) ;
#8422 = CYLINDRICAL_SURFACE ( 'NONE', #1079, 0.5000000000000004400 ) ;
#8423 = STYLED_ITEM ( 'NONE', ( #1981 ), #3882 ) ;
#8424 = FILL_AREA_STYLE_COLOUR ( '', #8734 ) ;
#8425 = FACE_BOUND ( 'NONE', #1611, .T. ) ;
#8426 = COLOUR_RGB ( '',0.7490196078431372600, 1.000000000000000000, 1.000000000000000000 ) ;
#8427 =( NAMED_UNIT ( * ) PLANE_ANGLE_UNIT ( ) SI_UNIT ( $, .RADIAN. ) );
#8428 =( GEOMETRIC_REPRESENTATION_CONTEXT ( 3 ) GLOBAL_UNCERTAINTY_ASSIGNED_CONTEXT ( ( #10848 ) ) GLOBAL_UNIT_ASSIGNED_CONTEXT ( ( #7209, #7154, #6881 ) ) REPRESENTATION_CONTEXT ( 'NONE', 'WORKASPACE' ) );
#8429 = LINE ( 'NONE', #12458, #8108 ) ;
#8430 =( GEOMETRIC_REPRESENTATION_CONTEXT ( 3 ) GLOBAL_UNCERTAINTY_ASSIGNED_CONTEXT ( ( #6290 ) ) GLOBAL_UNIT_ASSIGNED_CONTEXT ( ( #13070, #6894, #659 ) ) REPRESENTATION_CONTEXT ( 'NONE', 'WORKASPACE' ) );
#8431 = SURFACE_SIDE_STYLE ('',( #643 ) ) ;
#8432 = ORIENTED_EDGE ( 'NONE', *, *, #10696, .T. ) ;
#8433 = LINE ( 'NONE', #11927, #440 ) ;
#8434 = PRESENTATION_LAYER_ASSIGNMENT (  '', '', ( #9727 ) ) ;
#8435 =( NAMED_UNIT ( * ) PLANE_ANGLE_UNIT ( ) SI_UNIT ( $, .RADIAN. ) );
#8436 = VECTOR ( 'NONE', #11149, 1000.000000000000000 ) ;
#8437 = EDGE_CURVE ( 'NONE', #13116, #3277, #1070, .T. ) ;
#8438 = ADVANCED_FACE ( 'NONE', ( #5972 ), #2231, .T. ) ;
#8439 = CYLINDRICAL_SURFACE ( 'NONE', #4324, 0.5079999999999997900 ) ;
#8440 = AXIS2_PLACEMENT_3D ( 'NONE', #6194, #13403, #7231 ) ;
#8441 = ORIENTED_EDGE ( 'NONE', *, *, #7467, .T. ) ;
#8442 = COLOUR_RGB ( '',0.7490196078431372600, 1.000000000000000000, 1.000000000000000000 ) ;
#8443 = SURFACE_STYLE_USAGE ( .BOTH. , #1158 ) ;
#8444 = CARTESIAN_POINT ( 'NONE',  ( 8.762999999999999900, 11.04899999999999900, -12.06500000000000100 ) ) ;
#8445 = FILL_AREA_STYLE_COLOUR ( '', #8817 ) ;
#8446 = VECTOR ( 'NONE', #8488, 1000.000000000000000 ) ;
#8447 = CARTESIAN_POINT ( 'NONE',  ( -8.890000000000000600, 7.948998325999999900, -8.964998325999999900 ) ) ;
#8448 = SURFACE_STYLE_USAGE ( .BOTH. , #1166 ) ;
#8449 = CARTESIAN_POINT ( 'NONE',  ( -9.090000013377888900, 3.705154818675402000, 9.289856516030900100 ) ) ;
#8450 = MECHANICAL_DESIGN_GEOMETRIC_PRESENTATION_REPRESENTATION (  '', ( #6355 ), #9148 ) ;
#8451 = COLOUR_RGB ( '',0.7490196078431372600, 1.000000000000000000, 1.000000000000000000 ) ;
#8452 = PRESENTATION_LAYER_ASSIGNMENT (  '', '', ( #7043 ) ) ;
#8454 = SURFACE_STYLE_FILL_AREA ( #10802 ) ;
#8453 = DIRECTION ( 'NONE',  ( -1.000000000000000000, 0.0000000000000000000, 0.0000000000000000000 ) ) ;
#8455 = VECTOR ( 'NONE', #13270, 1000.000000000000000 ) ;
#8456 = ORIENTED_EDGE ( 'NONE', *, *, #4995, .T. ) ;
#8457 = SURFACE_STYLE_USAGE ( .BOTH. , #1171 ) ;
#8458 = ADVANCED_FACE ( 'NONE', ( #7756, #13214 ), #145, .T. ) ;
#8459 =( GEOMETRIC_REPRESENTATION_CONTEXT ( 3 ) GLOBAL_UNCERTAINTY_ASSIGNED_CONTEXT ( ( #12622 ) ) GLOBAL_UNIT_ASSIGNED_CONTEXT ( ( #10168, #3952, #11193 ) ) REPRESENTATION_CONTEXT ( 'NONE', 'WORKASPACE' ) );
#8460 = COLOUR_RGB ( '',0.7529411764705882200, 1.000000000000000000, 1.000000000000000000 ) ;
#8461 = CARTESIAN_POINT ( 'NONE',  ( -8.890000000000000600, 0.0000000000000000000, -12.06500000000000100 ) ) ;
#8462 = FILL_AREA_STYLE_COLOUR ( '', #7936 ) ;
#8463 = PRESENTATION_LAYER_ASSIGNMENT (  '', '', ( #6367 ) ) ;
#8464 = SURFACE_STYLE_FILL_AREA ( #6564 ) ;
#8465 =( LENGTH_UNIT ( ) NAMED_UNIT ( * ) SI_UNIT ( .MILLI., .METRE. ) );
#8466 = PRESENTATION_STYLE_ASSIGNMENT (( #12292 ) ) ;
#8467 = ADVANCED_FACE ( 'NONE', ( #6769 ), #8473, .T. ) ;
#8468 = DIRECTION ( 'NONE',  ( 0.0000000000000000000, 0.0000000000000000000, -1.000000000000000000 ) ) ;
#8469 = FACE_OUTER_BOUND ( 'NONE', #8513, .T. ) ;
#8470 = ORIENTED_EDGE ( 'NONE', *, *, #11014, .F. ) ;
#8471 = CARTESIAN_POINT ( 'NONE',  ( -8.636000000000001000, 9.737793325829869700, -4.489386680947904800 ) ) ;
#8472 = CARTESIAN_POINT ( 'NONE',  ( -7.264400000000000200, -1.778000000000000200, 7.493000000000000300 ) ) ;
#8473 = PLANE ( 'NONE',  #8855 ) ;
#8474 = EDGE_LOOP ( 'NONE', ( #2843, #11696, #2424, #6963 ) ) ;
#8475 = CARTESIAN_POINT ( 'NONE',  ( -8.762999999999999900, -1.165775448114037900, -0.5080000000000000100 ) ) ;
#8476 = UNCERTAINTY_MEASURE_WITH_UNIT (LENGTH_MEASURE( 1.000000000000000100E-005 ), #2494, 'distance_accuracy_value', 'NONE');
#8477 =( NAMED_UNIT ( * ) SI_UNIT ( $, .STERADIAN. ) SOLID_ANGLE_UNIT ( ) );
#8478 = VECTOR ( 'NONE', #7946, 1000.000000000000000 ) ;
#8479 = ORIENTED_EDGE ( 'NONE', *, *, #3658, .T. ) ;
#8480 = EDGE_CURVE ( 'NONE', #782, #8065, #3050, .T. ) ;
#8481 = LINE ( 'NONE', #12265, #2970 ) ;
#8482 = LINE ( 'NONE', #11864, #13303 ) ;
#8483 = MECHANICAL_DESIGN_GEOMETRIC_PRESENTATION_REPRESENTATION (  '', ( #6380 ), #9179 ) ;
#8484 = FILL_AREA_STYLE_COLOUR ( '', #12267 ) ;
#8485 = CARTESIAN_POINT ( 'NONE',  ( -8.890000000000000600, 10.54099999999999900, 10.83254115400000100 ) ) ;
#8486 = SURFACE_SIDE_STYLE ('',( #5552 ) ) ;
#8487 =( LENGTH_UNIT ( ) NAMED_UNIT ( * ) SI_UNIT ( .MILLI., .METRE. ) );
#8488 = DIRECTION ( 'NONE',  ( 0.0000000000000000000, 1.000000000000000000, 0.0000000000000000000 ) ) ;
#8489 = DIRECTION ( 'NONE',  ( 0.0000000000000000000, 0.0000000000000000000, -1.000000000000000000 ) ) ;
#8490 = EDGE_CURVE ( 'NONE', #9417, #2720, #252, .T. ) ;
#8491 = CARTESIAN_POINT ( 'NONE',  ( -8.762999999999999900, 11.04899999999999900, 0.4651319110000000100 ) ) ;
#8492 = SURFACE_STYLE_USAGE ( .BOTH. , #1212 ) ;
#8493 = LINE ( 'NONE', #12813, #354 ) ;
#8494 = EDGE_CURVE ( 'NONE', #5152, #891, #8239, .T. ) ;
#8495 =( LENGTH_UNIT ( ) NAMED_UNIT ( * ) SI_UNIT ( .MILLI., .METRE. ) );
#8496 = CARTESIAN_POINT ( 'NONE',  ( 4.917327024617395500, -1.778000000000000000, 0.3695477133697210900 ) ) ;
#8497 = LINE ( 'NONE', #1992, #4276 ) ;
#8498 = CARTESIAN_POINT ( 'NONE',  ( 5.798347862840551600, 11.33726467300586500, 11.33455268267373300 ) ) ;
#8499 = EDGE_CURVE ( 'NONE', #2377, #10953, #2724, .T. ) ;
#8500 = ORIENTED_EDGE ( 'NONE', *, *, #13201, .T. ) ;
#8501 = DIRECTION ( 'NONE',  ( 1.000000000000000000, 0.0000000000000000000, 0.0000000000000000000 ) ) ;
#8502 = ORIENTED_EDGE ( 'NONE', *, *, #10538, .T. ) ;
#8503 = DIRECTION ( 'NONE',  ( -0.0000000000000000000, -0.0000000000000000000, 1.000000000000000000 ) ) ;
#8504 = UNCERTAINTY_MEASURE_WITH_UNIT (LENGTH_MEASURE( 1.000000000000000100E-005 ), #5358, 'distance_accuracy_value', 'NONE');
#8505 = PRESENTATION_LAYER_ASSIGNMENT (  '', '', ( #7098 ) ) ;
#8506 = CARTESIAN_POINT ( 'NONE',  ( -5.841999999999999600, -1.778000000000000200, -10.46480000000000000 ) ) ;
#8507 = PRESENTATION_LAYER_ASSIGNMENT (  '', '', ( #7103 ) ) ;
#8508 = PRESENTATION_LAYER_ASSIGNMENT (  '', '', ( #9210 ) ) ;
#8509 = CARTESIAN_POINT ( 'NONE',  ( -8.658011851999999600, 7.531149590000000900, 12.49064935300000200 ) ) ;
#8510 = FILL_AREA_STYLE ('',( #3293 ) ) ;
#8511 = VERTEX_POINT ( 'NONE', #7565 ) ;
#8512 = EDGE_CURVE ( 'NONE', #7344, #4053, #2391, .T. ) ;
#8513 = EDGE_LOOP ( 'NONE', ( #12425, #2707, #12601, #1776 ) ) ;
#8514 =( LENGTH_UNIT ( ) NAMED_UNIT ( * ) SI_UNIT ( .MILLI., .METRE. ) );
#8515 = ORIENTED_EDGE ( 'NONE', *, *, #5452, .T. ) ;
#8516 = MECHANICAL_DESIGN_GEOMETRIC_PRESENTATION_REPRESENTATION (  '', ( #6416 ), #9219 ) ;
#8517 = CARTESIAN_POINT ( 'NONE',  ( -8.635999999999999200, -1.165775448000000000, -0.5080000000000000100 ) ) ;
#8518 = ADVANCED_FACE ( 'NONE', ( #10689 ), #3424, .T. ) ;
#8519 =( LENGTH_UNIT ( ) NAMED_UNIT ( * ) SI_UNIT ( .MILLI., .METRE. ) );
#8520 = PRESENTATION_STYLE_ASSIGNMENT (( #1970 ) ) ;
#8521 = DIRECTION ( 'NONE',  ( 0.0000000000000000000, 0.0000000000000000000, -1.000000000000000000 ) ) ;
#8522 = STYLED_ITEM ( 'NONE', ( #6311 ), #4433 ) ;
#8523 = ORIENTED_EDGE ( 'NONE', *, *, #6235, .F. ) ;
#8524 =( GEOMETRIC_REPRESENTATION_CONTEXT ( 3 ) GLOBAL_UNCERTAINTY_ASSIGNED_CONTEXT ( ( #6737 ) ) GLOBAL_UNIT_ASSIGNED_CONTEXT ( ( #11611, #11838, #12020 ) ) REPRESENTATION_CONTEXT ( 'NONE', 'WORKASPACE' ) );
#8525 = ORIENTED_EDGE ( 'NONE', *, *, #8835, .T. ) ;
#8526 = CARTESIAN_POINT ( 'NONE',  ( -8.890000000000000600, -0.7111962200000000500, -1.143000000000000200 ) ) ;
#8527 = DIRECTION ( 'NONE',  ( 0.0000000000000000000, 1.000000000000000000, 0.0000000000000000000 ) ) ;
#8528 = SURFACE_STYLE_FILL_AREA ( #19 ) ;
#8529 = CARTESIAN_POINT ( 'NONE',  ( -8.970000965872845500, 10.26972777559697800, 10.28004386729623800 ) ) ;
#8530 = DIRECTION ( 'NONE',  ( -0.0000000000000000000, -1.000000000000000000, -0.0000000000000000000 ) ) ;
#8531 = CYLINDRICAL_SURFACE ( 'NONE', #5917, 0.5079999999999997900 ) ;
#8532 = CARTESIAN_POINT ( 'NONE',  ( 0.7620000000000001200, -1.778000000000000200, -7.935942080000001100 ) ) ;
#8533 = AXIS2_PLACEMENT_3D ( 'NONE', #8226, #9282, #8278 ) ;
#8534 =( NAMED_UNIT ( * ) SI_UNIT ( $, .STERADIAN. ) SOLID_ANGLE_UNIT ( ) );
#8535 = EDGE_CURVE ( 'NONE', #1066, #12457, #1401, .T. ) ;
#8536 = ORIENTED_EDGE ( 'NONE', *, *, #1961, .F. ) ;
#8537 = FILL_AREA_STYLE ('',( #5416 ) ) ;
#8538 = DIRECTION ( 'NONE',  ( -0.0000000000000000000, -0.0000000000000000000, -1.000000000000000000 ) ) ;
#8539 = EDGE_CURVE ( 'NONE', #8291, #11216, #9388, .T. ) ;
#8540 = SURFACE_SIDE_STYLE ('',( #9926 ) ) ;
#8541 = ORIENTED_EDGE ( 'NONE', *, *, #4569, .T. ) ;
#8542 = PLANE ( 'NONE',  #3634 ) ;
#8543 = LINE ( 'NONE', #5664, #3029 ) ;
#8544 =( NAMED_UNIT ( * ) PLANE_ANGLE_UNIT ( ) SI_UNIT ( $, .RADIAN. ) );
#8545 = FILL_AREA_STYLE ('',( #12635 ) ) ;
#8546 = AXIS2_PLACEMENT_3D ( 'NONE', #1092, #8380, #2158 ) ;
#8547 = DIRECTION ( 'NONE',  ( 0.0000000000000000000, -1.000000000000000000, 0.0000000000000000000 ) ) ;
#8548 = FACE_OUTER_BOUND ( 'NONE', #1453, .T. ) ;
#8549 = VERTEX_POINT ( 'NONE', #4519 ) ;
#8550 =( LENGTH_UNIT ( ) NAMED_UNIT ( * ) SI_UNIT ( .MILLI., .METRE. ) );
#8551 = UNCERTAINTY_MEASURE_WITH_UNIT (LENGTH_MEASURE( 1.000000000000000100E-005 ), #6593, 'distance_accuracy_value', 'NONE');
#8552 =( LENGTH_UNIT ( ) NAMED_UNIT ( * ) SI_UNIT ( .MILLI., .METRE. ) );
#8553 = ORIENTED_EDGE ( 'NONE', *, *, #13317, .T. ) ;
#8554 = LINE ( 'NONE', #8673, #5802 ) ;
#8555 = DIRECTION ( 'NONE',  ( -1.000000000000000000, -0.0000000000000000000, -0.0000000000000000000 ) ) ;
#8556 = DIRECTION ( 'NONE',  ( -1.000000000000000000, -1.707404996040162400E-015, -0.0000000000000000000 ) ) ;
#8557 = VERTEX_POINT ( 'NONE', #10766 ) ;
#8558 =( LENGTH_UNIT ( ) NAMED_UNIT ( * ) SI_UNIT ( .MILLI., .METRE. ) );
#8559 = ORIENTED_EDGE ( 'NONE', *, *, #4476, .T. ) ;
#8560 = VERTEX_POINT ( 'NONE', #8485 ) ;
#8561 = VECTOR ( 'NONE', #4752, 1000.000000000000000 ) ;
#8562 = CARTESIAN_POINT ( 'NONE',  ( 0.0000000000000000000, 1.345799999022000000, 12.06500000000000000 ) ) ;
#8563 = EDGE_CURVE ( 'NONE', #12280, #5198, #3848, .T. ) ;
#8564 = SURFACE_STYLE_FILL_AREA ( #7688 ) ;
#8565 = DIRECTION ( 'NONE',  ( 0.0000000000000000000, -0.7071067811865473500, 0.7071067811865477900 ) ) ;
#8566 = LINE ( 'NONE', #11262, #11005 ) ;
#8567 = EDGE_CURVE ( 'NONE', #6320, #9303, #12083, .T. ) ;
#8568 = EDGE_LOOP ( 'NONE', ( #4704, #11740, #5173, #3322 ) ) ;
#8569 = FILL_AREA_STYLE ('',( #5448 ) ) ;
#8570 = SURFACE_SIDE_STYLE ('',( #3264 ) ) ;
#8571 = EDGE_CURVE ( 'NONE', #12764, #8681, #9237, .T. ) ;
#8572 = DIRECTION ( 'NONE',  ( 0.7980727317060247700, 0.6023772489375466300, 0.01488505524734113800 ) ) ;
#8573 = FILL_AREA_STYLE ('',( #11633 ) ) ;
#8574 = FACE_OUTER_BOUND ( 'NONE', #6940, .T. ) ;
#8575 = VERTEX_POINT ( 'NONE', #4345 ) ;
#8576 = ORIENTED_EDGE ( 'NONE', *, *, #9098, .F. ) ;
#8577 = CARTESIAN_POINT ( 'NONE',  ( 1.270000000000000000, -0.8890000000000001200, -7.935942080000001100 ) ) ;
#8578 = CARTESIAN_POINT ( 'NONE',  ( 8.890000000000000600, 5.524499999999999700, -8.964998325999999900 ) ) ;
#8579 = FILL_AREA_STYLE ('',( #7543 ) ) ;
#8580 = CYLINDRICAL_SURFACE ( 'NONE', #8771, 0.2327200929999988200 ) ;
#8581 = VECTOR ( 'NONE', #4166, 1000.000000000000000 ) ;
#8582 = SURFACE_STYLE_USAGE ( .BOTH. , #8638 ) ;
#8583 = PRESENTATION_LAYER_ASSIGNMENT (  '', '', ( #7889 ) ) ;
#8584 = ADVANCED_FACE ( 'NONE', ( #1254 ), #3348, .T. ) ;
#8585 = ORIENTED_EDGE ( 'NONE', *, *, #1988, .T. ) ;
#8586 = AXIS2_PLACEMENT_3D ( 'NONE', #11443, #11639, #11066 ) ;
#8587 = VECTOR ( 'NONE', #4846, 1000.000000000000000 ) ;
#8588 = DIRECTION ( 'NONE',  ( -1.000000000000000000, -0.0000000000000000000, -0.0000000000000000000 ) ) ;
#8589 = ORIENTED_EDGE ( 'NONE', *, *, #9052, .F. ) ;
#8590 =( LENGTH_UNIT ( ) NAMED_UNIT ( * ) SI_UNIT ( .MILLI., .METRE. ) );
#8591 = PRESENTATION_STYLE_ASSIGNMENT (( #6372 ) ) ;
#8592 = FACE_OUTER_BOUND ( 'NONE', #3496, .T. ) ;
#8593 = EDGE_CURVE ( 'NONE', #9925, #3157, #2740, .T. ) ;
#8594 = UNCERTAINTY_MEASURE_WITH_UNIT (LENGTH_MEASURE( 1.000000000000000100E-005 ), #4408, 'distance_accuracy_value', 'NONE');
#8595 = EDGE_CURVE ( 'NONE', #5971, #2763, #13401, .T. ) ;
#8596 = SURFACE_STYLE_USAGE ( .BOTH. , #1322 ) ;
#8597 = AXIS2_PLACEMENT_3D ( 'NONE', #285, #7575, #7624 ) ;
#8598 = ORIENTED_EDGE ( 'NONE', *, *, #8777, .F. ) ;
#8599 = EDGE_LOOP ( 'NONE', ( #5368, #460, #8212, #3930 ) ) ;
#8600 = PLANE ( 'NONE',  #7818 ) ;
#8601 = CARTESIAN_POINT ( 'NONE',  ( 4.527472041999999400, 10.54099999999999900, 3.802000015999999600 ) ) ;
#8602 = CARTESIAN_POINT ( 'NONE',  ( 8.762999999999999900, 0.9500005130000001000, -9.864998812000001400 ) ) ;
#8603 = VECTOR ( 'NONE', #557, 1000.000000000000000 ) ;
#8604 = LINE ( 'NONE', #6972, #13440 ) ;
#8605 = MECHANICAL_DESIGN_GEOMETRIC_PRESENTATION_REPRESENTATION (  '', ( #6510 ), #9325 ) ;
#8606 = CARTESIAN_POINT ( 'NONE',  ( -4.254710354999999400, 11.37117404642888700, 11.27807826195021500 ) ) ;
#8607 = LINE ( 'NONE', #12884, #3103 ) ;
#8608 = LINE ( 'NONE', #7234, #11041 ) ;
#8610 = AXIS2_PLACEMENT_3D ( 'NONE', #137, #46, #11750 ) ;
#8609 = FILL_AREA_STYLE_COLOUR ( '', #10837 ) ;
#8611 = ORIENTED_EDGE ( 'NONE', *, *, #5024, .F. ) ;
#8612 = STYLED_ITEM ( 'NONE', ( #5369 ), #8040 ) ;
#8613 = UNCERTAINTY_MEASURE_WITH_UNIT (LENGTH_MEASURE( 1.000000000000000100E-005 ), #2730, 'distance_accuracy_value', 'NONE');
#8614 =( GEOMETRIC_REPRESENTATION_CONTEXT ( 3 ) GLOBAL_UNCERTAINTY_ASSIGNED_CONTEXT ( ( #5128 ) ) GLOBAL_UNIT_ASSIGNED_CONTEXT ( ( #12028, #5869, #13058 ) ) REPRESENTATION_CONTEXT ( 'NONE', 'WORKASPACE' ) );
#8615 = ORIENTED_EDGE ( 'NONE', *, *, #3808, .F. ) ;
#8616 = EDGE_CURVE ( 'NONE', #9235, #13182, #10703, .T. ) ;
#8617 = VERTEX_POINT ( 'NONE', #9597 ) ;
#8618 = EDGE_LOOP ( 'NONE', ( #9508, #940, #3271, #6879 ) ) ;
#8619 = VECTOR ( 'NONE', #3147, 1000.000000000000000 ) ;
#8620 = AXIS2_PLACEMENT_3D ( 'NONE', #564, #7861, #1640 ) ;
#8621 = FACE_OUTER_BOUND ( 'NONE', #2270, .T. ) ;
#8622 = VECTOR ( 'NONE', #4164, 1000.000000000000000 ) ;
#8623 =( NAMED_UNIT ( * ) PLANE_ANGLE_UNIT ( ) SI_UNIT ( $, .RADIAN. ) );
#8624 = SURFACE_STYLE_FILL_AREA ( #10777 ) ;
#8625 = FILL_AREA_STYLE_COLOUR ( '', #2951 ) ;
#8626 = ORIENTED_EDGE ( 'NONE', *, *, #10998, .T. ) ;
#8627 = DIRECTION ( 'NONE',  ( 0.0000000000000000000, 0.0000000000000000000, 1.000000000000000000 ) ) ;
#8628 = FACE_OUTER_BOUND ( 'NONE', #8227, .T. ) ;
#8629 = PLANE ( 'NONE',  #1397 ) ;
#8630 = DIRECTION ( 'NONE',  ( 0.0000000000000000000, 0.0000000000000000000, 1.000000000000000000 ) ) ;
#8631 =( LENGTH_UNIT ( ) NAMED_UNIT ( * ) SI_UNIT ( .MILLI., .METRE. ) );
#8632 = SURFACE_STYLE_USAGE ( .BOTH. , #1347 ) ;
#8633 = FILL_AREA_STYLE ('',( #298 ) ) ;
#8634 = PRESENTATION_LAYER_ASSIGNMENT (  '', '', ( #7232 ) ) ;
#8635 =( GEOMETRIC_REPRESENTATION_CONTEXT ( 3 ) GLOBAL_UNCERTAINTY_ASSIGNED_CONTEXT ( ( #5336 ) ) GLOBAL_UNIT_ASSIGNED_CONTEXT ( ( #3400, #10678, #4447 ) ) REPRESENTATION_CONTEXT ( 'NONE', 'WORKASPACE' ) );
#8636 = EDGE_LOOP ( 'NONE', ( #4761, #2918, #1149, #9999 ) ) ;
#8637 = SURFACE_SIDE_STYLE ('',( #6004 ) ) ;
#8638 = SURFACE_SIDE_STYLE ('',( #5834 ) ) ;
#8639 = DIRECTION ( 'NONE',  ( 1.000000000000000000, 0.0000000000000000000, 0.0000000000000000000 ) ) ;
#8640 = PRESENTATION_STYLE_ASSIGNMENT (( #12105 ) ) ;
#8641 = MECHANICAL_DESIGN_GEOMETRIC_PRESENTATION_REPRESENTATION (  '', ( #6541 ), #9352 ) ;
#8642 = ORIENTED_EDGE ( 'NONE', *, *, #12522, .F. ) ;
#8643 = VECTOR ( 'NONE', #13462, 1000.000000000000000 ) ;
#8644 = FACE_OUTER_BOUND ( 'NONE', #883, .T. ) ;
#8645 =( NAMED_UNIT ( * ) PLANE_ANGLE_UNIT ( ) SI_UNIT ( $, .RADIAN. ) );
#8646 =( LENGTH_UNIT ( ) NAMED_UNIT ( * ) SI_UNIT ( .MILLI., .METRE. ) );
#8647 = DIRECTION ( 'NONE',  ( -1.000000000000000000, 0.0000000000000000000, 0.0000000000000000000 ) ) ;
#8648 = AXIS2_PLACEMENT_3D ( 'NONE', #5842, #13035, #6869 ) ;
#8649 = FILL_AREA_STYLE ('',( #11702 ) ) ;
#8650 = LINE ( 'NONE', #6953, #5893 ) ;
#8651 = EDGE_CURVE ( 'NONE', #5764, #11468, #7929, .T. ) ;
#8652 = UNCERTAINTY_MEASURE_WITH_UNIT (LENGTH_MEASURE( 1.000000000000000100E-005 ), #11267, 'distance_accuracy_value', 'NONE');
#8653 = SURFACE_STYLE_USAGE ( .BOTH. , #8637 ) ;
#8654 = FILL_AREA_STYLE ('',( #2442 ) ) ;
#8655 = DIRECTION ( 'NONE',  ( 0.0000000000000000000, 0.9992515812666840100, -0.03868174422168048400 ) ) ;
#8656 =( NAMED_UNIT ( * ) PLANE_ANGLE_UNIT ( ) SI_UNIT ( $, .RADIAN. ) );
#8657 = CARTESIAN_POINT ( 'NONE',  ( -4.254710354999999400, 8.142580277000002200, 8.064649543000001600 ) ) ;
#8658 = SURFACE_SIDE_STYLE ('',( #78 ) ) ;
#8659 = ADVANCED_FACE ( 'NONE', ( #2078 ), #11780, .T. ) ;
#8660 = SURFACE_STYLE_FILL_AREA ( #7355 ) ;
#8661 = EDGE_CURVE ( 'NONE', #9586, #5231, #1072, .T. ) ;
#8662 = PRESENTATION_LAYER_ASSIGNMENT (  '', '', ( #7266 ) ) ;
#8663 = CARTESIAN_POINT ( 'NONE',  ( -8.890000000000000600, 7.948998325999999900, -8.664998163999998200 ) ) ;
#8664 = ORIENTED_EDGE ( 'NONE', *, *, #4465, .T. ) ;
#8665 =( LENGTH_UNIT ( ) NAMED_UNIT ( * ) SI_UNIT ( .MILLI., .METRE. ) );
#8666 = DIRECTION ( 'NONE',  ( 1.000000000000000000, 0.0000000000000000000, 0.0000000000000000000 ) ) ;
#8667 =( NAMED_UNIT ( * ) PLANE_ANGLE_UNIT ( ) SI_UNIT ( $, .RADIAN. ) );
#8668 = CARTESIAN_POINT ( 'NONE',  ( -8.636000005079999700, 11.04899999999999900, 0.0000000000000000000 ) ) ;
#8669 = CARTESIAN_POINT ( 'NONE',  ( -8.635999999999999200, 8.975793325853306500, -5.181387328999999700 ) ) ;
#8670 = CARTESIAN_POINT ( 'NONE',  ( 1.778000000000000200, -1.778000000000000200, -10.10920000000000100 ) ) ;
#8671 = EDGE_CURVE ( 'NONE', #7673, #12384, #6611, .T. ) ;
#8672 = ORIENTED_EDGE ( 'NONE', *, *, #1291, .F. ) ;
#8673 = CARTESIAN_POINT ( 'NONE',  ( -8.658011858439998300, 5.524499999999999700, 12.06500000000000100 ) ) ;
#8674 =( BOUNDED_CURVE ( )  B_SPLINE_CURVE ( 3, ( #7200, #2729, #5707, #7048 ),
 .UNSPECIFIED., .F., .F. ) 
 B_SPLINE_CURVE_WITH_KNOTS ( ( 4, 4 ),
 ( 3.891602018847643200, 5.502115235957178100 ),
 .UNSPECIFIED. ) 
 CURVE ( )  GEOMETRIC_REPRESENTATION_ITEM ( )  RATIONAL_B_SPLINE_CURVE ( ( 1.000000000000000000, 0.7952841605962435200, 0.7952841605962435200, 1.000000000000000000 ) ) 
 REPRESENTATION_ITEM ( '' )  );
#8675 = EDGE_CURVE ( 'NONE', #3810, #417, #9407, .T. ) ;
#8676 =( LENGTH_UNIT ( ) NAMED_UNIT ( * ) SI_UNIT ( .MILLI., .METRE. ) );
#8677 = LINE ( 'NONE', #384, #11410 ) ;
#8678 = CARTESIAN_POINT ( 'NONE',  ( -9.090000012438856900, 3.705154818744400100, 9.916091947152029500 ) ) ;
#8679 = ORIENTED_EDGE ( 'NONE', *, *, #8229, .F. ) ;
#8680 = CARTESIAN_POINT ( 'NONE',  ( -5.333999999999999600, -1.778000000000000200, -7.569200000000000400 ) ) ;
#8681 = VERTEX_POINT ( 'NONE', #7672 ) ;
#8682 = AXIS2_PLACEMENT_3D ( 'NONE', #8657, #2446, #9719 ) ;
#8683 = DIRECTION ( 'NONE',  ( 1.000000000000000000, -0.0000000000000000000, 0.0000000000000000000 ) ) ;
#8684 =( GEOMETRIC_REPRESENTATION_CONTEXT ( 3 ) GLOBAL_UNCERTAINTY_ASSIGNED_CONTEXT ( ( #12473 ) ) GLOBAL_UNIT_ASSIGNED_CONTEXT ( ( #11595, #11395, #11321 ) ) REPRESENTATION_CONTEXT ( 'NONE', 'WORKASPACE' ) );
#8685 = PRESENTATION_STYLE_ASSIGNMENT (( #3021 ) ) ;
#8686 = UNCERTAINTY_MEASURE_WITH_UNIT (LENGTH_MEASURE( 1.000000000000000100E-005 ), #8769, 'distance_accuracy_value', 'NONE');
#8687 =( GEOMETRIC_REPRESENTATION_CONTEXT ( 3 ) GLOBAL_UNCERTAINTY_ASSIGNED_CONTEXT ( ( #3926 ) ) GLOBAL_UNIT_ASSIGNED_CONTEXT ( ( #2513, #9805, #3545 ) ) REPRESENTATION_CONTEXT ( 'NONE', 'WORKASPACE' ) );
#8688 = DIRECTION ( 'NONE',  ( -1.000000000000000000, 0.0000000000000000000, 0.0000000000000000000 ) ) ;
#8689 = DIRECTION ( 'NONE',  ( 0.0000000000000000000, 0.0000000000000000000, -1.000000000000000000 ) ) ;
#8690 = PLANE ( 'NONE',  #6425 ) ;
#8691 = VERTEX_POINT ( 'NONE', #8703 ) ;
#8692 = EDGE_CURVE ( 'NONE', #2379, #12049, #8740, .T. ) ;
#8693 = ORIENTED_EDGE ( 'NONE', *, *, #4694, .F. ) ;
#8694 = FILL_AREA_STYLE ('',( #10712 ) ) ;
#8695 = CARTESIAN_POINT ( 'NONE',  ( 5.804110354999999700, 10.65445416700000100, 11.26824597499999900 ) ) ;
#8696 = STYLED_ITEM ( 'NONE', ( #10005 ), #9476 ) ;
#8697 = PRESENTATION_STYLE_ASSIGNMENT (( #628 ) ) ;
#8698 = APPLICATION_PROTOCOL_DEFINITION ( 'draft international standard', 'automotive_design', 1998, #9777 ) ;
#8699 = VERTEX_POINT ( 'NONE', #9785 ) ;
#8700 = VERTEX_POINT ( 'NONE', #4568 ) ;
#8701 = PRESENTATION_LAYER_ASSIGNMENT (  '', '', ( #7322 ) ) ;
#8702 =( NAMED_UNIT ( * ) PLANE_ANGLE_UNIT ( ) SI_UNIT ( $, .RADIAN. ) );
#8703 = CARTESIAN_POINT ( 'NONE',  ( 2.032000001424999700, 9.845799999749999600, 3.505199999999999900 ) ) ;
#8704 = EDGE_LOOP ( 'NONE', ( #12717, #4104, #13250, #1778 ) ) ;
#8705 = FILL_AREA_STYLE ('',( #7675 ) ) ;
#8706 = EDGE_LOOP ( 'NONE', ( #10346, #10812, #3431 ) ) ;
#8707 =( LENGTH_UNIT ( ) NAMED_UNIT ( * ) SI_UNIT ( .MILLI., .METRE. ) );
#8708 =( GEOMETRIC_REPRESENTATION_CONTEXT ( 3 ) GLOBAL_UNCERTAINTY_ASSIGNED_CONTEXT ( ( #11656 ) ) GLOBAL_UNIT_ASSIGNED_CONTEXT ( ( #1581, #8852, #2658 ) ) REPRESENTATION_CONTEXT ( 'NONE', 'WORKASPACE' ) );
#8709 =( NAMED_UNIT ( * ) SI_UNIT ( $, .STERADIAN. ) SOLID_ANGLE_UNIT ( ) );
#8710 = CARTESIAN_POINT ( 'NONE',  ( 8.890000000000000600, 10.54099999808621400, 1.700000918000001700 ) ) ;
#8711 = COLOUR_RGB ( '',0.7529411764705882200, 1.000000000000000000, 1.000000000000000000 ) ;
#8712 = SURFACE_STYLE_USAGE ( .BOTH. , #7107 ) ;
#8713 = FILL_AREA_STYLE ('',( #9741 ) ) ;
#8714 = CYLINDRICAL_SURFACE ( 'NONE', #12220, 4.317854963000002000 ) ;
#8715 = ORIENTED_EDGE ( 'NONE', *, *, #2146, .T. ) ;
#8716 = AXIS2_PLACEMENT_3D ( 'NONE', #13325, #7156, #910 ) ;
#8717 = ORIENTED_EDGE ( 'NONE', *, *, #7703, .T. ) ;
#8718 = DIRECTION ( 'NONE',  ( -1.000000000000000000, 0.0000000000000000000, 0.0000000000000000000 ) ) ;
#8719 = UNCERTAINTY_MEASURE_WITH_UNIT (LENGTH_MEASURE( 1.000000000000000100E-005 ), #4287, 'distance_accuracy_value', 'NONE');
#8720 = ADVANCED_FACE ( 'NONE', ( #3219 ), #2495, .T. ) ;
#8721 = ORIENTED_EDGE ( 'NONE', *, *, #4750, .T. ) ;
#8722 = ORIENTED_EDGE ( 'NONE', *, *, #749, .T. ) ;
#8723 = LINE ( 'NONE', #10121, #728 ) ;
#8724 = EDGE_CURVE ( 'NONE', #4084, #12038, #10535, .T. ) ;
#8725 = LINE ( 'NONE', #7507, #5962 ) ;
#8726 = FILL_AREA_STYLE ('',( #7686 ) ) ;
#8727 =( GEOMETRIC_REPRESENTATION_CONTEXT ( 3 ) GLOBAL_UNCERTAINTY_ASSIGNED_CONTEXT ( ( #12054 ) ) GLOBAL_UNIT_ASSIGNED_CONTEXT ( ( #12148, #5967, #13174 ) ) REPRESENTATION_CONTEXT ( 'NONE', 'WORKASPACE' ) );
#8728 = SURFACE_STYLE_USAGE ( .BOTH. , #1460 ) ;
#8729 = VECTOR ( 'NONE', #5662, 1000.000000000000000 ) ;
#8730 = CARTESIAN_POINT ( 'NONE',  ( -5.333999999999999600, -1.778000000000000200, -7.569200000000000400 ) ) ;
#8731 = ORIENTED_EDGE ( 'NONE', *, *, #9489, .F. ) ;
#8732 = EDGE_LOOP ( 'NONE', ( #13432, #10360, #2053, #545 ) ) ;
#8733 = DIRECTION ( 'NONE',  ( -0.0000000000000000000, -0.0000000000000000000, 1.000000000000000000 ) ) ;
#8734 = COLOUR_RGB ( '',0.7490196078431372600, 1.000000000000000000, 1.000000000000000000 ) ;
#8735 = LINE ( 'NONE', #3475, #740 ) ;
#8736 = PRESENTATION_STYLE_ASSIGNMENT (( #4467 ) ) ;
#8737 = EDGE_CURVE ( 'NONE', #7230, #9789, #4997, .T. ) ;
#8738 = EDGE_LOOP ( 'NONE', ( #1533, #7577, #12123, #5445 ) ) ;
#8739 = DIRECTION ( 'NONE',  ( 0.0000000000000000000, 0.0000000000000000000, 1.000000000000000000 ) ) ;
#8741 = CARTESIAN_POINT ( 'NONE',  ( -5.333999999999999600, -0.8890000000000001200, -7.924799999999999400 ) ) ;
#8740 = LINE ( 'NONE', #12789, #5974 ) ;
#8742 = PRESENTATION_STYLE_ASSIGNMENT (( #13350 ) ) ;
#8743 = CARTESIAN_POINT ( 'NONE',  ( 4.254710355889540300, 10.79499999999999800, 11.56604518999999900 ) ) ;
#8744 = CARTESIAN_POINT ( 'NONE',  ( 8.382000000000001400, 10.54099999999999900, 8.271012280999999100 ) ) ;
#8745 = PRESENTATION_STYLE_ASSIGNMENT (( #10101 ) ) ;
#8746 = COLOUR_RGB ( '',0.7490196078431372600, 1.000000000000000000, 1.000000000000000000 ) ;
#8747 = ORIENTED_EDGE ( 'NONE', *, *, #13394, .T. ) ;
#8748 = APPLICATION_CONTEXT ( 'automotive_design' ) ;
#8749 = LINE ( 'NONE', #11445, #424 ) ;
#8750 = FACE_OUTER_BOUND ( 'NONE', #4884, .T. ) ;
#8751 = EDGE_CURVE ( 'NONE', #3902, #10953, #7762, .T. ) ;
#8752 = ORIENTED_EDGE ( 'NONE', *, *, #6558, .F. ) ;
#8753 = UNCERTAINTY_MEASURE_WITH_UNIT (LENGTH_MEASURE( 1.000000000000000100E-005 ), #268, 'distance_accuracy_value', 'NONE');
#8754 = COLOUR_RGB ( '',0.7490196078431372600, 1.000000000000000000, 1.000000000000000000 ) ;
#8755 = DIRECTION ( 'NONE',  ( -0.0000000000000000000, -1.000000000000000000, -0.0000000000000000000 ) ) ;
#8756 =( NAMED_UNIT ( * ) SI_UNIT ( $, .STERADIAN. ) SOLID_ANGLE_UNIT ( ) );
#8757 = FACE_BOUND ( 'NONE', #500, .T. ) ;
#8758 = EDGE_CURVE ( 'NONE', #12589, #7960, #13218, .T. ) ;
#8759 = CARTESIAN_POINT ( 'NONE',  ( -8.890000000000000600, -0.7111962200000000500, -0.8381999997291971200 ) ) ;
#8760 = FACE_OUTER_BOUND ( 'NONE', #1694, .T. ) ;
#8761 = CARTESIAN_POINT ( 'NONE',  ( 4.318000000000000500, 0.0000000000000000000, -10.10920000000000100 ) ) ;
#8762 = SURFACE_STYLE_USAGE ( .BOTH. , #1485 ) ;
#8763 = DIRECTION ( 'NONE',  ( 0.0000000000000000000, 1.000000000000000000, 0.0000000000000000000 ) ) ;
#8764 = FILL_AREA_STYLE ('',( #6798 ) ) ;
#8765 = DIRECTION ( 'NONE',  ( 0.0000000000000000000, -1.000000000000000000, 0.0000000000000000000 ) ) ;
#8766 = CARTESIAN_POINT ( 'NONE',  ( -8.635999999999999200, 3.974499162999999900, -8.664998163999998200 ) ) ;
#8767 = DIRECTION ( 'NONE',  ( 1.000000000000000000, 0.0000000000000000000, 0.0000000000000000000 ) ) ;
#8768 = DIRECTION ( 'NONE',  ( -0.0000000000000000000, -0.0000000000000000000, 1.000000000000000000 ) ) ;
#8769 =( LENGTH_UNIT ( ) NAMED_UNIT ( * ) SI_UNIT ( .MILLI., .METRE. ) );
#8770 = ORIENTED_EDGE ( 'NONE', *, *, #2944, .F. ) ;
#8771 = AXIS2_PLACEMENT_3D ( 'NONE', #3361, #1119, #201 ) ;
#8772 = STYLED_ITEM ( 'NONE', ( #5203 ), #715 ) ;
#8773 =( GEOMETRIC_REPRESENTATION_CONTEXT ( 3 ) GLOBAL_UNCERTAINTY_ASSIGNED_CONTEXT ( ( #2337 ) ) GLOBAL_UNIT_ASSIGNED_CONTEXT ( ( #7809, #1577, #8847 ) ) REPRESENTATION_CONTEXT ( 'NONE', 'WORKASPACE' ) );
#8774 = ORIENTED_EDGE ( 'NONE', *, *, #11834, .T. ) ;
#8775 = SURFACE_STYLE_USAGE ( .BOTH. , #1501 ) ;
#8776 =( NAMED_UNIT ( * ) PLANE_ANGLE_UNIT ( ) SI_UNIT ( $, .RADIAN. ) );
#8777 = EDGE_CURVE ( 'NONE', #6404, #6856, #12905, .T. ) ;
#8778 = LINE ( 'NONE', #6375, #787 ) ;
#8779 = EDGE_CURVE ( 'NONE', #238, #1066, #7436, .T. ) ;
#8780 = CIRCLE ( 'NONE', #13145, 4.388936754000000400 ) ;
#8781 = CARTESIAN_POINT ( 'NONE',  ( 7.264399999999999300, 0.0000000000000000000, 7.493000000000001200 ) ) ;
#8782 = DIRECTION ( 'NONE',  ( -1.000000000000000000, 0.0000000000000000000, 0.0000000000000000000 ) ) ;
#8783 = MECHANICAL_DESIGN_GEOMETRIC_PRESENTATION_REPRESENTATION (  '', ( #6683 ), #9491 ) ;
#8784 = SURFACE_STYLE_FILL_AREA ( #11063 ) ;
#8785 = ORIENTED_EDGE ( 'NONE', *, *, #8480, .F. ) ;
#8786 = LINE ( 'NONE', #7455, #6023 ) ;
#8787 = CARTESIAN_POINT ( 'NONE',  ( 7.227737259999998700, 8.536145111999999800, 8.814624416000002700 ) ) ;
#8788 =( NAMED_UNIT ( * ) PLANE_ANGLE_UNIT ( ) SI_UNIT ( $, .RADIAN. ) );
#8789 = CARTESIAN_POINT ( 'NONE',  ( -7.772400000000001100, -1.778000000000000200, 7.493000000000000300 ) ) ;
#8790 = STYLED_ITEM ( 'NONE', ( #5371 ), #4294 ) ;
#8791 = VERTEX_POINT ( 'NONE', #7798 ) ;
#8792 = SURFACE_SIDE_STYLE ('',( #13061 ) ) ;
#8794 = PRESENTATION_LAYER_ASSIGNMENT (  '', '', ( #7392 ) ) ;
#8793 = DIRECTION ( 'NONE',  ( -1.000000000000000000, -0.0000000000000000000, -0.0000000000000000000 ) ) ;
#8795 = VECTOR ( 'NONE', #6071, 1000.000000000000000 ) ;
#8796 = SURFACE_STYLE_USAGE ( .BOTH. , #1516 ) ;
#8797 = ADVANCED_FACE ( 'NONE', ( #1896 ), #9907, .F. ) ;
#8798 = PRESENTATION_LAYER_ASSIGNMENT (  '', '', ( #7393 ) ) ;
#8799 = VECTOR ( 'NONE', #10739, 1000.000000000000000 ) ;
#8800 = FACE_OUTER_BOUND ( 'NONE', #5168, .T. ) ;
#8801 = ORIENTED_EDGE ( 'NONE', *, *, #12720, .T. ) ;
#8802 = SURFACE_STYLE_FILL_AREA ( #5001 ) ;
#8803 = PRESENTATION_LAYER_ASSIGNMENT (  '', '', ( #9501 ) ) ;
#8804 = EDGE_CURVE ( 'NONE', #9780, #5912, #3366, .T. ) ;
#8805 = PLANE ( 'NONE',  #4767 ) ;
#8806 = DIRECTION ( 'NONE',  ( -0.0000000000000000000, -1.000000000000000000, -0.0000000000000000000 ) ) ;
#8807 = ORIENTED_EDGE ( 'NONE', *, *, #9544, .T. ) ;
#8808 =( LENGTH_UNIT ( ) NAMED_UNIT ( * ) SI_UNIT ( .MILLI., .METRE. ) );
#8809 = FILL_AREA_STYLE_COLOUR ( '', #2116 ) ;
#8810 = CARTESIAN_POINT ( 'NONE',  ( -9.016999999999999500, 9.229793325999999400, -4.673387328999999600 ) ) ;
#8811 = PRESENTATION_STYLE_ASSIGNMENT (( #7634 ) ) ;
#8812 = ORIENTED_EDGE ( 'NONE', *, *, #11774, .F. ) ;
#8813 = CARTESIAN_POINT ( 'NONE',  ( -8.975279771901954400, 3.828296212960510500, 10.09135783686563700 ) ) ;
#8814 = DIRECTION ( 'NONE',  ( -1.000000000000000000, -8.537024980200811000E-016, 0.0000000000000000000 ) ) ;
#8815 =( GEOMETRIC_REPRESENTATION_CONTEXT ( 3 ) GLOBAL_UNCERTAINTY_ASSIGNED_CONTEXT ( ( #2180 ) ) GLOBAL_UNIT_ASSIGNED_CONTEXT ( ( #2903, #10157, #3945 ) ) REPRESENTATION_CONTEXT ( 'NONE', 'WORKASPACE' ) );
#8816 = FACE_OUTER_BOUND ( 'NONE', #11299, .T. ) ;
#8817 = COLOUR_RGB ( '',0.7490196078431372600, 1.000000000000000000, 1.000000000000000000 ) ;
#8818 =( NAMED_UNIT ( * ) SI_UNIT ( $, .STERADIAN. ) SOLID_ANGLE_UNIT ( ) );
#8819 = CARTESIAN_POINT ( 'NONE',  ( -5.841999999999999600, -1.778000000000000200, -10.10920000000000100 ) ) ;
#8820 = DIRECTION ( 'NONE',  ( -1.000000000000000000, -0.0000000000000000000, -0.0000000000000000000 ) ) ;
#8821 = DIRECTION ( 'NONE',  ( 0.0000000000000000000, 0.0000000000000000000, 1.000000000000000000 ) ) ;
#8822 = LINE ( 'NONE', #10830, #3162 ) ;
#8823 = CARTESIAN_POINT ( 'NONE',  ( -5.530603067000000400, 10.79499999999999800, 3.301999999999999600 ) ) ;
#8824 = PLANE ( 'NONE',  #3777 ) ;
#8825 = ORIENTED_EDGE ( 'NONE', *, *, #1470, .F. ) ;
#8826 = ORIENTED_EDGE ( 'NONE', *, *, #10494, .T. ) ;
#8827 = ORIENTED_EDGE ( 'NONE', *, *, #10805, .F. ) ;
#8828 = SURFACE_STYLE_FILL_AREA ( #421 ) ;
#8829 = DIRECTION ( 'NONE',  ( 0.0000000000000000000, 0.0000000000000000000, 1.000000000000000000 ) ) ;
#8830 =( GEOMETRIC_REPRESENTATION_CONTEXT ( 3 ) GLOBAL_UNCERTAINTY_ASSIGNED_CONTEXT ( ( #7874 ) ) GLOBAL_UNIT_ASSIGNED_CONTEXT ( ( #5786, #12996, #6823 ) ) REPRESENTATION_CONTEXT ( 'NONE', 'WORKASPACE' ) );
#8831 = DIRECTION ( 'NONE',  ( 0.0000000000000000000, 1.000000000000000000, 0.0000000000000000000 ) ) ;
#8832 = PLANE ( 'NONE',  #6134 ) ;
#8833 = EDGE_CURVE ( 'NONE', #11811, #4214, #6132, .T. ) ;
#8834 = LINE ( 'NONE', #4737, #848 ) ;
#8835 = EDGE_CURVE ( 'NONE', #7367, #6428, #574, .T. ) ;
#8836 = ORIENTED_EDGE ( 'NONE', *, *, #12367, .T. ) ;
#8837 = UNCERTAINTY_MEASURE_WITH_UNIT (LENGTH_MEASURE( 1.000000000000000100E-005 ), #9897, 'distance_accuracy_value', 'NONE');
#8838 = VERTEX_POINT ( 'NONE', #6838 ) ;
#8839 = DIRECTION ( 'NONE',  ( -1.000000000000000000, 0.0000000000000000000, 0.0000000000000000000 ) ) ;
#8840 = SURFACE_STYLE_USAGE ( .BOTH. , #11530 ) ;
#8841 = VERTEX_POINT ( 'NONE', #2680 ) ;
#8842 = MECHANICAL_DESIGN_GEOMETRIC_PRESENTATION_REPRESENTATION (  '', ( #2817 ), #9552 ) ;
#8843 =( NAMED_UNIT ( * ) PLANE_ANGLE_UNIT ( ) SI_UNIT ( $, .RADIAN. ) );
#8844 = CARTESIAN_POINT ( 'NONE',  ( 4.254710355222384200, 11.04563829309435800, 11.56604518999999900 ) ) ;
#8845 = STYLED_ITEM ( 'NONE', ( #12979 ), #132 ) ;
#8846 = STYLED_ITEM ( 'NONE', ( #479 ), #6667 ) ;
#8847 =( NAMED_UNIT ( * ) SI_UNIT ( $, .STERADIAN. ) SOLID_ANGLE_UNIT ( ) );
#8848 = DIRECTION ( 'NONE',  ( 0.0000000000000000000, 1.000000000000000000, 0.0000000000000000000 ) ) ;
#8849 = ORIENTED_EDGE ( 'NONE', *, *, #6481, .F. ) ;
#8850 = CARTESIAN_POINT ( 'NONE',  ( 8.890000000000000600, 11.04899999999999900, 0.4651319109999998400 ) ) ;
#8851 = EDGE_LOOP ( 'NONE', ( #4068, #12534, #523, #9879 ) ) ;
#8852 =( NAMED_UNIT ( * ) PLANE_ANGLE_UNIT ( ) SI_UNIT ( $, .RADIAN. ) );
#8853 = EDGE_CURVE ( 'NONE', #11672, #12296, #11303, .T. ) ;
#8854 = ADVANCED_FACE ( 'NONE', ( #3055 ), #4795, .T. ) ;
#8855 = AXIS2_PLACEMENT_3D ( 'NONE', #12651, #6459, #219 ) ;
#8856 = CARTESIAN_POINT ( 'NONE',  ( -8.635999999999999200, 10.04879397399999900, -5.381387436999999900 ) ) ;
#8857 = DIRECTION ( 'NONE',  ( 0.0000000000000000000, -0.7071067811865475700, -0.7071067811865475700 ) ) ;
#8858 = SURFACE_STYLE_USAGE ( .BOTH. , #1588 ) ;
#8859 = COLOUR_RGB ( '',0.7529411764705882200, 1.000000000000000000, 1.000000000000000000 ) ;
#8860 = ORIENTED_EDGE ( 'NONE', *, *, #9033, .F. ) ;
#8861 = DIRECTION ( 'NONE',  ( 0.0000000000000000000, 0.0000000000000000000, -1.000000000000000000 ) ) ;
#8862 = ORIENTED_EDGE ( 'NONE', *, *, #8616, .F. ) ;
#8863 = PRESENTATION_LAYER_ASSIGNMENT (  '', '', ( #8171 ) ) ;
#8864 = EDGE_LOOP ( 'NONE', ( #1561, #3174, #2573, #13102 ) ) ;
#8865 =( NAMED_UNIT ( * ) SI_UNIT ( $, .STERADIAN. ) SOLID_ANGLE_UNIT ( ) );
#8866 = DIRECTION ( 'NONE',  ( 0.0000000000000000000, 1.000000000000000000, 0.0000000000000000000 ) ) ;
#8867 = AXIS2_PLACEMENT_3D ( 'NONE', #3421, #3405, #4528 ) ;
#8868 = ORIENTED_EDGE ( 'NONE', *, *, #1060, .T. ) ;
#8869 =( LENGTH_UNIT ( ) NAMED_UNIT ( * ) SI_UNIT ( .MILLI., .METRE. ) );
#8870 = DIRECTION ( 'NONE',  ( 0.0000000000000000000, -0.7071067811865473500, -0.7071067811865477900 ) ) ;
#8871 = DIRECTION ( 'NONE',  ( 0.0000000000000000000, 0.0000000000000000000, -1.000000000000000000 ) ) ;
#8872 = EDGE_CURVE ( 'NONE', #10863, #9195, #12735, .T. ) ;
#8873 = LINE ( 'NONE', #8602, #553 ) ;
#8874 = VERTEX_POINT ( 'NONE', #12060 ) ;
#8875 = DIRECTION ( 'NONE',  ( 0.0000000000000000000, 0.7071067811865473500, 0.7071067811865477900 ) ) ;
#8876 = VERTEX_POINT ( 'NONE', #11012 ) ;
#8877 = AXIS2_PLACEMENT_3D ( 'NONE', #3368, #10650, #4417 ) ;
#8878 = DIRECTION ( 'NONE',  ( 1.000000000000000000, -1.707404996040168300E-015, 0.0000000000000000000 ) ) ;
#8879 = ORIENTED_EDGE ( 'NONE', *, *, #7564, .F. ) ;
#8880 = FACE_OUTER_BOUND ( 'NONE', #6981, .T. ) ;
#8881 = PRESENTATION_LAYER_ASSIGNMENT (  '', '', ( #8189 ) ) ;
#8882 = MECHANICAL_DESIGN_GEOMETRIC_PRESENTATION_REPRESENTATION (  '', ( #6787 ), #9611 ) ;
#8883 = CARTESIAN_POINT ( 'NONE',  ( 8.635999999999999200, 11.04899999999999900, 0.0000000000000000000 ) ) ;
#8884 = CARTESIAN_POINT ( 'NONE',  ( 6.096000000000000100, -1.778000000000000200, -10.10920000000000100 ) ) ;
#8885 =( LENGTH_UNIT ( ) NAMED_UNIT ( * ) SI_UNIT ( .MILLI., .METRE. ) );
#8886 = ORIENTED_EDGE ( 'NONE', *, *, #6413, .T. ) ;
#8887 = EDGE_LOOP ( 'NONE', ( #5467, #3643, #7706, #7255 ) ) ;
#8888 = SURFACE_STYLE_USAGE ( .BOTH. , #1621 ) ;
#8889 = FILL_AREA_STYLE ('',( #7850 ) ) ;
#8890 = UNCERTAINTY_MEASURE_WITH_UNIT (LENGTH_MEASURE( 1.000000000000000100E-005 ), #10856, 'distance_accuracy_value', 'NONE');
#8891 = DIRECTION ( 'NONE',  ( 8.537024980200826700E-016, -1.000000000000000000, -0.0000000000000000000 ) ) ;
#8892 = FILL_AREA_STYLE_COLOUR ( '', #9940 ) ;
#8893 = COLOUR_RGB ( '',0.7490196078431372600, 1.000000000000000000, 1.000000000000000000 ) ;
#8894 = ORIENTED_EDGE ( 'NONE', *, *, #834, .T. ) ;
#8895 = VERTEX_POINT ( 'NONE', #4841 ) ;
#8896 = VECTOR ( 'NONE', #8839, 1000.000000000000000 ) ;
#8897 = LINE ( 'NONE', #10373, #3367 ) ;
#8898 = DIRECTION ( 'NONE',  ( 0.0000000000000000000, 0.0000000000000000000, 1.000000000000000000 ) ) ;
#8899 = CARTESIAN_POINT ( 'NONE',  ( 5.795936266074662900, 11.04899999999999900, 11.26824597673890300 ) ) ;
#8900 =( NAMED_UNIT ( * ) SI_UNIT ( $, .STERADIAN. ) SOLID_ANGLE_UNIT ( ) );
#8901 = VECTOR ( 'NONE', #6578, 1000.000000000000000 ) ;
#8902 = DIRECTION ( 'NONE',  ( 0.0000000000000000000, -1.000000000000000000, 0.0000000000000000000 ) ) ;
#8903 = LINE ( 'NONE', #7611, #9562 ) ;
#8904 = AXIS2_PLACEMENT_3D ( 'NONE', #7656, #1417, #8689 ) ;
#8905 = LINE ( 'NONE', #10635, #11630 ) ;
#8906 = LINE ( 'NONE', #8373, #921 ) ;
#8907 = CARTESIAN_POINT ( 'NONE',  ( 4.254710354999999400, 11.06368672782922500, 11.55242241500000200 ) ) ;
#8908 = AXIS2_PLACEMENT_3D ( 'NONE', #6503, #263, #4464 ) ;
#8909 = FILL_AREA_STYLE ('',( #5779 ) ) ;
#8910 = ORIENTED_EDGE ( 'NONE', *, *, #4359, .T. ) ;
#8911 = VECTOR ( 'NONE', #3841, 1000.000000000000000 ) ;
#8912 = PRESENTATION_STYLE_ASSIGNMENT (( #9043 ) ) ;
#8913 = DIRECTION ( 'NONE',  ( 0.0000000000000000000, 0.0000000000000000000, 1.000000000000000000 ) ) ;
#8914 = PRESENTATION_STYLE_ASSIGNMENT (( #8858 ) ) ;
#8915 = FACE_OUTER_BOUND ( 'NONE', #5026, .T. ) ;
#8916 = ORIENTED_EDGE ( 'NONE', *, *, #6254, .T. ) ;
#8917 = EDGE_CURVE ( 'NONE', #12969, #7073, #1732, .T. ) ;
#8918 = FILL_AREA_STYLE ('',( #12998 ) ) ;
#8919 = LINE ( 'NONE', #12063, #8587 ) ;
#8920 =( GEOMETRIC_REPRESENTATION_CONTEXT ( 3 ) GLOBAL_UNCERTAINTY_ASSIGNED_CONTEXT ( ( #13079 ) ) GLOBAL_UNIT_ASSIGNED_CONTEXT ( ( #581, #7878, #1661 ) ) REPRESENTATION_CONTEXT ( 'NONE', 'WORKASPACE' ) );
#8921 = FILL_AREA_STYLE_COLOUR ( '', #2590 ) ;
#8922 = VECTOR ( 'NONE', #13, 999.9999999999998900 ) ;
#8923 = ORIENTED_EDGE ( 'NONE', *, *, #6378, .T. ) ;
#8924 = UNCERTAINTY_MEASURE_WITH_UNIT (LENGTH_MEASURE( 1.000000000000000100E-005 ), #10832, 'distance_accuracy_value', 'NONE');
#8925 = DIRECTION ( 'NONE',  ( 0.0000000000000000000, 0.0000000000000000000, -1.000000000000000000 ) ) ;
#8926 = LINE ( 'NONE', #6631, #605 ) ;
#8927 = PLANE ( 'NONE',  #1728 ) ;
#8928 = ADVANCED_FACE ( 'NONE', ( #7264 ), #2820, .F. ) ;
#8929 = COLOUR_RGB ( '',0.7490196078431372600, 1.000000000000000000, 1.000000000000000000 ) ;
#8930 = EDGE_LOOP ( 'NONE', ( #11667, #5247, #1932, #1651 ) ) ;
#8931 = EDGE_CURVE ( 'NONE', #13370, #11895, #8723, .T. ) ;
#8932 = ORIENTED_EDGE ( 'NONE', *, *, #5706, .T. ) ;
#8933 = PRESENTATION_STYLE_ASSIGNMENT (( #1437 ) ) ;
#8934 = DIRECTION ( 'NONE',  ( -1.000000000000000000, -1.707404996040165200E-015, -3.414809992080330300E-015 ) ) ;
#8935 = EDGE_CURVE ( 'NONE', #7585, #9285, #3512, .T. ) ;
#8936 =( NAMED_UNIT ( * ) SI_UNIT ( $, .STERADIAN. ) SOLID_ANGLE_UNIT ( ) );
#8937 = COLOUR_RGB ( '',0.7490196078431372600, 1.000000000000000000, 1.000000000000000000 ) ;
#8938 = FILL_AREA_STYLE ('',( #6843 ) ) ;
#8939 = ORIENTED_EDGE ( 'NONE', *, *, #6472, .F. ) ;
#8940 = DIRECTION ( 'NONE',  ( -0.7191104300310848800, 0.0000000000000000000, 0.6948958119175190400 ) ) ;
#8941 = UNCERTAINTY_MEASURE_WITH_UNIT (LENGTH_MEASURE( 1.000000000000000100E-005 ), #1388, 'distance_accuracy_value', 'NONE');
#8942 = FACE_OUTER_BOUND ( 'NONE', #9402, .T. ) ;
#8943 =( LENGTH_UNIT ( ) NAMED_UNIT ( * ) SI_UNIT ( .MILLI., .METRE. ) );
#8944 = EDGE_CURVE ( 'NONE', #9517, #281, #5960, .T. ) ;
#8945 = PRESENTATION_STYLE_ASSIGNMENT (( #3655 ) ) ;
#8946 =( NAMED_UNIT ( * ) SI_UNIT ( $, .STERADIAN. ) SOLID_ANGLE_UNIT ( ) );
#8947 = FILL_AREA_STYLE_COLOUR ( '', #10173 ) ;
#8948 = ORIENTED_EDGE ( 'NONE', *, *, #12371, .T. ) ;
#8949 = CARTESIAN_POINT ( 'NONE',  ( -6.030280052762504900, 10.54099999999999900, 3.784029870147790600 ) ) ;
#8950 = LINE ( 'NONE', #7317, #624 ) ;
#8951 = SURFACE_STYLE_USAGE ( .BOTH. , #1677 ) ;
#8952 = PRESENTATION_STYLE_ASSIGNMENT (( #5677 ) ) ;
#8953 = STYLED_ITEM ( 'NONE', ( #13073 ), #3472 ) ;
#8954 = LINE ( 'NONE', #12599, #3416 ) ;
#8955 = COLOUR_RGB ( '',0.0000000000000000000, 0.7529411764705882200, 0.0000000000000000000 ) ;
#8956 = VERTEX_POINT ( 'NONE', #774 ) ;
#8957 = LINE ( 'NONE', #12395, #11365 ) ;
#8958 = MECHANICAL_DESIGN_GEOMETRIC_PRESENTATION_REPRESENTATION (  '', ( #7560 ), #9667 ) ;
#8959 = COLOUR_RGB ( '',1.000000000000000000, 1.000000000000000000, 0.0000000000000000000 ) ;
#8960 = CARTESIAN_POINT ( 'NONE',  ( 3.301999999999999600, -0.8890000000000001200, -7.924799999999999400 ) ) ;
#8961 = DIRECTION ( 'NONE',  ( -0.0000000000000000000, -0.0000000000000000000, 1.000000000000000000 ) ) ;
#8962 = UNCERTAINTY_MEASURE_WITH_UNIT (LENGTH_MEASURE( 1.000000000000000100E-005 ), #12660, 'distance_accuracy_value', 'NONE');
#8963 = DIRECTION ( 'NONE',  ( 0.0000000000000000000, 0.0000000000000000000, -1.000000000000000000 ) ) ;
#8964 = ORIENTED_EDGE ( 'NONE', *, *, #10773, .F. ) ;
#8965 = CARTESIAN_POINT ( 'NONE',  ( -3.267003117000000700, -0.8890000000000001200, -1.338284043000000000 ) ) ;
#8966 = MECHANICAL_DESIGN_GEOMETRIC_PRESENTATION_REPRESENTATION (  '', ( #5481 ), #9678 ) ;
#8967 = COLOUR_RGB ( '',0.7529411764705882200, 1.000000000000000000, 1.000000000000000000 ) ;
#8968 = LINE ( 'NONE', #685, #639 ) ;
#8969 = FACE_OUTER_BOUND ( 'NONE', #6439, .T. ) ;
#8970 = ORIENTED_EDGE ( 'NONE', *, *, #3748, .T. ) ;
#8971 = DIRECTION ( 'NONE',  ( -0.03634629820612130000, 0.0000000000000000000, 0.9993392550113859900 ) ) ;
#8972 = VECTOR ( 'NONE', #3120, 1000.000000000000000 ) ;
#8973 = CARTESIAN_POINT ( 'NONE',  ( -2.031999998730000400, 10.84579999888874900, 12.06500000000000100 ) ) ;
#8974 = LINE ( 'NONE', #8965, #11698 ) ;
#8975 = CARTESIAN_POINT ( 'NONE',  ( -7.772400000000000200, 0.0000000000000000000, 8.000999999999999400 ) ) ;
#8976 = AXIS2_PLACEMENT_3D ( 'NONE', #2154, #9443, #3206 ) ;
#8977 = CARTESIAN_POINT ( 'NONE',  ( 5.805483502999999600, 8.142580277000002200, 8.064649543000001600 ) ) ;
#8979 = STYLED_ITEM ( 'NONE', ( #3331 ), #2129 ) ;
#8978 =( NAMED_UNIT ( * ) SI_UNIT ( $, .STERADIAN. ) SOLID_ANGLE_UNIT ( ) );
#8980 = UNCERTAINTY_MEASURE_WITH_UNIT (LENGTH_MEASURE( 1.000000000000000100E-005 ), #2187, 'distance_accuracy_value', 'NONE');
#8981 = LINE ( 'NONE', #5921, #996 ) ;
#8982 = EDGE_CURVE ( 'NONE', #5367, #290, #11455, .T. ) ;
#8983 = PLANE ( 'NONE',  #2697 ) ;
#8984 = CARTESIAN_POINT ( 'NONE',  ( -8.890000000000000600, -0.7111962200000000500, -1.447799999999999800 ) ) ;
#8985 = DIRECTION ( 'NONE',  ( -1.000000000000000000, -0.0000000000000000000, -0.0000000000000000000 ) ) ;
#8986 =( NAMED_UNIT ( * ) SI_UNIT ( $, .STERADIAN. ) SOLID_ANGLE_UNIT ( ) );
#8987 = ORIENTED_EDGE ( 'NONE', *, *, #8804, .T. ) ;
#8988 = CARTESIAN_POINT ( 'NONE',  ( -8.826499999999999300, 9.229793325999999400, -5.181387328999999700 ) ) ;
#8989 = DIRECTION ( 'NONE',  ( 1.000000000000000000, 0.0000000000000000000, 0.0000000000000000000 ) ) ;
#8990 = FILL_AREA_STYLE ('',( #7947 ) ) ;
#8991 = DIRECTION ( 'NONE',  ( -0.03594029056241338600, 0.0000000000000000000, 0.9993539390597754300 ) ) ;
#8992 = ORIENTED_EDGE ( 'NONE', *, *, #888, .T. ) ;
#8993 = MECHANICAL_DESIGN_GEOMETRIC_PRESENTATION_REPRESENTATION (  '', ( #6204 ), #9706 ) ;
#8994 = DIRECTION ( 'NONE',  ( 0.03594029056241359500, 0.0000000000000000000, -0.9993539390597753200 ) ) ;
#8995 = CARTESIAN_POINT ( 'NONE',  ( -8.890000000000000600, 5.524499999999999700, -8.964998325999999900 ) ) ;
#8996 = VECTOR ( 'NONE', #2699, 1000.000000000000000 ) ;
#8997 = ADVANCED_FACE ( 'NONE', ( #401 ), #85, .F. ) ;
#8998 = PRESENTATION_STYLE_ASSIGNMENT (( #6002 ) ) ;
#8999 = CARTESIAN_POINT ( 'NONE',  ( 8.890000000000000600, 1.247224551999999600, -1.143000000000000200 ) ) ;
#9000 = DIRECTION ( 'NONE',  ( 0.0000000000000000000, 1.000000000000000000, 0.0000000000000000000 ) ) ;
#9001 = ORIENTED_EDGE ( 'NONE', *, *, #10853, .F. ) ;
#9002 = DIRECTION ( 'NONE',  ( 0.0000000000000000000, -1.111173995183661500E-014, 1.000000000000000000 ) ) ;
#9003 = ORIENTED_EDGE ( 'NONE', *, *, #2704, .T. ) ;
#9004 = FACE_OUTER_BOUND ( 'NONE', #1807, .T. ) ;
#9005 = DIRECTION ( 'NONE',  ( 1.000000000000000000, -0.0000000000000000000, 0.0000000000000000000 ) ) ;
#9006 = SURFACE_STYLE_FILL_AREA ( #6446 ) ;
#9007 = DIRECTION ( 'NONE',  ( -1.000000000000000000, -8.537024980200839600E-016, 0.0000000000000000000 ) ) ;
#9008 =( NAMED_UNIT ( * ) SI_UNIT ( $, .STERADIAN. ) SOLID_ANGLE_UNIT ( ) );
#9009 = PLANE ( 'NONE',  #10430 ) ;
#9010 = EDGE_CURVE ( 'NONE', #4452, #5460, #5644, .T. ) ;
#9011 = ORIENTED_EDGE ( 'NONE', *, *, #160, .T. ) ;
#9012 = ORIENTED_EDGE ( 'NONE', *, *, #8571, .F. ) ;
#9013 = EDGE_CURVE ( 'NONE', #10918, #10488, #11145, .T. ) ;
#9014 = SURFACE_STYLE_FILL_AREA ( #3263 ) ;
#9015 = SURFACE_STYLE_USAGE ( .BOTH. , #9060 ) ;
#9016 = FACE_BOUND ( 'NONE', #5807, .T. ) ;
#9017 = PRESENTATION_STYLE_ASSIGNMENT (( #2241 ) ) ;
#9018 = ORIENTED_EDGE ( 'NONE', *, *, #1259, .T. ) ;
#9019 = CARTESIAN_POINT ( 'NONE',  ( 7.227737259999998700, 8.536145111999999800, 10.36402441600000100 ) ) ;
#9020 = ORIENTED_EDGE ( 'NONE', *, *, #3642, .T. ) ;
#9021 = CARTESIAN_POINT ( 'NONE',  ( -8.762999999999999900, 10.74927999999999900, 0.5892800000000000300 ) ) ;
#9022 = CARTESIAN_POINT ( 'NONE',  ( 9.016999999999999500, 2.350001268999999800, -9.991998812000000300 ) ) ;
#9023 = DIRECTION ( 'NONE',  ( 0.0000000000000000000, 1.000000000000000000, 0.0000000000000000000 ) ) ;
#9024 = PRESENTATION_LAYER_ASSIGNMENT (  '', '', ( #8332 ) ) ;
#9025 =( BOUNDED_CURVE ( )  B_SPLINE_CURVE ( 3, ( #8285, #998, #3122, #10385 ),
 .UNSPECIFIED., .F., .T. ) 
 B_SPLINE_CURVE_WITH_KNOTS ( ( 4, 4 ),
 ( 3.734847839273714300, 4.296431133550988200 ),
 .UNSPECIFIED. ) 
 CURVE ( )  GEOMETRIC_REPRESENTATION_ITEM ( )  RATIONAL_B_SPLINE_CURVE ( ( 1.000000000000000000, 0.9738909073506596400, 0.9738909073506596400, 1.000000000000000000 ) ) 
 REPRESENTATION_ITEM ( '' )  );
#9026 =( GEOMETRIC_REPRESENTATION_CONTEXT ( 3 ) GLOBAL_UNCERTAINTY_ASSIGNED_CONTEXT ( ( #3365 ) ) GLOBAL_UNIT_ASSIGNED_CONTEXT ( ( #2416, #9696, #3443 ) ) REPRESENTATION_CONTEXT ( 'NONE', 'WORKASPACE' ) );
#9027 =( NAMED_UNIT ( * ) PLANE_ANGLE_UNIT ( ) SI_UNIT ( $, .RADIAN. ) );
#9028 = SURFACE_SIDE_STYLE ('',( #12880 ) ) ;
#9029 = SURFACE_STYLE_FILL_AREA ( #9524 ) ;
#9030 = VERTEX_POINT ( 'NONE', #12238 ) ;
#9031 = ORIENTED_EDGE ( 'NONE', *, *, #143, .T. ) ;
#9032 = FILL_AREA_STYLE_COLOUR ( '', #6639 ) ;
#9033 = EDGE_CURVE ( 'NONE', #2127, #10185, #10847, .T. ) ;
#9034 = EDGE_CURVE ( 'NONE', #6785, #10761, #2882, .T. ) ;
#9035 = AXIS2_PLACEMENT_3D ( 'NONE', #8984, #2771, #10027 ) ;
#9036 = VECTOR ( 'NONE', #8848, 1000.000000000000000 ) ;
#9037 = CARTESIAN_POINT ( 'NONE',  ( 8.889999999999998800, 11.04899999999999900, -11.82668283600000300 ) ) ;
#9038 = PLANE ( 'NONE',  #1195 ) ;
#9039 =( GEOMETRIC_REPRESENTATION_CONTEXT ( 3 ) GLOBAL_UNCERTAINTY_ASSIGNED_CONTEXT ( ( #536 ) ) GLOBAL_UNIT_ASSIGNED_CONTEXT ( ( #3521, #10816, #4570 ) ) REPRESENTATION_CONTEXT ( 'NONE', 'WORKASPACE' ) );
#9040 = ORIENTED_EDGE ( 'NONE', *, *, #4829, .T. ) ;
#9041 = VERTEX_POINT ( 'NONE', #866 ) ;
#9042 = DIRECTION ( 'NONE',  ( -1.000000000000000000, -0.0000000000000000000, -0.0000000000000000000 ) ) ;
#9043 = SURFACE_STYLE_USAGE ( .BOTH. , #1775 ) ;
#9044 = PRESENTATION_LAYER_ASSIGNMENT (  '', '', ( #8348 ) ) ;
#9045 = STYLED_ITEM ( 'NONE', ( #6637 ), #8172 ) ;
#9046 = ORIENTED_EDGE ( 'NONE', *, *, #10078, .T. ) ;
#9047 = DIRECTION ( 'NONE',  ( -8.537024980200854400E-016, 1.000000000000000000, 0.0000000000000000000 ) ) ;
#9048 = ORIENTED_EDGE ( 'NONE', *, *, #8571, .T. ) ;
#9049 = DIRECTION ( 'NONE',  ( -0.0000000000000000000, -0.0000000000000000000, -1.000000000000000000 ) ) ;
#9050 =( GEOMETRIC_REPRESENTATION_CONTEXT ( 3 ) GLOBAL_UNCERTAINTY_ASSIGNED_CONTEXT ( ( #4277 ) ) GLOBAL_UNIT_ASSIGNED_CONTEXT ( ( #12247, #6076, #13288 ) ) REPRESENTATION_CONTEXT ( 'NONE', 'WORKASPACE' ) );
#9051 = DIRECTION ( 'NONE',  ( -0.0000000000000000000, -0.0000000000000000000, 1.000000000000000000 ) ) ;
#9052 = EDGE_CURVE ( 'NONE', #7430, #7856, #13206, .T. ) ;
#9053 = SURFACE_STYLE_FILL_AREA ( #8918 ) ;
#9054 = DIRECTION ( 'NONE',  ( -0.0000000000000000000, -0.0000000000000000000, -1.000000000000000000 ) ) ;
#9055 = STYLED_ITEM ( 'NONE', ( #10140 ), #10148 ) ;
#9056 =( NAMED_UNIT ( * ) SI_UNIT ( $, .STERADIAN. ) SOLID_ANGLE_UNIT ( ) );
#9057 = CARTESIAN_POINT ( 'NONE',  ( -2.794000000000000000, -1.778000000000000200, -7.569200000000000400 ) ) ;
#9058 = ADVANCED_FACE ( 'NONE', ( #12895 ), #6066, .F. ) ;
#9059 = ORIENTED_EDGE ( 'NONE', *, *, #12924, .T. ) ;
#9060 = SURFACE_SIDE_STYLE ('',( #803 ) ) ;
#9061 = UNCERTAINTY_MEASURE_WITH_UNIT (LENGTH_MEASURE( 1.000000000000000100E-005 ), #11415, 'distance_accuracy_value', 'NONE');
#9062 =( NAMED_UNIT ( * ) PLANE_ANGLE_UNIT ( ) SI_UNIT ( $, .RADIAN. ) );
#9063 = SURFACE_STYLE_FILL_AREA ( #9488 ) ;
#9064 = CIRCLE ( 'NONE', #13279, 0.5000000159999995500 ) ;
#9065 = EDGE_LOOP ( 'NONE', ( #2852, #7272, #7908, #2395 ) ) ;
#9066 = ORIENTED_EDGE ( 'NONE', *, *, #12600, .F. ) ;
#9067 = VECTOR ( 'NONE', #8666, 1000.000000000000000 ) ;
#9068 = LINE ( 'NONE', #9181, #3530 ) ;
#9069 = PRESENTATION_STYLE_ASSIGNMENT (( #5631 ) ) ;
#9070 = CARTESIAN_POINT ( 'NONE',  ( -1.778000000000000200, -1.778000000000000200, -10.46480000000000200 ) ) ;
#9071 = CARTESIAN_POINT ( 'NONE',  ( -8.890000000000000600, 0.0000000000000000000, -10.10920000000000100 ) ) ;
#9072 = CARTESIAN_POINT ( 'NONE',  ( 6.349999999999999600, -1.778000000000000200, -10.46480000000000000 ) ) ;
#9073 = COLOUR_RGB ( '',0.7529411764705882200, 1.000000000000000000, 1.000000000000000000 ) ;
#9074 = LINE ( 'NONE', #11993, #3535 ) ;
#9075 = FILL_AREA_STYLE ('',( #2822 ) ) ;
#9076 = VECTOR ( 'NONE', #1509, 1000.000000000000000 ) ;
#9077 = PRODUCT_RELATED_PRODUCT_CATEGORY ( 'part', '', ( #4072 ) ) ;
#9078 = DIRECTION ( 'NONE',  ( -1.000000000000000000, 0.0000000000000000000, 0.0000000000000000000 ) ) ;
#9079 = EDGE_LOOP ( 'NONE', ( #9209, #4817, #10278, #5472, #3540, #7975 ) ) ;
#9080 = COLOUR_RGB ( '',0.7529411764705882200, 1.000000000000000000, 1.000000000000000000 ) ;
#9081 = DIRECTION ( 'NONE',  ( 0.0000000000000000000, -0.0000000000000000000, 1.000000000000000000 ) ) ;
#9082 = DIRECTION ( 'NONE',  ( -1.000000000000000000, -0.0000000000000000000, -0.0000000000000000000 ) ) ;
#9083 = LINE ( 'NONE', #8200, #3541 ) ;
#9084 = ORIENTED_EDGE ( 'NONE', *, *, #9052, .T. ) ;
#9085 = DIRECTION ( 'NONE',  ( -0.0000000000000000000, -0.0000000000000000000, 1.000000000000000000 ) ) ;
#9086 = AXIS2_PLACEMENT_3D ( 'NONE', #2981, #10233, #4010 ) ;
#9087 = CARTESIAN_POINT ( 'NONE',  ( 0.0000000000000000000, 11.04899999999999900, 3.301999993650000900 ) ) ;
#9088 = SURFACE_STYLE_FILL_AREA ( #10957 ) ;
#9089 = FACE_BOUND ( 'NONE', #4264, .T. ) ;
#9090 = VECTOR ( 'NONE', #4194, 999.9999999999998900 ) ;
#9091 = ORIENTED_EDGE ( 'NONE', *, *, #3355, .F. ) ;
#9092 = FILL_AREA_STYLE_COLOUR ( '', #2476 ) ;
#9093 = FACE_BOUND ( 'NONE', #9440, .T. ) ;
#9094 =( LENGTH_UNIT ( ) NAMED_UNIT ( * ) SI_UNIT ( .MILLI., .METRE. ) );
#9095 = PRESENTATION_STYLE_ASSIGNMENT (( #12182 ) ) ;
#9096 = EDGE_LOOP ( 'NONE', ( #2362, #4056, #8403, #10912 ) ) ;
#9097 = CARTESIAN_POINT ( 'NONE',  ( 6.299820370999998300, 0.0000000000000000000, -1.143000000000000200 ) ) ;
#9098 = EDGE_CURVE ( 'NONE', #4227, #10578, #4011, .T. ) ;
#9099 =( NAMED_UNIT ( * ) PLANE_ANGLE_UNIT ( ) SI_UNIT ( $, .RADIAN. ) );
#9100 = ORIENTED_EDGE ( 'NONE', *, *, #9958, .F. ) ;
#9101 = CARTESIAN_POINT ( 'NONE',  ( 8.890000000000000600, 10.54099999999999900, 9.551776717499999200 ) ) ;
#9102 = CARTESIAN_POINT ( 'NONE',  ( 5.949999994819998900, 5.524499999999999700, 12.06500000000000100 ) ) ;
#9103 = COLOUR_RGB ( '',0.7529411764705882200, 1.000000000000000000, 1.000000000000000000 ) ;
#9104 =( NAMED_UNIT ( * ) PLANE_ANGLE_UNIT ( ) SI_UNIT ( $, .RADIAN. ) );
#9105 = DIRECTION ( 'NONE',  ( 0.0000000000000000000, 0.0000000000000000000, -1.000000000000000000 ) ) ;
#9106 = CARTESIAN_POINT ( 'NONE',  ( 2.794000000000000000, -0.8890000000000001200, -7.924799999999999400 ) ) ;
#9107 = VECTOR ( 'NONE', #2406, 1000.000000000000000 ) ;
#9108 = ORIENTED_EDGE ( 'NONE', *, *, #8010, .F. ) ;
#9109 =( LENGTH_UNIT ( ) NAMED_UNIT ( * ) SI_UNIT ( .MILLI., .METRE. ) );
#9110 = PRESENTATION_STYLE_ASSIGNMENT (( #2358 ) ) ;
#9111 = AXIS2_PLACEMENT_3D ( 'NONE', #5652, #12857, #6681 ) ;
#9112 = DIRECTION ( 'NONE',  ( 1.000000000000000000, 1.734723475976811400E-015, -0.0000000000000000000 ) ) ;
#9113 = VECTOR ( 'NONE', #8134, 999.9999999999998900 ) ;
#9114 = EDGE_CURVE ( 'NONE', #7996, #616, #11919, .T. ) ;
#9115 = FILL_AREA_STYLE ('',( #4929 ) ) ;
#9116 = LINE ( 'NONE', #1878, #3586 ) ;
#9117 = CARTESIAN_POINT ( 'NONE',  ( -4.254710354999999400, 11.24761946643878300, 4.731681872409592600 ) ) ;
#9118 = SURFACE_STYLE_USAGE ( .BOTH. , #1838 ) ;
#9119 = LINE ( 'NONE', #10580, #6035 ) ;
#9120 = CIRCLE ( 'NONE', #6890, 4.555210407999998900 ) ;
#9121 = AXIS2_PLACEMENT_3D ( 'NONE', #12515, #6326, #90 ) ;
#9122 = FACE_OUTER_BOUND ( 'NONE', #4855, .T. ) ;
#9123 = EDGE_LOOP ( 'NONE', ( #12229, #2823, #1027, #6543, #9615, #13097, #10323, #12831, #7136 ) ) ;
#9124 = FACE_OUTER_BOUND ( 'NONE', #9931, .T. ) ;
#9125 = DIRECTION ( 'NONE',  ( -0.0000000000000000000, -1.000000000000000000, -0.0000000000000000000 ) ) ;
#9126 =( LENGTH_UNIT ( ) NAMED_UNIT ( * ) SI_UNIT ( .MILLI., .METRE. ) );
#9127 = PRESENTATION_STYLE_ASSIGNMENT (( #6084 ) ) ;
#9128 = FILL_AREA_STYLE_COLOUR ( '', #4061 ) ;
#9129 = SURFACE_SIDE_STYLE ('',( #5350 ) ) ;
#9130 = AXIS2_PLACEMENT_3D ( 'NONE', #7876, #1658, #8925 ) ;
#9131 = ADVANCED_FACE ( 'NONE', ( #894 ), #13366, .F. ) ;
#9132 = VERTEX_POINT ( 'NONE', #6160 ) ;
#9133 = COLOUR_RGB ( '',0.7529411764705882200, 1.000000000000000000, 1.000000000000000000 ) ;
#9134 = COLOUR_RGB ( '',0.7529411764705882200, 1.000000000000000000, 1.000000000000000000 ) ;
#9135 = ORIENTED_EDGE ( 'NONE', *, *, #6996, .F. ) ;
#9136 =( NAMED_UNIT ( * ) SI_UNIT ( $, .STERADIAN. ) SOLID_ANGLE_UNIT ( ) );
#9137 = SURFACE_SIDE_STYLE ('',( #5003 ) ) ;
#9138 = MECHANICAL_DESIGN_GEOMETRIC_PRESENTATION_REPRESENTATION (  '', ( #9727 ), #9853 ) ;
#9139 = DIRECTION ( 'NONE',  ( 0.0000000000000000000, -0.7316824847216022400, -0.6816456128749177600 ) ) ;
#9140 = EDGE_CURVE ( 'NONE', #5255, #4092, #13377, .T. ) ;
#9141 = CARTESIAN_POINT ( 'NONE',  ( -9.053398425317780600, 3.902378696793042500, 9.083712622676493700 ) ) ;
#9142 = CARTESIAN_POINT ( 'NONE',  ( -4.027795056021807000, 11.04899999999999900, 3.784029870073307000 ) ) ;
#9143 = UNCERTAINTY_MEASURE_WITH_UNIT (LENGTH_MEASURE( 1.000000000000000100E-005 ), #9784, 'distance_accuracy_value', 'NONE');
#9144 = LINE ( 'NONE', #3652, #11545 ) ;
#9145 = FACE_OUTER_BOUND ( 'NONE', #2461, .T. ) ;
#9146 = CARTESIAN_POINT ( 'NONE',  ( -7.772400000000000200, -1.778000000000000200, 5.207000000000000700 ) ) ;
#9148 =( GEOMETRIC_REPRESENTATION_CONTEXT ( 3 ) GLOBAL_UNCERTAINTY_ASSIGNED_CONTEXT ( ( #13140 ) ) GLOBAL_UNIT_ASSIGNED_CONTEXT ( ( #1866, #2990, #1464 ) ) REPRESENTATION_CONTEXT ( 'NONE', 'WORKASPACE' ) );
#9147 = CARTESIAN_POINT ( 'NONE',  ( -2.794000000000000000, -0.8890000000000001200, -7.569200000000000400 ) ) ;
#9149 = SURFACE_STYLE_USAGE ( .BOTH. , #1864 ) ;
#9150 = MECHANICAL_DESIGN_GEOMETRIC_PRESENTATION_REPRESENTATION (  '', ( #7043 ), #9866 ) ;
#9151 = FILL_AREA_STYLE ('',( #9518 ) ) ;
#9152 = ADVANCED_FACE ( 'NONE', ( #2717 ), #7432, .F. ) ;
#9153 = EDGE_LOOP ( 'NONE', ( #8432, #8236, #7093, #5485, #944, #6936, #12004, #7913 ) ) ;
#9154 = ORIENTED_EDGE ( 'NONE', *, *, #8982, .T. ) ;
#9155 = VERTEX_POINT ( 'NONE', #2255 ) ;
#9156 = PLANE ( 'NONE',  #6331 ) ;
#9157 = CARTESIAN_POINT ( 'NONE',  ( 5.333999999999999600, -0.8890000000000001200, -7.924799999999999400 ) ) ;
#9158 = CARTESIAN_POINT ( 'NONE',  ( 9.016999999999997700, 2.350001269000000300, -10.24599881205209500 ) ) ;
#9159 = LINE ( 'NONE', #4542, #6068 ) ;
#9160 = MECHANICAL_DESIGN_GEOMETRIC_PRESENTATION_REPRESENTATION (  '', ( #6367 ), #9878 ) ;
#9161 = CARTESIAN_POINT ( 'NONE',  ( -8.826499999999999300, 8.975793326000001600, -3.981386681000000500 ) ) ;
#9162 = PRESENTATION_STYLE_ASSIGNMENT (( #9803 ) ) ;
#9163 = FILL_AREA_STYLE_COLOUR ( '', #12266 ) ;
#9164 = CARTESIAN_POINT ( 'NONE',  ( -8.890000000000000600, -0.7111962200000000500, -1.447800003633884300 ) ) ;
#9165 = DIRECTION ( 'NONE',  ( -0.0000000000000000000, -1.000000000000000000, -0.0000000000000000000 ) ) ;
#9166 =( NAMED_UNIT ( * ) SI_UNIT ( $, .STERADIAN. ) SOLID_ANGLE_UNIT ( ) );
#9167 = DIRECTION ( 'NONE',  ( 0.0000000000000000000, 0.0000000000000000000, 1.000000000000000000 ) ) ;
#9168 = STYLED_ITEM ( 'NONE', ( #5527 ), #11428 ) ;
#9169 = ORIENTED_EDGE ( 'NONE', *, *, #10964, .T. ) ;
#9170 = DIRECTION ( 'NONE',  ( -0.0000000000000000000, -0.0000000000000000000, -1.000000000000000000 ) ) ;
#9171 = VERTEX_POINT ( 'NONE', #11617 ) ;
#9172 = LINE ( 'NONE', #8322, #12211 ) ;
#9173 = EDGE_LOOP ( 'NONE', ( #1201, #12871, #722, #727 ) ) ;
#9174 = FACE_BOUND ( 'NONE', #3565, .T. ) ;
#9175 = DIRECTION ( 'NONE',  ( -0.0000000000000000000, -1.000000000000000000, -0.0000000000000000000 ) ) ;
#9176 = EDGE_CURVE ( 'NONE', #4782, #6412, #4487, .T. ) ;
#9177 = DIRECTION ( 'NONE',  ( 1.000000000000000000, 0.0000000000000000000, 0.0000000000000000000 ) ) ;
#9178 = SURFACE_STYLE_USAGE ( .BOTH. , #1898 ) ;
#9179 =( GEOMETRIC_REPRESENTATION_CONTEXT ( 3 ) GLOBAL_UNCERTAINTY_ASSIGNED_CONTEXT ( ( #7256 ) ) GLOBAL_UNIT_ASSIGNED_CONTEXT ( ( #9644, #3397, #10676 ) ) REPRESENTATION_CONTEXT ( 'NONE', 'WORKASPACE' ) );
#9180 = EDGE_LOOP ( 'NONE', ( #3014, #1389, #11997, #9224, #1703, #5781 ) ) ;
#9181 = CARTESIAN_POINT ( 'NONE',  ( -7.772400000000000200, -1.778000000000000200, 2.667000000000000300 ) ) ;
#9182 = UNCERTAINTY_MEASURE_WITH_UNIT (LENGTH_MEASURE( 1.000000000000000100E-005 ), #1928, 'distance_accuracy_value', 'NONE');
#9183 = ORIENTED_EDGE ( 'NONE', *, *, #10002, .F. ) ;
#9184 = CARTESIAN_POINT ( 'NONE',  ( -3.263927861000001300, -0.8890000000000001200, -1.158705249999999900 ) ) ;
#9185 = EDGE_CURVE ( 'NONE', #2605, #2440, #9713, .T. ) ;
#9186 = ORIENTED_EDGE ( 'NONE', *, *, #3662, .F. ) ;
#9187 = CARTESIAN_POINT ( 'NONE',  ( -8.990000000000000200, 1.247224551999999600, -1.143000000000000200 ) ) ;
#9188 = DIRECTION ( 'NONE',  ( -0.6948958119175191500, 0.0000000000000000000, -0.7191104300310848800 ) ) ;
#9189 = FILL_AREA_STYLE ('',( #6018 ) ) ;
#9190 = VERTEX_POINT ( 'NONE', #7529 ) ;
#9191 = ADVANCED_FACE ( 'NONE', ( #12077 ), #2347, .T. ) ;
#9192 = EDGE_CURVE ( 'NONE', #8377, #12374, #11133, .T. ) ;
#9193 = ORIENTED_EDGE ( 'NONE', *, *, #10229, .F. ) ;
#9194 = DIRECTION ( 'NONE',  ( 0.0000000000000000000, 0.0000000000000000000, -1.000000000000000000 ) ) ;
#9195 = VERTEX_POINT ( 'NONE', #2389 ) ;
#9196 = CARTESIAN_POINT ( 'NONE',  ( -8.890000000000002300, 2.758984659000000200, 8.550880985000000900 ) ) ;
#9197 = VECTOR ( 'NONE', #10042, 1000.000000000000000 ) ;
#9198 = EDGE_CURVE ( 'NONE', #2184, #7802, #5626, .T. ) ;
#9199 = UNCERTAINTY_MEASURE_WITH_UNIT (LENGTH_MEASURE( 1.000000000000000100E-005 ), #10663, 'distance_accuracy_value', 'NONE');
#9200 = CARTESIAN_POINT ( 'NONE',  ( 9.016999999999999500, 9.737793325999998500, -4.581387004999999800 ) ) ;
#9201 = VECTOR ( 'NONE', #9988, 1000.000000000000000 ) ;
#9202 = ORIENTED_EDGE ( 'NONE', *, *, #6501, .F. ) ;
#9203 = ORIENTED_EDGE ( 'NONE', *, *, #10846, .F. ) ;
#9204 = MECHANICAL_DESIGN_GEOMETRIC_PRESENTATION_REPRESENTATION (  '', ( #7098 ), #9922 ) ;
#9205 =( NAMED_UNIT ( * ) PLANE_ANGLE_UNIT ( ) SI_UNIT ( $, .RADIAN. ) );
#9206 = CARTESIAN_POINT ( 'NONE',  ( -4.825999999999999600, -1.778000000000000200, -2.668177707000000800 ) ) ;
#9207 = DIRECTION ( 'NONE',  ( -0.0000000000000000000, -1.000000000000000000, -0.0000000000000000000 ) ) ;
#9208 = MECHANICAL_DESIGN_GEOMETRIC_PRESENTATION_REPRESENTATION (  '', ( #7103 ), #9924 ) ;
#9209 = ORIENTED_EDGE ( 'NONE', *, *, #5452, .F. ) ;
#9210 = STYLED_ITEM ( 'NONE', ( #7782 ), #7238 ) ;
#9211 = PLANE ( 'NONE',  #4412 ) ;
#9212 = DIRECTION ( 'NONE',  ( -1.000000000000000000, -0.0000000000000000000, -0.0000000000000000000 ) ) ;
#9213 = PRESENTATION_STYLE_ASSIGNMENT (( #9307 ) ) ;
#9214 = FILL_AREA_STYLE_COLOUR ( '', #12613 ) ;
#9215 = DIRECTION ( 'NONE',  ( -8.537024980200839600E-016, 1.000000000000000000, 0.0000000000000000000 ) ) ;
#9216 = EDGE_CURVE ( 'NONE', #11650, #4199, #8385, .T. ) ;
#9217 = ORIENTED_EDGE ( 'NONE', *, *, #11330, .F. ) ;
#9218 = ORIENTED_EDGE ( 'NONE', *, *, #2097, .T. ) ;
#9219 =( GEOMETRIC_REPRESENTATION_CONTEXT ( 3 ) GLOBAL_UNCERTAINTY_ASSIGNED_CONTEXT ( ( #2299 ) ) GLOBAL_UNIT_ASSIGNED_CONTEXT ( ( #9721, #3469, #10770 ) ) REPRESENTATION_CONTEXT ( 'NONE', 'WORKASPACE' ) );
#9220 = ADVANCED_FACE ( 'NONE', ( #387 ), #325, .F. ) ;
#9221 = LINE ( 'NONE', #9762, #6443 ) ;
#9222 = ORIENTED_EDGE ( 'NONE', *, *, #6394, .F. ) ;
#9223 = CARTESIAN_POINT ( 'NONE',  ( 4.737748232000000400, -1.778000000000000200, 0.3664724570000000800 ) ) ;
#9224 = ORIENTED_EDGE ( 'NONE', *, *, #13001, .T. ) ;
#9225 = SURFACE_STYLE_USAGE ( .BOTH. , #1948 ) ;
#9226 = SURFACE_STYLE_USAGE ( .BOTH. , #1949 ) ;
#9227 = AXIS2_PLACEMENT_3D ( 'NONE', #6030, #13225, #7053 ) ;
#9228 = VECTOR ( 'NONE', #3427, 1000.000000000000000 ) ;
#9229 = CARTESIAN_POINT ( 'NONE',  ( -9.080599718250351100, 10.39713725388162400, 8.832389710641598100 ) ) ;
#9230 = ORIENTED_EDGE ( 'NONE', *, *, #5146, .T. ) ;
#9231 = FILL_AREA_STYLE ('',( #13311 ) ) ;
#9232 = MECHANICAL_DESIGN_GEOMETRIC_PRESENTATION_REPRESENTATION (  '', ( #7842 ), #9956 ) ;
#9233 = DIRECTION ( 'NONE',  ( 0.0000000000000000000, 0.0000000000000000000, -1.000000000000000000 ) ) ;
#9234 = EDGE_CURVE ( 'NONE', #5971, #9780, #12554, .T. ) ;
#9235 = VERTEX_POINT ( 'NONE', #12731 ) ;
#9236 = ORIENTED_EDGE ( 'NONE', *, *, #2418, .F. ) ;
#9237 = LINE ( 'NONE', #7496, #3707 ) ;
#9238 = DIRECTION ( 'NONE',  ( 0.7981611587262271700, -0.6024439929991886000, 0.0000000000000000000 ) ) ;
#9239 = VECTOR ( 'NONE', #528, 1000.000000000000000 ) ;
#9240 = SURFACE_STYLE_FILL_AREA ( #8012 ) ;
#9241 = SURFACE_SIDE_STYLE ('',( #11419 ) ) ;
#9242 = CARTESIAN_POINT ( 'NONE',  ( 5.801475412105868500, 11.23840813390762600, 11.42054445889659500 ) ) ;
#9243 = DIRECTION ( 'NONE',  ( 1.000000000000000000, 0.0000000000000000000, 0.0000000000000000000 ) ) ;
#9244 = EDGE_CURVE ( 'NONE', #1053, #8691, #7069, .T. ) ;
#9245 = VECTOR ( 'NONE', #9212, 1000.000000000000000 ) ;
#9246 = VECTOR ( 'NONE', #3285, 1000.000000000000000 ) ;
#9247 = CARTESIAN_POINT ( 'NONE',  ( 8.890000000000000600, -1.165775448000000000, -1.143000000000000200 ) ) ;
#9248 = LINE ( 'NONE', #5739, #933 ) ;
#9249 = LINE ( 'NONE', #4046, #1264 ) ;
#9250 = CARTESIAN_POINT ( 'NONE',  ( -2.286000000000000500, 0.0000000000000000000, -10.10920000000000100 ) ) ;
#9251 = CIRCLE ( 'NONE', #9869, 0.1269999999999999500 ) ;
#9252 = PRESENTATION_LAYER_ASSIGNMENT (  '', '', ( #7858 ) ) ;
#9253 = ORIENTED_EDGE ( 'NONE', *, *, #2806, .F. ) ;
#9254 = CARTESIAN_POINT ( 'NONE',  ( -7.772400000000000200, -0.8890000000000001200, 2.920999999999999800 ) ) ;
#9255 = DIRECTION ( 'NONE',  ( -0.7191104301116453300, 0.0000000000000000000, 0.6948958118341515000 ) ) ;
#9256 = CARTESIAN_POINT ( 'NONE',  ( 8.635999999999999200, 1.750000945000000300, -10.75399881165974000 ) ) ;
#9257 = DIRECTION ( 'NONE',  ( 0.0000000000000000000, 0.0000000000000000000, 1.000000000000000000 ) ) ;
#9258 = VECTOR ( 'NONE', #3499, 1000.000000000000000 ) ;
#9259 = PRESENTATION_STYLE_ASSIGNMENT (( #3961 ) ) ;
#9260 = CARTESIAN_POINT ( 'NONE',  ( 8.635999999999999200, 2.550001377000000500, -10.46499913600000100 ) ) ;
#9261 = COLOUR_RGB ( '',0.7490196078431372600, 1.000000000000000000, 1.000000000000000000 ) ;
#9262 = CARTESIAN_POINT ( 'NONE',  ( 4.266439159586781200, 11.09975097738621000, 11.22993964738888000 ) ) ;
#9263 = CARTESIAN_POINT ( 'NONE',  ( 5.804110354999999700, 11.04899999999999900, 11.49299205300000200 ) ) ;
#9264 = EDGE_LOOP ( 'NONE', ( #7723, #598, #12485, #5758 ) ) ;
#9265 = CARTESIAN_POINT ( 'NONE',  ( -7.264400000000000200, 0.0000000000000000000, 7.493000000000001200 ) ) ;
#9266 = DIRECTION ( 'NONE',  ( 0.7191104302671856900, 0.0000000000000000000, -0.6948958116731910300 ) ) ;
#9267 = ORIENTED_EDGE ( 'NONE', *, *, #942, .F. ) ;
#9268 = SURFACE_STYLE_FILL_AREA ( #10781 ) ;
#9269 = DIRECTION ( 'NONE',  ( -1.000000000000000000, 0.0000000000000000000, 0.0000000000000000000 ) ) ;
#9270 = UNCERTAINTY_MEASURE_WITH_UNIT (LENGTH_MEASURE( 1.000000000000000100E-005 ), #6072, 'distance_accuracy_value', 'NONE');
#9271 = ADVANCED_FACE ( 'NONE', ( #9872 ), #10808, .T. ) ;
#9272 = ORIENTED_EDGE ( 'NONE', *, *, #4400, .F. ) ;
#9273 = VECTOR ( 'NONE', #6731, 1000.000000000000000 ) ;
#9274 = CARTESIAN_POINT ( 'NONE',  ( 9.080599713000001600, 10.39713725900000300, 9.589324416000002000 ) ) ;
#9275 = DIRECTION ( 'NONE',  ( 0.0000000000000000000, -0.7071067811865474600, 0.7071067811865474600 ) ) ;
#9276 = EDGE_LOOP ( 'NONE', ( #4649, #6484, #12168, #12921 ) ) ;
#9277 = EDGE_CURVE ( 'NONE', #5189, #7887, #11285, .T. ) ;
#9278 =( LENGTH_UNIT ( ) NAMED_UNIT ( * ) SI_UNIT ( .MILLI., .METRE. ) );
#9279 = DIRECTION ( 'NONE',  ( -1.000000000000000000, -1.707404996040165200E-015, 0.0000000000000000000 ) ) ;
#9280 = AXIS2_PLACEMENT_3D ( 'NONE', #11250, #5055, #12259 ) ;
#9281 = EDGE_CURVE ( 'NONE', #6097, #3958, #8543, .T. ) ;
#9282 = DIRECTION ( 'NONE',  ( 1.000000000000000000, 1.734723475976806300E-015, -0.0000000000000000000 ) ) ;
#9283 = LINE ( 'NONE', #11826, #1300 ) ;
#9284 = SURFACE_STYLE_FILL_AREA ( #3126 ) ;
#9285 = VERTEX_POINT ( 'NONE', #3508 ) ;
#9286 = EDGE_CURVE ( 'NONE', #11223, #5982, #5788, .T. ) ;
#9287 = SURFACE_STYLE_FILL_AREA ( #5643 ) ;
#9288 = UNCERTAINTY_MEASURE_WITH_UNIT (LENGTH_MEASURE( 1.000000000000000100E-005 ), #8514, 'distance_accuracy_value', 'NONE');
#9289 = FILL_AREA_STYLE ('',( #7189 ) ) ;
#9290 = VECTOR ( 'NONE', #8273, 1000.000000000000000 ) ;
#9291 = VECTOR ( 'NONE', #8312, 1000.000000000000000 ) ;
#9292 = SURFACE_SIDE_STYLE ('',( #10484 ) ) ;
#9293 = CARTESIAN_POINT ( 'NONE',  ( 8.635999999999999200, 7.948998325999999900, -2.211001673999999400 ) ) ;
#9294 =( LENGTH_UNIT ( ) NAMED_UNIT ( * ) SI_UNIT ( .MILLI., .METRE. ) );
#9295 = ORIENTED_EDGE ( 'NONE', *, *, #3962, .T. ) ;
#9296 = PRESENTATION_STYLE_ASSIGNMENT (( #8443 ) ) ;
#9297 = LINE ( 'NONE', #5865, #983 ) ;
#9298 = MECHANICAL_DESIGN_GEOMETRIC_PRESENTATION_REPRESENTATION (  '', ( #7889 ), #9990 ) ;
#9299 = ADVANCED_FACE ( 'NONE', ( #549 ), #9860, .F. ) ;
#9300 = SURFACE_STYLE_USAGE ( .BOTH. , #9351 ) ;
#9301 = LINE ( 'NONE', #9319, #12003 ) ;
#9302 = MECHANICAL_DESIGN_GEOMETRIC_PRESENTATION_REPRESENTATION (  '', ( #7893 ), #9994 ) ;
#9303 = VERTEX_POINT ( 'NONE', #7745 ) ;
#9304 = VECTOR ( 'NONE', #1645, 1000.000000000000000 ) ;
#9305 = AXIS2_PLACEMENT_3D ( 'NONE', #12492, #6302, #70 ) ;
#9306 = SURFACE_STYLE_FILL_AREA ( #5881 ) ;
#9307 = SURFACE_STYLE_USAGE ( .BOTH. , #2010 ) ;
#9308 = UNCERTAINTY_MEASURE_WITH_UNIT (LENGTH_MEASURE( 1.000000000000000100E-005 ), #12085, 'distance_accuracy_value', 'NONE');
#9309 = CARTESIAN_POINT ( 'NONE',  ( -7.264400000000000200, 0.0000000000000000000, -12.06500000000000100 ) ) ;
#9310 = PLANE ( 'NONE',  #7661 ) ;
#9311 = EDGE_CURVE ( 'NONE', #11592, #4150, #7240, .T. ) ;
#9312 = SURFACE_STYLE_USAGE ( .BOTH. , #2013 ) ;
#9313 = ORIENTED_EDGE ( 'NONE', *, *, #2317, .T. ) ;
#9314 = EDGE_CURVE ( 'NONE', #3007, #13264, #10013, .T. ) ;
#9315 = CARTESIAN_POINT ( 'NONE',  ( -5.029410354999999600, 11.37117404675445300, 11.27807826140800400 ) ) ;
#9316 = PRESENTATION_LAYER_ASSIGNMENT (  '', '', ( #7207 ) ) ;
#9317 = LINE ( 'NONE', #10070, #3779 ) ;
#9318 = PRESENTATION_STYLE_ASSIGNMENT (( #4484 ) ) ;
#9319 = CARTESIAN_POINT ( 'NONE',  ( -8.890000000000000600, 4.436602109999999900, 10.36402442059081800 ) ) ;
#9320 = CARTESIAN_POINT ( 'NONE',  ( 4.254710354999999400, 11.04899999982128000, 11.41714558250000000 ) ) ;
#9321 = COLOUR_RGB ( '',0.7529411764705882200, 1.000000000000000000, 1.000000000000000000 ) ;
#9322 = SURFACE_STYLE_FILL_AREA ( #13082 ) ;
#9323 = FILL_AREA_STYLE ('',( #5872 ) ) ;
#9324 = DIRECTION ( 'NONE',  ( 0.0000000000000000000, 0.0000000000000000000, -1.000000000000000000 ) ) ;
#9325 =( GEOMETRIC_REPRESENTATION_CONTEXT ( 3 ) GLOBAL_UNCERTAINTY_ASSIGNED_CONTEXT ( ( #7184 ) ) GLOBAL_UNIT_ASSIGNED_CONTEXT ( ( #9541, #3313, #10589 ) ) REPRESENTATION_CONTEXT ( 'NONE', 'WORKASPACE' ) );
#9326 = STYLED_ITEM ( 'NONE', ( #1905 ), #1559 ) ;
#9327 = UNCERTAINTY_MEASURE_WITH_UNIT (LENGTH_MEASURE( 1.000000000000000100E-005 ), #11719, 'distance_accuracy_value', 'NONE');
#9328 = AXIS2_PLACEMENT_3D ( 'NONE', #8532, #2318, #9600 ) ;
#9329 =( NAMED_UNIT ( * ) SI_UNIT ( $, .STERADIAN. ) SOLID_ANGLE_UNIT ( ) );
#9330 = CARTESIAN_POINT ( 'NONE',  ( -3.809999999999999600, -0.8890000000000001200, -10.10920000000000100 ) ) ;
#9331 = DIRECTION ( 'NONE',  ( -3.469446951953611000E-015, 1.000000000000000000, 0.0000000000000000000 ) ) ;
#9332 = ORIENTED_EDGE ( 'NONE', *, *, #10773, .T. ) ;
#9333 = EDGE_CURVE ( 'NONE', #6802, #410, #1649, .T. ) ;
#9334 = ORIENTED_EDGE ( 'NONE', *, *, #8917, .F. ) ;
#9335 = CARTESIAN_POINT ( 'NONE',  ( -8.889999999999998800, 10.54099999830799000, 10.28674714506651700 ) ) ;
#9336 = DIRECTION ( 'NONE',  ( 0.7191104302671856900, 0.0000000000000000000, 0.6948958116731910300 ) ) ;
#9337 = STYLED_ITEM ( 'NONE', ( #673 ), #9970 ) ;
#9338 = LINE ( 'NONE', #2661, #1009 ) ;
#9339 = CARTESIAN_POINT ( 'NONE',  ( 5.334000000000000500, 0.0000000000000000000, -7.569200000000000400 ) ) ;
#9340 = CIRCLE ( 'NONE', #10116, 0.5079999999999997900 ) ;
#9341 = CARTESIAN_POINT ( 'NONE',  ( -1.778000000000000200, -0.8890000000000001200, -10.46480000000000000 ) ) ;
#9342 = ORIENTED_EDGE ( 'NONE', *, *, #9465, .F. ) ;
#9344 = MECHANICAL_DESIGN_GEOMETRIC_PRESENTATION_REPRESENTATION (  '', ( #7232 ), #10025 ) ;
#9343 = CARTESIAN_POINT ( 'NONE',  ( -8.890000000000000600, 0.0000000000000000000, -10.46480000000000000 ) ) ;
#9345 = CARTESIAN_POINT ( 'NONE',  ( -3.149999998950000300, 9.845799999749999600, 3.505199999999999900 ) ) ;
#9346 = CARTESIAN_POINT ( 'NONE',  ( -8.382000000000001400, 2.276954804999999900, 9.551776717500001000 ) ) ;
#9347 = ADVANCED_FACE ( 'NONE', ( #12389 ), #377, .T. ) ;
#9348 = VECTOR ( 'NONE', #9467, 1000.000000000000000 ) ;
#9349 = DIRECTION ( 'NONE',  ( 0.0000000000000000000, -1.000000000000000000, 0.0000000000000000000 ) ) ;
#9350 = COLOUR_RGB ( '',0.7490196078431372600, 1.000000000000000000, 1.000000000000000000 ) ;
#9351 = SURFACE_SIDE_STYLE ('',( #10821 ) ) ;
#9352 =( GEOMETRIC_REPRESENTATION_CONTEXT ( 3 ) GLOBAL_UNCERTAINTY_ASSIGNED_CONTEXT ( ( #8962 ) ) GLOBAL_UNIT_ASSIGNED_CONTEXT ( ( #12660, #6469, #228 ) ) REPRESENTATION_CONTEXT ( 'NONE', 'WORKASPACE' ) );
#9353 =( LENGTH_UNIT ( ) NAMED_UNIT ( * ) SI_UNIT ( .MILLI., .METRE. ) );
#9354 =( LENGTH_UNIT ( ) NAMED_UNIT ( * ) SI_UNIT ( .MILLI., .METRE. ) );
#9355 = VERTEX_POINT ( 'NONE', #2714 ) ;
#9356 = PRESENTATION_LAYER_ASSIGNMENT (  '', '', ( #7952 ) ) ;
#9357 =( NAMED_UNIT ( * ) SI_UNIT ( $, .STERADIAN. ) SOLID_ANGLE_UNIT ( ) );
#9358 = SURFACE_STYLE_USAGE ( .BOTH. , #2064 ) ;
#9359 = CARTESIAN_POINT ( 'NONE',  ( -3.267003117148266100, 9.188048632269640400E-017, -1.338284043143272800 ) ) ;
#9360 = EDGE_CURVE ( 'NONE', #2092, #12841, #3179, .T. ) ;
#9361 = DIRECTION ( 'NONE',  ( -1.000000000000000000, -0.0000000000000000000, -0.0000000000000000000 ) ) ;
#9362 = DIRECTION ( 'NONE',  ( -1.000000000000000000, 0.0000000000000000000, 0.0000000000000000000 ) ) ;
#9363 = ORIENTED_EDGE ( 'NONE', *, *, #9216, .T. ) ;
#9364 =( NAMED_UNIT ( * ) PLANE_ANGLE_UNIT ( ) SI_UNIT ( $, .RADIAN. ) );
#9365 = ORIENTED_EDGE ( 'NONE', *, *, #6652, .T. ) ;
#9366 = UNCERTAINTY_MEASURE_WITH_UNIT (LENGTH_MEASURE( 1.000000000000000100E-005 ), #7828, 'distance_accuracy_value', 'NONE');
#9367 = ADVANCED_FACE ( 'NONE', ( #11429 ), #8927, .F. ) ;
#9368 = PRESENTATION_STYLE_ASSIGNMENT (( #5038 ) ) ;
#9369 = DIRECTION ( 'NONE',  ( -1.000000000000000000, -0.0000000000000000000, -0.0000000000000000000 ) ) ;
#9370 = EDGE_CURVE ( 'NONE', #9671, #267, #7397, .T. ) ;
#9371 = CARTESIAN_POINT ( 'NONE',  ( -8.635999999999999200, 1.150000620999999800, -10.46499913600000100 ) ) ;
#9372 = CARTESIAN_POINT ( 'NONE',  ( 7.772400000000001100, -1.778000000000000200, 4.953000000000001200 ) ) ;
#9373 = MECHANICAL_DESIGN_GEOMETRIC_PRESENTATION_REPRESENTATION (  '', ( #7266 ), #10067 ) ;
#9374 = LINE ( 'NONE', #5721, #12069 ) ;
#9375 = EDGE_LOOP ( 'NONE', ( #9760, #9202, #4009, #12575 ) ) ;
#9376 = ORIENTED_EDGE ( 'NONE', *, *, #5477, .T. ) ;
#9377 = DIRECTION ( 'NONE',  ( 0.0000000000000000000, -1.000000000000000000, 0.0000000000000000000 ) ) ;
#9378 = VERTEX_POINT ( 'NONE', #5891 ) ;
#9379 = FILL_AREA_STYLE ('',( #10377 ) ) ;
#9380 = EDGE_CURVE ( 'NONE', #11622, #2215, #1854, .T. ) ;
#9381 = PRESENTATION_STYLE_ASSIGNMENT (( #3385 ) ) ;
#9382 = CARTESIAN_POINT ( 'NONE',  ( -4.317999999999999600, -0.8890000000000001200, -10.10920000000000100 ) ) ;
#9383 = DIRECTION ( 'NONE',  ( 0.0000000000000000000, 1.000000000000000000, 0.0000000000000000000 ) ) ;
#9384 = EDGE_CURVE ( 'NONE', #6560, #8202, #10160, .T. ) ;
#9385 = EDGE_LOOP ( 'NONE', ( #9012, #3388, #8785, #10631 ) ) ;
#9386 = EDGE_LOOP ( 'NONE', ( #9470, #3379, #3983, #8932 ) ) ;
#9387 = CARTESIAN_POINT ( 'NONE',  ( -2.286000000000000500, -1.778000000000000200, -10.10920000000000100 ) ) ;
#9388 = CIRCLE ( 'NONE', #12294, 4.555210407999998900 ) ;
#9389 = STYLED_ITEM ( 'NONE', ( #4041 ), #8366 ) ;
#9390 = CIRCLE ( 'NONE', #3087, 0.1270000000000003900 ) ;
#9391 = ORIENTED_EDGE ( 'NONE', *, *, #5963, .F. ) ;
#9392 = PLANE ( 'NONE',  #11938 ) ;
#9393 = CARTESIAN_POINT ( 'NONE',  ( -5.983580289999999900, 7.039604364000000600, 8.829269074000000800 ) ) ;
#9394 = FILL_AREA_STYLE_COLOUR ( '', #4187 ) ;
#9395 = AXIS2_PLACEMENT_3D ( 'NONE', #10664, #4430, #11664 ) ;
#9396 = SURFACE_SIDE_STYLE ('',( #2071 ) ) ;
#9397 = PLANE ( 'NONE',  #8546 ) ;
#9398 = ORIENTED_EDGE ( 'NONE', *, *, #567, .F. ) ;
#9399 = CARTESIAN_POINT ( 'NONE',  ( -8.890000000000000600, 10.54099999808621400, 1.700000918000001700 ) ) ;
#9400 = ORIENTED_EDGE ( 'NONE', *, *, #9277, .T. ) ;
#9401 = PRESENTATION_LAYER_ASSIGNMENT (  '', '', ( #10095 ) ) ;
#9402 = EDGE_LOOP ( 'NONE', ( #12633, #1554, #1562, #396 ) ) ;
#9403 = CARTESIAN_POINT ( 'NONE',  ( -3.149999995800000500, 6.095800000000000600, 3.505199999999999900 ) ) ;
#9404 =( NAMED_UNIT ( * ) SI_UNIT ( $, .STERADIAN. ) SOLID_ANGLE_UNIT ( ) );
#9405 = EDGE_LOOP ( 'NONE', ( #7008, #10324, #9091, #4644 ) ) ;
#9406 = ORIENTED_EDGE ( 'NONE', *, *, #7564, .T. ) ;
#9407 = LINE ( 'NONE', #9729, #3529 ) ;
#9409 = SURFACE_STYLE_FILL_AREA ( #3204 ) ;
#9408 = CARTESIAN_POINT ( 'NONE',  ( -6.626043302000001100, 9.952328655000000500, 12.19200266147522500 ) ) ;
#9410 = EDGE_CURVE ( 'NONE', #12081, #10197, #4627, .T. ) ;
#9411 = ADVANCED_FACE ( 'NONE', ( #12224 ), #8531, .T. ) ;
#9412 = LINE ( 'NONE', #11538, #3868 ) ;
#9413 = AXIS2_PLACEMENT_3D ( 'NONE', #11170, #4960, #12188 ) ;
#9414 = ORIENTED_EDGE ( 'NONE', *, *, #9140, .T. ) ;
#9415 = DIRECTION ( 'NONE',  ( 0.03594029052531141900, 0.0000000000000000000, 0.9993539390611098100 ) ) ;
#9416 = DIRECTION ( 'NONE',  ( -0.0000000000000000000, -0.0000000000000000000, -1.000000000000000000 ) ) ;
#9417 = VERTEX_POINT ( 'NONE', #4918 ) ;
#9418 = VECTOR ( 'NONE', #12950, 1000.000000000000000 ) ;
#9419 = CARTESIAN_POINT ( 'NONE',  ( 8.890000000000000600, -0.7111962200000000500, -1.447800003633881400 ) ) ;
#9420 = FILL_AREA_STYLE ('',( #8358 ) ) ;
#9421 = MECHANICAL_DESIGN_GEOMETRIC_PRESENTATION_REPRESENTATION (  '', ( #7322 ), #10113 ) ;
#9422 = VECTOR ( 'NONE', #10162, 1000.000000000000000 ) ;
#9423 = COLOUR_RGB ( '',0.7490196078431372600, 1.000000000000000000, 1.000000000000000000 ) ;
#9424 = LINE ( 'NONE', #5658, #6632 ) ;
#9425 = VERTEX_POINT ( 'NONE', #12145 ) ;
#9426 = EDGE_LOOP ( 'NONE', ( #7633, #8228, #3705, #8223 ) ) ;
#9427 = COLOUR_RGB ( '',0.7490196078431372600, 1.000000000000000000, 1.000000000000000000 ) ;
#9428 = VECTOR ( 'NONE', #12940, 1000.000000000000000 ) ;
#9429 = SURFACE_STYLE_FILL_AREA ( #2997 ) ;
#9430 = CARTESIAN_POINT ( 'NONE',  ( -8.890000000000000600, 8.248718325999997000, 0.4651319110000000100 ) ) ;
#9431 =( NAMED_UNIT ( * ) PLANE_ANGLE_UNIT ( ) SI_UNIT ( $, .RADIAN. ) );
#9432 = PRESENTATION_LAYER_ASSIGNMENT (  '', '', ( #8030 ) ) ;
#9433 = VECTOR ( 'NONE', #2876, 1000.000000000000000 ) ;
#9434 = VERTEX_POINT ( 'NONE', #5965 ) ;
#9435 = CIRCLE ( 'NONE', #5285, 0.5000000159999995500 ) ;
#9436 = ADVANCED_FACE ( 'NONE', ( #5778 ), #7000, .F. ) ;
#9437 = FILL_AREA_STYLE ('',( #9808 ) ) ;
#9438 = VERTEX_POINT ( 'NONE', #3927 ) ;
#9439 = FILL_AREA_STYLE ('',( #9128 ) ) ;
#9440 = EDGE_LOOP ( 'NONE', ( #10629, #11009, #2346, #5083, #8441, #8193 ) ) ;
#9441 = DIRECTION ( 'NONE',  ( -0.0000000000000000000, -1.000000000000000000, -0.0000000000000000000 ) ) ;
#9442 = VECTOR ( 'NONE', #1206, 1000.000000000000000 ) ;
#9443 = DIRECTION ( 'NONE',  ( 0.0000000000000000000, 1.000000000000000000, 0.0000000000000000000 ) ) ;
#9444 = DIRECTION ( 'NONE',  ( 0.0000000000000000000, 0.0000000000000000000, -1.000000000000000000 ) ) ;
#9445 = SURFACE_STYLE_USAGE ( .BOTH. , #2159 ) ;
#9446 = FACE_OUTER_BOUND ( 'NONE', #6268, .T. ) ;
#9447 = VECTOR ( 'NONE', #2500, 1000.000000000000000 ) ;
#9448 = VERTEX_POINT ( 'NONE', #13208 ) ;
#9449 = CARTESIAN_POINT ( 'NONE',  ( -8.382000000000001400, 6.649992329499999000, 10.69260680150000200 ) ) ;
#9450 = STYLED_ITEM ( 'NONE', ( #6193 ), #5877 ) ;
#9451 = ORIENTED_EDGE ( 'NONE', *, *, #12462, .F. ) ;
#9452 = CIRCLE ( 'NONE', #4689, 0.1270000000000003900 ) ;
#9453 = PRESENTATION_STYLE_ASSIGNMENT (( #9643 ) ) ;
#9454 = VECTOR ( 'NONE', #10387, 1000.000000000000000 ) ;
#9455 = CARTESIAN_POINT ( 'NONE',  ( -8.382000000000001400, 2.758984659360600700, 10.55267244901297000 ) ) ;
#9456 = ORIENTED_EDGE ( 'NONE', *, *, #1609, .T. ) ;
#9457 = CARTESIAN_POINT ( 'NONE',  ( 7.264399999999999300, 0.0000000000000000000, -12.06500000000000100 ) ) ;
#9458 = SURFACE_STYLE_USAGE ( .BOTH. , #2173 ) ;
#9459 = UNCERTAINTY_MEASURE_WITH_UNIT (LENGTH_MEASURE( 1.000000000000000100E-005 ), #3542, 'distance_accuracy_value', 'NONE');
#9460 =( NAMED_UNIT ( * ) PLANE_ANGLE_UNIT ( ) SI_UNIT ( $, .RADIAN. ) );
#9462 = EDGE_CURVE ( 'NONE', #11713, #2978, #10328, .T. ) ;
#9461 = VECTOR ( 'NONE', #13248, 1000.000000000000000 ) ;
#9463 = CARTESIAN_POINT ( 'NONE',  ( 7.264400000000000200, -1.778000000000000200, 7.493000000000000300 ) ) ;
#9464 = CARTESIAN_POINT ( 'NONE',  ( 8.939999999999999500, -0.7111962200547381500, -0.8382000000000000600 ) ) ;
#9465 = EDGE_CURVE ( 'NONE', #8557, #6560, #4791, .T. ) ;
#9466 = FILL_AREA_STYLE ('',( #10603 ) ) ;
#9467 = DIRECTION ( 'NONE',  ( -1.000000000000000000, -0.0000000000000000000, -0.0000000000000000000 ) ) ;
#9468 = SURFACE_STYLE_FILL_AREA ( #3623 ) ;
#9469 =( NAMED_UNIT ( * ) PLANE_ANGLE_UNIT ( ) SI_UNIT ( $, .RADIAN. ) );
#9470 = ORIENTED_EDGE ( 'NONE', *, *, #12013, .T. ) ;
#9471 = ORIENTED_EDGE ( 'NONE', *, *, #2281, .T. ) ;
#9472 = LINE ( 'NONE', #12139, #6687 ) ;
#9473 = SURFACE_STYLE_FILL_AREA ( #8545 ) ;
#9474 = SURFACE_SIDE_STYLE ('',( #3711 ) ) ;
#9475 =( NAMED_UNIT ( * ) PLANE_ANGLE_UNIT ( ) SI_UNIT ( $, .RADIAN. ) );
#9476 = ADVANCED_FACE ( 'NONE', ( #535 ), #3966, .F. ) ;
#9477 = PLANE ( 'NONE',  #1914 ) ;
#9478 = MECHANICAL_DESIGN_GEOMETRIC_PRESENTATION_REPRESENTATION (  '', ( #8067 ), #10155 ) ;
#9479 = VERTEX_POINT ( 'NONE', #2939 ) ;
#9480 = CARTESIAN_POINT ( 'NONE',  ( 5.810727223000000700, 10.96964580000000200, 11.03698555000000100 ) ) ;
#9481 = AXIS2_PLACEMENT_3D ( 'NONE', #11852, #12283, #12561 ) ;
#9482 = ORIENTED_EDGE ( 'NONE', *, *, #2987, .T. ) ;
#9483 = CARTESIAN_POINT ( 'NONE',  ( 5.558199273532160600, 11.24761946629574200, 4.731681872276331200 ) ) ;
#9484 =( LENGTH_UNIT ( ) NAMED_UNIT ( * ) SI_UNIT ( .MILLI., .METRE. ) );
#9485 = CARTESIAN_POINT ( 'NONE',  ( 5.654237210500000700, -1.778000000000000200, -1.993840621500000200 ) ) ;
#9486 = EDGE_CURVE ( 'NONE', #9517, #3242, #1033, .T. ) ;
#9487 = DIRECTION ( 'NONE',  ( 1.000000000000000000, 1.707404996040165300E-015, 0.0000000000000000000 ) ) ;
#9488 = FILL_AREA_STYLE ('',( #8424 ) ) ;
#9489 = EDGE_CURVE ( 'NONE', #9155, #1191, #11734, .T. ) ;
#9490 = DIRECTION ( 'NONE',  ( 0.0000000000000000000, -1.000000000000000000, 0.0000000000000000000 ) ) ;
#9491 =( GEOMETRIC_REPRESENTATION_CONTEXT ( 3 ) GLOBAL_UNCERTAINTY_ASSIGNED_CONTEXT ( ( #819 ) ) GLOBAL_UNIT_ASSIGNED_CONTEXT ( ( #3084, #10342, #4125 ) ) REPRESENTATION_CONTEXT ( 'NONE', 'WORKASPACE' ) );
#9492 = COLOUR_RGB ( '',0.7490196078431372600, 1.000000000000000000, 1.000000000000000000 ) ;
#9493 = ADVANCED_FACE ( 'NONE', ( #9016, #3484 ), #896, .T. ) ;
#9494 = VERTEX_POINT ( 'NONE', #7141 ) ;
#9495 = AXIS2_PLACEMENT_3D ( 'NONE', #11976, #5808, #13013 ) ;
#9496 = MECHANICAL_DESIGN_GEOMETRIC_PRESENTATION_REPRESENTATION (  '', ( #7392 ), #10182 ) ;
#9497 = ADVANCED_FACE ( 'NONE', ( #4941 ), #8231, .T. ) ;
#9498 = MECHANICAL_DESIGN_GEOMETRIC_PRESENTATION_REPRESENTATION (  '', ( #7393 ), #10183 ) ;
#9499 =( NAMED_UNIT ( * ) PLANE_ANGLE_UNIT ( ) SI_UNIT ( $, .RADIAN. ) );
#9500 = CARTESIAN_POINT ( 'NONE',  ( 2.032000005700001800, 6.095800000000000600, 3.505199999999999900 ) ) ;
#9501 = STYLED_ITEM ( 'NONE', ( #2015 ), #12504 ) ;
#9502 = PLANE ( 'NONE',  #2367 ) ;
#9503 = EDGE_CURVE ( 'NONE', #6521, #4695, #9025, .T. ) ;
#9504 = VERTEX_POINT ( 'NONE', #2001 ) ;
#9505 = CARTESIAN_POINT ( 'NONE',  ( -1.270000000000000000, -1.778000000000000200, -7.935942080000001100 ) ) ;
#9506 =( NAMED_UNIT ( * ) PLANE_ANGLE_UNIT ( ) SI_UNIT ( $, .RADIAN. ) );
#9507 = CARTESIAN_POINT ( 'NONE',  ( -9.077991346196810700, 3.718044993892730700, 9.214648509385797900 ) ) ;
#9508 = ORIENTED_EDGE ( 'NONE', *, *, #3625, .T. ) ;
#9509 = SURFACE_STYLE_FILL_AREA ( #4190 ) ;
#9510 = CARTESIAN_POINT ( 'NONE',  ( 6.683952443999881000, 8.742905755999999000, 12.47422630100000000 ) ) ;
#9511 =( NAMED_UNIT ( * ) PLANE_ANGLE_UNIT ( ) SI_UNIT ( $, .RADIAN. ) );
#9512 = SURFACE_STYLE_FILL_AREA ( #6679 ) ;
#9513 = DIRECTION ( 'NONE',  ( 1.000000000000000000, 0.0000000000000000000, 0.0000000000000000000 ) ) ;
#9514 = CARTESIAN_POINT ( 'NONE',  ( -4.917327025000000500, -0.8890000000000001200, -2.756429474999999600 ) ) ;
#9515 = ORIENTED_EDGE ( 'NONE', *, *, #4566, .F. ) ;
#9516 = CARTESIAN_POINT ( 'NONE',  ( -8.890000000000002300, 10.54099999999999900, 8.271012280999999100 ) ) ;
#9517 = VERTEX_POINT ( 'NONE', #12402 ) ;
#9518 = FILL_AREA_STYLE_COLOUR ( '', #6346 ) ;
#9519 = ORIENTED_EDGE ( 'NONE', *, *, #10596, .F. ) ;
#9520 = DIRECTION ( 'NONE',  ( -1.000000000000000000, 0.0000000000000000000, 0.0000000000000000000 ) ) ;
#9521 = SURFACE_STYLE_FILL_AREA ( #5170 ) ;
#9522 = SURFACE_SIDE_STYLE ('',( #4371 ) ) ;
#9523 = CARTESIAN_POINT ( 'NONE',  ( 4.027795056261572500, 11.04899999999999900, 3.784029870157944200 ) ) ;
#9524 = FILL_AREA_STYLE ('',( #7426 ) ) ;
#9525 = VERTEX_POINT ( 'NONE', #2041 ) ;
#9526 = PRESENTATION_LAYER_ASSIGNMENT (  '', '', ( #6718 ) ) ;
#9527 = ORIENTED_EDGE ( 'NONE', *, *, #5102, .F. ) ;
#9528 = SURFACE_SIDE_STYLE ('',( #10528 ) ) ;
#9529 = ORIENTED_EDGE ( 'NONE', *, *, #10337, .F. ) ;
#9530 = DIRECTION ( 'NONE',  ( 1.000000000000000000, -0.0000000000000000000, -0.0000000000000000000 ) ) ;
#9531 = PLANE ( 'NONE',  #5217 ) ;
#9532 = FILL_AREA_STYLE_COLOUR ( '', #5474 ) ;
#9533 =( NAMED_UNIT ( * ) SI_UNIT ( $, .STERADIAN. ) SOLID_ANGLE_UNIT ( ) );
#9534 = PRESENTATION_STYLE_ASSIGNMENT (( #12827 ) ) ;
#9535 = PLANE ( 'NONE',  #7239 ) ;
#9536 = ORIENTED_EDGE ( 'NONE', *, *, #696, .T. ) ;
#9537 = VERTEX_POINT ( 'NONE', #1 ) ;
#9538 = DIRECTION ( 'NONE',  ( 0.0000000000000000000, 0.7071067811865473500, -0.7071067811865477900 ) ) ;
#9539 = DIRECTION ( 'NONE',  ( 1.000000000000000000, -0.0000000000000000000, -0.0000000000000000000 ) ) ;
#9540 = EDGE_CURVE ( 'NONE', #7073, #12933, #3972, .T. ) ;
#9541 =( LENGTH_UNIT ( ) NAMED_UNIT ( * ) SI_UNIT ( .MILLI., .METRE. ) );
#9542 = ORIENTED_EDGE ( 'NONE', *, *, #8737, .T. ) ;
#9543 =( NAMED_UNIT ( * ) SI_UNIT ( $, .STERADIAN. ) SOLID_ANGLE_UNIT ( ) );
#9544 = EDGE_CURVE ( 'NONE', #9677, #10498, #6723, .T. ) ;
#9545 = ORIENTED_EDGE ( 'NONE', *, *, #5019, .T. ) ;
#9546 = CARTESIAN_POINT ( 'NONE',  ( 4.917327025000000500, -0.8890000000000001200, -2.756429474999999600 ) ) ;
#9547 =( NAMED_UNIT ( * ) PLANE_ANGLE_UNIT ( ) SI_UNIT ( $, .RADIAN. ) );
#9548 = VECTOR ( 'NONE', #3086, 1000.000000000000100 ) ;
#9549 = VERTEX_POINT ( 'NONE', #11423 ) ;
#9550 = EDGE_LOOP ( 'NONE', ( #11064, #12097, #771, #3665 ) ) ;
#9551 = CARTESIAN_POINT ( 'NONE',  ( 6.684242382000025600, 7.530902241896147800, 12.19470501250357600 ) ) ;
#9552 =( GEOMETRIC_REPRESENTATION_CONTEXT ( 3 ) GLOBAL_UNCERTAINTY_ASSIGNED_CONTEXT ( ( #5288 ) ) GLOBAL_UNIT_ASSIGNED_CONTEXT ( ( #7805, #642, #7714 ) ) REPRESENTATION_CONTEXT ( 'NONE', 'WORKASPACE' ) );
#9553 = CARTESIAN_POINT ( 'NONE',  ( 4.496466545988196700, 11.08582716800000000, 4.905350693000001700 ) ) ;
#9554 = ADVANCED_FACE ( 'NONE', ( #9174, #12213 ), #1037, .F. ) ;
#9555 = LINE ( 'NONE', #2485, #12254 ) ;
#9556 = AXIS2_PLACEMENT_3D ( 'NONE', #7489, #6436, #7347 ) ;
#9557 = ORIENTED_EDGE ( 'NONE', *, *, #3341, .T. ) ;
#9558 = VERTEX_POINT ( 'NONE', #5242 ) ;
#9559 = AXIS2_PLACEMENT_3D ( 'NONE', #11159, #4950, #12180 ) ;
#9560 = CARTESIAN_POINT ( 'NONE',  ( 8.635999999999999200, 8.248718325491999800, -2.335149767080005200 ) ) ;
#9561 = FILL_AREA_STYLE_COLOUR ( '', #6944 ) ;
#9562 = VECTOR ( 'NONE', #1375, 1000.000000000000100 ) ;
#9563 = EDGE_CURVE ( 'NONE', #1849, #13030, #8195, .T. ) ;
#9564 = UNCERTAINTY_MEASURE_WITH_UNIT (LENGTH_MEASURE( 1.000000000000000100E-005 ), #5547, 'distance_accuracy_value', 'NONE');
#9565 = ORIENTED_EDGE ( 'NONE', *, *, #4309, .T. ) ;
#9566 = DIRECTION ( 'NONE',  ( 0.0000000000000000000, 0.0000000000000000000, 1.000000000000000000 ) ) ;
#9567 = PRESENTATION_LAYER_ASSIGNMENT (  '', '', ( #8164 ) ) ;
#9568 = EDGE_LOOP ( 'NONE', ( #2205, #2631, #129, #8256, #232, #3920, #5104, #6811 ) ) ;
#9569 = FACE_OUTER_BOUND ( 'NONE', #5708, .T. ) ;
#9570 = VERTEX_POINT ( 'NONE', #6312 ) ;
#9571 = DIRECTION ( 'NONE',  ( 0.0000000000000000000, -0.7071067811865477900, -0.7071067811865473500 ) ) ;
#9572 = SURFACE_STYLE_USAGE ( .BOTH. , #2300 ) ;
#9573 = VECTOR ( 'NONE', #11726, 1000.000000000000000 ) ;
#9574 = MECHANICAL_DESIGN_GEOMETRIC_PRESENTATION_REPRESENTATION (  '', ( #8171 ), #10272 ) ;
#9575 = SURFACE_SIDE_STYLE ('',( #1240 ) ) ;
#9576 = LINE ( 'NONE', #5037, #1594 ) ;
#9577 = COLOUR_RGB ( '',0.7529411764705882200, 1.000000000000000000, 1.000000000000000000 ) ;
#9578 =( NAMED_UNIT ( * ) SI_UNIT ( $, .STERADIAN. ) SOLID_ANGLE_UNIT ( ) );
#9579 = LINE ( 'NONE', #79, #4050 ) ;
#9581 = AXIS2_PLACEMENT_3D ( 'NONE', #2912, #2860, #2784 ) ;
#9580 = DIRECTION ( 'NONE',  ( -1.000000000000000000, 0.0000000000000000000, 0.0000000000000000000 ) ) ;
#9582 = VECTOR ( 'NONE', #1542, 1000.000000000000000 ) ;
#9583 = STYLED_ITEM ( 'NONE', ( #12639 ), #7838 ) ;
#9584 = FILL_AREA_STYLE ('',( #6707 ) ) ;
#9585 = ORIENTED_EDGE ( 'NONE', *, *, #6238, .T. ) ;
#9586 = VERTEX_POINT ( 'NONE', #11471 ) ;
#9587 = AXIS2_PLACEMENT_3D ( 'NONE', #4619, #11850, #5685 ) ;
#9588 = DIRECTION ( 'NONE',  ( 1.000000000000000000, 0.0000000000000000000, 0.0000000000000000000 ) ) ;
#9589 = LINE ( 'NONE', #1886, #1601 ) ;
#9590 = EDGE_CURVE ( 'NONE', #4609, #7777, #5441, .T. ) ;
#9591 = ORIENTED_EDGE ( 'NONE', *, *, #1364, .F. ) ;
#9592 = VECTOR ( 'NONE', #9085, 1000.000000000000000 ) ;
#9593 = VECTOR ( 'NONE', #7557, 1000.000000000000000 ) ;
#9594 = PRESENTATION_LAYER_ASSIGNMENT (  '', '', ( #8182 ) ) ;
#9595 = SURFACE_STYLE_FILL_AREA ( #4871 ) ;
#9596 = CARTESIAN_POINT ( 'NONE',  ( 8.635999999999999200, 7.948998325999999900, -8.964998325999999900 ) ) ;
#9597 = CARTESIAN_POINT ( 'NONE',  ( 5.949999998704999600, 1.345799999755499900, 12.06500000000000000 ) ) ;
#9598 = LINE ( 'NONE', #12027, #11969 ) ;
#9599 = VERTEX_POINT ( 'NONE', #8411 ) ;
#9600 = DIRECTION ( 'NONE',  ( 1.000000000000000000, 0.0000000000000000000, 0.0000000000000000000 ) ) ;
#9601 = CARTESIAN_POINT ( 'NONE',  ( -4.825999999999999600, -1.778000000000000200, -7.924799999999999400 ) ) ;
#9602 = UNCERTAINTY_MEASURE_WITH_UNIT (LENGTH_MEASURE( 1.000000000000000100E-005 ), #6429, 'distance_accuracy_value', 'NONE');
#9603 = ORIENTED_EDGE ( 'NONE', *, *, #13224, .F. ) ;
#9604 = LINE ( 'NONE', #10734, #4070 ) ;
#9605 = DIRECTION ( 'NONE',  ( 0.0000000000000000000, 1.000000000000000000, 0.0000000000000000000 ) ) ;
#9606 = SURFACE_STYLE_USAGE ( .BOTH. , #2319 ) ;
#9607 = DIRECTION ( 'NONE',  ( 1.000000000000000000, -0.0000000000000000000, -0.0000000000000000000 ) ) ;
#9608 = VECTOR ( 'NONE', #1534, 1000.000000000000000 ) ;
#9609 = COLOUR_RGB ( '',0.7490196078431372600, 1.000000000000000000, 1.000000000000000000 ) ;
#9610 = MECHANICAL_DESIGN_GEOMETRIC_PRESENTATION_REPRESENTATION (  '', ( #8189 ), #10295 ) ;
#9611 =( GEOMETRIC_REPRESENTATION_CONTEXT ( 3 ) GLOBAL_UNCERTAINTY_ASSIGNED_CONTEXT ( ( #11945 ) ) GLOBAL_UNIT_ASSIGNED_CONTEXT ( ( #2174, #9460, #3230 ) ) REPRESENTATION_CONTEXT ( 'NONE', 'WORKASPACE' ) );
#9613 = LINE ( 'NONE', #11660, #6820 ) ;
#9612 = PLANE ( 'NONE',  #10379 ) ;
#9614 = VECTOR ( 'NONE', #5106, 1000.000000000000000 ) ;
#9615 = ORIENTED_EDGE ( 'NONE', *, *, #7137, .T. ) ;
#9616 = STYLED_ITEM ( 'NONE', ( #106 ), #13319 ) ;
#9617 = ORIENTED_EDGE ( 'NONE', *, *, #7357, .F. ) ;
#9618 = FILL_AREA_STYLE_COLOUR ( '', #5661 ) ;
#9619 =( NAMED_UNIT ( * ) SI_UNIT ( $, .STERADIAN. ) SOLID_ANGLE_UNIT ( ) );
#9620 = PRESENTATION_LAYER_ASSIGNMENT (  '', '', ( #8203 ) ) ;
#9621 = COLOUR_RGB ( '',0.7490196078431372600, 1.000000000000000000, 1.000000000000000000 ) ;
#9622 = DIRECTION ( 'NONE',  ( -0.0000000000000000000, -1.000000000000000000, -0.0000000000000000000 ) ) ;
#9623 = LINE ( 'NONE', #2579, #11677 ) ;
#9624 =( NAMED_UNIT ( * ) SI_UNIT ( $, .STERADIAN. ) SOLID_ANGLE_UNIT ( ) );
#9625 = VERTEX_POINT ( 'NONE', #1124 ) ;
#9626 = LINE ( 'NONE', #2086, #3759 ) ;
#9627 = MECHANICAL_DESIGN_GEOMETRIC_PRESENTATION_REPRESENTATION (  '', ( #8209 ), #10314 ) ;
#9628 = CARTESIAN_POINT ( 'NONE',  ( -8.635999999999999200, 2.550001377000000500, -10.46499913600000100 ) ) ;
#9629 = ORIENTED_EDGE ( 'NONE', *, *, #12623, .T. ) ;
#9630 = SURFACE_SIDE_STYLE ('',( #7479 ) ) ;
#9631 =( NAMED_UNIT ( * ) SI_UNIT ( $, .STERADIAN. ) SOLID_ANGLE_UNIT ( ) );
#9632 = VECTOR ( 'NONE', #10454, 1000.000000000000000 ) ;
#9633 = SURFACE_SIDE_STYLE ('',( #4169 ) ) ;
#9634 = ADVANCED_FACE ( 'NONE', ( #2685 ), #3243, .F. ) ;
#9635 = EDGE_LOOP ( 'NONE', ( #6552, #951, #10434, #855 ) ) ;
#9636 = EDGE_CURVE ( 'NONE', #4782, #13370, #4135, .T. ) ;
#9637 = UNCERTAINTY_MEASURE_WITH_UNIT (LENGTH_MEASURE( 1.000000000000000100E-005 ), #5738, 'distance_accuracy_value', 'NONE');
#9638 = LINE ( 'NONE', #7783, #4106 ) ;
#9639 = VECTOR ( 'NONE', #565, 1000.000000000000000 ) ;
#9640 = CARTESIAN_POINT ( 'NONE',  ( 5.725692432055042000, 13.30323832168070600, 9.336896046288364600 ) ) ;
#9641 = CARTESIAN_POINT ( 'NONE',  ( -8.762999999999999900, 10.04879397399999900, -5.381387436999999900 ) ) ;
#9642 = CARTESIAN_POINT ( 'NONE',  ( 8.890000000000000600, 4.436602109999999000, -8.664998163999998200 ) ) ;
#9643 = SURFACE_STYLE_USAGE ( .BOTH. , #2357 ) ;
#9644 =( LENGTH_UNIT ( ) NAMED_UNIT ( * ) SI_UNIT ( .MILLI., .METRE. ) );
#9645 = FILL_AREA_STYLE_COLOUR ( '', #10573 ) ;
#9646 = SURFACE_STYLE_USAGE ( .BOTH. , #2360 ) ;
#9647 = VECTOR ( 'NONE', #1394, 1000.000000000000000 ) ;
#9648 = EDGE_CURVE ( 'NONE', #12969, #7957, #6886, .T. ) ;
#9649 = LINE ( 'NONE', #10014, #6536 ) ;
#9650 = CARTESIAN_POINT ( 'NONE',  ( -9.016999999999999500, 9.102793326000000500, -5.181387328999999700 ) ) ;
#9651 = SURFACE_STYLE_USAGE ( .BOTH. , #2365 ) ;
#9652 = EDGE_CURVE ( 'NONE', #5348, #4282, #12369, .T. ) ;
#9653 =( NAMED_UNIT ( * ) SI_UNIT ( $, .STERADIAN. ) SOLID_ANGLE_UNIT ( ) );
#9654 = PLANE ( 'NONE',  #12197 ) ;
#9655 = EDGE_CURVE ( 'NONE', #2705, #4661, #1352, .T. ) ;
#9656 = COLOUR_RGB ( '',0.7490196078431372600, 1.000000000000000000, 1.000000000000000000 ) ;
#9657 = ORIENTED_EDGE ( 'NONE', *, *, #5791, .T. ) ;
#9658 = ORIENTED_EDGE ( 'NONE', *, *, #6951, .F. ) ;
#9659 = CARTESIAN_POINT ( 'NONE',  ( 7.772400000000000200, -1.778000000000000200, 7.747000000000000800 ) ) ;
#9660 =( NAMED_UNIT ( * ) SI_UNIT ( $, .STERADIAN. ) SOLID_ANGLE_UNIT ( ) );
#9661 = CARTESIAN_POINT ( 'NONE',  ( 9.016999999999999500, 1.750000945000000000, -9.991998812000000300 ) ) ;
#9662 = VECTOR ( 'NONE', #11860, 1000.000000000000000 ) ;
#9663 = AXIS2_PLACEMENT_3D ( 'NONE', #53, #7346, #1094 ) ;
#9664 =( NAMED_UNIT ( * ) PLANE_ANGLE_UNIT ( ) SI_UNIT ( $, .RADIAN. ) );
#9665 = AXIS2_PLACEMENT_3D ( 'NONE', #360, #284, #86 ) ;
#9666 =( BOUNDED_CURVE ( )  B_SPLINE_CURVE ( 3, ( #25, #5232, #6250, #7316 ),
 .UNSPECIFIED., .F., .F. ) 
 B_SPLINE_CURVE_WITH_KNOTS ( ( 4, 4 ),
 ( 0.7877522412499954300, 2.391583288149691900 ),
 .UNSPECIFIED. ) 
 CURVE ( )  GEOMETRIC_REPRESENTATION_ITEM ( )  RATIONAL_B_SPLINE_CURVE ( ( 1.000000000000000000, 0.7968875463901726700, 0.7968875463901726700, 1.000000000000000000 ) ) 
 REPRESENTATION_ITEM ( '' )  );
#9667 =( GEOMETRIC_REPRESENTATION_CONTEXT ( 3 ) GLOBAL_UNCERTAINTY_ASSIGNED_CONTEXT ( ( #11078 ) ) GLOBAL_UNIT_ASSIGNED_CONTEXT ( ( #11602, #5429, #12636 ) ) REPRESENTATION_CONTEXT ( 'NONE', 'WORKASPACE' ) );
#9668 =( NAMED_UNIT ( * ) PLANE_ANGLE_UNIT ( ) SI_UNIT ( $, .RADIAN. ) );
#9669 = DIRECTION ( 'NONE',  ( 0.0000000000000000000, 0.0000000000000000000, 1.000000000000000000 ) ) ;
#9670 = DIRECTION ( 'NONE',  ( 1.000000000000000000, 0.0000000000000000000, 0.0000000000000000000 ) ) ;
#9671 = VERTEX_POINT ( 'NONE', #10608 ) ;
#9672 = EDGE_LOOP ( 'NONE', ( #588, #6678, #7950, #3349 ) ) ;
#9673 = FILL_AREA_STYLE_COLOUR ( '', #10364 ) ;
#9674 = PLANE ( 'NONE',  #11729 ) ;
#9675 = LINE ( 'NONE', #2228, #9348 ) ;
#9676 = CARTESIAN_POINT ( 'NONE',  ( -5.804110354999999700, 11.09975098462465600, 11.22993964472528600 ) ) ;
#9677 = VERTEX_POINT ( 'NONE', #3324 ) ;
#9678 =( GEOMETRIC_REPRESENTATION_CONTEXT ( 3 ) GLOBAL_UNCERTAINTY_ASSIGNED_CONTEXT ( ( #10750 ) ) GLOBAL_UNIT_ASSIGNED_CONTEXT ( ( #13004, #6830, #579 ) ) REPRESENTATION_CONTEXT ( 'NONE', 'WORKASPACE' ) );
#9679 = CARTESIAN_POINT ( 'NONE',  ( 8.826499999999999300, 9.229793325791613200, -5.181387328999999700 ) ) ;
#9680 = VECTOR ( 'NONE', #5377, 1000.000000000000000 ) ;
#9681 = VECTOR ( 'NONE', #4120, 1000.000000000000000 ) ;
#9682 = DIRECTION ( 'NONE',  ( -0.0000000000000000000, 0.7981611598335960300, -0.6024439915320665100 ) ) ;
#9683 = VERTEX_POINT ( 'NONE', #4367 ) ;
#9684 = AXIS2_PLACEMENT_3D ( 'NONE', #13222, #13421, #12790 ) ;
#9685 = ORIENTED_EDGE ( 'NONE', *, *, #17, .T. ) ;
#9686 =( LENGTH_UNIT ( ) NAMED_UNIT ( * ) SI_UNIT ( .MILLI., .METRE. ) );
#9687 = FILL_AREA_STYLE_COLOUR ( '', #4837 ) ;
#9688 = CARTESIAN_POINT ( 'NONE',  ( -6.096000000000000100, -1.778000000000000200, -10.46480000000000000 ) ) ;
#9689 = DIRECTION ( 'NONE',  ( 1.000000000000000000, 0.0000000000000000000, 0.0000000000000000000 ) ) ;
#9690 = DIRECTION ( 'NONE',  ( 1.000000000000000000, 0.0000000000000000000, 0.0000000000000000000 ) ) ;
#9691 = STYLED_ITEM ( 'NONE', ( #7369 ), #12828 ) ;
#9692 = PLANE ( 'NONE',  #5593 ) ;
#9693 = DIRECTION ( 'NONE',  ( 0.0000000000000000000, 1.000000000000000000, 0.0000000000000000000 ) ) ;
#9694 = VERTEX_POINT ( 'NONE', #1221 ) ;
#9695 = CARTESIAN_POINT ( 'NONE',  ( 7.264400000000000200, -1.778000000000000200, 4.953000000000001200 ) ) ;
#9696 =( NAMED_UNIT ( * ) PLANE_ANGLE_UNIT ( ) SI_UNIT ( $, .RADIAN. ) );
#9697 = SURFACE_STYLE_USAGE ( .BOTH. , #2417 ) ;
#9698 = UNCERTAINTY_MEASURE_WITH_UNIT (LENGTH_MEASURE( 1.000000000000000100E-005 ), #10175, 'distance_accuracy_value', 'NONE');
#9699 = SURFACE_STYLE_USAGE ( .BOTH. , #9728 ) ;
#9700 = ORIENTED_EDGE ( 'NONE', *, *, #4476, .F. ) ;
#9701 = DIRECTION ( 'NONE',  ( -0.0000000000000000000, -1.000000000000000000, -0.0000000000000000000 ) ) ;
#9702 = CARTESIAN_POINT ( 'NONE',  ( -11.03686102020529000, 8.422408044669662500, 10.23439563555629000 ) ) ;
#9703 = ADVANCED_FACE ( 'NONE', ( #6228 ), #5426, .F. ) ;
#9704 = COLOUR_RGB ( '',0.7529411764705882200, 1.000000000000000000, 1.000000000000000000 ) ;
#9705 = SURFACE_STYLE_FILL_AREA ( #4746 ) ;
#9706 =( GEOMETRIC_REPRESENTATION_CONTEXT ( 3 ) GLOBAL_UNCERTAINTY_ASSIGNED_CONTEXT ( ( #12112 ) ) GLOBAL_UNIT_ASSIGNED_CONTEXT ( ( #1374, #8656, #2445 ) ) REPRESENTATION_CONTEXT ( 'NONE', 'WORKASPACE' ) );
#9707 =( NAMED_UNIT ( * ) SI_UNIT ( $, .STERADIAN. ) SOLID_ANGLE_UNIT ( ) );
#9708 = VERTEX_POINT ( 'NONE', #12581 ) ;
#9709 = CARTESIAN_POINT ( 'NONE',  ( 8.715588148000000100, 9.954909269380458200, 12.19470501285598900 ) ) ;
#9710 = ORIENTED_EDGE ( 'NONE', *, *, #7309, .T. ) ;
#9711 = SURFACE_STYLE_USAGE ( .BOTH. , #2435 ) ;
#9712 = UNCERTAINTY_MEASURE_WITH_UNIT (LENGTH_MEASURE( 1.000000000000000100E-005 ), #6939, 'distance_accuracy_value', 'NONE');
#9713 = LINE ( 'NONE', #6464, #12401 ) ;
#9714 = CARTESIAN_POINT ( 'NONE',  ( 7.772400000000000200, 0.0000000000000000000, 8.000999999999999400 ) ) ;
#9715 = PLANE ( 'NONE',  #8904 ) ;
#9716 = AXIS2_PLACEMENT_3D ( 'NONE', #6988, #743, #8041 ) ;
#9717 = CARTESIAN_POINT ( 'NONE',  ( 8.762999999999999900, 10.04879397399999900, -3.781386573000000300 ) ) ;
#9718 = ORIENTED_EDGE ( 'NONE', *, *, #11504, .T. ) ;
#9719 = DIRECTION ( 'NONE',  ( 0.0000000000000000000, 0.0000000000000000000, 1.000000000000000000 ) ) ;
#9720 = ORIENTED_EDGE ( 'NONE', *, *, #8392, .T. ) ;
#9721 =( LENGTH_UNIT ( ) NAMED_UNIT ( * ) SI_UNIT ( .MILLI., .METRE. ) );
#9722 = ORIENTED_EDGE ( 'NONE', *, *, #913, .T. ) ;
#9723 = PRESENTATION_STYLE_ASSIGNMENT (( #11094 ) ) ;
#9724 = DIRECTION ( 'NONE',  ( 0.0000000000000000000, 0.0000000000000000000, 1.000000000000000000 ) ) ;
#9725 = PRESENTATION_STYLE_ASSIGNMENT (( #8492 ) ) ;
#9726 = EDGE_CURVE ( 'NONE', #3387, #5289, #10809, .T. ) ;
#9727 = STYLED_ITEM ( 'NONE', ( #9725 ), #12074 ) ;
#9728 = SURFACE_SIDE_STYLE ('',( #9409 ) ) ;
#9729 = CARTESIAN_POINT ( 'NONE',  ( -7.264400000000000200, -0.8890000000000001200, 2.920999999999999800 ) ) ;
#9730 = LINE ( 'NONE', #9485, #1740 ) ;
#9731 = EDGE_CURVE ( 'NONE', #7076, #8841, #8032, .T. ) ;
#9732 =( NAMED_UNIT ( * ) PLANE_ANGLE_UNIT ( ) SI_UNIT ( $, .RADIAN. ) );
#9733 = ORIENTED_EDGE ( 'NONE', *, *, #10893, .F. ) ;
#9734 = DIRECTION ( 'NONE',  ( 0.0000000000000000000, 0.0000000000000000000, 1.000000000000000000 ) ) ;
#9735 = CARTESIAN_POINT ( 'NONE',  ( -9.080599713000001600, 10.39713725900000300, 9.556783912500000300 ) ) ;
#9736 = CARTESIAN_POINT ( 'NONE',  ( 7.264400000000000200, -1.778000000000000200, 5.207000000000000700 ) ) ;
#9737 = FACE_OUTER_BOUND ( 'NONE', #9065, .T. ) ;
#9738 = ORIENTED_EDGE ( 'NONE', *, *, #6931, .T. ) ;
#9739 = LINE ( 'NONE', #10302, #6612 ) ;
#9740 = SURFACE_SIDE_STYLE ('',( #6178 ) ) ;
#9741 = FILL_AREA_STYLE_COLOUR ( '', #3043 ) ;
#9742 = SURFACE_STYLE_FILL_AREA ( #2290 ) ;
#9743 = CARTESIAN_POINT ( 'NONE',  ( -5.530603067000000400, 11.04899999999999900, 3.301999996825000200 ) ) ;
#9744 =( NAMED_UNIT ( * ) SI_UNIT ( $, .STERADIAN. ) SOLID_ANGLE_UNIT ( ) );
#9745 = STYLED_ITEM ( 'NONE', ( #4206 ), #3106 ) ;
#9746 = ORIENTED_EDGE ( 'NONE', *, *, #2585, .T. ) ;
#9747 = MECHANICAL_DESIGN_GEOMETRIC_PRESENTATION_REPRESENTATION (  '', ( #8332 ), #10433 ) ;
#9748 = COLOUR_RGB ( '',0.7490196078431372600, 1.000000000000000000, 1.000000000000000000 ) ;
#9749 = CARTESIAN_POINT ( 'NONE',  ( -4.254710354999999400, 11.04563829312290000, 11.56604519000000100 ) ) ;
#9750 = ORIENTED_EDGE ( 'NONE', *, *, #2609, .F. ) ;
#9751 = DIRECTION ( 'NONE',  ( -0.0000000000000000000, -0.0000000000000000000, 1.000000000000000000 ) ) ;
#9752 = DIRECTION ( 'NONE',  ( 0.0000000000000000000, 0.0000000000000000000, -1.000000000000000000 ) ) ;
#9753 = VECTOR ( 'NONE', #5537, 1000.000000000000000 ) ;
#9754 = EDGE_CURVE ( 'NONE', #9694, #7926, #2838, .T. ) ;
#9755 = LINE ( 'NONE', #13205, #1431 ) ;
#9756 = EDGE_CURVE ( 'NONE', #6521, #410, #5261, .T. ) ;
#9757 = DIRECTION ( 'NONE',  ( -1.000000000000000000, -0.0000000000000000000, -0.0000000000000000000 ) ) ;
#9758 = PRESENTATION_LAYER_ASSIGNMENT (  '', '', ( #8342 ) ) ;
#9759 = SURFACE_STYLE_FILL_AREA ( #7788 ) ;
#9760 = ORIENTED_EDGE ( 'NONE', *, *, #6338, .F. ) ;
#9761 =( LENGTH_UNIT ( ) NAMED_UNIT ( * ) SI_UNIT ( .MILLI., .METRE. ) );
#9762 = CARTESIAN_POINT ( 'NONE',  ( 4.317999999999999600, -0.8890000000000001200, -10.46480000000000000 ) ) ;
#9763 = LINE ( 'NONE', #9868, #12125 ) ;
#9765 = FILL_AREA_STYLE ('',( #8921 ) ) ;
#9764 = LINE ( 'NONE', #8995, #6965 ) ;
#9766 = LINE ( 'NONE', #2952, #12129 ) ;
#9767 = SURFACE_STYLE_USAGE ( .BOTH. , #2487 ) ;
#9768 = DIRECTION ( 'NONE',  ( 0.0000000000000000000, 0.0000000000000000000, 1.000000000000000000 ) ) ;
#9769 = SURFACE_STYLE_FILL_AREA ( #6868 ) ;
#9770 = SURFACE_STYLE_FILL_AREA ( #213 ) ;
#9772 = MECHANICAL_DESIGN_GEOMETRIC_PRESENTATION_REPRESENTATION (  '', ( #8348 ), #10451 ) ;
#9771 = FILL_AREA_STYLE_COLOUR ( '', #12236 ) ;
#9773 = ORIENTED_EDGE ( 'NONE', *, *, #3454, .F. ) ;
#9774 = ADVANCED_FACE ( 'NONE', ( #2170 ), #2372, .F. ) ;
#9775 = PRESENTATION_LAYER_ASSIGNMENT (  '', '', ( #9045 ) ) ;
#9776 = FACE_OUTER_BOUND ( 'NONE', #10358, .T. ) ;
#9777 = APPLICATION_CONTEXT ( 'automotive_design' ) ;
#9778 = EDGE_CURVE ( 'NONE', #9438, #262, #12555, .T. ) ;
#9779 = UNCERTAINTY_MEASURE_WITH_UNIT (LENGTH_MEASURE( 1.000000000000000100E-005 ), #4692, 'distance_accuracy_value', 'NONE');
#9780 = VERTEX_POINT ( 'NONE', #12634 ) ;
#9781 = LINE ( 'NONE', #1161, #6983 ) ;
#9782 = PRESENTATION_LAYER_ASSIGNMENT (  '', '', ( #9055 ) ) ;
#9783 = COLOUR_RGB ( '',0.7490196078431372600, 1.000000000000000000, 1.000000000000000000 ) ;
#9784 =( LENGTH_UNIT ( ) NAMED_UNIT ( * ) SI_UNIT ( .MILLI., .METRE. ) );
#9785 = CARTESIAN_POINT ( 'NONE',  ( 8.635999999999999200, 7.948998325999999900, -8.664998163999998200 ) ) ;
#9786 =( NAMED_UNIT ( * ) SI_UNIT ( $, .STERADIAN. ) SOLID_ANGLE_UNIT ( ) );
#9787 = LINE ( 'NONE', #9106, #12470 ) ;
#9788 = SURFACE_STYLE_USAGE ( .BOTH. , #2498 ) ;
#9789 = VERTEX_POINT ( 'NONE', #9749 ) ;
#9790 =( NAMED_UNIT ( * ) SI_UNIT ( $, .STERADIAN. ) SOLID_ANGLE_UNIT ( ) );
#9791 = DIRECTION ( 'NONE',  ( 0.0000000000000000000, 0.0000000000000000000, -1.000000000000000000 ) ) ;
#9792 = DIRECTION ( 'NONE',  ( -1.000000000000000000, 0.0000000000000000000, 0.0000000000000000000 ) ) ;
#9793 = PLANE ( 'NONE',  #5984 ) ;
#9794 = SURFACE_STYLE_USAGE ( .BOTH. , #2502 ) ;
#9795 = AXIS2_PLACEMENT_3D ( 'NONE', #1623, #8891, #2687 ) ;
#9796 = ORIENTED_EDGE ( 'NONE', *, *, #6735, .T. ) ;
#9797 = FILL_AREA_STYLE_COLOUR ( '', #4839 ) ;
#9798 = CARTESIAN_POINT ( 'NONE',  ( 8.970000965915142300, 10.26972777555447000, 8.814624416000002700 ) ) ;
#9799 = LINE ( 'NONE', #192, #1474 ) ;
#9800 = ORIENTED_EDGE ( 'NONE', *, *, #11918, .F. ) ;
#9801 = PRESENTATION_STYLE_ASSIGNMENT (( #1816 ) ) ;
#9802 = VECTOR ( 'NONE', #12214, 1000.000000000000000 ) ;
#9803 = SURFACE_STYLE_USAGE ( .BOTH. , #2511 ) ;
#9804 = DIRECTION ( 'NONE',  ( 0.0000000000000000000, 0.0000000000000000000, -1.000000000000000000 ) ) ;
#9805 =( NAMED_UNIT ( * ) PLANE_ANGLE_UNIT ( ) SI_UNIT ( $, .RADIAN. ) );
#9806 = PRESENTATION_LAYER_ASSIGNMENT (  '', '', ( #8376 ) ) ;
#9807 = VERTEX_POINT ( 'NONE', #12767 ) ;
#9808 = FILL_AREA_STYLE_COLOUR ( '', #2848 ) ;
#9809 = SURFACE_STYLE_USAGE ( .BOTH. , #2522 ) ;
#9810 = PLANE ( 'NONE',  #3098 ) ;
#9811 = LINE ( 'NONE', #6659, #2813 ) ;
#9812 = FACE_OUTER_BOUND ( 'NONE', #1309, .T. ) ;
#9813 = ORIENTED_EDGE ( 'NONE', *, *, #8341, .F. ) ;
#9814 = ORIENTED_EDGE ( 'NONE', *, *, #2250, .T. ) ;
#9815 = COLOUR_RGB ( '',0.7490196078431372600, 1.000000000000000000, 1.000000000000000000 ) ;
#9816 = FILL_AREA_STYLE_COLOUR ( '', #4193 ) ;
#9817 = FILL_AREA_STYLE_COLOUR ( '', #8893 ) ;
#9818 = LINE ( 'NONE', #9560, #12500 ) ;
#9819 =( NAMED_UNIT ( * ) SI_UNIT ( $, .STERADIAN. ) SOLID_ANGLE_UNIT ( ) );
#9820 = DIRECTION ( 'NONE',  ( 0.7191104302671858000, 0.0000000000000000000, -0.6948958116731910300 ) ) ;
#9821 = CARTESIAN_POINT ( 'NONE',  ( 8.382000000000001400, 6.649992329499999000, 8.410946632999998200 ) ) ;
#9822 = DIRECTION ( 'NONE',  ( 0.0000000000000000000, -0.9993539390632588700, 0.03594029046555317900 ) ) ;
#9823 = PRESENTATION_STYLE_ASSIGNMENT (( #11551 ) ) ;
#9824 = EDGE_CURVE ( 'NONE', #9479, #8265, #6712, .T. ) ;
#9825 = STYLED_ITEM ( 'NONE', ( #2254 ), #6314 ) ;
#9826 = VERTEX_POINT ( 'NONE', #4545 ) ;
#9827 = VECTOR ( 'NONE', #8647, 1000.000000000000000 ) ;
#9828 = CARTESIAN_POINT ( 'NONE',  ( 8.635999999999999200, 10.04879397399999900, -3.781386573000000300 ) ) ;
#9829 = CARTESIAN_POINT ( 'NONE',  ( 9.016999999999999500, 8.975793326000001600, -3.981386681000000500 ) ) ;
#9830 = UNCERTAINTY_MEASURE_WITH_UNIT (LENGTH_MEASURE( 1.000000000000000100E-005 ), #10574, 'distance_accuracy_value', 'NONE');
#9831 = CARTESIAN_POINT ( 'NONE',  ( 9.213783128420514500, 10.25428737918113600, 10.36402441600000100 ) ) ;
#9832 =( NAMED_UNIT ( * ) PLANE_ANGLE_UNIT ( ) SI_UNIT ( $, .RADIAN. ) );
#9833 = STYLED_ITEM ( 'NONE', ( #10784 ), #63 ) ;
#9834 = ORIENTED_EDGE ( 'NONE', *, *, #13320, .T. ) ;
#9835 = AXIS2_PLACEMENT_3D ( 'NONE', #4686, #11906, #5743 ) ;
#9836 = DIRECTION ( 'NONE',  ( 0.0000000000000000000, 0.0000000000000000000, 1.000000000000000000 ) ) ;
#9837 = DIRECTION ( 'NONE',  ( 0.0000000000000000000, 0.0000000000000000000, 1.000000000000000000 ) ) ;
#9838 =( NAMED_UNIT ( * ) SI_UNIT ( $, .STERADIAN. ) SOLID_ANGLE_UNIT ( ) );
#9839 = EDGE_CURVE ( 'NONE', #2803, #2904, #3960, .T. ) ;
#9840 = ADVANCED_FACE ( 'NONE', ( #6384 ), #10634, .F. ) ;
#9841 = AXIS2_PLACEMENT_3D ( 'NONE', #12465, #6277, #52 ) ;
#9842 = COLOUR_RGB ( '',0.7490196078431372600, 1.000000000000000000, 1.000000000000000000 ) ;
#9843 = DIRECTION ( 'NONE',  ( 8.537024980200797200E-016, -1.000000000000000000, -0.0000000000000000000 ) ) ;
#9844 = CARTESIAN_POINT ( 'NONE',  ( 4.000838046500001100, -1.778000000000000200, -0.3961163964999999700 ) ) ;
#9845 =( NAMED_UNIT ( * ) PLANE_ANGLE_UNIT ( ) SI_UNIT ( $, .RADIAN. ) );
#9846 = ORIENTED_EDGE ( 'NONE', *, *, #2330, .F. ) ;
#9847 = PRESENTATION_LAYER_ASSIGNMENT (  '', '', ( #8423 ) ) ;
#9848 = CARTESIAN_POINT ( 'NONE',  ( 8.990000000000000200, 1.247224551999999600, -1.143000000000000200 ) ) ;
#9849 = STYLED_ITEM ( 'NONE', ( #13433 ), #1155 ) ;
#9850 = STYLED_ITEM ( 'NONE', ( #8745 ), #7643 ) ;
#9851 =( NAMED_UNIT ( * ) PLANE_ANGLE_UNIT ( ) SI_UNIT ( $, .RADIAN. ) );
#9852 = LINE ( 'NONE', #7691, #12531 ) ;
#9853 =( GEOMETRIC_REPRESENTATION_CONTEXT ( 3 ) GLOBAL_UNCERTAINTY_ASSIGNED_CONTEXT ( ( #5705 ) ) GLOBAL_UNIT_ASSIGNED_CONTEXT ( ( #2280, #9547, #3317 ) ) REPRESENTATION_CONTEXT ( 'NONE', 'WORKASPACE' ) );
#9854 =( NAMED_UNIT ( * ) PLANE_ANGLE_UNIT ( ) SI_UNIT ( $, .RADIAN. ) );
#9855 = EDGE_CURVE ( 'NONE', #9171, #4289, #13328, .T. ) ;
#9856 = EDGE_LOOP ( 'NONE', ( #11422, #4949, #1742, #7258 ) ) ;
#9857 = EDGE_LOOP ( 'NONE', ( #6488, #3346, #8970, #2166, #1745 ) ) ;
#9858 = PLANE ( 'NONE',  #6623 ) ;
#9859 =( LENGTH_UNIT ( ) NAMED_UNIT ( * ) SI_UNIT ( .MILLI., .METRE. ) );
#9860 = PLANE ( 'NONE',  #6175 ) ;
#9861 =( NAMED_UNIT ( * ) PLANE_ANGLE_UNIT ( ) SI_UNIT ( $, .RADIAN. ) );
#9862 = LINE ( 'NONE', #10313, #7054 ) ;
#9863 = SURFACE_STYLE_FILL_AREA ( #13133 ) ;
#9864 = ORIENTED_EDGE ( 'NONE', *, *, #1517, .T. ) ;
#9865 = ORIENTED_EDGE ( 'NONE', *, *, #13043, .T. ) ;
#9866 =( GEOMETRIC_REPRESENTATION_CONTEXT ( 3 ) GLOBAL_UNCERTAINTY_ASSIGNED_CONTEXT ( ( #11359 ) ) GLOBAL_UNIT_ASSIGNED_CONTEXT ( ( #3011, #10282, #4057 ) ) REPRESENTATION_CONTEXT ( 'NONE', 'WORKASPACE' ) );
#9867 = ORIENTED_EDGE ( 'NONE', *, *, #9957, .T. ) ;
#9868 = CARTESIAN_POINT ( 'NONE',  ( -8.762999999999999900, 8.248718325999997000, -2.335149762999999500 ) ) ;
#9869 = AXIS2_PLACEMENT_3D ( 'NONE', #1940, #9215, #3004 ) ;
#9870 = DIRECTION ( 'NONE',  ( 0.0000000000000000000, 1.000000000000000000, 0.0000000000000000000 ) ) ;
#9871 = DIRECTION ( 'NONE',  ( 1.000000000000000000, 0.0000000000000000000, 0.0000000000000000000 ) ) ;
#9872 = FACE_OUTER_BOUND ( 'NONE', #1081, .T. ) ;
#9873 = DIRECTION ( 'NONE',  ( -0.0000000000000000000, -1.000000000000000000, -0.0000000000000000000 ) ) ;
#9874 = FILL_AREA_STYLE_COLOUR ( '', #1454 ) ;
#9875 = SURFACE_SIDE_STYLE ('',( #4808 ) ) ;
#9876 = SURFACE_SIDE_STYLE ('',( #4076 ) ) ;
#9877 = ORIENTED_EDGE ( 'NONE', *, *, #5010, .T. ) ;
#9878 =( GEOMETRIC_REPRESENTATION_CONTEXT ( 3 ) GLOBAL_UNCERTAINTY_ASSIGNED_CONTEXT ( ( #9946 ) ) GLOBAL_UNIT_ASSIGNED_CONTEXT ( ( #3332, #10621, #4379 ) ) REPRESENTATION_CONTEXT ( 'NONE', 'WORKASPACE' ) );
#9879 = ORIENTED_EDGE ( 'NONE', *, *, #6934, .T. ) ;
#9880 = VERTEX_POINT ( 'NONE', #1499 ) ;
#9881 = CARTESIAN_POINT ( 'NONE',  ( 7.772400000000000200, -1.778000000000000200, 8.000999999999999400 ) ) ;
#9882 = AXIS2_PLACEMENT_3D ( 'NONE', #5151, #12366, #6195 ) ;
#9883 = DIRECTION ( 'NONE',  ( 1.000000000000000000, 0.0000000000000000000, 0.0000000000000000000 ) ) ;
#9884 = CIRCLE ( 'NONE', #11788, 0.3047999999999996300 ) ;
#9885 = ORIENTED_EDGE ( 'NONE', *, *, #1967, .T. ) ;
#9886 = ORIENTED_EDGE ( 'NONE', *, *, #13429, .T. ) ;
#9887 = CARTESIAN_POINT ( 'NONE',  ( -3.355254885999999500, -1.778000000000000200, -1.246957018000000000 ) ) ;
#9888 = CARTESIAN_POINT ( 'NONE',  ( 4.825999999999998700, 0.0000000000000000000, -12.06500000000000100 ) ) ;
#9889 = ORIENTED_EDGE ( 'NONE', *, *, #2681, .T. ) ;
#9890 = EDGE_CURVE ( 'NONE', #7402, #7597, #2674, .T. ) ;
#9891 = ORIENTED_EDGE ( 'NONE', *, *, #11339, .F. ) ;
#9892 = FILL_AREA_STYLE ('',( #9214 ) ) ;
#9894 = FILL_AREA_STYLE ('',( #5659 ) ) ;
#9893 = SURFACE_STYLE_FILL_AREA ( #3664 ) ;
#9895 = STYLED_ITEM ( 'NONE', ( #1946 ), #6024 ) ;
#9896 = PRESENTATION_STYLE_ASSIGNMENT (( #6219 ) ) ;
#9897 =( LENGTH_UNIT ( ) NAMED_UNIT ( * ) SI_UNIT ( .MILLI., .METRE. ) );
#9898 = SURFACE_SIDE_STYLE ('',( #3744 ) ) ;
#9899 = VECTOR ( 'NONE', #331, 1000.000000000000000 ) ;
#9900 = ADVANCED_FACE ( 'NONE', ( #8184 ), #5695, .F. ) ;
#9901 = ORIENTED_EDGE ( 'NONE', *, *, #1291, .T. ) ;
#9902 = CYLINDRICAL_SURFACE ( 'NONE', #3769, 4.388936754000000400 ) ;
#9903 = FACE_OUTER_BOUND ( 'NONE', #6208, .T. ) ;
#9904 = EDGE_CURVE ( 'NONE', #2720, #3734, #4129, .T. ) ;
#9905 = VERTEX_POINT ( 'NONE', #426 ) ;
#9906 =( NAMED_UNIT ( * ) SI_UNIT ( $, .STERADIAN. ) SOLID_ANGLE_UNIT ( ) );
#9907 = PLANE ( 'NONE',  #4167 ) ;
#9908 = EDGE_CURVE ( 'NONE', #12280, #12151, #1336, .T. ) ;
#9909 = VECTOR ( 'NONE', #10351, 1000.000000000000000 ) ;
#9910 = DIRECTION ( 'NONE',  ( -1.000000000000000000, 0.0000000000000000000, 0.0000000000000000000 ) ) ;
#9911 = UNCERTAINTY_MEASURE_WITH_UNIT (LENGTH_MEASURE( 1.000000000000000100E-005 ), #12198, 'distance_accuracy_value', 'NONE');
#9912 = CARTESIAN_POINT ( 'NONE',  ( -8.890000000000000600, 0.0000000000000000000, -7.924799999999999400 ) ) ;
#9913 = DIRECTION ( 'NONE',  ( 0.0000000000000000000, 0.0000000000000000000, 1.000000000000000000 ) ) ;
#9914 = ORIENTED_EDGE ( 'NONE', *, *, #1259, .F. ) ;
#9915 = EDGE_CURVE ( 'NONE', #3007, #8387, #6876, .T. ) ;
#9916 = FACE_OUTER_BOUND ( 'NONE', #11775, .T. ) ;
#9917 = PLANE ( 'NONE',  #12024 ) ;
#9918 = CARTESIAN_POINT ( 'NONE',  ( -6.310148756999999400, 10.54099999999999900, 11.56604519000000100 ) ) ;
#9919 = ORIENTED_EDGE ( 'NONE', *, *, #12777, .T. ) ;
#9920 =( LENGTH_UNIT ( ) NAMED_UNIT ( * ) SI_UNIT ( .MILLI., .METRE. ) );
#9921 = VECTOR ( 'NONE', #8755, 1000.000000000000000 ) ;
#9922 =( GEOMETRIC_REPRESENTATION_CONTEXT ( 3 ) GLOBAL_UNCERTAINTY_ASSIGNED_CONTEXT ( ( #12674 ) ) GLOBAL_UNIT_ASSIGNED_CONTEXT ( ( #4898, #1729, #3946 ) ) REPRESENTATION_CONTEXT ( 'NONE', 'WORKASPACE' ) );
#9924 =( GEOMETRIC_REPRESENTATION_CONTEXT ( 3 ) GLOBAL_UNCERTAINTY_ASSIGNED_CONTEXT ( ( #9143 ) ) GLOBAL_UNIT_ASSIGNED_CONTEXT ( ( #9784, #9851, #9906 ) ) REPRESENTATION_CONTEXT ( 'NONE', 'WORKASPACE' ) );
#9923 = FACE_OUTER_BOUND ( 'NONE', #2565, .T. ) ;
#9925 = VERTEX_POINT ( 'NONE', #8856 ) ;
#9926 = SURFACE_STYLE_FILL_AREA ( #9892 ) ;
#9927 = AXIS2_PLACEMENT_3D ( 'NONE', #1802, #9081, #7017 ) ;
#9928 = ORIENTED_EDGE ( 'NONE', *, *, #12016, .T. ) ;
#9929 =( NAMED_UNIT ( * ) PLANE_ANGLE_UNIT ( ) SI_UNIT ( $, .RADIAN. ) );
#9930 = ORIENTED_EDGE ( 'NONE', *, *, #8675, .F. ) ;
#9931 = EDGE_LOOP ( 'NONE', ( #8923, #4982, #7839, #10266, #349, #5634, #10332, #9020, #10048, #568, #5815, #1019, #484 ) ) ;
#9932 = EDGE_CURVE ( 'NONE', #7072, #4347, #12033, .T. ) ;
#9933 = FACE_OUTER_BOUND ( 'NONE', #7945, .T. ) ;
#9934 = LINE ( 'NONE', #1704, #4383 ) ;
#9935 = COLOUR_RGB ( '',0.7490196078431372600, 1.000000000000000000, 1.000000000000000000 ) ;
#9936 = LINE ( 'NONE', #11543, #4387 ) ;
#9937 = VECTOR ( 'NONE', #10242, 1000.000000000000000 ) ;
#9938 = DIRECTION ( 'NONE',  ( -1.000000000000000000, 0.0000000000000000000, 0.0000000000000000000 ) ) ;
#9939 = CARTESIAN_POINT ( 'NONE',  ( -7.772400000000000200, 0.0000000000000000000, 5.460999999999999400 ) ) ;
#9940 = COLOUR_RGB ( '',0.7529411764705882200, 1.000000000000000000, 1.000000000000000000 ) ;
#9941 = ORIENTED_EDGE ( 'NONE', *, *, #3180, .T. ) ;
#9942 = COLOUR_RGB ( '',0.7490196078431372600, 1.000000000000000000, 1.000000000000000000 ) ;
#9943 = ORIENTED_EDGE ( 'NONE', *, *, #10065, .F. ) ;
#9944 = SURFACE_STYLE_USAGE ( .BOTH. , #10142 ) ;
#9945 = PRESENTATION_LAYER_ASSIGNMENT (  '', '', ( #8522 ) ) ;
#9946 = UNCERTAINTY_MEASURE_WITH_UNIT (LENGTH_MEASURE( 1.000000000000000100E-005 ), #3332, 'distance_accuracy_value', 'NONE');
#9947 = ORIENTED_EDGE ( 'NONE', *, *, #3180, .F. ) ;
#9948 = ORIENTED_EDGE ( 'NONE', *, *, #11496, .T. ) ;
#9949 = FILL_AREA_STYLE_COLOUR ( '', #6051 ) ;
#9950 = SURFACE_STYLE_FILL_AREA ( #8705 ) ;
#9951 = STYLED_ITEM ( 'NONE', ( #4801 ), #2026 ) ;
#9952 = SURFACE_STYLE_FILL_AREA ( #11360 ) ;
#9953 = FILL_AREA_STYLE_COLOUR ( '', #13447 ) ;
#9954 = SURFACE_STYLE_FILL_AREA ( #13233 ) ;
#9955 = VERTEX_POINT ( 'NONE', #6813 ) ;
#9956 =( GEOMETRIC_REPRESENTATION_CONTEXT ( 3 ) GLOBAL_UNCERTAINTY_ASSIGNED_CONTEXT ( ( #3112 ) ) GLOBAL_UNIT_ASSIGNED_CONTEXT ( ( #12440, #6260, #33 ) ) REPRESENTATION_CONTEXT ( 'NONE', 'WORKASPACE' ) );
#9957 = EDGE_CURVE ( 'NONE', #5726, #2599, #11715, .T. ) ;
#9958 = EDGE_CURVE ( 'NONE', #2451, #5746, #9338, .T. ) ;
#9959 =( NAMED_UNIT ( * ) PLANE_ANGLE_UNIT ( ) SI_UNIT ( $, .RADIAN. ) );
#9960 = SURFACE_STYLE_USAGE ( .BOTH. , #2686 ) ;
#9961 = CARTESIAN_POINT ( 'NONE',  ( -9.016999999999999500, 9.229793325999999400, -5.181387328999999700 ) ) ;
#9962 = CARTESIAN_POINT ( 'NONE',  ( -9.016999999999999500, 8.975793326000001600, -3.981386681000000500 ) ) ;
#9963 = ORIENTED_EDGE ( 'NONE', *, *, #2496, .F. ) ;
#9964 = PRESENTATION_STYLE_ASSIGNMENT (( #10329 ) ) ;
#9965 = FILL_AREA_STYLE_COLOUR ( '', #2957 ) ;
#9966 = CARTESIAN_POINT ( 'NONE',  ( 7.772400000000000200, 0.0000000000000000000, 5.461000000000000300 ) ) ;
#9967 = LINE ( 'NONE', #609, #9639 ) ;
#9968 = MECHANICAL_DESIGN_GEOMETRIC_PRESENTATION_REPRESENTATION (  '', ( #7858 ), #10651 ) ;
#9969 = CARTESIAN_POINT ( 'NONE',  ( 8.636000000000001000, 1.842001268999999400, -10.24599881200000000 ) ) ;
#9970 = ADVANCED_FACE ( 'NONE', ( #3795 ), #11992, .F. ) ;
#9971 = FILL_AREA_STYLE_COLOUR ( '', #3455 ) ;
#9972 = SURFACE_STYLE_USAGE ( .BOTH. , #2700 ) ;
#9973 = FILL_AREA_STYLE_COLOUR ( '', #12760 ) ;
#9974 = UNCERTAINTY_MEASURE_WITH_UNIT (LENGTH_MEASURE( 1.000000000000000100E-005 ), #13027, 'distance_accuracy_value', 'NONE');
#9975 = CARTESIAN_POINT ( 'NONE',  ( -4.829075256000000300, 0.0000000000000000000, 0.2782206890000000800 ) ) ;
#9976 = CARTESIAN_POINT ( 'NONE',  ( -7.772400000000000200, 0.0000000000000000000, 2.413000000000000300 ) ) ;
#9977 = DIRECTION ( 'NONE',  ( -1.000000000000000000, -0.0000000000000000000, -0.0000000000000000000 ) ) ;
#9978 = ORIENTED_EDGE ( 'NONE', *, *, #11773, .T. ) ;
#9979 = SURFACE_STYLE_USAGE ( .BOTH. , #2710 ) ;
#9980 = ORIENTED_EDGE ( 'NONE', *, *, #11871, .T. ) ;
#9981 = EDGE_CURVE ( 'NONE', #4321, #10578, #5252, .T. ) ;
#9982 = AXIS2_PLACEMENT_3D ( 'NONE', #7075, #845, #8138 ) ;
#9983 = FILL_AREA_STYLE_COLOUR ( '', #8371 ) ;
#9984 = CARTESIAN_POINT ( 'NONE',  ( -11.08307291446322500, 5.838368695799677400, 9.008862905816363000 ) ) ;
#9985 = EDGE_CURVE ( 'NONE', #4314, #1811, #13153, .T. ) ;
#9986 = EDGE_CURVE ( 'NONE', #3048, #10669, #10464, .T. ) ;
#9987 = ORIENTED_EDGE ( 'NONE', *, *, #11382, .F. ) ;
#9988 = DIRECTION ( 'NONE',  ( 1.000000000000000000, 0.0000000000000000000, 0.0000000000000000000 ) ) ;
#9989 = SURFACE_STYLE_USAGE ( .BOTH. , #2722 ) ;
#9990 =( GEOMETRIC_REPRESENTATION_CONTEXT ( 3 ) GLOBAL_UNCERTAINTY_ASSIGNED_CONTEXT ( ( #9308 ) ) GLOBAL_UNIT_ASSIGNED_CONTEXT ( ( #12085, #12045, #11252 ) ) REPRESENTATION_CONTEXT ( 'NONE', 'WORKASPACE' ) );
#9991 = FILL_AREA_STYLE_COLOUR ( '', #4365 ) ;
#9992 =( NAMED_UNIT ( * ) SI_UNIT ( $, .STERADIAN. ) SOLID_ANGLE_UNIT ( ) );
#9993 = DIRECTION ( 'NONE',  ( 1.000000000000000000, -0.0000000000000000000, 0.0000000000000000000 ) ) ;
#9994 =( GEOMETRIC_REPRESENTATION_CONTEXT ( 3 ) GLOBAL_UNCERTAINTY_ASSIGNED_CONTEXT ( ( #10928 ) ) GLOBAL_UNIT_ASSIGNED_CONTEXT ( ( #5769, #5867, #10530 ) ) REPRESENTATION_CONTEXT ( 'NONE', 'WORKASPACE' ) );
#9995 = LINE ( 'NONE', #3197, #4457 ) ;
#9996 = AXIS2_PLACEMENT_3D ( 'NONE', #32, #7321, #1062 ) ;
#9997 =( NAMED_UNIT ( * ) SI_UNIT ( $, .STERADIAN. ) SOLID_ANGLE_UNIT ( ) );
#9998 = CARTESIAN_POINT ( 'NONE',  ( -2.286000000000000500, -1.778000000000000200, -10.10920000000000100 ) ) ;
#9999 = ORIENTED_EDGE ( 'NONE', *, *, #404, .F. ) ;
#10000 =( NAMED_UNIT ( * ) PLANE_ANGLE_UNIT ( ) SI_UNIT ( $, .RADIAN. ) );
#10001 = EDGE_CURVE ( 'NONE', #8015, #10226, #2493, .T. ) ;
#10002 = EDGE_CURVE ( 'NONE', #8251, #11027, #12833, .T. ) ;
#10003 = CYLINDRICAL_SURFACE ( 'NONE', #10187, 2.622703265000003300 ) ;
#10004 = MECHANICAL_DESIGN_GEOMETRIC_PRESENTATION_REPRESENTATION (  '', ( #7207 ), #10700 ) ;
#10005 = PRESENTATION_STYLE_ASSIGNMENT (( #6057 ) ) ;
#10006 = ORIENTED_EDGE ( 'NONE', *, *, #1947, .F. ) ;
#10007 = VERTEX_POINT ( 'NONE', #6545 ) ;
#10008 = PLANE ( 'NONE',  #4664 ) ;
#10009 = DIRECTION ( 'NONE',  ( 0.0000000000000000000, 0.0000000000000000000, -1.000000000000000000 ) ) ;
#10010 = PRESENTATION_LAYER_ASSIGNMENT (  '', '', ( #9326 ) ) ;
#10011 = PRESENTATION_LAYER_ASSIGNMENT (  '', '', ( #8612 ) ) ;
#10012 = DIRECTION ( 'NONE',  ( 0.0000000000000000000, 0.0000000000000000000, -1.000000000000000000 ) ) ;
#10013 = LINE ( 'NONE', #4698, #12714 ) ;
#10014 = CARTESIAN_POINT ( 'NONE',  ( -8.635999999999999200, 5.524499999999999700, 12.06500000000000100 ) ) ;
#10015 = AXIS2_PLACEMENT_3D ( 'NONE', #12068, #5903, #13109 ) ;
#10016 = EDGE_CURVE ( 'NONE', #5403, #11868, #12514, .T. ) ;
#10017 = ORIENTED_EDGE ( 'NONE', *, *, #11261, .T. ) ;
#10018 = PRESENTATION_LAYER_ASSIGNMENT (  '', '', ( #9337 ) ) ;
#10019 = CARTESIAN_POINT ( 'NONE',  ( 8.890000000000000600, -0.7111962200000000500, -1.447799999999999800 ) ) ;
#10020 = FILL_AREA_STYLE ('',( #4788 ) ) ;
#10021 = EDGE_CURVE ( 'NONE', #9586, #11615, #1831, .T. ) ;
#10022 = UNCERTAINTY_MEASURE_WITH_UNIT (LENGTH_MEASURE( 1.000000000000000100E-005 ), #6226, 'distance_accuracy_value', 'NONE');
#10023 = ADVANCED_FACE ( 'NONE', ( #7022 ), #4502, .T. ) ;
#10024 = FACE_OUTER_BOUND ( 'NONE', #12974, .T. ) ;
#10025 =( GEOMETRIC_REPRESENTATION_CONTEXT ( 3 ) GLOBAL_UNCERTAINTY_ASSIGNED_CONTEXT ( ( #2533 ) ) GLOBAL_UNIT_ASSIGNED_CONTEXT ( ( #12931, #10904, #10036 ) ) REPRESENTATION_CONTEXT ( 'NONE', 'WORKASPACE' ) );
#10026 = STYLED_ITEM ( 'NONE', ( #9318 ), #10513 ) ;
#10027 = DIRECTION ( 'NONE',  ( -1.000000000000000000, 0.0000000000000000000, 0.0000000000000000000 ) ) ;
#10028 = COLOUR_RGB ( '',0.7529411764705882200, 1.000000000000000000, 1.000000000000000000 ) ;
#10029 = CARTESIAN_POINT ( 'NONE',  ( -8.890000000000000600, 0.0000000000000000000, -7.569200000000000400 ) ) ;
#10030 = VERTEX_POINT ( 'NONE', #9709 ) ;
#10031 = ORIENTED_EDGE ( 'NONE', *, *, #12048, .T. ) ;
#10032 = FILL_AREA_STYLE ('',( #6885 ) ) ;
#10033 = CARTESIAN_POINT ( 'NONE',  ( 7.772400000000000200, -1.778000000000000200, 5.461000000000000300 ) ) ;
#10034 = PRESENTATION_LAYER_ASSIGNMENT (  '', '', ( #10751 ) ) ;
#10035 = CARTESIAN_POINT ( 'NONE',  ( -8.890000000000000600, 8.248718325999997000, -9.026401162000000900 ) ) ;
#10036 =( NAMED_UNIT ( * ) SI_UNIT ( $, .STERADIAN. ) SOLID_ANGLE_UNIT ( ) );
#10037 = VERTEX_POINT ( 'NONE', #4550 ) ;
#10038 = UNCERTAINTY_MEASURE_WITH_UNIT (LENGTH_MEASURE( 1.000000000000000100E-005 ), #13173, 'distance_accuracy_value', 'NONE');
#10039 = VECTOR ( 'NONE', #1748, 1000.000000000000000 ) ;
#10040 = VECTOR ( 'NONE', #8538, 1000.000000000000000 ) ;
#10041 = SURFACE_STYLE_USAGE ( .BOTH. , #2780 ) ;
#10042 = DIRECTION ( 'NONE',  ( 0.0000000000000000000, 0.0000000000000000000, 1.000000000000000000 ) ) ;
#10043 = DIRECTION ( 'NONE',  ( 0.0000000000000000000, 1.000000000000000000, 0.0000000000000000000 ) ) ;
#10044 = FACE_OUTER_BOUND ( 'NONE', #3334, .T. ) ;
#10045 = MECHANICAL_DESIGN_GEOMETRIC_PRESENTATION_REPRESENTATION (  '', ( #7952 ), #10757 ) ;
#10046 = DIRECTION ( 'NONE',  ( 1.000000000000000000, -0.0000000000000000000, 0.0000000000000000000 ) ) ;
#10047 = VERTEX_POINT ( 'NONE', #11772 ) ;
#10048 = ORIENTED_EDGE ( 'NONE', *, *, #5296, .T. ) ;
#10049 = EDGE_CURVE ( 'NONE', #13298, #13295, #6060, .T. ) ;
#10050 = PRESENTATION_STYLE_ASSIGNMENT (( #3169 ) ) ;
#10051 = VECTOR ( 'NONE', #12691, 1000.000000000000000 ) ;
#10052 = LINE ( 'NONE', #138, #7277 ) ;
#10053 = DIRECTION ( 'NONE',  ( 0.0000000000000000000, 0.0000000000000000000, 1.000000000000000000 ) ) ;
#10054 = ORIENTED_EDGE ( 'NONE', *, *, #7185, .F. ) ;
#10055 = CARTESIAN_POINT ( 'NONE',  ( 4.318000000000000500, 0.0000000000000000000, -12.06500000000000100 ) ) ;
#10056 = FILL_AREA_STYLE ('',( #6896 ) ) ;
#10057 = VECTOR ( 'NONE', #8089, 1000.000000000000000 ) ;
#10058 = SURFACE_STYLE_FILL_AREA ( #420 ) ;
#10059 = DIRECTION ( 'NONE',  ( 0.0000000000000000000, 1.000000000000000000, 0.0000000000000000000 ) ) ;
#10060 = DIRECTION ( 'NONE',  ( 1.000000000000000000, -0.0000000000000000000, 0.0000000000000000000 ) ) ;
#10061 = PRESENTATION_STYLE_ASSIGNMENT (( #5882 ) ) ;
#10062 = LINE ( 'NONE', #719, #11477 ) ;
#10063 = ORIENTED_EDGE ( 'NONE', *, *, #7787, .T. ) ;
#10064 = DIRECTION ( 'NONE',  ( 1.000000000000000000, -0.0000000000000000000, 0.0000000000000000000 ) ) ;
#10065 = EDGE_CURVE ( 'NONE', #2303, #10007, #502, .T. ) ;
#10066 = CARTESIAN_POINT ( 'NONE',  ( -3.263927861000001300, -1.778000000000000200, -1.158705249999999900 ) ) ;
#10067 =( GEOMETRIC_REPRESENTATION_CONTEXT ( 3 ) GLOBAL_UNCERTAINTY_ASSIGNED_CONTEXT ( ( #3453 ) ) GLOBAL_UNIT_ASSIGNED_CONTEXT ( ( #3967, #11220, #5017 ) ) REPRESENTATION_CONTEXT ( 'NONE', 'WORKASPACE' ) );
#10068 = FACE_OUTER_BOUND ( 'NONE', #49, .T. ) ;
#10069 = VERTEX_POINT ( 'NONE', #7689 ) ;
#10070 = CARTESIAN_POINT ( 'NONE',  ( 2.794000000000000000, -1.778000000000000200, -7.747000000000000800 ) ) ;
#10071 = PRESENTATION_STYLE_ASSIGNMENT (( #11483 ) ) ;
#10072 = DIRECTION ( 'NONE',  ( -1.000000000000000000, -0.0000000000000000000, -0.0000000000000000000 ) ) ;
#10073 = SURFACE_STYLE_FILL_AREA ( #3072 ) ;
#10074 = UNCERTAINTY_MEASURE_WITH_UNIT (LENGTH_MEASURE( 1.000000000000000100E-005 ), #7677, 'distance_accuracy_value', 'NONE');
#10075 = ORIENTED_EDGE ( 'NONE', *, *, #4773, .T. ) ;
#10076 = EDGE_CURVE ( 'NONE', #13198, #7153, #8493, .T. ) ;
#10077 = FILL_AREA_STYLE ('',( #7987 ) ) ;
#10078 = EDGE_CURVE ( 'NONE', #8511, #469, #8822, .T. ) ;
#10079 = LINE ( 'NONE', #9346, #12783 ) ;
#10080 = CARTESIAN_POINT ( 'NONE',  ( 8.636000000000001000, 2.758984659000000200, 8.550880985000000900 ) ) ;
#10081 = EDGE_LOOP ( 'NONE', ( #5052, #8112, #8868, #165 ) ) ;
#10082 = DIRECTION ( 'NONE',  ( -0.0000000000000000000, -1.000000000000000000, -0.0000000000000000000 ) ) ;
#10083 = DIRECTION ( 'NONE',  ( -1.000000000000000000, -0.0000000000000000000, -0.0000000000000000000 ) ) ;
#10084 = AXIS2_PLACEMENT_3D ( 'NONE', #4036, #11269, #5082 ) ;
#10085 = DIRECTION ( 'NONE',  ( -1.000000000000000000, -0.0000000000000000000, -0.0000000000000000000 ) ) ;
#10086 = DIRECTION ( 'NONE',  ( 0.0000000000000000000, 1.000000000000000000, 0.0000000000000000000 ) ) ;
#10087 =( LENGTH_UNIT ( ) NAMED_UNIT ( * ) SI_UNIT ( .MILLI., .METRE. ) );
#10088 = ORIENTED_EDGE ( 'NONE', *, *, #9756, .T. ) ;
#10089 = LINE ( 'NONE', #9500, #12461 ) ;
#10090 = FILL_AREA_STYLE ('',( #9032 ) ) ;
#10091 = PRESENTATION_STYLE_ASSIGNMENT (( #6742 ) ) ;
#10092 = STYLED_ITEM ( 'NONE', ( #3370 ), #3679 ) ;
#10093 = ADVANCED_FACE ( 'NONE', ( #5742 ), #12855, .F. ) ;
#10094 = FACE_OUTER_BOUND ( 'NONE', #394, .T. ) ;
#10095 = STYLED_ITEM ( 'NONE', ( #1073 ), #1080 ) ;
#10096 = ORIENTED_EDGE ( 'NONE', *, *, #12434, .F. ) ;
#10097 = VECTOR ( 'NONE', #1115, 1000.000000000000000 ) ;
#10098 = STYLED_ITEM ( 'NONE', ( #13059 ), #7443 ) ;
#10099 = FACE_OUTER_BOUND ( 'NONE', #2147, .T. ) ;
#10100 = DIRECTION ( 'NONE',  ( 1.000000000000000000, -0.0000000000000000000, 0.0000000000000000000 ) ) ;
#10101 = SURFACE_STYLE_USAGE ( .BOTH. , #2833 ) ;
#10102 = EDGE_CURVE ( 'NONE', #12049, #4214, #7374, .T. ) ;
#10103 = CARTESIAN_POINT ( 'NONE',  ( 3.048000000000000000, -1.778000000000000200, -7.569200000000000400 ) ) ;
#10104 =( NAMED_UNIT ( * ) PLANE_ANGLE_UNIT ( ) SI_UNIT ( $, .RADIAN. ) );
#10105 = PRESENTATION_LAYER_ASSIGNMENT (  '', '', ( #8696 ) ) ;
#10106 = PRESENTATION_STYLE_ASSIGNMENT (( #9118 ) ) ;
#10107 = COLOUR_RGB ( '',0.7529411764705882200, 1.000000000000000000, 1.000000000000000000 ) ;
#10108 = EDGE_LOOP ( 'NONE', ( #12745, #10017, #9978, #1722 ) ) ;
#10109 = CARTESIAN_POINT ( 'NONE',  ( -3.355254885999999500, -1.778000000000000200, -1.246957018000000000 ) ) ;
#10110 = LINE ( 'NONE', #5915, #7336 ) ;
#10111 = FILL_AREA_STYLE_COLOUR ( '', #6530 ) ;
#10113 =( GEOMETRIC_REPRESENTATION_CONTEXT ( 3 ) GLOBAL_UNCERTAINTY_ASSIGNED_CONTEXT ( ( #13192 ) ) GLOBAL_UNIT_ASSIGNED_CONTEXT ( ( #9109, #9062, #7373 ) ) REPRESENTATION_CONTEXT ( 'NONE', 'WORKASPACE' ) );
#10112 = DIRECTION ( 'NONE',  ( 0.0000000000000000000, 1.000000000000000000, 0.0000000000000000000 ) ) ;
#10114 = CARTESIAN_POINT ( 'NONE',  ( -8.636000000000001000, 9.229793325999999400, -4.489386681000000900 ) ) ;
#10115 = CARTESIAN_POINT ( 'NONE',  ( -8.939999999999999500, -0.7111962200000000500, -1.447799999999999800 ) ) ;
#10116 = AXIS2_PLACEMENT_3D ( 'NONE', #4910, #12126, #5950 ) ;
#10117 = FACE_OUTER_BOUND ( 'NONE', #7899, .T. ) ;
#10118 = EDGE_LOOP ( 'NONE', ( #12480, #959, #11132, #1598 ) ) ;
#10119 = AXIS2_PLACEMENT_3D ( 'NONE', #9969, #3727, #10986 ) ;
#10120 = ORIENTED_EDGE ( 'NONE', *, *, #3358, .T. ) ;
#10121 = CARTESIAN_POINT ( 'NONE',  ( -9.016999999999999500, 2.350001268999999800, -10.11899881199999900 ) ) ;
#10122 = MECHANICAL_DESIGN_GEOMETRIC_PRESENTATION_REPRESENTATION (  '', ( #8030 ), #10826 ) ;
#10123 = DIRECTION ( 'NONE',  ( 1.000000000000000000, 0.0000000000000000000, 0.0000000000000000000 ) ) ;
#10124 = SURFACE_STYLE_USAGE ( .BOTH. , #2855 ) ;
#10125 = LINE ( 'NONE', #12524, #2150 ) ;
#10126 = FILL_AREA_STYLE ('',( #6979 ) ) ;
#10127 = DIRECTION ( 'NONE',  ( 8.537024980200854400E-016, -1.000000000000000000, -0.0000000000000000000 ) ) ;
#10128 = EDGE_LOOP ( 'NONE', ( #3195, #1990, #8849, #5158 ) ) ;
#10129 = STYLED_ITEM ( 'NONE', ( #1120 ), #11346 ) ;
#10130 = UNCERTAINTY_MEASURE_WITH_UNIT (LENGTH_MEASURE( 1.000000000000000100E-005 ), #11381, 'distance_accuracy_value', 'NONE');
#10131 = VECTOR ( 'NONE', #6498, 1000.000000000000000 ) ;
#10132 = CARTESIAN_POINT ( 'NONE',  ( 5.029037554499999500, 10.54099999999999900, 3.301999999999999600 ) ) ;
#10133 = DIRECTION ( 'NONE',  ( 1.000000000000000000, 0.0000000000000000000, 0.0000000000000000000 ) ) ;
#10134 = VERTEX_POINT ( 'NONE', #5646 ) ;
#10135 = AXIS2_PLACEMENT_3D ( 'NONE', #10366, #4136, #11376 ) ;
#10136 = COLOUR_RGB ( '',0.7529411764705882200, 1.000000000000000000, 1.000000000000000000 ) ;
#10137 =( NAMED_UNIT ( * ) SI_UNIT ( $, .STERADIAN. ) SOLID_ANGLE_UNIT ( ) );
#10138 = DIRECTION ( 'NONE',  ( 0.6816456128720466100, -0.7316824847242771000, 0.0000000000000000000 ) ) ;
#10139 = UNCERTAINTY_MEASURE_WITH_UNIT (LENGTH_MEASURE( 1.000000000000000100E-005 ), #6615, 'distance_accuracy_value', 'NONE');
#10140 = PRESENTATION_STYLE_ASSIGNMENT (( #5740 ) ) ;
#10141 = DIRECTION ( 'NONE',  ( -0.0000000000000000000, -1.000000000000000000, -0.0000000000000000000 ) ) ;
#10142 = SURFACE_SIDE_STYLE ('',( #2758 ) ) ;
#10143 = EDGE_CURVE ( 'NONE', #3145, #4835, #1839, .T. ) ;
#10144 = ORIENTED_EDGE ( 'NONE', *, *, #10846, .T. ) ;
#10145 = ORIENTED_EDGE ( 'NONE', *, *, #5823, .T. ) ;
#10146 = DIRECTION ( 'NONE',  ( -1.000000000000000000, -0.0000000000000000000, -0.0000000000000000000 ) ) ;
#10147 = CARTESIAN_POINT ( 'NONE',  ( -5.079999999999999200, -1.778000000000000200, -7.569200000000000400 ) ) ;
#10148 = ADVANCED_FACE ( 'NONE', ( #4604 ), #6717, .T. ) ;
#10149 = EDGE_CURVE ( 'NONE', #5198, #5469, #8834, .T. ) ;
#10150 = CARTESIAN_POINT ( 'NONE',  ( 4.549999999999999800, 8.195800000000000200, 3.505199999999999900 ) ) ;
#10151 = EDGE_LOOP ( 'NONE', ( #13191, #10166, #544, #584 ) ) ;
#10152 = FILL_AREA_STYLE ('',( #11136 ) ) ;
#10153 = ORIENTED_EDGE ( 'NONE', *, *, #7919, .T. ) ;
#10154 = SURFACE_STYLE_USAGE ( .BOTH. , #2901 ) ;
#10155 =( GEOMETRIC_REPRESENTATION_CONTEXT ( 3 ) GLOBAL_UNCERTAINTY_ASSIGNED_CONTEXT ( ( #481 ) ) GLOBAL_UNIT_ASSIGNED_CONTEXT ( ( #8495, #8404, #7408 ) ) REPRESENTATION_CONTEXT ( 'NONE', 'WORKASPACE' ) );
#10156 = CARTESIAN_POINT ( 'NONE',  ( 8.635999999999999200, 9.448793649999998900, -3.981386681000000500 ) ) ;
#10157 =( NAMED_UNIT ( * ) PLANE_ANGLE_UNIT ( ) SI_UNIT ( $, .RADIAN. ) );
#10158 = VECTOR ( 'NONE', #7208, 1000.000000000000000 ) ;
#10159 = MECHANICAL_DESIGN_GEOMETRIC_PRESENTATION_REPRESENTATION (  '', ( #8772 ), #10862 ) ;
#10160 = LINE ( 'NONE', #12051, #2194 ) ;
#10161 = STYLED_ITEM ( 'NONE', ( #2266 ), #7145 ) ;
#10162 = DIRECTION ( 'NONE',  ( -0.0000000000000000000, -1.000000000000000000, -0.0000000000000000000 ) ) ;
#10163 =( NAMED_UNIT ( * ) SI_UNIT ( $, .STERADIAN. ) SOLID_ANGLE_UNIT ( ) );
#10164 = UNCERTAINTY_MEASURE_WITH_UNIT (LENGTH_MEASURE( 1.000000000000000100E-005 ), #8487, 'distance_accuracy_value', 'NONE');
#10165 = VECTOR ( 'NONE', #11396, 1000.000000000000000 ) ;
#10166 = ORIENTED_EDGE ( 'NONE', *, *, #651, .F. ) ;
#10167 = ORIENTED_EDGE ( 'NONE', *, *, #1425, .T. ) ;
#10168 =( LENGTH_UNIT ( ) NAMED_UNIT ( * ) SI_UNIT ( .MILLI., .METRE. ) );
#10169 = EDGE_CURVE ( 'NONE', #12861, #10876, #3635, .T. ) ;
#10170 = ORIENTED_EDGE ( 'NONE', *, *, #9915, .T. ) ;
#10171 = EDGE_CURVE ( 'NONE', #5934, #13264, #6074, .T. ) ;
#10172 = ADVANCED_FACE ( 'NONE', ( #11569 ), #3641, .T. ) ;
#10173 = COLOUR_RGB ( '',0.7490196078431372600, 1.000000000000000000, 1.000000000000000000 ) ;
#10174 = CARTESIAN_POINT ( 'NONE',  ( 1.778000000000000200, -1.778000000000000200, -10.10920000000000100 ) ) ;
#10175 =( LENGTH_UNIT ( ) NAMED_UNIT ( * ) SI_UNIT ( .MILLI., .METRE. ) );
#10176 = PRESENTATION_LAYER_ASSIGNMENT (  '', '', ( #8790 ) ) ;
#10177 = LINE ( 'NONE', #8115, #7416 ) ;
#10178 = ORIENTED_EDGE ( 'NONE', *, *, #8096, .F. ) ;
#10179 = ORIENTED_EDGE ( 'NONE', *, *, #5894, .T. ) ;
#10180 = CARTESIAN_POINT ( 'NONE',  ( -8.635999999999999200, 8.248718325618998600, -9.026401158975000200 ) ) ;
#10181 = SURFACE_SIDE_STYLE ('',( #7608 ) ) ;
#10182 =( GEOMETRIC_REPRESENTATION_CONTEXT ( 3 ) GLOBAL_UNCERTAINTY_ASSIGNED_CONTEXT ( ( #6342 ) ) GLOBAL_UNIT_ASSIGNED_CONTEXT ( ( #6162, #6207, #6233 ) ) REPRESENTATION_CONTEXT ( 'NONE', 'WORKASPACE' ) );
#10183 =( GEOMETRIC_REPRESENTATION_CONTEXT ( 3 ) GLOBAL_UNCERTAINTY_ASSIGNED_CONTEXT ( ( #8060 ) ) GLOBAL_UNIT_ASSIGNED_CONTEXT ( ( #5937, #13143, #6974 ) ) REPRESENTATION_CONTEXT ( 'NONE', 'WORKASPACE' ) );
#10184 = CARTESIAN_POINT ( 'NONE',  ( 5.841999999999999600, -1.778000000000000200, -10.10920000000000100 ) ) ;
#10185 = VERTEX_POINT ( 'NONE', #11037 ) ;
#10186 = FILL_AREA_STYLE_COLOUR ( '', #9815 ) ;
#10187 = AXIS2_PLACEMENT_3D ( 'NONE', #11402, #6243, #10448 ) ;
#10188 = SURFACE_STYLE_FILL_AREA ( #8633 ) ;
#10189 = FILL_AREA_STYLE ('',( #10292 ) ) ;
#10190 = EDGE_CURVE ( 'NONE', #11248, #9880, #5101, .T. ) ;
#10191 = DIRECTION ( 'NONE',  ( 0.0000000000000000000, 0.0000000000000000000, 1.000000000000000000 ) ) ;
#10192 = DIRECTION ( 'NONE',  ( -0.0000000000000000000, -1.000000000000000000, -0.0000000000000000000 ) ) ;
#10193 = SURFACE_STYLE_USAGE ( .BOTH. , #2941 ) ;
#10194 =( NAMED_UNIT ( * ) PLANE_ANGLE_UNIT ( ) SI_UNIT ( $, .RADIAN. ) );
#10195 = EDGE_CURVE ( 'NONE', #11216, #7230, #10311, .T. ) ;
#10196 = EDGE_LOOP ( 'NONE', ( #12472, #7879, #6272, #13112 ) ) ;
#10197 = VERTEX_POINT ( 'NONE', #2703 ) ;
#10198 = VECTOR ( 'NONE', #2591, 1000.000000000000000 ) ;
#10199 = SURFACE_STYLE_FILL_AREA ( #5191 ) ;
#10200 = STYLED_ITEM ( 'NONE', ( #8466 ), #10911 ) ;
#10201 = DIRECTION ( 'NONE',  ( 0.0000000000000000000, 1.000000000000000000, 0.0000000000000000000 ) ) ;
#10202 = LINE ( 'NONE', #3494, #8901 ) ;
#10203 = CARTESIAN_POINT ( 'NONE',  ( 1.778000000000000200, -1.778000000000000200, -10.46480000000000200 ) ) ;
#10204 = DIRECTION ( 'NONE',  ( -0.0000000000000000000, -0.0000000000000000000, -1.000000000000000000 ) ) ;
#10205 = VECTOR ( 'NONE', #8113, 1000.000000000000000 ) ;
#10206 = CARTESIAN_POINT ( 'NONE',  ( 9.213783128420514500, 10.25428737918113600, 8.814624416000002700 ) ) ;
#10207 = FILL_AREA_STYLE_COLOUR ( '', #9423 ) ;
#10208 = ORIENTED_EDGE ( 'NONE', *, *, #537, .T. ) ;
#10209 = CARTESIAN_POINT ( 'NONE',  ( 8.762999999999999900, 2.550001377000000500, -9.864998812000001400 ) ) ;
#10210 = CARTESIAN_POINT ( 'NONE',  ( -8.890000000000000600, 0.0000000000000000000, -12.06500000000000100 ) ) ;
#10211 = FILL_AREA_STYLE_COLOUR ( '', #9704 ) ;
#10212 = LINE ( 'NONE', #6206, #12592 ) ;
#10213 = ORIENTED_EDGE ( 'NONE', *, *, #5757, .F. ) ;
#10214 =( NAMED_UNIT ( * ) SI_UNIT ( $, .STERADIAN. ) SOLID_ANGLE_UNIT ( ) );
#10215 = MECHANICAL_DESIGN_GEOMETRIC_PRESENTATION_REPRESENTATION (  '', ( #6718 ), #10917 ) ;
#10216 = VECTOR ( 'NONE', #5248, 1000.000000000000000 ) ;
#10217 = SURFACE_STYLE_FILL_AREA ( #5885 ) ;
#10218 = UNCERTAINTY_MEASURE_WITH_UNIT (LENGTH_MEASURE( 1.000000000000000100E-005 ), #1012, 'distance_accuracy_value', 'NONE');
#10219 = ADVANCED_FACE ( 'NONE', ( #2335 ), #12992, .F. ) ;
#10220 = COLOUR_RGB ( '',0.7529411764705882200, 1.000000000000000000, 1.000000000000000000 ) ;
#10221 = ORIENTED_EDGE ( 'NONE', *, *, #8593, .F. ) ;
#10222 = CARTESIAN_POINT ( 'NONE',  ( 8.890000000000000600, 8.848793326146768800, -3.781386573399691600 ) ) ;
#10223 = CARTESIAN_POINT ( 'NONE',  ( 4.825999999999999600, -1.778000000000000200, -2.668177707000000800 ) ) ;
#10224 =( NAMED_UNIT ( * ) PLANE_ANGLE_UNIT ( ) SI_UNIT ( $, .RADIAN. ) );
#10225 = COLOUR_RGB ( '',0.7490196078431372600, 1.000000000000000000, 1.000000000000000000 ) ;
#10226 = VERTEX_POINT ( 'NONE', #2795 ) ;
#10227 = CARTESIAN_POINT ( 'NONE',  ( -9.016999999999999500, 1.150000621000000200, -9.991998812000000300 ) ) ;
#10228 = STYLED_ITEM ( 'NONE', ( #12923 ), #11693 ) ;
#10229 = EDGE_CURVE ( 'NONE', #5484, #8377, #9340, .T. ) ;
#10230 = VERTEX_POINT ( 'NONE', #1769 ) ;
#10231 = CARTESIAN_POINT ( 'NONE',  ( -8.890000000000000600, 2.550001375952250200, -9.864998812275002700 ) ) ;
#10232 = EDGE_CURVE ( 'NONE', #1811, #8211, #10485, .T. ) ;
#10234 = LINE ( 'NONE', #3031, #2273 ) ;
#10233 = DIRECTION ( 'NONE',  ( 0.0000000000000000000, -1.000000000000000000, 0.0000000000000000000 ) ) ;
#10235 = VERTEX_POINT ( 'NONE', #11115 ) ;
#10236 = CARTESIAN_POINT ( 'NONE',  ( -8.382000000000001400, 2.776954804999999900, 9.050557955000002200 ) ) ;
#10237 = ORIENTED_EDGE ( 'NONE', *, *, #913, .F. ) ;
#10238 = ORIENTED_EDGE ( 'NONE', *, *, #11008, .F. ) ;
#10239 = DIRECTION ( 'NONE',  ( 0.0000000000000000000, 0.0000000000000000000, -1.000000000000000000 ) ) ;
#10240 = CARTESIAN_POINT ( 'NONE',  ( -6.391147396000000000, -0.8890000000000001200, -1.231251767999999900 ) ) ;
#10241 = SURFACE_STYLE_USAGE ( .BOTH. , #2985 ) ;
#10242 = DIRECTION ( 'NONE',  ( 1.000000000000000000, -0.0000000000000000000, -0.0000000000000000000 ) ) ;
#10243 = LINE ( 'NONE', #2669, #12627 ) ;
#10244 = LINE ( 'NONE', #6846, #4712 ) ;
#10245 = DIRECTION ( 'NONE',  ( 1.000000000000000000, -0.0000000000000000000, -0.0000000000000000000 ) ) ;
#10246 = ORIENTED_EDGE ( 'NONE', *, *, #7925, .T. ) ;
#10247 = LINE ( 'NONE', #8578, #2286 ) ;
#10248 = ADVANCED_FACE ( 'NONE', ( #11717 ), #13160, .T. ) ;
#10249 = DIRECTION ( 'NONE',  ( 0.0000000000000000000, 0.0000000000000000000, 1.000000000000000000 ) ) ;
#10251 = PRESENTATION_LAYER_ASSIGNMENT (  '', '', ( #8845 ) ) ;
#10250 = CYLINDRICAL_SURFACE ( 'NONE', #11247, 0.6350000000000001200 ) ;
#10252 = PRESENTATION_LAYER_ASSIGNMENT (  '', '', ( #8846 ) ) ;
#10253 = ORIENTED_EDGE ( 'NONE', *, *, #4753, .F. ) ;
#10254 = DIRECTION ( 'NONE',  ( -0.0000000000000000000, -0.0000000000000000000, 1.000000000000000000 ) ) ;
#10255 = SURFACE_SIDE_STYLE ('',( #2091 ) ) ;
#10256 = ORIENTED_EDGE ( 'NONE', *, *, #4404, .T. ) ;
#10257 = ORIENTED_EDGE ( 'NONE', *, *, #2122, .T. ) ;
#10258 = CARTESIAN_POINT ( 'NONE',  ( -3.301999999999999600, -1.778000000000000200, -7.924799999999999400 ) ) ;
#10259 = LINE ( 'NONE', #9274, #7494 ) ;
#10260 = EDGE_CURVE ( 'NONE', #5118, #4060, #34, .T. ) ;
#10261 = SURFACE_SIDE_STYLE ('',( #9429 ) ) ;
#10262 = LINE ( 'NONE', #9262, #1958 ) ;
#10263 = PLANE ( 'NONE',  #6165 ) ;
#10264 = MECHANICAL_DESIGN_GEOMETRIC_PRESENTATION_REPRESENTATION (  '', ( #8164 ), #10950 ) ;
#10265 = LINE ( 'NONE', #6269, #7498 ) ;
#10266 = ORIENTED_EDGE ( 'NONE', *, *, #8437, .T. ) ;
#10267 = COLOUR_RGB ( '',0.7490196078431372600, 1.000000000000000000, 1.000000000000000000 ) ;
#10268 = CARTESIAN_POINT ( 'NONE',  ( 6.349999999999999600, -1.778000000000000200, -10.10920000000000100 ) ) ;
#10269 = CARTESIAN_POINT ( 'NONE',  ( -4.527472041999999400, 10.54099999999999900, 3.802000015999999600 ) ) ;
#10270 = CARTESIAN_POINT ( 'NONE',  ( 6.391147395883543000, -1.778000000000000000, -1.231251768120515700 ) ) ;
#10271 = FILL_AREA_STYLE ('',( #8170 ) ) ;
#10272 =( GEOMETRIC_REPRESENTATION_CONTEXT ( 3 ) GLOBAL_UNCERTAINTY_ASSIGNED_CONTEXT ( ( #7555 ) ) GLOBAL_UNIT_ASSIGNED_CONTEXT ( ( #6098, #13314, #7138 ) ) REPRESENTATION_CONTEXT ( 'NONE', 'WORKASPACE' ) );
#10273 = UNCERTAINTY_MEASURE_WITH_UNIT (LENGTH_MEASURE( 1.000000000000000100E-005 ), #5365, 'distance_accuracy_value', 'NONE');
#10274 = STYLED_ITEM ( 'NONE', ( #3386 ), #1354 ) ;
#10275 = COLOUR_RGB ( '',0.7529411764705882200, 1.000000000000000000, 1.000000000000000000 ) ;
#10276 = AXIS2_PLACEMENT_3D ( 'NONE', #5092, #12316, #6131 ) ;
#10277 = SURFACE_STYLE_FILL_AREA ( #8122 ) ;
#10278 = ORIENTED_EDGE ( 'NONE', *, *, #13313, .F. ) ;
#10279 = DIRECTION ( 'NONE',  ( -0.6948958118341513900, 0.0000000000000000000, -0.7191104301116454400 ) ) ;
#10280 =( NAMED_UNIT ( * ) PLANE_ANGLE_UNIT ( ) SI_UNIT ( $, .RADIAN. ) );
#10281 = AXIS2_PLACEMENT_3D ( 'NONE', #5630, #12844, #6662 ) ;
#10282 =( NAMED_UNIT ( * ) PLANE_ANGLE_UNIT ( ) SI_UNIT ( $, .RADIAN. ) );
#10283 = EDGE_CURVE ( 'NONE', #5934, #3360, #8021, .T. ) ;
#10284 = ORIENTED_EDGE ( 'NONE', *, *, #11182, .T. ) ;
#10285 = FILL_AREA_STYLE_COLOUR ( '', #10267 ) ;
#10286 = MECHANICAL_DESIGN_GEOMETRIC_PRESENTATION_REPRESENTATION (  '', ( #8182 ), #10967 ) ;
#10287 = ORIENTED_EDGE ( 'NONE', *, *, #3702, .T. ) ;
#10288 = LINE ( 'NONE', #11004, #7523 ) ;
#10289 = FACE_OUTER_BOUND ( 'NONE', #1889, .T. ) ;
#10290 = UNCERTAINTY_MEASURE_WITH_UNIT (LENGTH_MEASURE( 1.000000000000000100E-005 ), #8646, 'distance_accuracy_value', 'NONE');
#10291 = SURFACE_STYLE_USAGE ( .BOTH. , #3019 ) ;
#10292 = FILL_AREA_STYLE_COLOUR ( '', #6955 ) ;
#10293 = PLANE ( 'NONE',  #3046 ) ;
#10295 =( GEOMETRIC_REPRESENTATION_CONTEXT ( 3 ) GLOBAL_UNCERTAINTY_ASSIGNED_CONTEXT ( ( #5359 ) ) GLOBAL_UNIT_ASSIGNED_CONTEXT ( ( #8465, #8415, #8368 ) ) REPRESENTATION_CONTEXT ( 'NONE', 'WORKASPACE' ) );
#10294 =( LENGTH_UNIT ( ) NAMED_UNIT ( * ) SI_UNIT ( .MILLI., .METRE. ) );
#10296 = CARTESIAN_POINT ( 'NONE',  ( 7.518399999999999700, -1.778000000000000200, 7.493000000000000300 ) ) ;
#10297 = CARTESIAN_POINT ( 'NONE',  ( 8.890000000000000600, 10.74927999999999900, 1.700000918000001700 ) ) ;
#10298 = ADVANCED_FACE ( 'NONE', ( #13157 ), #6048, .F. ) ;
#10299 = DIRECTION ( 'NONE',  ( 0.0000000000000000000, 1.000000000000000000, 0.0000000000000000000 ) ) ;
#10300 = AXIS2_PLACEMENT_3D ( 'NONE', #4170, #11404, #5225 ) ;
#10301 = EDGE_LOOP ( 'NONE', ( #4290, #5258, #8721, #7092 ) ) ;
#10302 = CARTESIAN_POINT ( 'NONE',  ( 2.794000000000000000, -0.8890000000000001200, -7.569200000000000400 ) ) ;
#10303 = DIRECTION ( 'NONE',  ( -1.000000000000000000, -0.0000000000000000000, -0.0000000000000000000 ) ) ;
#10304 = UNCERTAINTY_MEASURE_WITH_UNIT (LENGTH_MEASURE( 1.000000000000000100E-005 ), #2973, 'distance_accuracy_value', 'NONE');
#10305 = DIRECTION ( 'NONE',  ( 0.0000000000000000000, 0.0000000000000000000, 1.000000000000000000 ) ) ;
#10306 = MECHANICAL_DESIGN_GEOMETRIC_PRESENTATION_REPRESENTATION (  '', ( #8203 ), #10984 ) ;
#10307 = CARTESIAN_POINT ( 'NONE',  ( 4.917327024883542600, -1.778000000000000000, -2.756429475120516100 ) ) ;
#10308 = DIRECTION ( 'NONE',  ( -1.000000000000000000, 0.0000000000000000000, 0.0000000000000000000 ) ) ;
#10309 = CARTESIAN_POINT ( 'NONE',  ( -8.635999999999999200, 2.758984659731569700, 8.550880985469651900 ) ) ;
#10310 = DIRECTION ( 'NONE',  ( -0.03634629833321373300, 0.0000000000000000000, -0.9993392550067634600 ) ) ;
#10311 = CIRCLE ( 'NONE', #4608, 0.4683488320000005500 ) ;
#10312 = DIRECTION ( 'NONE',  ( 0.0000000000000000000, 0.0000000000000000000, -1.000000000000000000 ) ) ;
#10313 = CARTESIAN_POINT ( 'NONE',  ( 3.267003117000000700, 0.0000000000000000000, -1.338284043000000000 ) ) ;
#10314 =( GEOMETRIC_REPRESENTATION_CONTEXT ( 3 ) GLOBAL_UNCERTAINTY_ASSIGNED_CONTEXT ( ( #10441 ) ) GLOBAL_UNIT_ASSIGNED_CONTEXT ( ( #3457, #10759, #4506 ) ) REPRESENTATION_CONTEXT ( 'NONE', 'WORKASPACE' ) );
#10315 = CARTESIAN_POINT ( 'NONE',  ( 4.254710354999999400, 11.09975097700000100, 11.22993965000000200 ) ) ;
#10316 = VERTEX_POINT ( 'NONE', #839 ) ;
#10317 = ADVANCED_FACE ( 'NONE', ( #6703 ), #881, .T. ) ;
#10318 = CARTESIAN_POINT ( 'NONE',  ( 4.825999999999999600, -0.8890000000000001200, -7.569200000000000400 ) ) ;
#10319 = EDGE_CURVE ( 'NONE', #5618, #2023, #8497, .T. ) ;
#10320 = DIRECTION ( 'NONE',  ( -0.0000000000000000000, -0.0000000000000000000, -1.000000000000000000 ) ) ;
#10321 = CARTESIAN_POINT ( 'NONE',  ( 8.635999999999999200, 2.350001269000000300, -9.991998811853310500 ) ) ;
#10322 = STYLED_ITEM ( 'NONE', ( #12137 ), #6124 ) ;
#10323 = ORIENTED_EDGE ( 'NONE', *, *, #12650, .T. ) ;
#10324 = ORIENTED_EDGE ( 'NONE', *, *, #13046, .F. ) ;
#10325 =( NAMED_UNIT ( * ) SI_UNIT ( $, .STERADIAN. ) SOLID_ANGLE_UNIT ( ) );
#10326 = CARTESIAN_POINT ( 'NONE',  ( -9.016999999999999500, 2.350001268999999800, -9.991998812000000300 ) ) ;
#10327 = DIRECTION ( 'NONE',  ( -1.000000000000000000, -0.0000000000000000000, -0.0000000000000000000 ) ) ;
#10328 = LINE ( 'NONE', #7038, #3328 ) ;
#10329 = SURFACE_STYLE_USAGE ( .BOTH. , #3065 ) ;
#10330 = EDGE_CURVE ( 'NONE', #11403, #9625, #506, .T. ) ;
#10331 = VECTOR ( 'NONE', #7194, 1000.000000000000000 ) ;
#10332 = ORIENTED_EDGE ( 'NONE', *, *, #1678, .T. ) ;
#10333 = VERTEX_POINT ( 'NONE', #10321 ) ;
#10334 =( LENGTH_UNIT ( ) NAMED_UNIT ( * ) SI_UNIT ( .MILLI., .METRE. ) );
#10335 = SURFACE_SIDE_STYLE ('',( #10073 ) ) ;
#10336 =( NAMED_UNIT ( * ) SI_UNIT ( $, .STERADIAN. ) SOLID_ANGLE_UNIT ( ) );
#10337 = EDGE_CURVE ( 'NONE', #2215, #12820, #5424, .T. ) ;
#10338 = ORIENTED_EDGE ( 'NONE', *, *, #1452, .T. ) ;
#10339 = CARTESIAN_POINT ( 'NONE',  ( 0.0000000000000000000, 7.531149594516001000, 12.06500000000000000 ) ) ;
#10340 = CARTESIAN_POINT ( 'NONE',  ( -8.890000000000000600, 10.74927999999999900, 0.5892800000000000300 ) ) ;
#10341 = EDGE_CURVE ( 'NONE', #2377, #4421, #10941, .T. ) ;
#10342 =( NAMED_UNIT ( * ) PLANE_ANGLE_UNIT ( ) SI_UNIT ( $, .RADIAN. ) );
#10343 = FACE_BOUND ( 'NONE', #1461, .T. ) ;
#10344 = SURFACE_STYLE_USAGE ( .BOTH. , #3085 ) ;
#10345 = DIRECTION ( 'NONE',  ( 1.000000000000000000, 0.0000000000000000000, 0.0000000000000000000 ) ) ;
#10346 = ORIENTED_EDGE ( 'NONE', *, *, #4606, .F. ) ;
#10347 = ORIENTED_EDGE ( 'NONE', *, *, #795, .T. ) ;
#10348 = AXIS2_PLACEMENT_3D ( 'NONE', #11362, #3094, #3137 ) ;
#10349 =( NAMED_UNIT ( * ) PLANE_ANGLE_UNIT ( ) SI_UNIT ( $, .RADIAN. ) );
#10350 = CARTESIAN_POINT ( 'NONE',  ( -6.096000000000000100, -1.778000000000000200, -10.10920000000000100 ) ) ;
#10351 = DIRECTION ( 'NONE',  ( 1.000000000000000000, -0.0000000000000000000, -0.0000000000000000000 ) ) ;
#10352 = AXIS2_PLACEMENT_3D ( 'NONE', #1700, #2770, #2058 ) ;
#10353 = CIRCLE ( 'NONE', #9587, 0.5080000000000013400 ) ;
#10354 = DIRECTION ( 'NONE',  ( -1.000000000000000000, 0.0000000000000000000, 0.0000000000000000000 ) ) ;
#10355 = FILL_AREA_STYLE_COLOUR ( '', #12222 ) ;
#10356 = CARTESIAN_POINT ( 'NONE',  ( 7.227737259999998700, 8.536145111999999800, 10.36402441600000100 ) ) ;
#10357 = DIRECTION ( 'NONE',  ( 0.0000000000000000000, 1.000000000000000000, 0.0000000000000000000 ) ) ;
#10358 = EDGE_LOOP ( 'NONE', ( #2454, #11904, #4983, #7223 ) ) ;
#10359 = ADVANCED_FACE ( 'NONE', ( #13321 ), #5140, .F. ) ;
#10360 = ORIENTED_EDGE ( 'NONE', *, *, #2704, .F. ) ;
#10361 = ORIENTED_EDGE ( 'NONE', *, *, #4330, .T. ) ;
#10362 = PRESENTATION_LAYER_ASSIGNMENT (  '', '', ( #11043 ) ) ;
#10363 = UNCERTAINTY_MEASURE_WITH_UNIT (LENGTH_MEASURE( 1.000000000000000100E-005 ), #7775, 'distance_accuracy_value', 'NONE');
#10364 = COLOUR_RGB ( '',0.7490196078431372600, 1.000000000000000000, 1.000000000000000000 ) ;
#10365 = COLOUR_RGB ( '',0.7490196078431372600, 1.000000000000000000, 1.000000000000000000 ) ;
#10366 = CARTESIAN_POINT ( 'NONE',  ( 7.772400000000000200, -1.778000000000000200, 4.953000000000001200 ) ) ;
#10367 = VERTEX_POINT ( 'NONE', #9372 ) ;
#10368 = SURFACE_SIDE_STYLE ('',( #8175 ) ) ;
#10369 = LINE ( 'NONE', #9464, #2398 ) ;
#10370 = FACE_OUTER_BOUND ( 'NONE', #5307, .T. ) ;
#10371 = VECTOR ( 'NONE', #5610, 1000.000000000000000 ) ;
#10372 = CARTESIAN_POINT ( 'NONE',  ( -8.890000000000000600, 0.0000000000000000000, -1.778000000000000200 ) ) ;
#10373 = CARTESIAN_POINT ( 'NONE',  ( 3.809999999999999600, -1.778000000000000200, -10.28700000000000100 ) ) ;
#10374 = PRESENTATION_LAYER_ASSIGNMENT (  '', '', ( #8979 ) ) ;
#10375 = VERTEX_POINT ( 'NONE', #3148 ) ;
#10376 = CARTESIAN_POINT ( 'NONE',  ( 9.016999999999999500, 1.842001269000000100, -10.75399881200000100 ) ) ;
#10377 = FILL_AREA_STYLE_COLOUR ( '', #11065 ) ;
#10378 = ORIENTED_EDGE ( 'NONE', *, *, #9277, .F. ) ;
#10379 = AXIS2_PLACEMENT_3D ( 'NONE', #249, #7546, #1311 ) ;
#10380 = LINE ( 'NONE', #188, #2074 ) ;
#10381 = VECTOR ( 'NONE', #1185, 1000.000000000000000 ) ;
#10382 = ORIENTED_EDGE ( 'NONE', *, *, #3307, .T. ) ;
#10383 = PRESENTATION_STYLE_ASSIGNMENT (( #11716 ) ) ;
#10384 = VECTOR ( 'NONE', #10138, 1000.000000000000000 ) ;
#10385 = CARTESIAN_POINT ( 'NONE',  ( 5.790945308169017200, 11.18252178205955100, 11.13101989364586500 ) ) ;
#10386 = DIRECTION ( 'NONE',  ( 0.0000000000000000000, -0.7981611598335960300, 0.6024439915320665100 ) ) ;
#10387 = DIRECTION ( 'NONE',  ( -0.0000000000000000000, -0.0000000000000000000, -1.000000000000000000 ) ) ;
#10388 = CIRCLE ( 'NONE', #4942, 4.388936754000000400 ) ;
#10389 = LINE ( 'NONE', #1631, #4847 ) ;
#10390 = ADVANCED_FACE ( 'NONE', ( #6866 ), #3057, .T. ) ;
#10391 = CARTESIAN_POINT ( 'NONE',  ( -8.635999999999999200, 10.04879397399999900, -3.781386573000000300 ) ) ;
#10392 = ORIENTED_EDGE ( 'NONE', *, *, #2146, .F. ) ;
#10393 = VECTOR ( 'NONE', #5292, 1000.000000000000000 ) ;
#10394 = ORIENTED_EDGE ( 'NONE', *, *, #1607, .F. ) ;
#10395 = DIRECTION ( 'NONE',  ( -0.0000000000000000000, 0.6024439915320666300, 0.7981611598335961500 ) ) ;
#10396 = DIRECTION ( 'NONE',  ( -0.0000000000000000000, -0.0000000000000000000, 1.000000000000000000 ) ) ;
#10397 = DIRECTION ( 'NONE',  ( -1.000000000000000000, 0.0000000000000000000, 0.0000000000000000000 ) ) ;
#10398 = SURFACE_STYLE_FILL_AREA ( #10835 ) ;
#10399 = CARTESIAN_POINT ( 'NONE',  ( -1.778000000000000200, -1.778000000000000200, -10.10920000000000100 ) ) ;
#10400 =( NAMED_UNIT ( * ) PLANE_ANGLE_UNIT ( ) SI_UNIT ( $, .RADIAN. ) );
#10402 = UNCERTAINTY_MEASURE_WITH_UNIT (LENGTH_MEASURE( 1.000000000000000100E-005 ), #7896, 'distance_accuracy_value', 'NONE');
#10401 = COLOUR_RGB ( '',0.7529411764705882200, 1.000000000000000000, 1.000000000000000000 ) ;
#10403 = LINE ( 'NONE', #13315, #2436 ) ;
#10404 = ORIENTED_EDGE ( 'NONE', *, *, #4948, .T. ) ;
#10405 = DIRECTION ( 'NONE',  ( -0.0000000000000000000, -0.0000000000000000000, -1.000000000000000000 ) ) ;
#10406 = EDGE_LOOP ( 'NONE', ( #675, #5839, #5129, #3825 ) ) ;
#10407 = AXIS2_PLACEMENT_3D ( 'NONE', #2832, #10100, #3862 ) ;
#10408 = FACE_OUTER_BOUND ( 'NONE', #13276, .T. ) ;
#10409 = ORIENTED_EDGE ( 'NONE', *, *, #1633, .T. ) ;
#10410 = COLOUR_RGB ( '',0.7490196078431372600, 1.000000000000000000, 1.000000000000000000 ) ;
#10411 = CARTESIAN_POINT ( 'NONE',  ( 8.635999999999999200, 9.448793649999998900, -5.381387436999999900 ) ) ;
#10412 = FILL_AREA_STYLE_COLOUR ( '', #9656 ) ;
#10413 = EDGE_LOOP ( 'NONE', ( #964, #2474, #9169, #10737 ) ) ;
#10414 = EDGE_CURVE ( 'NONE', #76, #4536, #11393, .T. ) ;
#10415 = ORIENTED_EDGE ( 'NONE', *, *, #4694, .T. ) ;
#10416 = SURFACE_SIDE_STYLE ('',( #6507 ) ) ;
#10417 = DIRECTION ( 'NONE',  ( 0.0000000000000000000, 0.0000000000000000000, 1.000000000000000000 ) ) ;
#10418 = AXIS2_PLACEMENT_3D ( 'NONE', #6303, #71, #7358 ) ;
#10419 = VECTOR ( 'NONE', #4655, 1000.000000000000000 ) ;
#10420 = EDGE_CURVE ( 'NONE', #359, #6320, #5900, .T. ) ;
#10421 = SURFACE_STYLE_FILL_AREA ( #42 ) ;
#10422 = ORIENTED_EDGE ( 'NONE', *, *, #13317, .F. ) ;
#10423 = SURFACE_STYLE_USAGE ( .BOTH. , #3155 ) ;
#10424 = LINE ( 'NONE', #8400, #4885 ) ;
#10425 = VECTOR ( 'NONE', #9415, 999.9999999999998900 ) ;
#10426 = FILL_AREA_STYLE_COLOUR ( '', #6397 ) ;
#10427 = ADVANCED_FACE ( 'NONE', ( #3146 ), #6297, .F. ) ;
#10428 =( NAMED_UNIT ( * ) PLANE_ANGLE_UNIT ( ) SI_UNIT ( $, .RADIAN. ) );
#10429 = LINE ( 'NONE', #3897, #2470 ) ;
#10430 = AXIS2_PLACEMENT_3D ( 'NONE', #13131, #13083, #13037 ) ;
#10431 = FACE_OUTER_BOUND ( 'NONE', #10118, .T. ) ;
#10432 = SURFACE_STYLE_FILL_AREA ( #13318 ) ;
#10433 =( GEOMETRIC_REPRESENTATION_CONTEXT ( 3 ) GLOBAL_UNCERTAINTY_ASSIGNED_CONTEXT ( ( #13125 ) ) GLOBAL_UNIT_ASSIGNED_CONTEXT ( ( #9761, #10935, #10947 ) ) REPRESENTATION_CONTEXT ( 'NONE', 'WORKASPACE' ) );
#10434 = ORIENTED_EDGE ( 'NONE', *, *, #10171, .F. ) ;
#10435 = FACE_OUTER_BOUND ( 'NONE', #11764, .T. ) ;
#10436 = STYLED_ITEM ( 'NONE', ( #617 ), #7025 ) ;
#10437 = DIRECTION ( 'NONE',  ( -0.0000000000000000000, -0.0000000000000000000, 1.000000000000000000 ) ) ;
#10438 = SURFACE_SIDE_STYLE ('',( #7450 ) ) ;
#10439 = EDGE_CURVE ( 'NONE', #10226, #7640, #10125, .T. ) ;
#10440 = DIRECTION ( 'NONE',  ( 0.0000000000000000000, 0.0000000000000000000, -1.000000000000000000 ) ) ;
#10441 = UNCERTAINTY_MEASURE_WITH_UNIT (LENGTH_MEASURE( 1.000000000000000100E-005 ), #3457, 'distance_accuracy_value', 'NONE');
#10442 =( LENGTH_UNIT ( ) NAMED_UNIT ( * ) SI_UNIT ( .MILLI., .METRE. ) );
#10443 = EDGE_LOOP ( 'NONE', ( #13381, #8611, #4479, #3025 ) ) ;
#10444 = EDGE_CURVE ( 'NONE', #668, #4813, #7353, .T. ) ;
#10445 = CARTESIAN_POINT ( 'NONE',  ( 8.635999999999999200, 8.248718325619000400, -9.026401158975005500 ) ) ;
#10446 = MECHANICAL_DESIGN_GEOMETRIC_PRESENTATION_REPRESENTATION (  '', ( #8342 ), #11111 ) ;
#10447 = PRESENTATION_STYLE_ASSIGNMENT (( #7037 ) ) ;
#10448 = DIRECTION ( 'NONE',  ( 0.0000000000000000000, 0.0000000000000000000, -1.000000000000000000 ) ) ;
#10449 = ORIENTED_EDGE ( 'NONE', *, *, #2225, .F. ) ;
#10450 = STYLED_ITEM ( 'NONE', ( #8952 ), #4235 ) ;
#10451 =( GEOMETRIC_REPRESENTATION_CONTEXT ( 3 ) GLOBAL_UNCERTAINTY_ASSIGNED_CONTEXT ( ( #2732 ) ) GLOBAL_UNIT_ASSIGNED_CONTEXT ( ( #1434, #1483, #1523 ) ) REPRESENTATION_CONTEXT ( 'NONE', 'WORKASPACE' ) );
#10452 = ADVANCED_FACE ( 'NONE', ( #4583 ), #9502, .F. ) ;
#10453 = MECHANICAL_DESIGN_GEOMETRIC_PRESENTATION_REPRESENTATION (  '', ( #9045 ), #11118 ) ;
#10454 = DIRECTION ( 'NONE',  ( 1.000000000000000000, -0.0000000000000000000, 0.0000000000000000000 ) ) ;
#10455 = FILL_AREA_STYLE_COLOUR ( '', #8959 ) ;
#10456 = CARTESIAN_POINT ( 'NONE',  ( 4.825999999999999600, -1.778000000000000200, -7.747000000000000800 ) ) ;
#10457 = UNCERTAINTY_MEASURE_WITH_UNIT (LENGTH_MEASURE( 1.000000000000000100E-005 ), #12536, 'distance_accuracy_value', 'NONE');
#10458 = STYLED_ITEM ( 'NONE', ( #3176 ), #12428 ) ;
#10459 = CARTESIAN_POINT ( 'NONE',  ( -8.890000000000000600, 0.0000000000000000000, 7.493000000000001200 ) ) ;
#10460 = ORIENTED_EDGE ( 'NONE', *, *, #6524, .F. ) ;
#10461 = EDGE_CURVE ( 'NONE', #9549, #1053, #11547, .T. ) ;
#10462 = SURFACE_STYLE_USAGE ( .BOTH. , #3183 ) ;
#10463 = MECHANICAL_DESIGN_GEOMETRIC_PRESENTATION_REPRESENTATION (  '', ( #9055 ), #11128 ) ;
#10464 = LINE ( 'NONE', #2376, #2155 ) ;
#10465 =( LENGTH_UNIT ( ) NAMED_UNIT ( * ) SI_UNIT ( .MILLI., .METRE. ) );
#10466 = CARTESIAN_POINT ( 'NONE',  ( 8.635999999999999200, 8.248718325618998600, -2.335149765040001900 ) ) ;
#10467 = PRESENTATION_STYLE_ASSIGNMENT (( #9178 ) ) ;
#10468 = CARTESIAN_POINT ( 'NONE',  ( -9.077991346056794700, 3.718044994043028200, 9.991299953892152500 ) ) ;
#10469 = EDGE_LOOP ( 'NONE', ( #6362, #10120, #2815, #9536, #12885, #3194 ) ) ;
#10470 = DIRECTION ( 'NONE',  ( 0.0000000000000000000, 0.0000000000000000000, -1.000000000000000000 ) ) ;
#10471 = AXIS2_PLACEMENT_3D ( 'NONE', #509, #7804, #1572 ) ;
#10472 = FACE_OUTER_BOUND ( 'NONE', #9856, .T. ) ;
#10473 =( NAMED_UNIT ( * ) SI_UNIT ( $, .STERADIAN. ) SOLID_ANGLE_UNIT ( ) );
#10474 = VECTOR ( 'NONE', #1317, 1000.000000000000000 ) ;
#10475 = CARTESIAN_POINT ( 'NONE',  ( -7.772400000000000200, -0.8890000000000001200, 7.493000000000000300 ) ) ;
#10476 = CARTESIAN_POINT ( 'NONE',  ( 3.149999998529999800, 8.195800000453500500, 12.06500000000000300 ) ) ;
#10477 = CARTESIAN_POINT ( 'NONE',  ( -8.635999999999999200, 0.0000000000000000000, -0.5080000000000000100 ) ) ;
#10478 = ORIENTED_EDGE ( 'NONE', *, *, #10673, .F. ) ;
#10479 = MECHANICAL_DESIGN_GEOMETRIC_PRESENTATION_REPRESENTATION (  '', ( #8376 ), #11148 ) ;
#10480 = CARTESIAN_POINT ( 'NONE',  ( -7.772400000000000200, -1.778000000000000200, 7.747000000000000800 ) ) ;
#10481 = CARTESIAN_POINT ( 'NONE',  ( -9.016999999999999500, 1.842001269000000100, -10.24599881200000000 ) ) ;
#10482 = LINE ( 'NONE', #3064, #2521 ) ;
#10483 =( NAMED_UNIT ( * ) PLANE_ANGLE_UNIT ( ) SI_UNIT ( $, .RADIAN. ) );
#10484 = SURFACE_STYLE_FILL_AREA ( #11256 ) ;
#10485 =( BOUNDED_CURVE ( )  B_SPLINE_CURVE ( 3, ( #3865, #6990, #747, #8044 ),
 .UNSPECIFIED., .F., .T. ) 
 B_SPLINE_CURVE_WITH_KNOTS ( ( 4, 4 ),
 ( 0.6112001303572278700, 1.030055022649626300 ),
 .UNSPECIFIED. ) 
 CURVE ( )  GEOMETRIC_REPRESENTATION_ITEM ( )  RATIONAL_B_SPLINE_CURVE ( ( 1.000000000000000000, 0.9854334059524154600, 0.9854334059524154600, 1.000000000000000000 ) ) 
 REPRESENTATION_ITEM ( '' )  );
#10486 = DIRECTION ( 'NONE',  ( -0.0000000000000000000, -1.000000000000000000, -0.0000000000000000000 ) ) ;
#10487 = CARTESIAN_POINT ( 'NONE',  ( -6.349999999999999600, -1.778000000000000200, -10.46480000000000000 ) ) ;
#10488 = VERTEX_POINT ( 'NONE', #10594 ) ;
#10489 = CARTESIAN_POINT ( 'NONE',  ( -7.772400000000000200, 0.0000000000000000000, 5.461000000000000300 ) ) ;
#10490 = ORIENTED_EDGE ( 'NONE', *, *, #6254, .F. ) ;
#10491 = ADVANCED_FACE ( 'NONE', ( #6052 ), #4353, .F. ) ;
#10492 = VERTEX_POINT ( 'NONE', #11589 ) ;
#10493 = DIRECTION ( 'NONE',  ( -1.000000000000000000, -0.0000000000000000000, -0.0000000000000000000 ) ) ;
#10494 = EDGE_CURVE ( 'NONE', #9586, #4463, #5086, .T. ) ;
#10495 =( NAMED_UNIT ( * ) PLANE_ANGLE_UNIT ( ) SI_UNIT ( $, .RADIAN. ) );
#10496 = AXIS2_PLACEMENT_3D ( 'NONE', #2104, #9383, #3158 ) ;
#10497 = PRESENTATION_STYLE_ASSIGNMENT (( #12698 ) ) ;
#10498 = VERTEX_POINT ( 'NONE', #12668 ) ;
#10499 = PLANE ( 'NONE',  #2055 ) ;
#10500 = ORIENTED_EDGE ( 'NONE', *, *, #8779, .F. ) ;
#10501 = FILL_AREA_STYLE ('',( #3240 ) ) ;
#10502 = ADVANCED_FACE ( 'NONE', ( #10289 ), #4405, .F. ) ;
#10503 = PRESENTATION_STYLE_ASSIGNMENT (( #4799 ) ) ;
#10504 = AXIS2_PLACEMENT_3D ( 'NONE', #1097, #1047, #1015 ) ;
#10505 = STYLED_ITEM ( 'NONE', ( #2652 ), #6467 ) ;
#10506 = CARTESIAN_POINT ( 'NONE',  ( 2.286000000000000500, 0.0000000000000000000, -10.10920000000000100 ) ) ;
#10507 =( LENGTH_UNIT ( ) NAMED_UNIT ( * ) SI_UNIT ( .MILLI., .METRE. ) );
#10508 = VECTOR ( 'NONE', #8338, 1000.000000000000000 ) ;
#10509 = ORIENTED_EDGE ( 'NONE', *, *, #10785, .T. ) ;
#10510 = ORIENTED_EDGE ( 'NONE', *, *, #3121, .F. ) ;
#10511 = EDGE_CURVE ( 'NONE', #80, #4060, #1323, .T. ) ;
#10512 = PLANE ( 'NONE',  #12331 ) ;
#10513 = ADVANCED_FACE ( 'NONE', ( #3780 ), #8629, .F. ) ;
#10514 = STYLED_ITEM ( 'NONE', ( #738 ), #8438 ) ;
#10515 = ORIENTED_EDGE ( 'NONE', *, *, #9286, .T. ) ;
#10516 = VECTOR ( 'NONE', #8159, 1000.000000000000000 ) ;
#10517 = CARTESIAN_POINT ( 'NONE',  ( -4.527472041999999400, 11.04899999999999900, 3.802000015999999600 ) ) ;
#10518 =( NAMED_UNIT ( * ) SI_UNIT ( $, .STERADIAN. ) SOLID_ANGLE_UNIT ( ) );
#10519 = CARTESIAN_POINT ( 'NONE',  ( 8.382000000000001400, 2.276954804999999900, 9.551776717500001000 ) ) ;
#10520 = DIRECTION ( 'NONE',  ( -0.03634629833321372700, 0.0000000000000000000, -0.9993392550067634600 ) ) ;
#10521 = MECHANICAL_DESIGN_GEOMETRIC_PRESENTATION_REPRESENTATION (  '', ( #8423 ), #11195 ) ;
#10522 = SURFACE_STYLE_USAGE ( .BOTH. , #3256 ) ;
#10523 = DIRECTION ( 'NONE',  ( -1.000000000000000000, -0.0000000000000000000, -0.0000000000000000000 ) ) ;
#10524 = ORIENTED_EDGE ( 'NONE', *, *, #6472, .T. ) ;
#10525 = CARTESIAN_POINT ( 'NONE',  ( -9.080599718250352800, 10.39713725388162400, 10.28319222179775000 ) ) ;
#10526 = ORIENTED_EDGE ( 'NONE', *, *, #10283, .F. ) ;
#10527 = AXIS2_PLACEMENT_3D ( 'NONE', #6650, #6803, #6635 ) ;
#10528 = SURFACE_STYLE_FILL_AREA ( #2201 ) ;
#10529 = AXIS2_PLACEMENT_3D ( 'NONE', #1720, #9000, #2794 ) ;
#10530 =( NAMED_UNIT ( * ) SI_UNIT ( $, .STERADIAN. ) SOLID_ANGLE_UNIT ( ) );
#10531 = SURFACE_SIDE_STYLE ('',( #9014 ) ) ;
#10532 = PRESENTATION_STYLE_ASSIGNMENT (( #4565 ) ) ;
#10533 = FACE_OUTER_BOUND ( 'NONE', #6610, .T. ) ;
#10534 = ORIENTED_EDGE ( 'NONE', *, *, #696, .F. ) ;
#10535 = CIRCLE ( 'NONE', #12035, 0.5000000000000004400 ) ;
#10536 = CARTESIAN_POINT ( 'NONE',  ( 8.790300481999999200, 10.40536388850000000, 8.814624416000002700 ) ) ;
#10537 = VECTOR ( 'NONE', #4109, 1000.000000000000000 ) ;
#10538 = EDGE_CURVE ( 'NONE', #3490, #2067, #8323, .T. ) ;
#10539 = COLOUR_RGB ( '',0.7490196078431372600, 1.000000000000000000, 1.000000000000000000 ) ;
#10540 = PRESENTATION_LAYER_ASSIGNMENT (  '', '', ( #7744 ) ) ;
#10541 = LINE ( 'NONE', #8042, #2583 ) ;
#10542 = ORIENTED_EDGE ( 'NONE', *, *, #9380, .F. ) ;
#10543 = CARTESIAN_POINT ( 'NONE',  ( -4.917327024617395500, -3.767037749836578600E-017, 0.3695477133697205300 ) ) ;
#10544 = DIRECTION ( 'NONE',  ( 0.0000000000000000000, 0.0000000000000000000, 1.000000000000000000 ) ) ;
#10545 = FILL_AREA_STYLE ('',( #12490 ) ) ;
#10546 = ORIENTED_EDGE ( 'NONE', *, *, #8982, .F. ) ;
#10547 = LINE ( 'NONE', #652, #2248 ) ;
#10548 = LINE ( 'NONE', #6865, #5339 ) ;
#10549 = DIRECTION ( 'NONE',  ( -0.0000000000000000000, -0.0000000000000000000, -1.000000000000000000 ) ) ;
#10550 = CARTESIAN_POINT ( 'NONE',  ( -8.975279772181235000, 3.828296212805461600, 9.114590626222243600 ) ) ;
#10551 = STYLED_ITEM ( 'NONE', ( #3163 ), #2390 ) ;
#10552 = SURFACE_STYLE_FILL_AREA ( #13234 ) ;
#10553 = CARTESIAN_POINT ( 'NONE',  ( 0.0000000000000000000, 11.04899999999999900, 12.06500000000000100 ) ) ;
#10554 = LINE ( 'NONE', #11424, #9090 ) ;
#10555 = VECTOR ( 'NONE', #4302, 1000.000000000000000 ) ;
#10556 = AXIS2_PLACEMENT_3D ( 'NONE', #12206, #6042, #13238 ) ;
#10557 = ORIENTED_EDGE ( 'NONE', *, *, #1339, .F. ) ;
#10558 = FACE_OUTER_BOUND ( 'NONE', #607, .T. ) ;
#10559 = LINE ( 'NONE', #9260, #5025 ) ;
#10560 = CARTESIAN_POINT ( 'NONE',  ( -2.590999999999999700, 9.845800000000000600, 12.06500000000000100 ) ) ;
#10561 = VERTEX_POINT ( 'NONE', #3485 ) ;
#10562 = FILL_AREA_STYLE ('',( #8462 ) ) ;
#10563 = SURFACE_STYLE_FILL_AREA ( #8649 ) ;
#10564 = PRESENTATION_STYLE_ASSIGNMENT (( #7971 ) ) ;
#10566 = UNCERTAINTY_MEASURE_WITH_UNIT (LENGTH_MEASURE( 1.000000000000000100E-005 ), #8631, 'distance_accuracy_value', 'NONE');
#10565 = SURFACE_STYLE_FILL_AREA ( #13017 ) ;
#10567 =( NAMED_UNIT ( * ) SI_UNIT ( $, .STERADIAN. ) SOLID_ANGLE_UNIT ( ) );
#10568 = CARTESIAN_POINT ( 'NONE',  ( 0.7620000000000003400, 0.0000000000000000000, -7.569200000000000400 ) ) ;
#10569 = VERTEX_POINT ( 'NONE', #8669 ) ;
#10570 = PRESENTATION_LAYER_ASSIGNMENT (  '', '', ( #9168 ) ) ;
#10571 = DIRECTION ( 'NONE',  ( -1.000000000000000000, 0.0000000000000000000, 0.0000000000000000000 ) ) ;
#10572 = CARTESIAN_POINT ( 'NONE',  ( 4.737748232000000400, 8.673617379884035500E-016, 0.3664724570000000800 ) ) ;
#10573 = COLOUR_RGB ( '',0.7529411764705882200, 1.000000000000000000, 1.000000000000000000 ) ;
#10574 =( LENGTH_UNIT ( ) NAMED_UNIT ( * ) SI_UNIT ( .MILLI., .METRE. ) );
#10575 = FILL_AREA_STYLE_COLOUR ( '', #8451 ) ;
#10576 = SURFACE_SIDE_STYLE ('',( #6945 ) ) ;
#10577 = DIRECTION ( 'NONE',  ( -0.0000000000000000000, -1.000000000000000000, -0.0000000000000000000 ) ) ;
#10578 = VERTEX_POINT ( 'NONE', #11756 ) ;
#10579 = ADVANCED_FACE ( 'NONE', ( #10780 ), #9692, .F. ) ;
#10580 = CARTESIAN_POINT ( 'NONE',  ( -7.264400000000000200, 0.0000000000000000000, -12.06500000000000100 ) ) ;
#10581 = EDGE_CURVE ( 'NONE', #2023, #5954, #9811, .T. ) ;
#10582 = AXIS2_PLACEMENT_3D ( 'NONE', #6373, #9487, #5665 ) ;
#10583 = SURFACE_SIDE_STYLE ('',( #12591 ) ) ;
#10584 = EDGE_LOOP ( 'NONE', ( #7761, #1880, #9947, #12938, #9685, #772, #6037, #12364, #5492, #4468 ) ) ;
#10585 = VECTOR ( 'NONE', #5050, 1000.000000000000000 ) ;
#10586 = DIRECTION ( 'NONE',  ( 0.0000000000000000000, -0.7981611598335960300, 0.6024439915320665100 ) ) ;
#10587 = CARTESIAN_POINT ( 'NONE',  ( 7.772400000000000200, 0.0000000000000000000, -12.06500000000000100 ) ) ;
#10588 = LINE ( 'NONE', #7419, #2636 ) ;
#10589 =( NAMED_UNIT ( * ) SI_UNIT ( $, .STERADIAN. ) SOLID_ANGLE_UNIT ( ) );
#10590 = ORIENTED_EDGE ( 'NONE', *, *, #1853, .T. ) ;
#10591 = CARTESIAN_POINT ( 'NONE',  ( 6.310148756999999400, 10.54099999999999900, 11.56604519000000100 ) ) ;
#10592 = SURFACE_STYLE_FILL_AREA ( #5599 ) ;
#10593 = FILL_AREA_STYLE_COLOUR ( '', #1114 ) ;
#10594 = CARTESIAN_POINT ( 'NONE',  ( 5.333999999999999600, -1.778000000000000200, -7.924799999999999400 ) ) ;
#10596 = EDGE_CURVE ( 'NONE', #3734, #2110, #12495, .T. ) ;
#10595 = COLOUR_RGB ( '',0.7490196078431372600, 1.000000000000000000, 1.000000000000000000 ) ;
#10597 = UNCERTAINTY_MEASURE_WITH_UNIT (LENGTH_MEASURE( 1.000000000000000100E-005 ), #3630, 'distance_accuracy_value', 'NONE');
#10598 = CARTESIAN_POINT ( 'NONE',  ( -8.610600000000001600, 10.54099999999999900, 9.551776717499999200 ) ) ;
#10599 = PLANE ( 'NONE',  #6925 ) ;
#10600 = ORIENTED_EDGE ( 'NONE', *, *, #12535, .F. ) ;
#10601 = EDGE_CURVE ( 'NONE', #4835, #76, #5567, .T. ) ;
#10602 = CARTESIAN_POINT ( 'NONE',  ( 3.149999998950001200, 9.845799999749999600, 3.505199999999999900 ) ) ;
#10603 = FILL_AREA_STYLE_COLOUR ( '', #270 ) ;
#10604 = VECTOR ( 'NONE', #5767, 1000.000000000000000 ) ;
#10605 = EDGE_CURVE ( 'NONE', #9925, #2184, #1484, .T. ) ;
#10606 = ORIENTED_EDGE ( 'NONE', *, *, #4075, .F. ) ;
#10607 = COLOUR_RGB ( '',0.7490196078431372600, 1.000000000000000000, 1.000000000000000000 ) ;
#10608 = CARTESIAN_POINT ( 'NONE',  ( 5.564515665844479200, 11.08582716825071800, 4.905350693509642900 ) ) ;
#10609 = CARTESIAN_POINT ( 'NONE',  ( -7.518399999999999700, -1.778000000000000200, 8.000999999999999400 ) ) ;
#10610 = SURFACE_SIDE_STYLE ('',( #9742 ) ) ;
#10611 = UNCERTAINTY_MEASURE_WITH_UNIT (LENGTH_MEASURE( 1.000000000000000100E-005 ), #7330, 'distance_accuracy_value', 'NONE');
#10612 = UNCERTAINTY_MEASURE_WITH_UNIT (LENGTH_MEASURE( 1.000000000000000100E-005 ), #2684, 'distance_accuracy_value', 'NONE');
#10613 = ORIENTED_EDGE ( 'NONE', *, *, #11446, .F. ) ;
#10614 = DIRECTION ( 'NONE',  ( -0.0000000000000000000, -0.0000000000000000000, 1.000000000000000000 ) ) ;
#10615 = LINE ( 'NONE', #5847, #2314 ) ;
#10616 = PRESENTATION_STYLE_ASSIGNMENT (( #9646 ) ) ;
#10617 = EDGE_LOOP ( 'NONE', ( #560, #1296, #10394, #9334 ) ) ;
#10618 = MECHANICAL_DESIGN_GEOMETRIC_PRESENTATION_REPRESENTATION (  '', ( #9210 ), #11274 ) ;
#10619 = LINE ( 'NONE', #2207, #7843 ) ;
#10620 = DIRECTION ( 'NONE',  ( -0.0000000000000000000, -1.000000000000000000, -0.0000000000000000000 ) ) ;
#10621 =( NAMED_UNIT ( * ) PLANE_ANGLE_UNIT ( ) SI_UNIT ( $, .RADIAN. ) );
#10622 = DIRECTION ( 'NONE',  ( 0.0000000000000000000, 1.000000000000000000, 0.0000000000000000000 ) ) ;
#10623 = EDGE_CURVE ( 'NONE', #4053, #5367, #7005, .T. ) ;
#10624 =( LENGTH_UNIT ( ) NAMED_UNIT ( * ) SI_UNIT ( .MILLI., .METRE. ) );
#10625 = CARTESIAN_POINT ( 'NONE',  ( -4.825999999999999600, -1.778000000000000200, -7.569200000000000400 ) ) ;
#10626 = STYLED_ITEM ( 'NONE', ( #9534 ), #9271 ) ;
#10627 = CARTESIAN_POINT ( 'NONE',  ( -8.635999999999999200, 2.350001269000000300, -10.46499913600000100 ) ) ;
#10628 = COLOUR_RGB ( '',0.7490196078431372600, 1.000000000000000000, 1.000000000000000000 ) ;
#10629 = ORIENTED_EDGE ( 'NONE', *, *, #7086, .T. ) ;
#10630 = FILL_AREA_STYLE_COLOUR ( '', #7109 ) ;
#10631 = ORIENTED_EDGE ( 'NONE', *, *, #7206, .T. ) ;
#10632 = MECHANICAL_DESIGN_GEOMETRIC_PRESENTATION_REPRESENTATION (  '', ( #8522 ), #11286 ) ;
#10633 = AXIS2_PLACEMENT_3D ( 'NONE', #12156, #12240, #12414 ) ;
#10634 = CYLINDRICAL_SURFACE ( 'NONE', #3752, 0.5000000000000004400 ) ;
#10635 = CARTESIAN_POINT ( 'NONE',  ( 8.890000000000000600, 8.848793326587076200, -5.680775462500001500 ) ) ;
#10636 = FILL_AREA_STYLE ('',( #12607 ) ) ;
#10637 = DIRECTION ( 'NONE',  ( 1.000000000000000000, 0.0000000000000000000, 0.0000000000000000000 ) ) ;
#10638 = CARTESIAN_POINT ( 'NONE',  ( -8.635999999999997500, 1.150000620999999300, -10.24599881190228800 ) ) ;
#10639 = CARTESIAN_POINT ( 'NONE',  ( 1.270000000000000000, 0.0000000000000000000, -7.569200000000000400 ) ) ;
#10640 = DIRECTION ( 'NONE',  ( 0.0000000000000000000, 0.0000000000000000000, 1.000000000000000000 ) ) ;
#10641 = EDGE_CURVE ( 'NONE', #3757, #10719, #3932, .T. ) ;
#10642 = ORIENTED_EDGE ( 'NONE', *, *, #8414, .T. ) ;
#10643 = DIRECTION ( 'NONE',  ( 0.0000000000000000000, 0.0000000000000000000, 1.000000000000000000 ) ) ;
#10644 =( NAMED_UNIT ( * ) PLANE_ANGLE_UNIT ( ) SI_UNIT ( $, .RADIAN. ) );
#10645 = CARTESIAN_POINT ( 'NONE',  ( -8.890000000000000600, 0.0000000000000000000, -8.964998325999999900 ) ) ;
#10646 = LINE ( 'NONE', #4231, #2682 ) ;
#10647 = SURFACE_SIDE_STYLE ('',( #11725 ) ) ;
#10648 = PRESENTATION_STYLE_ASSIGNMENT (( #12533 ) ) ;
#10649 = ADVANCED_FACE ( 'NONE', ( #11841 ), #12878, .T. ) ;
#10650 = DIRECTION ( 'NONE',  ( 0.0000000000000000000, 0.0000000000000000000, 1.000000000000000000 ) ) ;
#10651 =( GEOMETRIC_REPRESENTATION_CONTEXT ( 3 ) GLOBAL_UNCERTAINTY_ASSIGNED_CONTEXT ( ( #7363 ) ) GLOBAL_UNIT_ASSIGNED_CONTEXT ( ( #1143, #8427, #2203 ) ) REPRESENTATION_CONTEXT ( 'NONE', 'WORKASPACE' ) );
#10652 = ORIENTED_EDGE ( 'NONE', *, *, #2982, .F. ) ;
#10653 = CARTESIAN_POINT ( 'NONE',  ( -5.950000000000000200, 8.195800000000000200, 3.505199999999999900 ) ) ;
#10654 =( NAMED_UNIT ( * ) PLANE_ANGLE_UNIT ( ) SI_UNIT ( $, .RADIAN. ) );
#10655 = UNCERTAINTY_MEASURE_WITH_UNIT (LENGTH_MEASURE( 1.000000000000000100E-005 ), #10334, 'distance_accuracy_value', 'NONE');
#10656 = CARTESIAN_POINT ( 'NONE',  ( -8.990000000000000200, -0.7111962200000000500, -0.8382000000000000600 ) ) ;
#10657 = FACE_OUTER_BOUND ( 'NONE', #13150, .T. ) ;
#10658 = DIRECTION ( 'NONE',  ( -1.000000000000000000, 0.0000000000000000000, 0.0000000000000000000 ) ) ;
#10659 = ORIENTED_EDGE ( 'NONE', *, *, #812, .T. ) ;
#10660 = ORIENTED_EDGE ( 'NONE', *, *, #9176, .T. ) ;
#10661 = DIRECTION ( 'NONE',  ( -0.0000000000000000000, -0.0000000000000000000, 1.000000000000000000 ) ) ;
#10662 = ORIENTED_EDGE ( 'NONE', *, *, #9185, .F. ) ;
#10663 =( LENGTH_UNIT ( ) NAMED_UNIT ( * ) SI_UNIT ( .MILLI., .METRE. ) );
#10664 = CARTESIAN_POINT ( 'NONE',  ( -4.737748232000000400, -1.778000000000000200, -2.759504731000000300 ) ) ;
#10665 =( LENGTH_UNIT ( ) NAMED_UNIT ( * ) SI_UNIT ( .MILLI., .METRE. ) );
#10666 = SURFACE_STYLE_FILL_AREA ( #781 ) ;
#10667 = CARTESIAN_POINT ( 'NONE',  ( -8.826499999999999300, 8.975793326000001600, -5.181387328999999700 ) ) ;
#10668 = EDGE_CURVE ( 'NONE', #7863, #276, #10921, .T. ) ;
#10669 = VERTEX_POINT ( 'NONE', #463 ) ;
#10670 = EDGE_LOOP ( 'NONE', ( #1612, #7619, #6444, #3289, #5879, #4280, #4226, #3172 ) ) ;
#10671 = STYLED_ITEM ( 'NONE', ( #8742 ), #11880 ) ;
#10672 = CARTESIAN_POINT ( 'NONE',  ( 6.170214405000000300, 10.54099999999999900, 7.675037530000000900 ) ) ;
#10673 = EDGE_CURVE ( 'NONE', #7430, #5484, #13297, .T. ) ;
#10674 = DIRECTION ( 'NONE',  ( -1.000000000000000000, -0.0000000000000000000, -0.0000000000000000000 ) ) ;
#10675 =( NAMED_UNIT ( * ) PLANE_ANGLE_UNIT ( ) SI_UNIT ( $, .RADIAN. ) );
#10676 =( NAMED_UNIT ( * ) SI_UNIT ( $, .STERADIAN. ) SOLID_ANGLE_UNIT ( ) );
#10677 = EDGE_CURVE ( 'NONE', #12764, #209, #2647, .T. ) ;
#10678 =( NAMED_UNIT ( * ) PLANE_ANGLE_UNIT ( ) SI_UNIT ( $, .RADIAN. ) );
#10679 = PRESENTATION_STYLE_ASSIGNMENT (( #12598 ) ) ;
#10680 = CARTESIAN_POINT ( 'NONE',  ( -8.889999999980162200, 10.33011169797403100, 8.814624414368999800 ) ) ;
#10681 = FILL_AREA_STYLE_COLOUR ( '', #9942 ) ;
#10682 =( NAMED_UNIT ( * ) PLANE_ANGLE_UNIT ( ) SI_UNIT ( $, .RADIAN. ) );
#10683 = UNCERTAINTY_MEASURE_WITH_UNIT (LENGTH_MEASURE( 1.000000000000000100E-005 ), #9353, 'distance_accuracy_value', 'NONE');
#10684 = DIRECTION ( 'NONE',  ( -0.03594029056241359500, 0.0000000000000000000, -0.9993539390597753200 ) ) ;
#10685 = VERTEX_POINT ( 'NONE', #8844 ) ;
#10686 = ORIENTED_EDGE ( 'NONE', *, *, #3617, .T. ) ;
#10687 = DIRECTION ( 'NONE',  ( 0.0000000000000000000, 1.000000000000000000, 0.0000000000000000000 ) ) ;
#10688 = STYLED_ITEM ( 'NONE', ( #10564 ), #3006 ) ;
#10689 = FACE_OUTER_BOUND ( 'NONE', #7210, .T. ) ;
#10690 = LINE ( 'NONE', #12906, #13384 ) ;
#10691 = VERTEX_POINT ( 'NONE', #4717 ) ;
#10692 = AXIS2_PLACEMENT_3D ( 'NONE', #12527, #6353, #110 ) ;
#10693 = CARTESIAN_POINT ( 'NONE',  ( 5.029410354999999600, 11.09975097700000100, 11.22993965000000200 ) ) ;
#10694 = CARTESIAN_POINT ( 'NONE',  ( 0.7620000000000001200, -1.778000000000000200, -7.569200000000000400 ) ) ;
#10695 = VECTOR ( 'NONE', #4559, 1000.000000000000000 ) ;
#10696 = EDGE_CURVE ( 'NONE', #5214, #7646, #8152, .T. ) ;
#10697 = PRESENTATION_STYLE_ASSIGNMENT (( #5027 ) ) ;
#10698 = EDGE_CURVE ( 'NONE', #7382, #4339, #5073, .T. ) ;
#10699 = ORIENTED_EDGE ( 'NONE', *, *, #4393, .T. ) ;
#10700 =( GEOMETRIC_REPRESENTATION_CONTEXT ( 3 ) GLOBAL_UNCERTAINTY_ASSIGNED_CONTEXT ( ( #1790 ) ) GLOBAL_UNIT_ASSIGNED_CONTEXT ( ( #7709, #1481, #8756 ) ) REPRESENTATION_CONTEXT ( 'NONE', 'WORKASPACE' ) );
#10701 = UNCERTAINTY_MEASURE_WITH_UNIT (LENGTH_MEASURE( 1.000000000000000100E-005 ), #12900, 'distance_accuracy_value', 'NONE');
#10702 = EDGE_LOOP ( 'NONE', ( #6043, #8271, #4007, #11817 ) ) ;
#10704 = SURFACE_SIDE_STYLE ('',( #741 ) ) ;
#10703 = LINE ( 'NONE', #6528, #13071 ) ;
#10705 = DIRECTION ( 'NONE',  ( -1.000000000000000000, 0.0000000000000000000, 0.0000000000000000000 ) ) ;
#10706 = PRESENTATION_STYLE_ASSIGNMENT (( #11688 ) ) ;
#10707 = CIRCLE ( 'NONE', #9280, 0.5079999999999997900 ) ;
#10708 = STYLED_ITEM ( 'NONE', ( #9453 ), #4149 ) ;
#10709 = FILL_AREA_STYLE ('',( #9673 ) ) ;
#10710 = VECTOR ( 'NONE', #6366, 1000.000000000000000 ) ;
#10711 = COLOUR_RGB ( '',0.7529411764705882200, 1.000000000000000000, 1.000000000000000000 ) ;
#10712 = FILL_AREA_STYLE_COLOUR ( '', #13282 ) ;
#10714 = MECHANICAL_DESIGN_GEOMETRIC_PRESENTATION_REPRESENTATION (  '', ( #9326 ), #11370 ) ;
#10713 = DIRECTION ( 'NONE',  ( 1.000000000000000000, 0.0000000000000000000, 0.0000000000000000000 ) ) ;
#10715 = LINE ( 'NONE', #2701, #7612 ) ;
#10716 = LINE ( 'NONE', #1974, #11955 ) ;
#10717 = ADVANCED_FACE ( 'NONE', ( #5400 ), #6845, .T. ) ;
#10718 = MECHANICAL_DESIGN_GEOMETRIC_PRESENTATION_REPRESENTATION (  '', ( #8612 ), #11373 ) ;
#10719 = VERTEX_POINT ( 'NONE', #9961 ) ;
#10720 = VERTEX_POINT ( 'NONE', #13052 ) ;
#10721 = AXIS2_PLACEMENT_3D ( 'NONE', #7948, #1710, #8991 ) ;
#10722 = PRESENTATION_STYLE_ASSIGNMENT (( #6173 ) ) ;
#10723 = EDGE_CURVE ( 'NONE', #10876, #4269, #9297, .T. ) ;
#10724 = LINE ( 'NONE', #10480, #2753 ) ;
#10725 = ORIENTED_EDGE ( 'NONE', *, *, #494, .F. ) ;
#10726 = MECHANICAL_DESIGN_GEOMETRIC_PRESENTATION_REPRESENTATION (  '', ( #9337 ), #11384 ) ;
#10727 = SURFACE_STYLE_FILL_AREA ( #756 ) ;
#10728 = FILL_AREA_STYLE_COLOUR ( '', #3259 ) ;
#10729 = FILL_AREA_STYLE ('',( #9687 ) ) ;
#10730 = VECTOR ( 'NONE', #11104, 1000.000000000000000 ) ;
#10731 = SURFACE_STYLE_FILL_AREA ( #11201 ) ;
#10732 = CARTESIAN_POINT ( 'NONE',  ( -9.016999999999999500, 1.658000620954385400, -10.75399881200000100 ) ) ;
#10733 = ORIENTED_EDGE ( 'NONE', *, *, #2934, .T. ) ;
#10734 = CARTESIAN_POINT ( 'NONE',  ( 8.635999999999999200, 8.975793325779960700, -4.581387004999999800 ) ) ;
#10735 = SURFACE_STYLE_FILL_AREA ( #7637 ) ;
#10736 = SURFACE_SIDE_STYLE ('',( #12015 ) ) ;
#10737 = ORIENTED_EDGE ( 'NONE', *, *, #3058, .F. ) ;
#10738 = COLOUR_RGB ( '',0.7490196078431372600, 1.000000000000000000, 1.000000000000000000 ) ;
#10739 = DIRECTION ( 'NONE',  ( -1.000000000000000000, -0.0000000000000000000, -0.0000000000000000000 ) ) ;
#10740 =( NAMED_UNIT ( * ) PLANE_ANGLE_UNIT ( ) SI_UNIT ( $, .RADIAN. ) );
#10741 = PRESENTATION_STYLE_ASSIGNMENT (( #8951 ) ) ;
#10742 = PRESENTATION_STYLE_ASSIGNMENT (( #10154 ) ) ;
#10743 = AXIS2_PLACEMENT_3D ( 'NONE', #5497, #12705, #6534 ) ;
#10744 = CARTESIAN_POINT ( 'NONE',  ( -5.029037554499999500, 10.54099999999999900, 11.56604519000000100 ) ) ;
#10745 = CARTESIAN_POINT ( 'NONE',  ( -6.391147395883543000, -1.778000000000000500, -1.231251768120515700 ) ) ;
#10747 = LINE ( 'NONE', #12821, #7965 ) ;
#10746 = CARTESIAN_POINT ( 'NONE',  ( -9.326660973907062100, 3.942475241296221600, 10.12369416500732000 ) ) ;
#10748 = SURFACE_STYLE_FILL_AREA ( #1392 ) ;
#10749 = ORIENTED_EDGE ( 'NONE', *, *, #6590, .F. ) ;
#10750 = UNCERTAINTY_MEASURE_WITH_UNIT (LENGTH_MEASURE( 1.000000000000000100E-005 ), #13004, 'distance_accuracy_value', 'NONE');
#10751 = STYLED_ITEM ( 'NONE', ( #6938 ), #13442 ) ;
#10752 = SURFACE_STYLE_FILL_AREA ( #5797 ) ;
#10753 = ORIENTED_EDGE ( 'NONE', *, *, #8593, .T. ) ;
#10754 = DIRECTION ( 'NONE',  ( -1.000000000000000000, 0.0000000000000000000, 0.0000000000000000000 ) ) ;
#10755 = CARTESIAN_POINT ( 'NONE',  ( 8.635999999999999200, 0.9500005130000001000, -11.06499945999999900 ) ) ;
#10756 = CARTESIAN_POINT ( 'NONE',  ( -8.635999999999999200, 1.750000945000000300, -10.75399881165974000 ) ) ;
#10757 =( GEOMETRIC_REPRESENTATION_CONTEXT ( 3 ) GLOBAL_UNCERTAINTY_ASSIGNED_CONTEXT ( ( #3674 ) ) GLOBAL_UNIT_ASSIGNED_CONTEXT ( ( #7973, #1733, #9008 ) ) REPRESENTATION_CONTEXT ( 'NONE', 'WORKASPACE' ) );
#10758 = SURFACE_STYLE_FILL_AREA ( #3880 ) ;
#10759 =( NAMED_UNIT ( * ) PLANE_ANGLE_UNIT ( ) SI_UNIT ( $, .RADIAN. ) );
#10760 = LINE ( 'NONE', #1131, #2791 ) ;
#10761 = VERTEX_POINT ( 'NONE', #7943 ) ;
#10762 = EDGE_CURVE ( 'NONE', #10719, #12245, #3768, .T. ) ;
#10763 = VECTOR ( 'NONE', #3178, 1000.000000000000000 ) ;
#10764 = DIRECTION ( 'NONE',  ( -3.469446951953611000E-015, 1.000000000000000000, 0.0000000000000000000 ) ) ;
#10765 = SURFACE_SIDE_STYLE ('',( #2571 ) ) ;
#10766 = CARTESIAN_POINT ( 'NONE',  ( -2.793999999999999600, 0.0000000000000000000, -7.569200000000000400 ) ) ;
#10767 = ORIENTED_EDGE ( 'NONE', *, *, #5200, .T. ) ;
#10768 = CARTESIAN_POINT ( 'NONE',  ( -5.950000000000000200, 1.345799999999999900, 3.505199999999999900 ) ) ;
#10769 = COLOUR_RGB ( '',0.7490196078431372600, 1.000000000000000000, 1.000000000000000000 ) ;
#10770 =( NAMED_UNIT ( * ) SI_UNIT ( $, .STERADIAN. ) SOLID_ANGLE_UNIT ( ) );
#10771 = FACE_BOUND ( 'NONE', #972, .T. ) ;
#10772 = ORIENTED_EDGE ( 'NONE', *, *, #5065, .T. ) ;
#10773 = EDGE_CURVE ( 'NONE', #8265, #1471, #6518, .T. ) ;
#10774 = PRESENTATION_LAYER_ASSIGNMENT (  '', '', ( #11412 ) ) ;
#10775 = CARTESIAN_POINT ( 'NONE',  ( 0.0000000000000000000, 0.0000000000000000000, 0.0000000000000000000 ) ) ;
#10776 = FACE_OUTER_BOUND ( 'NONE', #12676, .T. ) ;
#10777 = FILL_AREA_STYLE ('',( #7525 ) ) ;
#10778 = CARTESIAN_POINT ( 'NONE',  ( 0.0000000000000000000, 11.04899999999999900, 3.301999993650000900 ) ) ;
#10779 = DIRECTION ( 'NONE',  ( -1.000000000000000000, -0.0000000000000000000, -0.0000000000000000000 ) ) ;
#10780 = FACE_OUTER_BOUND ( 'NONE', #8149, .T. ) ;
#10781 = FILL_AREA_STYLE ('',( #11755 ) ) ;
#10782 = FILL_AREA_STYLE_COLOUR ( '', #8003 ) ;
#10783 =( NAMED_UNIT ( * ) SI_UNIT ( $, .STERADIAN. ) SOLID_ANGLE_UNIT ( ) );
#10784 = PRESENTATION_STYLE_ASSIGNMENT (( #5347 ) ) ;
#10785 = EDGE_CURVE ( 'NONE', #13370, #2695, #12002, .T. ) ;
#10786 = ORIENTED_EDGE ( 'NONE', *, *, #807, .T. ) ;
#10787 = VECTOR ( 'NONE', #9049, 1000.000000000000000 ) ;
#10788 = CARTESIAN_POINT ( 'NONE',  ( 8.762999999999999900, 11.04899999999999900, -11.82668283600000300 ) ) ;
#10789 =( LENGTH_UNIT ( ) NAMED_UNIT ( * ) SI_UNIT ( .MILLI., .METRE. ) );
#10790 = CARTESIAN_POINT ( 'NONE',  ( -8.762999999999999900, 10.74927999999999900, 12.06500000000000100 ) ) ;
#10791 = EDGE_CURVE ( 'NONE', #69, #5657, #8968, .T. ) ;
#10792 = DIRECTION ( 'NONE',  ( 0.0000000000000000000, 0.0000000000000000000, -1.000000000000000000 ) ) ;
#10793 = ADVANCED_FACE ( 'NONE', ( #6198 ), #3849, .F. ) ;
#10794 = ORIENTED_EDGE ( 'NONE', *, *, #633, .T. ) ;
#10795 = CARTESIAN_POINT ( 'NONE',  ( -8.890000000000000600, 8.248718325999997000, -5.680775462500001500 ) ) ;
#10796 = PLANE ( 'NONE',  #7865 ) ;
#10797 = CARTESIAN_POINT ( 'NONE',  ( 8.890000000000000600, 0.0000000000000000000, -8.664998163999998200 ) ) ;
#10798 = PRESENTATION_LAYER_ASSIGNMENT (  '', '', ( #10092 ) ) ;
#10799 = COLOUR_RGB ( '',0.7490196078431372600, 1.000000000000000000, 1.000000000000000000 ) ;
#10800 = AXIS2_PLACEMENT_3D ( 'NONE', #12030, #12005, #10924 ) ;
#10801 = AXIS2_PLACEMENT_3D ( 'NONE', #4587, #11815, #5645 ) ;
#10802 = FILL_AREA_STYLE ('',( #10728 ) ) ;
#10803 = CARTESIAN_POINT ( 'NONE',  ( 5.804110354999999700, 11.04899999986570300, 11.49299205296182300 ) ) ;
#10804 = VERTEX_POINT ( 'NONE', #6922 ) ;
#10805 = EDGE_CURVE ( 'NONE', #10492, #95, #13124, .T. ) ;
#10806 =( NAMED_UNIT ( * ) PLANE_ANGLE_UNIT ( ) SI_UNIT ( $, .RADIAN. ) );
#10807 = MECHANICAL_DESIGN_GEOMETRIC_PRESENTATION_REPRESENTATION (  '', ( #8696 ), #11450 ) ;
#10808 = PLANE ( 'NONE',  #1987 ) ;
#10809 = LINE ( 'NONE', #6494, #43 ) ;
#10810 = COLOUR_RGB ( '',0.7490196078431372600, 1.000000000000000000, 1.000000000000000000 ) ;
#10811 = SURFACE_SIDE_STYLE ('',( #13215 ) ) ;
#10812 = ORIENTED_EDGE ( 'NONE', *, *, #7826, .T. ) ;
#10813 = AXIS2_PLACEMENT_3D ( 'NONE', #6941, #700, #8009 ) ;
#10814 = CARTESIAN_POINT ( 'NONE',  ( 6.684242382000025600, 7.530902241896147800, 12.19470501250357600 ) ) ;
#10815 = DIRECTION ( 'NONE',  ( 0.0000000000000000000, 0.0000000000000000000, 1.000000000000000000 ) ) ;
#10816 =( NAMED_UNIT ( * ) PLANE_ANGLE_UNIT ( ) SI_UNIT ( $, .RADIAN. ) );
#10817 = CARTESIAN_POINT ( 'NONE',  ( -5.530603067000000400, 10.54099999999999900, 3.802000015999999600 ) ) ;
#10818 = AXIS2_PLACEMENT_3D ( 'NONE', #3678, #10948, #4726 ) ;
#10819 = DIRECTION ( 'NONE',  ( 0.0000000000000000000, 0.0000000000000000000, 1.000000000000000000 ) ) ;
#10820 =( NAMED_UNIT ( * ) PLANE_ANGLE_UNIT ( ) SI_UNIT ( $, .RADIAN. ) );
#10821 = SURFACE_STYLE_FILL_AREA ( #9437 ) ;
#10822 = ORIENTED_EDGE ( 'NONE', *, *, #8758, .T. ) ;
#10823 = CARTESIAN_POINT ( 'NONE',  ( -9.093332213564401900, 3.942475241005681600, 10.12369416488666300 ) ) ;
#10824 =( NAMED_UNIT ( * ) PLANE_ANGLE_UNIT ( ) SI_UNIT ( $, .RADIAN. ) );
#10825 = ORIENTED_EDGE ( 'NONE', *, *, #5099, .F. ) ;
#10826 =( GEOMETRIC_REPRESENTATION_CONTEXT ( 3 ) GLOBAL_UNCERTAINTY_ASSIGNED_CONTEXT ( ( #6121 ) ) GLOBAL_UNIT_ASSIGNED_CONTEXT ( ( #4126, #11353, #5162 ) ) REPRESENTATION_CONTEXT ( 'NONE', 'WORKASPACE' ) );
#10827 =( NAMED_UNIT ( * ) PLANE_ANGLE_UNIT ( ) SI_UNIT ( $, .RADIAN. ) );
#10828 = AXIS2_PLACEMENT_3D ( 'NONE', #9057, #767, #8057 ) ;
#10829 = ORIENTED_EDGE ( 'NONE', *, *, #1359, .F. ) ;
#10830 = CARTESIAN_POINT ( 'NONE',  ( -8.890000000000000600, 0.0000000000000000000, 8.000999999999999400 ) ) ;
#10831 = ORIENTED_EDGE ( 'NONE', *, *, #13224, .T. ) ;
#10832 =( LENGTH_UNIT ( ) NAMED_UNIT ( * ) SI_UNIT ( .MILLI., .METRE. ) );
#10833 = ORIENTED_EDGE ( 'NONE', *, *, #4054, .F. ) ;
#10834 =( NAMED_UNIT ( * ) PLANE_ANGLE_UNIT ( ) SI_UNIT ( $, .RADIAN. ) );
#10835 = FILL_AREA_STYLE ('',( #3601 ) ) ;
#10836 = EDGE_CURVE ( 'NONE', #8015, #6755, #10429, .T. ) ;
#10837 = COLOUR_RGB ( '',0.7490196078431372600, 1.000000000000000000, 1.000000000000000000 ) ;
#10838 = SURFACE_SIDE_STYLE ('',( #8624 ) ) ;
#10839 = DIRECTION ( 'NONE',  ( 0.0000000000000000000, 1.000000000000000000, 0.0000000000000000000 ) ) ;
#10840 = ORIENTED_EDGE ( 'NONE', *, *, #2609, .T. ) ;
#10841 = CARTESIAN_POINT ( 'NONE',  ( -8.635999999999999200, 0.9500005130000001000, -9.864998812000001400 ) ) ;
#10842 = ORIENTED_EDGE ( 'NONE', *, *, #8258, .F. ) ;
#10843 = CARTESIAN_POINT ( 'NONE',  ( 1.270000000000000000, -1.778000000000000200, -7.752571040000001200 ) ) ;
#10844 = ADVANCED_FACE ( 'NONE', ( #12805 ), #4933, .T. ) ;
#10845 = ORIENTED_EDGE ( 'NONE', *, *, #4262, .T. ) ;
#10846 = EDGE_CURVE ( 'NONE', #5556, #2092, #11829, .T. ) ;
#10847 = LINE ( 'NONE', #11230, #2561 ) ;
#10848 = UNCERTAINTY_MEASURE_WITH_UNIT (LENGTH_MEASURE( 1.000000000000000100E-005 ), #7209, 'distance_accuracy_value', 'NONE');
#10849 =( NAMED_UNIT ( * ) PLANE_ANGLE_UNIT ( ) SI_UNIT ( $, .RADIAN. ) );
#10850 = DIRECTION ( 'NONE',  ( 0.0000000000000000000, 0.0000000000000000000, -1.000000000000000000 ) ) ;
#10851 = UNCERTAINTY_MEASURE_WITH_UNIT (LENGTH_MEASURE( 1.000000000000000100E-005 ), #11011, 'distance_accuracy_value', 'NONE');
#10852 = FACE_OUTER_BOUND ( 'NONE', #8311, .T. ) ;
#10853 = EDGE_CURVE ( 'NONE', #5403, #7863, #9116, .T. ) ;
#10854 = VERTEX_POINT ( 'NONE', #778 ) ;
#10855 = VERTEX_POINT ( 'NONE', #9164 ) ;
#10856 =( LENGTH_UNIT ( ) NAMED_UNIT ( * ) SI_UNIT ( .MILLI., .METRE. ) );
#10857 = ORIENTED_EDGE ( 'NONE', *, *, #6388, .F. ) ;
#10858 = CARTESIAN_POINT ( 'NONE',  ( 3.267003117148265200, -3.767037769842073300E-017, -1.338284043143272100 ) ) ;
#10859 = DIRECTION ( 'NONE',  ( -0.0000000000000000000, -1.000000000000000000, -0.0000000000000000000 ) ) ;
#10860 = LINE ( 'NONE', #12549, #102 ) ;
#10861 = CARTESIAN_POINT ( 'NONE',  ( 7.772400000000000200, -1.778000000000000200, 7.493000000000000300 ) ) ;
#10862 =( GEOMETRIC_REPRESENTATION_CONTEXT ( 3 ) GLOBAL_UNCERTAINTY_ASSIGNED_CONTEXT ( ( #447 ) ) GLOBAL_UNIT_ASSIGNED_CONTEXT ( ( #3939, #13181, #13188 ) ) REPRESENTATION_CONTEXT ( 'NONE', 'WORKASPACE' ) );
#10863 = VERTEX_POINT ( 'NONE', #11235 ) ;
#10864 = LINE ( 'NONE', #3984, #2905 ) ;
#10865 = AXIS2_PLACEMENT_3D ( 'NONE', #9918, #3671, #10944 ) ;
#10866 = DIRECTION ( 'NONE',  ( -0.0000000000000000000, -0.0000000000000000000, -1.000000000000000000 ) ) ;
#10867 = ORIENTED_EDGE ( 'NONE', *, *, #7985, .F. ) ;
#10868 = DIRECTION ( 'NONE',  ( -1.000000000000000000, 0.0000000000000000000, 0.0000000000000000000 ) ) ;
#10869 = EDGE_CURVE ( 'NONE', #7402, #4421, #11518, .T. ) ;
#10870 = VECTOR ( 'NONE', #8871, 1000.000000000000000 ) ;
#10871 = FACE_BOUND ( 'NONE', #2403, .T. ) ;
#10872 = EDGE_CURVE ( 'NONE', #6332, #8699, #1132, .T. ) ;
#10873 = DIRECTION ( 'NONE',  ( 0.0000000000000000000, 0.0000000000000000000, 1.000000000000000000 ) ) ;
#10874 = AXIS2_PLACEMENT_3D ( 'NONE', #3299, #10577, #4337 ) ;
#10875 = LINE ( 'NONE', #4709, #2595 ) ;
#10876 = VERTEX_POINT ( 'NONE', #10206 ) ;
#10877 = SURFACE_SIDE_STYLE ('',( #8454 ) ) ;
#10878 = DIRECTION ( 'NONE',  ( 0.0000000000000000000, 0.0000000000000000000, -1.000000000000000000 ) ) ;
#10879 = VECTOR ( 'NONE', #3904, 1000.000000000000000 ) ;
#10880 = VECTOR ( 'NONE', #4085, 1000.000000000000000 ) ;
#10881 = ORIENTED_EDGE ( 'NONE', *, *, #6776, .T. ) ;
#10882 = MECHANICAL_DESIGN_GEOMETRIC_PRESENTATION_REPRESENTATION (  '', ( #8790 ), #11541 ) ;
#10883 = PLANE ( 'NONE',  #10828 ) ;
#10884 =( NAMED_UNIT ( * ) SI_UNIT ( $, .STERADIAN. ) SOLID_ANGLE_UNIT ( ) );
#10885 = VECTOR ( 'NONE', #6968, 1000.000000000000000 ) ;
#10886 = COLOUR_RGB ( '',0.7490196078431372600, 1.000000000000000000, 1.000000000000000000 ) ;
#10888 = PRESENTATION_LAYER_ASSIGNMENT (  '', '', ( #11542 ) ) ;
#10887 = SURFACE_SIDE_STYLE ('',( #226 ) ) ;
#10889 = ORIENTED_EDGE ( 'NONE', *, *, #4359, .F. ) ;
#10890 = LINE ( 'NONE', #12985, #2929 ) ;
#10891 = STYLED_ITEM ( 'NONE', ( #12765 ), #8264 ) ;
#10892 = MECHANICAL_DESIGN_GEOMETRIC_PRESENTATION_REPRESENTATION (  '', ( #9501 ), #11550 ) ;
#10893 = EDGE_CURVE ( 'NONE', #5971, #1644, #6031, .T. ) ;
#10894 = ORIENTED_EDGE ( 'NONE', *, *, #2209, .F. ) ;
#10895 = LINE ( 'NONE', #7537, #2617 ) ;
#10896 = FACE_OUTER_BOUND ( 'NONE', #10702, .T. ) ;
#10897 = SURFACE_STYLE_USAGE ( .BOTH. , #10877 ) ;
#10898 = DIRECTION ( 'NONE',  ( 1.000000000000000000, -0.0000000000000000000, -0.0000000000000000000 ) ) ;
#10899 = SURFACE_STYLE_FILL_AREA ( #11258 ) ;
#10900 = CARTESIAN_POINT ( 'NONE',  ( 5.333999999999999600, -1.778000000000000200, -7.747000000000000800 ) ) ;
#10901 = EDGE_LOOP ( 'NONE', ( #5425, #3335, #4576, #10652 ) ) ;
#10902 = DIRECTION ( 'NONE',  ( 1.000000000000000000, -0.0000000000000000000, -0.0000000000000000000 ) ) ;
#10903 = SURFACE_SIDE_STYLE ('',( #9468 ) ) ;
#10904 =( NAMED_UNIT ( * ) PLANE_ANGLE_UNIT ( ) SI_UNIT ( $, .RADIAN. ) );
#10905 = CARTESIAN_POINT ( 'NONE',  ( -9.090000012438856900, 3.705154818744400100, 9.916091947152029500 ) ) ;
#10906 = CARTESIAN_POINT ( 'NONE',  ( -2.032000002849999400, 9.845799999500002300, 3.505199999999999900 ) ) ;
#10907 =( LENGTH_UNIT ( ) NAMED_UNIT ( * ) SI_UNIT ( .MILLI., .METRE. ) );
#10908 = AXIS2_PLACEMENT_3D ( 'NONE', #4980, #12199, #6033 ) ;
#10909 = CARTESIAN_POINT ( 'NONE',  ( 1.778000000000000000, 0.0000000000000000000, -10.46480000000000000 ) ) ;
#10910 = PRESENTATION_STYLE_ASSIGNMENT (( #7628 ) ) ;
#10911 = ADVANCED_FACE ( 'NONE', ( #3268 ), #4728, .T. ) ;
#10912 = ORIENTED_EDGE ( 'NONE', *, *, #7385, .F. ) ;
#10913 = VECTOR ( 'NONE', #2285, 1000.000000000000200 ) ;
#10914 = LINE ( 'NONE', #12315, #4247 ) ;
#10915 = DIRECTION ( 'NONE',  ( -1.000000000000000000, 0.0000000000000000000, 0.0000000000000000000 ) ) ;
#10916 = PLANE ( 'NONE',  #1328 ) ;
#10917 =( GEOMETRIC_REPRESENTATION_CONTEXT ( 3 ) GLOBAL_UNCERTAINTY_ASSIGNED_CONTEXT ( ( #4018 ) ) GLOBAL_UNIT_ASSIGNED_CONTEXT ( ( #2181, #9469, #3241 ) ) REPRESENTATION_CONTEXT ( 'NONE', 'WORKASPACE' ) );
#10918 = VERTEX_POINT ( 'NONE', #3038 ) ;
#10919 = FILL_AREA_STYLE_COLOUR ( '', #10607 ) ;
#10920 = CARTESIAN_POINT ( 'NONE',  ( 1.270000000000000000, -1.778000000000000200, -7.935942080000001100 ) ) ;
#10921 = LINE ( 'NONE', #9912, #167 ) ;
#10922 = ORIENTED_EDGE ( 'NONE', *, *, #9590, .F. ) ;
#10923 = COLOUR_RGB ( '',0.7490196078431372600, 1.000000000000000000, 1.000000000000000000 ) ;
#10924 = DIRECTION ( 'NONE',  ( 0.0000000000000000000, 0.0000000000000000000, 1.000000000000000000 ) ) ;
#10925 = SURFACE_STYLE_USAGE ( .BOTH. , #3649 ) ;
#10926 = CIRCLE ( 'NONE', #9835, 0.2327200929999988200 ) ;
#10927 = SURFACE_STYLE_FILL_AREA ( #8909 ) ;
#10928 = UNCERTAINTY_MEASURE_WITH_UNIT (LENGTH_MEASURE( 1.000000000000000100E-005 ), #5769, 'distance_accuracy_value', 'NONE');
#10929 = AXIS2_PLACEMENT_3D ( 'NONE', #7868, #1646, #8913 ) ;
#10930 = DIRECTION ( 'NONE',  ( -0.0000000000000000000, -0.0000000000000000000, 1.000000000000000000 ) ) ;
#10931 =( LENGTH_UNIT ( ) NAMED_UNIT ( * ) SI_UNIT ( .MILLI., .METRE. ) );
#10932 = EDGE_CURVE ( 'NONE', #410, #8393, #10262, .T. ) ;
#10933 = EDGE_CURVE ( 'NONE', #4092, #8838, #7495, .T. ) ;
#10934 = VECTOR ( 'NONE', #3316, 1000.000000000000000 ) ;
#10935 =( NAMED_UNIT ( * ) PLANE_ANGLE_UNIT ( ) SI_UNIT ( $, .RADIAN. ) );
#10936 = SURFACE_SIDE_STYLE ('',( #9893 ) ) ;
#10937 = AXIS2_PLACEMENT_3D ( 'NONE', #5589, #5545, #11100 ) ;
#10938 = DIRECTION ( 'NONE',  ( 0.0000000000000000000, 1.000000000000000000, 0.0000000000000000000 ) ) ;
#10939 = SURFACE_STYLE_USAGE ( .BOTH. , #10979 ) ;
#10940 = MECHANICAL_DESIGN_GEOMETRIC_PRESENTATION_REPRESENTATION (  '', ( #8845 ), #11598 ) ;
#10941 = CIRCLE ( 'NONE', #11221, 0.5000000000000004400 ) ;
#10942 = MECHANICAL_DESIGN_GEOMETRIC_PRESENTATION_REPRESENTATION (  '', ( #8846 ), #11599 ) ;
#10943 = CARTESIAN_POINT ( 'NONE',  ( -5.950000000000000200, 4.770799999999999500, 3.505199999999999900 ) ) ;
#10944 = DIRECTION ( 'NONE',  ( 0.03594029056241360800, 0.0000000000000000000, -0.9993539390597754300 ) ) ;
#10945 = PLANE ( 'NONE',  #6523 ) ;
#10946 = ORIENTED_EDGE ( 'NONE', *, *, #5363, .T. ) ;
#10947 =( NAMED_UNIT ( * ) SI_UNIT ( $, .STERADIAN. ) SOLID_ANGLE_UNIT ( ) );
#10948 = DIRECTION ( 'NONE',  ( 0.0000000000000000000, -1.000000000000000000, 0.0000000000000000000 ) ) ;
#10949 = EDGE_CURVE ( 'NONE', #1348, #3858, #2293, .T. ) ;
#10950 =( GEOMETRIC_REPRESENTATION_CONTEXT ( 3 ) GLOBAL_UNCERTAINTY_ASSIGNED_CONTEXT ( ( #5734 ) ) GLOBAL_UNIT_ASSIGNED_CONTEXT ( ( #5523, #12727, #6553 ) ) REPRESENTATION_CONTEXT ( 'NONE', 'WORKASPACE' ) );
#10951 = CARTESIAN_POINT ( 'NONE',  ( -4.829075255999998500, -1.778000000000000200, 0.2782206890000000800 ) ) ;
#10952 = CARTESIAN_POINT ( 'NONE',  ( 7.264399999999999300, 0.0000000000000000000, 4.953000000000001200 ) ) ;
#10953 = VERTEX_POINT ( 'NONE', #12345 ) ;
#10954 = UNCERTAINTY_MEASURE_WITH_UNIT (LENGTH_MEASURE( 1.000000000000000100E-005 ), #2229, 'distance_accuracy_value', 'NONE');
#10955 = ORIENTED_EDGE ( 'NONE', *, *, #2681, .F. ) ;
#10956 = CARTESIAN_POINT ( 'NONE',  ( -8.889999999999998800, 10.74927999939675000, 12.06500000000000300 ) ) ;
#10957 = FILL_AREA_STYLE ('',( #6767 ) ) ;
#10958 = PRESENTATION_LAYER_ASSIGNMENT (  '', '', ( #10274 ) ) ;
#10959 = COLOUR_RGB ( '',0.7529411764705882200, 1.000000000000000000, 1.000000000000000000 ) ;
#10960 = PRESENTATION_LAYER_ASSIGNMENT (  '', '', ( #9583 ) ) ;
#10961 = PRESENTATION_STYLE_ASSIGNMENT (( #5283 ) ) ;
#10962 = AXIS2_PLACEMENT_3D ( 'NONE', #7765, #1531, #8814 ) ;
#10963 = DIRECTION ( 'NONE',  ( -1.000000000000000000, 1.734723475976806500E-015, 0.0000000000000000000 ) ) ;
#10964 = EDGE_CURVE ( 'NONE', #3902, #690, #12641, .T. ) ;
#10965 = ORIENTED_EDGE ( 'NONE', *, *, #5613, .T. ) ;
#10966 = FILL_AREA_STYLE ('',( #9949 ) ) ;
#10967 =( GEOMETRIC_REPRESENTATION_CONTEXT ( 3 ) GLOBAL_UNCERTAINTY_ASSIGNED_CONTEXT ( ( #3278 ) ) GLOBAL_UNIT_ASSIGNED_CONTEXT ( ( #1358, #8645, #2426 ) ) REPRESENTATION_CONTEXT ( 'NONE', 'WORKASPACE' ) );
#10968 = CARTESIAN_POINT ( 'NONE',  ( 5.983580289999999900, 7.039604364000000600, 10.36402441600000100 ) ) ;
#10969 = UNCERTAINTY_MEASURE_WITH_UNIT (LENGTH_MEASURE( 1.000000000000000100E-005 ), #2214, 'distance_accuracy_value', 'NONE');
#10970 = ADVANCED_FACE ( 'NONE', ( #4397 ), #5876, .T. ) ;
#10971 = PRODUCT_DEFINITION_SHAPE ( 'NONE', 'NONE',  #7684 ) ;
#10972 = EDGE_LOOP ( 'NONE', ( #4246, #5436, #7460, #6008 ) ) ;
#10973 = VERTEX_POINT ( 'NONE', #9359 ) ;
#10974 = STYLED_ITEM ( 'NONE', ( #9823 ), #10452 ) ;
#10975 = CARTESIAN_POINT ( 'NONE',  ( -4.027795055999998700, 10.79499999999999800, 3.784029870000000400 ) ) ;
#10976 = VERTEX_POINT ( 'NONE', #3136 ) ;
#10977 =( NAMED_UNIT ( * ) PLANE_ANGLE_UNIT ( ) SI_UNIT ( $, .RADIAN. ) );
#10978 = DIRECTION ( 'NONE',  ( -0.7981611588096800800, 0.6024439928886241600, 0.0000000000000000000 ) ) ;
#10979 = SURFACE_SIDE_STYLE ('',( #8784 ) ) ;
#10980 = LINE ( 'NONE', #11068, #7892 ) ;
#10981 = PRESENTATION_STYLE_ASSIGNMENT (( #4646 ) ) ;
#10982 = DIRECTION ( 'NONE',  ( 0.0000000000000000000, -0.6024439893196357200, -0.7981611615035165700 ) ) ;
#10983 = ORIENTED_EDGE ( 'NONE', *, *, #2132, .F. ) ;
#10984 =( GEOMETRIC_REPRESENTATION_CONTEXT ( 3 ) GLOBAL_UNCERTAINTY_ASSIGNED_CONTEXT ( ( #2514 ) ) GLOBAL_UNIT_ASSIGNED_CONTEXT ( ( #1510, #8788, #2575 ) ) REPRESENTATION_CONTEXT ( 'NONE', 'WORKASPACE' ) );
#10985 = ORIENTED_EDGE ( 'NONE', *, *, #9360, .T. ) ;
#10986 = DIRECTION ( 'NONE',  ( 0.0000000000000000000, -1.000000000000000000, 0.0000000000000000000 ) ) ;
#10987 = COLOUR_RGB ( '',0.7490196078431372600, 1.000000000000000000, 1.000000000000000000 ) ;
#10988 = EDGE_LOOP ( 'NONE', ( #2230, #13395, #12544, #8589 ) ) ;
#10989 = DIRECTION ( 'NONE',  ( -0.0000000000000000000, -1.000000000000000000, -0.0000000000000000000 ) ) ;
#10990 =( NAMED_UNIT ( * ) PLANE_ANGLE_UNIT ( ) SI_UNIT ( $, .RADIAN. ) );
#10991 = UNCERTAINTY_MEASURE_WITH_UNIT (LENGTH_MEASURE( 1.000000000000000100E-005 ), #379, 'distance_accuracy_value', 'NONE');
#10992 = DIRECTION ( 'NONE',  ( -1.000000000000000000, -8.537024980200800100E-016, 0.0000000000000000000 ) ) ;
#10993 = COLOUR_RGB ( '',0.7490196078431372600, 1.000000000000000000, 1.000000000000000000 ) ;
#10994 = ORIENTED_EDGE ( 'NONE', *, *, #2689, .T. ) ;
#10995 = ORIENTED_EDGE ( 'NONE', *, *, #4223, .T. ) ;
#10996 = CARTESIAN_POINT ( 'NONE',  ( 8.890000000000000600, -1.165775448000000000, -1.778000000566419800 ) ) ;
#10997 = SURFACE_STYLE_FILL_AREA ( #10709 ) ;
#10998 = EDGE_CURVE ( 'NONE', #13356, #513, #3415, .T. ) ;
#10999 = ORIENTED_EDGE ( 'NONE', *, *, #5800, .T. ) ;
#11000 = CARTESIAN_POINT ( 'NONE',  ( -8.890000000000000600, 0.0000000000000000000, -8.664998163999998200 ) ) ;
#11002 =( NAMED_UNIT ( * ) PLANE_ANGLE_UNIT ( ) SI_UNIT ( $, .RADIAN. ) );
#11001 = VECTOR ( 'NONE', #3763, 1000.000000000000000 ) ;
#11003 = AXIS2_PLACEMENT_3D ( 'NONE', #7837, #8878, #2716 ) ;
#11004 = CARTESIAN_POINT ( 'NONE',  ( -8.890000000000000600, 7.948998325999999900, -2.211001673999999800 ) ) ;
#11005 = VECTOR ( 'NONE', #4344, 1000.000000000000000 ) ;
#11006 = VERTEX_POINT ( 'NONE', #5219 ) ;
#11007 = COLOUR_RGB ( '',0.7490196078431372600, 1.000000000000000000, 1.000000000000000000 ) ;
#11008 = EDGE_CURVE ( 'NONE', #6619, #6785, #3116, .T. ) ;
#11009 = ORIENTED_EDGE ( 'NONE', *, *, #8671, .T. ) ;
#11010 = PRESENTATION_STYLE_ASSIGNMENT (( #8582 ) ) ;
#11011 =( LENGTH_UNIT ( ) NAMED_UNIT ( * ) SI_UNIT ( .MILLI., .METRE. ) );
#11012 = CARTESIAN_POINT ( 'NONE',  ( -7.772400000000001100, -1.778000000000000200, 8.000999999999999400 ) ) ;
#11013 = LINE ( 'NONE', #125, #10710 ) ;
#11014 = EDGE_CURVE ( 'NONE', #5460, #9525, #629, .T. ) ;
#11015 = CARTESIAN_POINT ( 'NONE',  ( -9.080599718250351100, 10.39713725388162400, 8.832389710641598100 ) ) ;
#11016 = CIRCLE ( 'NONE', #9663, 2.457802204000000500 ) ;
#11017 =( NAMED_UNIT ( * ) PLANE_ANGLE_UNIT ( ) SI_UNIT ( $, .RADIAN. ) );
#11018 = CARTESIAN_POINT ( 'NONE',  ( -5.804110354999999700, 10.65445416700000100, 11.56604519000000100 ) ) ;
#11019 = ORIENTED_EDGE ( 'NONE', *, *, #570, .T. ) ;
#11020 = UNCERTAINTY_MEASURE_WITH_UNIT (LENGTH_MEASURE( 1.000000000000000100E-005 ), #6407, 'distance_accuracy_value', 'NONE');
#11021 = ORIENTED_EDGE ( 'NONE', *, *, #8058, .T. ) ;
#11022 = COLOUR_RGB ( '',0.7490196078431372600, 1.000000000000000000, 1.000000000000000000 ) ;
#11023 = CARTESIAN_POINT ( 'NONE',  ( 5.558199273532160600, 11.24761946629574200, 4.731681872276331200 ) ) ;
#11024 = DIRECTION ( 'NONE',  ( 0.0000000000000000000, 0.0000000000000000000, -1.000000000000000000 ) ) ;
#11025 = SURFACE_SIDE_STYLE ('',( #7736 ) ) ;
#11026 = VECTOR ( 'NONE', #9269, 1000.000000000000000 ) ;
#11027 = VERTEX_POINT ( 'NONE', #3170 ) ;
#11028 = CARTESIAN_POINT ( 'NONE',  ( -3.809999999999999600, -1.778000000000000200, -10.10920000000000100 ) ) ;
#11029 = LINE ( 'NONE', #7132, #8275 ) ;
#11030 = PRESENTATION_LAYER_ASSIGNMENT (  '', '', ( #8953 ) ) ;
#11031 = LINE ( 'NONE', #688, #3092 ) ;
#11032 = ADVANCED_FACE ( 'NONE', ( #5536 ), #9397, .F. ) ;
#11033 = STYLED_ITEM ( 'NONE', ( #4682 ), #1001 ) ;
#11034 = STYLED_ITEM ( 'NONE', ( #2898 ), #7362 ) ;
#11035 = ORIENTED_EDGE ( 'NONE', *, *, #7548, .T. ) ;
#11036 = PLANE ( 'NONE',  #10529 ) ;
#11037 = CARTESIAN_POINT ( 'NONE',  ( -8.890000000000000600, 10.04879397418453700, -3.781386573399692500 ) ) ;
#11038 = CIRCLE ( 'NONE', #10119, 0.5079999999999997900 ) ;
#11039 = SURFACE_STYLE_FILL_AREA ( #9115 ) ;
#11040 = CYLINDRICAL_SURFACE ( 'NONE', #9481, 0.1270000000000003900 ) ;
#11041 = VECTOR ( 'NONE', #13405, 1000.000000000000000 ) ;
#11042 = PLANE ( 'NONE',  #1604 ) ;
#11043 = STYLED_ITEM ( 'NONE', ( #8697 ), #9367 ) ;
#11044 = ORIENTED_EDGE ( 'NONE', *, *, #2277, .F. ) ;
#11045 = FILL_AREA_STYLE_COLOUR ( '', #1325 ) ;
#11046 = ORIENTED_EDGE ( 'NONE', *, *, #12048, .F. ) ;
#11047 = ORIENTED_EDGE ( 'NONE', *, *, #5065, .F. ) ;
#11048 = VECTOR ( 'NONE', #66, 1000.000000000000000 ) ;
#11049 = SURFACE_SIDE_STYLE ('',( #4749 ) ) ;
#11051 = MECHANICAL_DESIGN_GEOMETRIC_PRESENTATION_REPRESENTATION (  '', ( #8979 ), #11714 ) ;
#11050 = DIRECTION ( 'NONE',  ( 1.000000000000000000, 0.0000000000000000000, 0.0000000000000000000 ) ) ;
#11052 = SURFACE_STYLE_FILL_AREA ( #6327 ) ;
#11053 = SURFACE_STYLE_USAGE ( .BOTH. , #3794 ) ;
#11054 = LINE ( 'NONE', #10672, #7324 ) ;
#11055 = ORIENTED_EDGE ( 'NONE', *, *, #2790, .F. ) ;
#11056 = UNCERTAINTY_MEASURE_WITH_UNIT (LENGTH_MEASURE( 1.000000000000000100E-005 ), #8707, 'distance_accuracy_value', 'NONE');
#11057 = SURFACE_SIDE_STYLE ('',( #6409 ) ) ;
#11058 = DIRECTION ( 'NONE',  ( -1.000000000000000000, -0.0000000000000000000, -0.0000000000000000000 ) ) ;
#11059 = PLANE ( 'NONE',  #10633 ) ;
#11060 = SURFACE_STYLE_USAGE ( .BOTH. , #3804 ) ;
#11061 = DIRECTION ( 'NONE',  ( -1.000000000000000000, 0.0000000000000000000, 0.0000000000000000000 ) ) ;
#11062 = DIRECTION ( 'NONE',  ( 0.0000000000000000000, 0.7071067811865474600, -0.7071067811865474600 ) ) ;
#11063 = FILL_AREA_STYLE ('',( #11757 ) ) ;
#11064 = ORIENTED_EDGE ( 'NONE', *, *, #12371, .F. ) ;
#11065 = COLOUR_RGB ( '',0.7529411764705882200, 1.000000000000000000, 1.000000000000000000 ) ;
#11066 = DIRECTION ( 'NONE',  ( -1.000000000000000000, 0.0000000000000000000, 0.0000000000000000000 ) ) ;
#11067 =( NAMED_UNIT ( * ) PLANE_ANGLE_UNIT ( ) SI_UNIT ( $, .RADIAN. ) );
#11068 = CARTESIAN_POINT ( 'NONE',  ( -8.826499999999999300, 9.229793325999999400, -3.981386681000000500 ) ) ;
#11069 = STYLED_ITEM ( 'NONE', ( #7816 ), #11244 ) ;
#11070 = FILL_AREA_STYLE ('',( #11975 ) ) ;
#11071 = VECTOR ( 'NONE', #7538, 1000.000000000000000 ) ;
#11072 = VECTOR ( 'NONE', #1529, 1000.000000000000100 ) ;
#11073 = DIRECTION ( 'NONE',  ( -0.0000000000000000000, -1.000000000000000000, -0.0000000000000000000 ) ) ;
#11074 = CIRCLE ( 'NONE', #12, 0.1269999999999999500 ) ;
#11075 = FILL_AREA_STYLE ('',( #12078 ) ) ;
#11076 = SURFACE_STYLE_USAGE ( .BOTH. , #3823 ) ;
#11077 = STYLED_ITEM ( 'NONE', ( #2807 ), #5666 ) ;
#11078 = UNCERTAINTY_MEASURE_WITH_UNIT (LENGTH_MEASURE( 1.000000000000000100E-005 ), #11602, 'distance_accuracy_value', 'NONE');
#11079 = DIRECTION ( 'NONE',  ( -1.000000000000000000, -0.0000000000000000000, -0.0000000000000000000 ) ) ;
#11080 = FILL_AREA_STYLE_COLOUR ( '', #3709 ) ;
#11081 = COLOUR_RGB ( '',0.7490196078431372600, 1.000000000000000000, 1.000000000000000000 ) ;
#11082 = DIRECTION ( 'NONE',  ( -8.537024980200826700E-016, 1.000000000000000000, 0.0000000000000000000 ) ) ;
#11083 = DIRECTION ( 'NONE',  ( -0.6948958118341513900, 0.0000000000000000000, 0.7191104301116454400 ) ) ;
#11084 = VERTEX_POINT ( 'NONE', #7345 ) ;
#11085 = ORIENTED_EDGE ( 'NONE', *, *, #12697, .F. ) ;
#11086 = EDGE_CURVE ( 'NONE', #4661, #5121, #7323, .T. ) ;
#11087 = CARTESIAN_POINT ( 'NONE',  ( 8.890000000000000600, 10.54099999999999900, 10.83254115400000100 ) ) ;
#11088 = CARTESIAN_POINT ( 'NONE',  ( 8.890000000000000600, 0.0000000000000000000, -12.06500000000000100 ) ) ;
#11089 = CARTESIAN_POINT ( 'NONE',  ( 8.635999999999999200, 1.750000945000000300, -9.864998812000001400 ) ) ;
#11090 = ADVANCED_FACE ( 'NONE', ( #1783 ), #4253, .T. ) ;
#11091 = EDGE_CURVE ( 'NONE', #5389, #6772, #8778, .T. ) ;
#11092 = CARTESIAN_POINT ( 'NONE',  ( -2.793999999999999600, 0.0000000000000000000, -12.06500000000000100 ) ) ;
#11093 = ORIENTED_EDGE ( 'NONE', *, *, #7873, .T. ) ;
#11094 = SURFACE_STYLE_USAGE ( .BOTH. , #3842 ) ;
#11095 = FILL_AREA_STYLE_COLOUR ( '', #11287 ) ;
#11096 = CARTESIAN_POINT ( 'NONE',  ( 4.254710354999999400, 11.06368672686432800, 11.55242241500000200 ) ) ;
#11097 = PRESENTATION_LAYER_ASSIGNMENT (  '', '', ( #9745 ) ) ;
#11098 = FILL_AREA_STYLE ('',( #1750 ) ) ;
#11099 = FILL_AREA_STYLE ('',( #13105 ) ) ;
#11100 = DIRECTION ( 'NONE',  ( 0.0000000000000000000, 0.0000000000000000000, 1.000000000000000000 ) ) ;
#11101 = SURFACE_STYLE_FILL_AREA ( #6676 ) ;
#11102 = SURFACE_STYLE_FILL_AREA ( #12586 ) ;
#11103 = AXIS2_PLACEMENT_3D ( 'NONE', #4488, #11723, #5548 ) ;
#11104 = DIRECTION ( 'NONE',  ( 0.0000000000000000000, 0.0000000000000000000, -1.000000000000000000 ) ) ;
#11105 =( NAMED_UNIT ( * ) SI_UNIT ( $, .STERADIAN. ) SOLID_ANGLE_UNIT ( ) );
#11106 =( NAMED_UNIT ( * ) PLANE_ANGLE_UNIT ( ) SI_UNIT ( $, .RADIAN. ) );
#11107 = ORIENTED_EDGE ( 'NONE', *, *, #3287, .F. ) ;
#11108 = SURFACE_STYLE_USAGE ( .BOTH. , #3857 ) ;
#11109 = EDGE_CURVE ( 'NONE', #12941, #11084, #3568, .T. ) ;
#11110 = EDGE_CURVE ( 'NONE', #4996, #3833, #11507, .T. ) ;
#11111 =( GEOMETRIC_REPRESENTATION_CONTEXT ( 3 ) GLOBAL_UNCERTAINTY_ASSIGNED_CONTEXT ( ( #4639 ) ) GLOBAL_UNIT_ASSIGNED_CONTEXT ( ( #4889, #12099, #5933 ) ) REPRESENTATION_CONTEXT ( 'NONE', 'WORKASPACE' ) );
#11112 = CARTESIAN_POINT ( 'NONE',  ( 8.890000000000000600, 8.848793326146768800, -5.381387438458844500 ) ) ;
#11113 =( NAMED_UNIT ( * ) PLANE_ANGLE_UNIT ( ) SI_UNIT ( $, .RADIAN. ) );
#11114 = VERTEX_POINT ( 'NONE', #7429 ) ;
#11115 = CARTESIAN_POINT ( 'NONE',  ( 8.635999999999999200, 0.9500005130000001000, -9.864998812000001400 ) ) ;
#11116 = AXIS2_PLACEMENT_3D ( 'NONE', #5621, #12837, #6656 ) ;
#11117 = VERTEX_POINT ( 'NONE', #2251 ) ;
#11118 =( GEOMETRIC_REPRESENTATION_CONTEXT ( 3 ) GLOBAL_UNCERTAINTY_ASSIGNED_CONTEXT ( ( #6019 ) ) GLOBAL_UNIT_ASSIGNED_CONTEXT ( ( #1571, #8843, #2648 ) ) REPRESENTATION_CONTEXT ( 'NONE', 'WORKASPACE' ) );
#11119 = SURFACE_STYLE_FILL_AREA ( #11276 ) ;
#11120 = DIRECTION ( 'NONE',  ( 0.0000000000000000000, 0.0000000000000000000, 1.000000000000000000 ) ) ;
#11121 = VECTOR ( 'NONE', #4786, 1000.000000000000000 ) ;
#11122 = DIRECTION ( 'NONE',  ( -1.000000000000000000, 0.0000000000000000000, 0.0000000000000000000 ) ) ;
#11123 = AXIS2_PLACEMENT_3D ( 'NONE', #874, #8166, #1935 ) ;
#11124 = EDGE_CURVE ( 'NONE', #7585, #891, #2940, .T. ) ;
#11125 = ORIENTED_EDGE ( 'NONE', *, *, #9234, .T. ) ;
#11126 = SURFACE_SIDE_STYLE ('',( #11386 ) ) ;
#11127 = ORIENTED_EDGE ( 'NONE', *, *, #7880, .T. ) ;
#11128 =( GEOMETRIC_REPRESENTATION_CONTEXT ( 3 ) GLOBAL_UNCERTAINTY_ASSIGNED_CONTEXT ( ( #12253 ) ) GLOBAL_UNIT_ASSIGNED_CONTEXT ( ( #12947, #6761, #522 ) ) REPRESENTATION_CONTEXT ( 'NONE', 'WORKASPACE' ) );
#11129 = FILL_AREA_STYLE_COLOUR ( '', #6094 ) ;
#11130 = DIRECTION ( 'NONE',  ( 0.0000000000000000000, 1.000000000000000000, 0.0000000000000000000 ) ) ;
#11131 = SURFACE_SIDE_STYLE ('',( #10758 ) ) ;
#11132 = ORIENTED_EDGE ( 'NONE', *, *, #10723, .T. ) ;
#11133 = LINE ( 'NONE', #9679, #1719 ) ;
#11134 = STYLED_ITEM ( 'NONE', ( #7511 ), #10717 ) ;
#11135 = CARTESIAN_POINT ( 'NONE',  ( -9.016999999999999500, 8.975793326000001600, -3.981386681000000500 ) ) ;
#11136 = FILL_AREA_STYLE_COLOUR ( '', #2878 ) ;
#11137 = ORIENTED_EDGE ( 'NONE', *, *, #1689, .T. ) ;
#11138 = ORIENTED_EDGE ( 'NONE', *, *, #2122, .F. ) ;
#11139 =( NAMED_UNIT ( * ) PLANE_ANGLE_UNIT ( ) SI_UNIT ( $, .RADIAN. ) );
#11140 = ORIENTED_EDGE ( 'NONE', *, *, #9726, .F. ) ;
#11141 = VECTOR ( 'NONE', #12155, 1000.000000000000000 ) ;
#11142 = PRESENTATION_STYLE_ASSIGNMENT (( #9651 ) ) ;
#11143 =( NAMED_UNIT ( * ) PLANE_ANGLE_UNIT ( ) SI_UNIT ( $, .RADIAN. ) );
#11144 = SURFACE_STYLE_USAGE ( .BOTH. , #3899 ) ;
#11145 = LINE ( 'NONE', #9157, #8077 ) ;
#11146 = UNCERTAINTY_MEASURE_WITH_UNIT (LENGTH_MEASURE( 1.000000000000000100E-005 ), #3942, 'distance_accuracy_value', 'NONE');
#11147 =( NAMED_UNIT ( * ) SI_UNIT ( $, .STERADIAN. ) SOLID_ANGLE_UNIT ( ) );
#11148 =( GEOMETRIC_REPRESENTATION_CONTEXT ( 3 ) GLOBAL_UNCERTAINTY_ASSIGNED_CONTEXT ( ( #8183 ) ) GLOBAL_UNIT_ASSIGNED_CONTEXT ( ( #4067, #11293, #5103 ) ) REPRESENTATION_CONTEXT ( 'NONE', 'WORKASPACE' ) );
#11149 = DIRECTION ( 'NONE',  ( 1.000000000000000000, 0.0000000000000000000, 0.0000000000000000000 ) ) ;
#11150 = LINE ( 'NONE', #543, #3208 ) ;
#11151 = ADVANCED_FACE ( 'NONE', ( #10896 ), #5395, .F. ) ;
#11152 = VERTEX_POINT ( 'NONE', #11575 ) ;
#11153 = ORIENTED_EDGE ( 'NONE', *, *, #11552, .F. ) ;
#11154 = PLANE ( 'NONE',  #1770 ) ;
#11155 = ORIENTED_EDGE ( 'NONE', *, *, #8179, .F. ) ;
#11156 = CARTESIAN_POINT ( 'NONE',  ( 4.527472041999999400, 11.04899999999999900, 3.301999996825000200 ) ) ;
#11157 = CARTESIAN_POINT ( 'NONE',  ( 8.790300481999999200, 10.40536388850000000, 10.36402441600000100 ) ) ;
#11158 = SURFACE_STYLE_FILL_AREA ( #257 ) ;
#11159 = CARTESIAN_POINT ( 'NONE',  ( 6.684242382000000800, 7.530902241999999800, 12.19470501300000000 ) ) ;
#11160 = UNCERTAINTY_MEASURE_WITH_UNIT (LENGTH_MEASURE( 1.000000000000000100E-005 ), #1268, 'distance_accuracy_value', 'NONE');
#11161 = PRESENTATION_STYLE_ASSIGNMENT (( #302 ) ) ;
#11162 = EDGE_CURVE ( 'NONE', #9448, #11117, #1941, .T. ) ;
#11163 = DIRECTION ( 'NONE',  ( 0.0000000000000000000, 0.7071067811865470200, -0.7071067811865480200 ) ) ;
#11164 = PRESENTATION_LAYER_ASSIGNMENT (  '', '', ( #9825 ) ) ;
#11166 = CARTESIAN_POINT ( 'NONE',  ( 8.635999999999999200, 0.0000000000000000000, -8.664998163999998200 ) ) ;
#11165 = FACE_OUTER_BOUND ( 'NONE', #10443, .T. ) ;
#11167 = ORIENTED_EDGE ( 'NONE', *, *, #1089, .T. ) ;
#11168 = FILL_AREA_STYLE_COLOUR ( '', #2141 ) ;
#11169 = LINE ( 'NONE', #11825, #5340 ) ;
#11170 = CARTESIAN_POINT ( 'NONE',  ( -8.608923599999997100, 10.32884636800000100, 10.36402441600000100 ) ) ;
#11171 = CARTESIAN_POINT ( 'NONE',  ( -4.737748232139559000, 3.767037727900258700E-017, -2.759504731134860400 ) ) ;
#11172 = FACE_BOUND ( 'NONE', #608, .T. ) ;
#11173 = LINE ( 'NONE', #3000, #434 ) ;
#11174 = ADVANCED_FACE ( 'NONE', ( #12621 ), #3588, .T. ) ;
#11175 = ORIENTED_EDGE ( 'NONE', *, *, #651, .T. ) ;
#11176 = PRESENTATION_LAYER_ASSIGNMENT (  '', '', ( #9833 ) ) ;
#11177 = SURFACE_STYLE_FILL_AREA ( #8889 ) ;
#11178 = PRESENTATION_LAYER_ASSIGNMENT (  '', '', ( #10505 ) ) ;
#11179 = SURFACE_STYLE_USAGE ( .BOTH. , #3940 ) ;
#11180 = CARTESIAN_POINT ( 'NONE',  ( -9.090000012947573500, 3.705154819218330800, 9.558790928999998800 ) ) ;
#11181 = LINE ( 'NONE', #7871, #3247 ) ;
#11182 = EDGE_CURVE ( 'NONE', #9190, #1725, #6345, .T. ) ;
#11183 =( NAMED_UNIT ( * ) PLANE_ANGLE_UNIT ( ) SI_UNIT ( $, .RADIAN. ) );
#11184 = ORIENTED_EDGE ( 'NONE', *, *, #10596, .T. ) ;
#11185 = SURFACE_SIDE_STYLE ('',( #3874 ) ) ;
#11186 = PRESENTATION_LAYER_ASSIGNMENT (  '', '', ( #10514 ) ) ;
#11187 = CIRCLE ( 'NONE', #1691, 0.5079999999999997900 ) ;
#11188 = SURFACE_STYLE_USAGE ( .BOTH. , #11366 ) ;
#11189 = PLANE ( 'NONE',  #13335 ) ;
#11190 = CARTESIAN_POINT ( 'NONE',  ( 2.794000000000000000, -1.778000000000000200, -7.924799999999999400 ) ) ;
#11191 = ORIENTED_EDGE ( 'NONE', *, *, #10143, .T. ) ;
#11192 = CARTESIAN_POINT ( 'NONE',  ( 8.890000000000000600, 0.0000000000000000000, -8.964998325999999900 ) ) ;
#11193 =( NAMED_UNIT ( * ) SI_UNIT ( $, .STERADIAN. ) SOLID_ANGLE_UNIT ( ) );
#11194 = VECTOR ( 'NONE', #9530, 1000.000000000000000 ) ;
#11195 =( GEOMETRIC_REPRESENTATION_CONTEXT ( 3 ) GLOBAL_UNCERTAINTY_ASSIGNED_CONTEXT ( ( #1299 ) ) GLOBAL_UNIT_ASSIGNED_CONTEXT ( ( #12050, #5890, #13086 ) ) REPRESENTATION_CONTEXT ( 'NONE', 'WORKASPACE' ) );
#11196 = VECTOR ( 'NONE', #10620, 1000.000000000000000 ) ;
#11197 = COLOUR_RGB ( '',0.7490196078431372600, 1.000000000000000000, 1.000000000000000000 ) ;
#11198 = PRESENTATION_LAYER_ASSIGNMENT (  '', '', ( #9849 ) ) ;
#11199 = EDGE_LOOP ( 'NONE', ( #3374, #4908, #10965, #10167 ) ) ;
#11200 = PRESENTATION_STYLE_ASSIGNMENT (( #9606 ) ) ;
#11201 = FILL_AREA_STYLE ('',( #2553 ) ) ;
#11202 = PRESENTATION_LAYER_ASSIGNMENT (  '', '', ( #9850 ) ) ;
#11203 = VECTOR ( 'NONE', #12667, 1000.000000000000000 ) ;
#11204 = DIRECTION ( 'NONE',  ( 0.0000000000000000000, 0.0000000000000000000, -1.000000000000000000 ) ) ;
#11205 =( NAMED_UNIT ( * ) SI_UNIT ( $, .STERADIAN. ) SOLID_ANGLE_UNIT ( ) );
#11206 = STYLED_ITEM ( 'NONE', ( #11142 ), #12149 ) ;
#11207 = EDGE_CURVE ( 'NONE', #7410, #5008, #9120, .T. ) ;
#11208 = VERTEX_POINT ( 'NONE', #273 ) ;
#11209 = ORIENTED_EDGE ( 'NONE', *, *, #9013, .F. ) ;
#11210 = PLANE ( 'NONE',  #206 ) ;
#11211 =( LENGTH_UNIT ( ) NAMED_UNIT ( * ) SI_UNIT ( .MILLI., .METRE. ) );
#11212 = MECHANICAL_DESIGN_GEOMETRIC_PRESENTATION_REPRESENTATION (  '', ( #7744 ), #11876 ) ;
#11213 = LINE ( 'NONE', #7576, #474 ) ;
#11214 = COLOUR_RGB ( '',0.7490196078431372600, 1.000000000000000000, 1.000000000000000000 ) ;
#11215 = VECTOR ( 'NONE', #10643, 1000.000000000000000 ) ;
#11216 = VERTEX_POINT ( 'NONE', #8606 ) ;
#11217 = DIRECTION ( 'NONE',  ( 1.000000000000000000, 0.0000000000000000000, 0.0000000000000000000 ) ) ;
#11218 = CARTESIAN_POINT ( 'NONE',  ( -7.518399999999999700, -1.778000000000000200, 2.920999999999999800 ) ) ;
#11219 = AXIS2_PLACEMENT_3D ( 'NONE', #1321, #1276, #1182 ) ;
#11220 =( NAMED_UNIT ( * ) PLANE_ANGLE_UNIT ( ) SI_UNIT ( $, .RADIAN. ) );
#11221 = AXIS2_PLACEMENT_3D ( 'NONE', #8269, #2030, #9331 ) ;
#11222 = ADVANCED_FACE ( 'NONE', ( #8800 ), #9674, .F. ) ;
#11223 = VERTEX_POINT ( 'NONE', #3466 ) ;
#11224 = EDGE_LOOP ( 'NONE', ( #296, #804, #2000, #6603 ) ) ;
#11225 = STYLED_ITEM ( 'NONE', ( #3723 ), #13210 ) ;
#11226 = LINE ( 'NONE', #8074, #8478 ) ;
#11227 = VERTEX_POINT ( 'NONE', #12781 ) ;
#11228 = VERTEX_POINT ( 'NONE', #6591 ) ;
#11229 =( LENGTH_UNIT ( ) NAMED_UNIT ( * ) SI_UNIT ( .MILLI., .METRE. ) );
#11230 = CARTESIAN_POINT ( 'NONE',  ( -8.890000000000000600, 9.648859162999997400, -3.781386574598769400 ) ) ;
#11231 = AXIS2_PLACEMENT_3D ( 'NONE', #3380, #10658, #4425 ) ;
#11232 = DIRECTION ( 'NONE',  ( -0.0000000000000000000, -0.0000000000000000000, -1.000000000000000000 ) ) ;
#11233 = DIRECTION ( 'NONE',  ( 0.0000000000000000000, 1.000000000000000000, 0.0000000000000000000 ) ) ;
#11234 = VERTEX_POINT ( 'NONE', #351 ) ;
#11235 = CARTESIAN_POINT ( 'NONE',  ( 8.715588149100002000, 9.954909269000001600, 12.06500000000000100 ) ) ;
#11236 = FILL_AREA_STYLE ('',( #10207 ) ) ;
#11237 =( LENGTH_UNIT ( ) NAMED_UNIT ( * ) SI_UNIT ( .MILLI., .METRE. ) );
#11238 = DIRECTION ( 'NONE',  ( 0.0000000000000000000, 0.0000000000000000000, 1.000000000000000000 ) ) ;
#11239 = SURFACE_SIDE_STYLE ('',( #6575 ) ) ;
#11240 = MECHANICAL_DESIGN_GEOMETRIC_PRESENTATION_REPRESENTATION (  '', ( #9168 ), #11898 ) ;
#11241 = DIRECTION ( 'NONE',  ( 0.0000000000000000000, 0.0000000000000000000, -1.000000000000000000 ) ) ;
#11242 = VECTOR ( 'NONE', #5603, 1000.000000000000000 ) ;
#11243 =( BOUNDED_CURVE ( )  B_SPLINE_CURVE ( 3, ( #59, #5257, #1101, #8386 ),
 .UNSPECIFIED., .F., .F. ) 
 B_SPLINE_CURVE_WITH_KNOTS ( ( 4, 4 ),
 ( 3.929024492688553600, 5.496717743553231700 ),
 .UNSPECIFIED. ) 
 CURVE ( )  GEOMETRIC_REPRESENTATION_ITEM ( )  RATIONAL_B_SPLINE_CURVE ( ( 1.000000000000000000, 0.8054686884429692600, 0.8054686884429692600, 1.000000000000000000 ) ) 
 REPRESENTATION_ITEM ( '' )  );
#11244 = ADVANCED_FACE ( 'NONE', ( #12967 ), #1421, .F. ) ;
#11245 = EDGE_CURVE ( 'NONE', #10375, #8097, #6832, .T. ) ;
#11246 = DIRECTION ( 'NONE',  ( -1.000000000000000000, -1.707404996040159200E-015, -6.829619984160636900E-015 ) ) ;
#11247 = AXIS2_PLACEMENT_3D ( 'NONE', #5449, #7536, #11680 ) ;
#11248 = VERTEX_POINT ( 'NONE', #1472 ) ;
#11249 = DIRECTION ( 'NONE',  ( 0.0000000000000000000, 0.0000000000000000000, -1.000000000000000000 ) ) ;
#11250 = CARTESIAN_POINT ( 'NONE',  ( 8.635999999999999200, 1.658000620999999600, -10.24599881200000000 ) ) ;
#11251 = PRESENTATION_STYLE_ASSIGNMENT (( #5833 ) ) ;
#11252 =( NAMED_UNIT ( * ) SI_UNIT ( $, .STERADIAN. ) SOLID_ANGLE_UNIT ( ) );
#11253 = EDGE_CURVE ( 'NONE', #9417, #2605, #2294, .T. ) ;
#11254 = VERTEX_POINT ( 'NONE', #3559 ) ;
#11255 = FILL_AREA_STYLE ('',( #856 ) ) ;
#11256 = FILL_AREA_STYLE ('',( #7190 ) ) ;
#11257 =( NAMED_UNIT ( * ) PLANE_ANGLE_UNIT ( ) SI_UNIT ( $, .RADIAN. ) );
#11258 = FILL_AREA_STYLE ('',( #13209 ) ) ;
#11259 = EDGE_CURVE ( 'NONE', #6686, #1549, #4090, .T. ) ;
#11260 = DIRECTION ( 'NONE',  ( -1.000000000000000000, -0.0000000000000000000, -0.0000000000000000000 ) ) ;
#11261 = EDGE_CURVE ( 'NONE', #4221, #478, #9283, .T. ) ;
#11262 = CARTESIAN_POINT ( 'NONE',  ( -9.016999999999999500, 9.102793326000000500, -3.981386681000000500 ) ) ;
#11263 = CARTESIAN_POINT ( 'NONE',  ( -8.762999999999999900, 7.948998325999999900, -8.664998163999998200 ) ) ;
#11264 =( LENGTH_UNIT ( ) NAMED_UNIT ( * ) SI_UNIT ( .MILLI., .METRE. ) );
#11265 = FILL_AREA_STYLE ('',( #11095 ) ) ;
#11266 = ORIENTED_EDGE ( 'NONE', *, *, #5914, .T. ) ;
#11267 =( LENGTH_UNIT ( ) NAMED_UNIT ( * ) SI_UNIT ( .MILLI., .METRE. ) );
#11268 = STYLED_ITEM ( 'NONE', ( #6959 ), #3288 ) ;
#11269 = DIRECTION ( 'NONE',  ( 1.000000000000000000, 0.0000000000000000000, -0.0000000000000000000 ) ) ;
#11270 = FILL_AREA_STYLE ('',( #7101 ) ) ;
#11271 = LINE ( 'NONE', #4168, #534 ) ;
#11272 = STYLED_ITEM ( 'NONE', ( #8591 ), #879 ) ;
#11273 = SURFACE_STYLE_FILL_AREA ( #5922 ) ;
#11274 =( GEOMETRIC_REPRESENTATION_CONTEXT ( 3 ) GLOBAL_UNCERTAINTY_ASSIGNED_CONTEXT ( ( #6548 ) ) GLOBAL_UNIT_ASSIGNED_CONTEXT ( ( #8123, #1884, #9166 ) ) REPRESENTATION_CONTEXT ( 'NONE', 'WORKASPACE' ) );
#11275 = FILL_AREA_STYLE ('',( #11506 ) ) ;
#11276 = FILL_AREA_STYLE ('',( #4043 ) ) ;
#11277 = ORIENTED_EDGE ( 'NONE', *, *, #5969, .T. ) ;
#11278 = ORIENTED_EDGE ( 'NONE', *, *, #8512, .F. ) ;
#11279 = SURFACE_STYLE_USAGE ( .BOTH. , #4047 ) ;
#11280 = EDGE_CURVE ( 'NONE', #12311, #11650, #9623, .T. ) ;
#11281 = ADVANCED_FACE ( 'NONE', ( #6188 ), #9858, .T. ) ;
#11282 = ORIENTED_EDGE ( 'NONE', *, *, #11504, .F. ) ;
#11283 = AXIS2_PLACEMENT_3D ( 'NONE', #11744, #5577, #12784 ) ;
#11284 = CARTESIAN_POINT ( 'NONE',  ( 8.635999999999999200, -1.165775448000000000, -0.5080000000000001200 ) ) ;
#11285 = LINE ( 'NONE', #3561, #3342 ) ;
#11286 =( GEOMETRIC_REPRESENTATION_CONTEXT ( 3 ) GLOBAL_UNCERTAINTY_ASSIGNED_CONTEXT ( ( #8652 ) ) GLOBAL_UNIT_ASSIGNED_CONTEXT ( ( #11267, #5081, #12290 ) ) REPRESENTATION_CONTEXT ( 'NONE', 'WORKASPACE' ) );
#11287 = COLOUR_RGB ( '',0.7490196078431372600, 1.000000000000000000, 1.000000000000000000 ) ;
#11288 = ORIENTED_EDGE ( 'NONE', *, *, #4486, .T. ) ;
#11289 = FILL_AREA_STYLE_COLOUR ( '', #11470 ) ;
#11290 = PRESENTATION_LAYER_ASSIGNMENT (  '', '', ( #9951 ) ) ;
#11291 =( LENGTH_UNIT ( ) NAMED_UNIT ( * ) SI_UNIT ( .MILLI., .METRE. ) );
#11292 = ORIENTED_EDGE ( 'NONE', *, *, #888, .F. ) ;
#11293 =( NAMED_UNIT ( * ) PLANE_ANGLE_UNIT ( ) SI_UNIT ( $, .RADIAN. ) );
#11294 = STYLED_ITEM ( 'NONE', ( #2344 ), #12689 ) ;
#11295 = PRESENTATION_STYLE_ASSIGNMENT (( #9794 ) ) ;
#11296 =( NAMED_UNIT ( * ) SI_UNIT ( $, .STERADIAN. ) SOLID_ANGLE_UNIT ( ) );
#11297 = CARTESIAN_POINT ( 'NONE',  ( -8.890000000000000600, -1.165775448000000000, -1.143000000000000200 ) ) ;
#11298 = CARTESIAN_POINT ( 'NONE',  ( -7.772400000000001100, -1.778000000000000200, 4.953000000000001200 ) ) ;
#11299 = EDGE_LOOP ( 'NONE', ( #8679, #10510, #3035, #8553 ) ) ;
#11300 = ORIENTED_EDGE ( 'NONE', *, *, #6931, .F. ) ;
#11301 = ADVANCED_FACE ( 'NONE', ( #5221 ), #10883, .F. ) ;
#11302 = ORIENTED_EDGE ( 'NONE', *, *, #1947, .T. ) ;
#11303 = LINE ( 'NONE', #13011, #11001 ) ;
#11304 = FACE_OUTER_BOUND ( 'NONE', #12793, .T. ) ;
#11305 = DIRECTION ( 'NONE',  ( -1.000000000000000000, 0.0000000000000000000, 0.0000000000000000000 ) ) ;
#11306 = CARTESIAN_POINT ( 'NONE',  ( 4.317999999999999600, 0.0000000000000000000, -10.10920000000000100 ) ) ;
#11307 = UNCERTAINTY_MEASURE_WITH_UNIT (LENGTH_MEASURE( 1.000000000000000100E-005 ), #8519, 'distance_accuracy_value', 'NONE');
#11308 = FACE_OUTER_BOUND ( 'NONE', #3885, .T. ) ;
#11309 = CARTESIAN_POINT ( 'NONE',  ( -2.031999998730000400, 9.845799999270751000, 12.06500000000000100 ) ) ;
#11310 = SURFACE_SIDE_STYLE ('',( #3345 ) ) ;
#11311 = CARTESIAN_POINT ( 'NONE',  ( -6.299820371000001800, 0.0000000000000000000, -1.143000000000000200 ) ) ;
#11312 = CARTESIAN_POINT ( 'NONE',  ( 6.683952443999881000, 8.742905755999999000, 12.47422630100000000 ) ) ;
#11313 = VECTOR ( 'NONE', #5457, 1000.000000000000000 ) ;
#11314 = DIRECTION ( 'NONE',  ( -0.02190582995162187700, -0.7979696078431158800, 0.6022994600469391300 ) ) ;
#11315 = ORIENTED_EDGE ( 'NONE', *, *, #9855, .T. ) ;
#11316 = CARTESIAN_POINT ( 'NONE',  ( 2.793999999999999600, 0.0000000000000000000, -7.924799999999999400 ) ) ;
#11317 = CARTESIAN_POINT ( 'NONE',  ( -8.970000964000000500, 10.26972777700000000, 9.589324416000002000 ) ) ;
#11318 = FACE_OUTER_BOUND ( 'NONE', #12730, .T. ) ;
#11319 = COLOUR_RGB ( '',0.7529411764705882200, 1.000000000000000000, 1.000000000000000000 ) ;
#11320 = EDGE_LOOP ( 'NONE', ( #6146, #8879, #9376, #3477 ) ) ;
#11321 =( NAMED_UNIT ( * ) SI_UNIT ( $, .STERADIAN. ) SOLID_ANGLE_UNIT ( ) );
#11322 = PRESENTATION_LAYER_ASSIGNMENT (  '', '', ( #7170 ) ) ;
#11323 = PLANE ( 'NONE',  #6106 ) ;
#11324 = FACE_OUTER_BOUND ( 'NONE', #7349, .T. ) ;
#11325 = LINE ( 'NONE', #5220, #2745 ) ;
#11326 = EDGE_LOOP ( 'NONE', ( #3991, #10662, #3375, #317 ) ) ;
#11327 = CARTESIAN_POINT ( 'NONE',  ( 3.809999999999999200, 0.0000000000000000000, -12.06500000000000100 ) ) ;
#11328 = CARTESIAN_POINT ( 'NONE',  ( -7.264400000000000200, 0.0000000000000000000, -12.06500000000000100 ) ) ;
#11329 = SURFACE_STYLE_FILL_AREA ( #9075 ) ;
#11330 = EDGE_CURVE ( 'NONE', #3451, #276, #9787, .T. ) ;
#11331 = ORIENTED_EDGE ( 'NONE', *, *, #11552, .T. ) ;
#11332 = COLOUR_RGB ( '',0.7490196078431372600, 1.000000000000000000, 1.000000000000000000 ) ;
#11333 = CARTESIAN_POINT ( 'NONE',  ( -4.317999999999999600, -1.778000000000000200, -10.46480000000000000 ) ) ;
#11334 = CARTESIAN_POINT ( 'NONE',  ( 1.778000000000000200, -1.778000000000000200, -10.28700000000000100 ) ) ;
#11335 = EDGE_CURVE ( 'NONE', #10855, #2812, #4232, .T. ) ;
#11336 = FILL_AREA_STYLE ('',( #3217 ) ) ;
#11337 = CYLINDRICAL_SURFACE ( 'NONE', #12089, 4.317854963000002000 ) ;
#11338 = ORIENTED_EDGE ( 'NONE', *, *, #5141, .T. ) ;
#11339 = EDGE_CURVE ( 'NONE', #1681, #3725, #6986, .T. ) ;
#11340 =( NAMED_UNIT ( * ) PLANE_ANGLE_UNIT ( ) SI_UNIT ( $, .RADIAN. ) );
#11341 = ORIENTED_EDGE ( 'NONE', *, *, #3476, .F. ) ;
#11342 = LINE ( 'NONE', #2694, #8283 ) ;
#11343 = VECTOR ( 'NONE', #3847, 1000.000000000000000 ) ;
#11344 =( NAMED_UNIT ( * ) SI_UNIT ( $, .STERADIAN. ) SOLID_ANGLE_UNIT ( ) );
#11345 =( LENGTH_UNIT ( ) NAMED_UNIT ( * ) SI_UNIT ( .MILLI., .METRE. ) );
#11346 = ADVANCED_FACE ( 'NONE', ( #9446 ), #7041, .F. ) ;
#11347 = ORIENTED_EDGE ( 'NONE', *, *, #10337, .T. ) ;
#11348 = AXIS2_PLACEMENT_3D ( 'NONE', #9097, #9047, #9007 ) ;
#11349 = STYLED_ITEM ( 'NONE', ( #1959 ), #374 ) ;
#11350 = STYLED_ITEM ( 'NONE', ( #12474 ), #6877 ) ;
#11351 = ORIENTED_EDGE ( 'NONE', *, *, #2630, .T. ) ;
#11352 = DIRECTION ( 'NONE',  ( 0.0000000000000000000, 1.000000000000000000, 0.0000000000000000000 ) ) ;
#11353 =( NAMED_UNIT ( * ) PLANE_ANGLE_UNIT ( ) SI_UNIT ( $, .RADIAN. ) );
#11354 = LINE ( 'NONE', #6295, #11048 ) ;
#11355 = EDGE_CURVE ( 'NONE', #11631, #11228, #5701, .T. ) ;
#11356 = VECTOR ( 'NONE', #2544, 1000.000000000000000 ) ;
#11357 = CARTESIAN_POINT ( 'NONE',  ( 6.683662505999909500, 9.954909269380458200, 12.19470501285599100 ) ) ;
#11358 = COLOUR_RGB ( '',0.7490196078431372600, 1.000000000000000000, 1.000000000000000000 ) ;
#11359 = UNCERTAINTY_MEASURE_WITH_UNIT (LENGTH_MEASURE( 1.000000000000000100E-005 ), #3011, 'distance_accuracy_value', 'NONE');
#11360 = FILL_AREA_STYLE ('',( #2014 ) ) ;
#11361 = EDGE_CURVE ( 'NONE', #11027, #8357, #2946, .T. ) ;
#11362 = CARTESIAN_POINT ( 'NONE',  ( -4.254710354999999400, 10.96964580000000200, 11.03698555000000100 ) ) ;
#11363 = CYLINDRICAL_SURFACE ( 'NONE', #2778, 4.388936754000000400 ) ;
#11364 = ORIENTED_EDGE ( 'NONE', *, *, #12101, .F. ) ;
#11365 = VECTOR ( 'NONE', #7269, 1000.000000000000000 ) ;
#11366 = SURFACE_SIDE_STYLE ('',( #7333 ) ) ;
#11367 = FILL_AREA_STYLE_COLOUR ( '', #3016 ) ;
#11368 = PLANE ( 'NONE',  #10300 ) ;
#11369 = AXIS2_PLACEMENT_3D ( 'NONE', #11585, #5412, #12609 ) ;
#11370 =( GEOMETRIC_REPRESENTATION_CONTEXT ( 3 ) GLOBAL_UNCERTAINTY_ASSIGNED_CONTEXT ( ( #11609 ) ) GLOBAL_UNIT_ASSIGNED_CONTEXT ( ( #8869, #6122, #5895 ) ) REPRESENTATION_CONTEXT ( 'NONE', 'WORKASPACE' ) );
#11371 = COLOUR_RGB ( '',0.7490196078431372600, 1.000000000000000000, 1.000000000000000000 ) ;
#11372 = ADVANCED_FACE ( 'NONE', ( #147 ), #4016, .F. ) ;
#11373 =( GEOMETRIC_REPRESENTATION_CONTEXT ( 3 ) GLOBAL_UNCERTAINTY_ASSIGNED_CONTEXT ( ( #6261 ) ) GLOBAL_UNIT_ASSIGNED_CONTEXT ( ( #12704, #6533, #292 ) ) REPRESENTATION_CONTEXT ( 'NONE', 'WORKASPACE' ) );
#11374 = PRESENTATION_STYLE_ASSIGNMENT (( #7387 ) ) ;
#11375 = ORIENTED_EDGE ( 'NONE', *, *, #2790, .T. ) ;
#11376 = DIRECTION ( 'NONE',  ( 0.0000000000000000000, 0.0000000000000000000, 1.000000000000000000 ) ) ;
#11377 = VECTOR ( 'NONE', #8281, 1000.000000000000000 ) ;
#11378 = SURFACE_SIDE_STYLE ('',( #5054 ) ) ;
#11379 = COLOUR_RGB ( '',0.7490196078431372600, 1.000000000000000000, 1.000000000000000000 ) ;
#11380 = STYLED_ITEM ( 'NONE', ( #3670 ), #12351 ) ;
#11381 =( LENGTH_UNIT ( ) NAMED_UNIT ( * ) SI_UNIT ( .MILLI., .METRE. ) );
#11382 = EDGE_CURVE ( 'NONE', #8037, #267, #4388, .T. ) ;
#11383 = DIRECTION ( 'NONE',  ( 1.000000000000000000, 0.0000000000000000000, 0.0000000000000000000 ) ) ;
#11384 =( GEOMETRIC_REPRESENTATION_CONTEXT ( 3 ) GLOBAL_UNCERTAINTY_ASSIGNED_CONTEXT ( ( #12503 ) ) GLOBAL_UNIT_ASSIGNED_CONTEXT ( ( #8550, #2329, #9619 ) ) REPRESENTATION_CONTEXT ( 'NONE', 'WORKASPACE' ) );
#11385 = CARTESIAN_POINT ( 'NONE',  ( 5.950000000000000200, 4.770799999999999500, 3.505199999999999900 ) ) ;
#11386 = SURFACE_STYLE_FILL_AREA ( #3877 ) ;
#11387 = CARTESIAN_POINT ( 'NONE',  ( 4.317999999999999600, -1.778000000000000200, -10.10920000000000100 ) ) ;
#11388 = AXIS2_PLACEMENT_3D ( 'NONE', #11978, #11929, #11891 ) ;
#11389 = PLANE ( 'NONE',  #10496 ) ;
#11390 = PRESENTATION_LAYER_ASSIGNMENT (  '', '', ( #10026 ) ) ;
#11391 = CARTESIAN_POINT ( 'NONE',  ( -9.090344282899099700, 10.13973070442536400, 8.842354102486174500 ) ) ;
#11392 = AXIS2_PLACEMENT_3D ( 'NONE', #4299, #9588, #1294 ) ;
#11393 = LINE ( 'NONE', #10459, #665 ) ;
#11394 = ORIENTED_EDGE ( 'NONE', *, *, #6906, .F. ) ;
#11395 =( NAMED_UNIT ( * ) PLANE_ANGLE_UNIT ( ) SI_UNIT ( $, .RADIAN. ) );
#11396 = DIRECTION ( 'NONE',  ( -0.0000000000000000000, -0.0000000000000000000, -1.000000000000000000 ) ) ;
#11397 = DIRECTION ( 'NONE',  ( -1.000000000000000000, 0.0000000000000000000, 0.0000000000000000000 ) ) ;
#11398 = CARTESIAN_POINT ( 'NONE',  ( 2.286000000000000500, -1.778000000000000200, -10.28700000000000100 ) ) ;
#11399 = CARTESIAN_POINT ( 'NONE',  ( 7.772400000000000200, -1.778000000000000200, 5.207000000000000700 ) ) ;
#11400 = EDGE_CURVE ( 'NONE', #12299, #645, #7147, .T. ) ;
#11401 = CARTESIAN_POINT ( 'NONE',  ( 8.635999999999999200, 10.04879397399999900, -5.381387436999999900 ) ) ;
#11402 = CARTESIAN_POINT ( 'NONE',  ( -8.658011851999999600, 8.741739122999998600, 9.865407423000002400 ) ) ;
#11403 = VERTEX_POINT ( 'NONE', #11298 ) ;
#11404 = DIRECTION ( 'NONE',  ( 0.0000000000000000000, -1.000000000000000000, 0.0000000000000000000 ) ) ;
#11405 = ADVANCED_FACE ( 'NONE', ( #1620 ), #6150, .F. ) ;
#11406 =( LENGTH_UNIT ( ) NAMED_UNIT ( * ) SI_UNIT ( .MILLI., .METRE. ) );
#11407 = DIRECTION ( 'NONE',  ( 0.0000000000000000000, 1.000000000000000000, 0.0000000000000000000 ) ) ;
#11408 = EDGE_CURVE ( 'NONE', #9905, #2558, #3104, .T. ) ;
#11409 = CARTESIAN_POINT ( 'NONE',  ( 7.264400000000000200, 0.0000000000000000000, 7.493000000000000300 ) ) ;
#11410 = VECTOR ( 'NONE', #900, 1000.000000000000200 ) ;
#11411 = SURFACE_SIDE_STYLE ('',( #12353 ) ) ;
#11412 = STYLED_ITEM ( 'NONE', ( #3394 ), #6214 ) ;
#11413 = EDGE_LOOP ( 'NONE', ( #2121, #9154, #3747 ) ) ;
#11414 = ORIENTED_EDGE ( 'NONE', *, *, #11091, .T. ) ;
#11415 =( LENGTH_UNIT ( ) NAMED_UNIT ( * ) SI_UNIT ( .MILLI., .METRE. ) );
#11416 = CARTESIAN_POINT ( 'NONE',  ( 8.990000000000000200, -0.7111962200273691500, -0.8382000000000000600 ) ) ;
#11417 = PRESENTATION_STYLE_ASSIGNMENT (( #4295 ) ) ;
#11418 = SURFACE_SIDE_STYLE ('',( #9509 ) ) ;
#11419 = SURFACE_STYLE_FILL_AREA ( #1963 ) ;
#11420 =( NAMED_UNIT ( * ) PLANE_ANGLE_UNIT ( ) SI_UNIT ( $, .RADIAN. ) );
#11421 = STYLED_ITEM ( 'NONE', ( #3616 ), #6 ) ;
#11422 = ORIENTED_EDGE ( 'NONE', *, *, #7648, .F. ) ;
#11423 = CARTESIAN_POINT ( 'NONE',  ( 3.149999997900002000, 8.195800002000000400, 3.505199999999999900 ) ) ;
#11424 = CARTESIAN_POINT ( 'NONE',  ( -8.635999999999999200, 8.248718325491999800, -9.026401155950004800 ) ) ;
#11425 = EDGE_CURVE ( 'NONE', #7926, #469, #8608, .T. ) ;
#11426 = ORIENTED_EDGE ( 'NONE', *, *, #7881, .T. ) ;
#11427 = CARTESIAN_POINT ( 'NONE',  ( -9.011669007041401600, 10.22785107913389900, 8.838942899682900000 ) ) ;
#11428 = ADVANCED_FACE ( 'NONE', ( #306 ), #4323, .F. ) ;
#11429 = FACE_OUTER_BOUND ( 'NONE', #12746, .T. ) ;
#11430 =( LENGTH_UNIT ( ) NAMED_UNIT ( * ) SI_UNIT ( .MILLI., .METRE. ) );
#11431 = CARTESIAN_POINT ( 'NONE',  ( -1.778000000000000200, -1.778000000000000200, -10.10920000000000100 ) ) ;
#11432 = ORIENTED_EDGE ( 'NONE', *, *, #7722, .T. ) ;
#11433 = ORIENTED_EDGE ( 'NONE', *, *, #2871, .T. ) ;
#11434 = PLANE ( 'NONE',  #8976 ) ;
#11435 = MECHANICAL_DESIGN_GEOMETRIC_PRESENTATION_REPRESENTATION (  '', ( #10092 ), #12117 ) ;
#11436 =( NAMED_UNIT ( * ) SI_UNIT ( $, .STERADIAN. ) SOLID_ANGLE_UNIT ( ) );
#11437 = ORIENTED_EDGE ( 'NONE', *, *, #9140, .F. ) ;
#11438 = SURFACE_STYLE_USAGE ( .BOTH. , #4210 ) ;
#11439 = MECHANICAL_DESIGN_GEOMETRIC_PRESENTATION_REPRESENTATION (  '', ( #10095 ), #12120 ) ;
#11440 = UNCERTAINTY_MEASURE_WITH_UNIT (LENGTH_MEASURE( 1.000000000000000100E-005 ), #12276, 'distance_accuracy_value', 'NONE');
#11441 = PRESENTATION_LAYER_ASSIGNMENT (  '', '', ( #10098 ) ) ;
#11442 = VECTOR ( 'NONE', #4720, 1000.000000000000000 ) ;
#11443 = CARTESIAN_POINT ( 'NONE',  ( 5.983580289999999900, 7.039604364000000600, 10.36402441600000100 ) ) ;
#11444 = CARTESIAN_POINT ( 'NONE',  ( 3.747926352204436800, 11.04899999999999900, 11.56604519136803700 ) ) ;
#11445 = CARTESIAN_POINT ( 'NONE',  ( -5.333999999999999600, 0.0000000000000000000, -7.569200000000000400 ) ) ;
#11446 = EDGE_CURVE ( 'NONE', #10669, #12038, #10079, .T. ) ;
#11447 = COLOUR_RGB ( '',0.7529411764705882200, 1.000000000000000000, 1.000000000000000000 ) ;
#11448 = EDGE_LOOP ( 'NONE', ( #10825, #2781, #13048, #4819 ) ) ;
#11449 = ORIENTED_EDGE ( 'NONE', *, *, #5456, .T. ) ;
#11450 =( GEOMETRIC_REPRESENTATION_CONTEXT ( 3 ) GLOBAL_UNCERTAINTY_ASSIGNED_CONTEXT ( ( #7313 ) ) GLOBAL_UNIT_ASSIGNED_CONTEXT ( ( #13267, #7082, #857 ) ) REPRESENTATION_CONTEXT ( 'NONE', 'WORKASPACE' ) );
#11451 = CARTESIAN_POINT ( 'NONE',  ( 8.610600000000003400, 10.54100000000000000, 10.36402441596417700 ) ) ;
#11452 = SURFACE_SIDE_STYLE ('',( #977 ) ) ;
#11453 = EDGE_LOOP ( 'NONE', ( #12854, #10500, #11833, #3892 ) ) ;
#11454 = DIRECTION ( 'NONE',  ( 0.0000000000000000000, 0.0000000000000000000, -1.000000000000000000 ) ) ;
#11455 = LINE ( 'NONE', #8063, #5640 ) ;
#11456 = DIRECTION ( 'NONE',  ( -0.0000000000000000000, -1.000000000000000000, -0.0000000000000000000 ) ) ;
#11457 = LINE ( 'NONE', #1257, #10040 ) ;
#11458 = CYLINDRICAL_SURFACE ( 'NONE', #4939, 0.2500000000000019400 ) ;
#11459 =( NAMED_UNIT ( * ) PLANE_ANGLE_UNIT ( ) SI_UNIT ( $, .RADIAN. ) );
#11460 = STYLED_ITEM ( 'NONE', ( #12215 ), #2257 ) ;
#11461 = STYLED_ITEM ( 'NONE', ( #8998 ), #10248 ) ;
#11462 = VERTEX_POINT ( 'NONE', #10568 ) ;
#11463 = CARTESIAN_POINT ( 'NONE',  ( 8.890000000000000600, 10.74927999999999900, 0.5892800000000000300 ) ) ;
#11464 = DIRECTION ( 'NONE',  ( 0.0000000000000000000, 1.000000000000000000, 0.0000000000000000000 ) ) ;
#11465 = VECTOR ( 'NONE', #1142, 1000.000000000000000 ) ;
#11466 = STYLED_ITEM ( 'NONE', ( #10741 ), #13021 ) ;
#11467 = FACE_OUTER_BOUND ( 'NONE', #8409, .T. ) ;
#11468 = VERTEX_POINT ( 'NONE', #12644 ) ;
#11469 = COLOUR_RGB ( '',0.7490196078431372600, 1.000000000000000000, 1.000000000000000000 ) ;
#11470 = COLOUR_RGB ( '',0.7490196078431372600, 1.000000000000000000, 1.000000000000000000 ) ;
#11471 = CARTESIAN_POINT ( 'NONE',  ( 4.917327024883542600, 3.898305459020137700E-017, -2.756429475120516100 ) ) ;
#11472 = PLANE ( 'NONE',  #4650 ) ;
#11473 = UNCERTAINTY_MEASURE_WITH_UNIT (LENGTH_MEASURE( 1.000000000000000100E-005 ), #7163, 'distance_accuracy_value', 'NONE');
#11474 = ADVANCED_FACE ( 'NONE', ( #7310 ), #5432, .T. ) ;
#11475 = CARTESIAN_POINT ( 'NONE',  ( -9.051800825239020300, 10.18449994858894300, 8.840621052987730300 ) ) ;
#11476 = FACE_OUTER_BOUND ( 'NONE', #4968, .T. ) ;
#11477 = VECTOR ( 'NONE', #907, 1000.000000000000000 ) ;
#11478 = FILL_AREA_STYLE_COLOUR ( '', #8150 ) ;
#11479 = SURFACE_STYLE_USAGE ( .BOTH. , #11057 ) ;
#11480 = VECTOR ( 'NONE', #6161, 1000.000000000000000 ) ;
#11481 = PRESENTATION_LAYER_ASSIGNMENT (  '', '', ( #10129 ) ) ;
#11482 = ORIENTED_EDGE ( 'NONE', *, *, #9986, .T. ) ;
#11483 = SURFACE_STYLE_USAGE ( .BOTH. , #11528 ) ;
#11484 = CARTESIAN_POINT ( 'NONE',  ( 8.635999999999999200, 2.550001377000000500, -11.06499945999999900 ) ) ;
#11485 = SURFACE_STYLE_USAGE ( .BOTH. , #11310 ) ;
#11486 = PRESENTATION_STYLE_ASSIGNMENT (( #3990 ) ) ;
#11487 = PRESENTATION_STYLE_ASSIGNMENT (( #11951 ) ) ;
#11488 = FACE_BOUND ( 'NONE', #248, .T. ) ;
#11489 = DIRECTION ( 'NONE',  ( 0.0000000000000000000, 1.000000000000000000, 0.0000000000000000000 ) ) ;
#11490 = COLOUR_RGB ( '',0.7490196078431372600, 1.000000000000000000, 1.000000000000000000 ) ;
#11491 = UNCERTAINTY_MEASURE_WITH_UNIT (LENGTH_MEASURE( 1.000000000000000100E-005 ), #6103, 'distance_accuracy_value', 'NONE');
#11492 = ADVANCED_FACE ( 'NONE', ( #776 ), #7792, .F. ) ;
#11493 = DIRECTION ( 'NONE',  ( -0.0000000000000000000, -1.000000000000000000, -0.0000000000000000000 ) ) ;
#11494 = DIRECTION ( 'NONE',  ( 1.000000000000000000, 0.0000000000000000000, 0.0000000000000000000 ) ) ;
#11495 = EDGE_LOOP ( 'NONE', ( #2861, #1547, #11019, #4188 ) ) ;
#11496 = EDGE_CURVE ( 'NONE', #5954, #1122, #5354, .T. ) ;
#11497 = DIRECTION ( 'NONE',  ( 0.0000000000000000000, 0.0000000000000000000, -1.000000000000000000 ) ) ;
#11498 = COLOUR_RGB ( '',0.7529411764705882200, 1.000000000000000000, 1.000000000000000000 ) ;
#11499 = EDGE_LOOP ( 'NONE', ( #9722, #254, #9930, #9750 ) ) ;
#11500 = ADVANCED_FACE ( 'NONE', ( #2608 ), #1365, .F. ) ;
#11501 = CARTESIAN_POINT ( 'NONE',  ( 5.795936266058323100, 11.04899999987399700, 11.26824597628961300 ) ) ;
#11502 = DIRECTION ( 'NONE',  ( 0.0000000000000000000, 1.000000000000000000, 0.0000000000000000000 ) ) ;
#11503 = ORIENTED_EDGE ( 'NONE', *, *, #2090, .T. ) ;
#11504 = EDGE_CURVE ( 'NONE', #13348, #5211, #4062, .T. ) ;
#11505 = UNCERTAINTY_MEASURE_WITH_UNIT (LENGTH_MEASURE( 1.000000000000000100E-005 ), #6882, 'distance_accuracy_value', 'NONE');
#11506 = FILL_AREA_STYLE_COLOUR ( '', #10107 ) ;
#11507 = LINE ( 'NONE', #8475, #11194 ) ;
#11508 = EDGE_CURVE ( 'NONE', #723, #12374, #1272, .T. ) ;
#11510 = LINE ( 'NONE', #11909, #6020 ) ;
#11509 = SURFACE_STYLE_USAGE ( .BOTH. , #4275 ) ;
#11511 = PRESENTATION_STYLE_ASSIGNMENT (( #10939 ) ) ;
#11512 = ORIENTED_EDGE ( 'NONE', *, *, #8833, .F. ) ;
#11513 = DIRECTION ( 'NONE',  ( -1.000000000000000000, 0.0000000000000000000, 0.0000000000000000000 ) ) ;
#11514 = CIRCLE ( 'NONE', #1357, 0.1270000000000003900 ) ;
#11515 = FILL_AREA_STYLE ('',( #7365 ) ) ;
#11516 =( NAMED_UNIT ( * ) SI_UNIT ( $, .STERADIAN. ) SOLID_ANGLE_UNIT ( ) );
#11517 = DIRECTION ( 'NONE',  ( 0.0000000000000000000, 1.000000000000000000, 0.0000000000000000000 ) ) ;
#11518 = LINE ( 'NONE', #3985, #8795 ) ;
#11519 = AXIS2_PLACEMENT_3D ( 'NONE', #1169, #303, #247 ) ;
#11520 = UNCERTAINTY_MEASURE_WITH_UNIT (LENGTH_MEASURE( 1.000000000000000100E-005 ), #8665, 'distance_accuracy_value', 'NONE');
#11521 = LINE ( 'NONE', #10788, #8799 ) ;
#11522 = SURFACE_STYLE_FILL_AREA ( #6554 ) ;
#11523 = PRESENTATION_STYLE_ASSIGNMENT (( #9015 ) ) ;
#11524 = ORIENTED_EDGE ( 'NONE', *, *, #5998, .F. ) ;
#11525 = LINE ( 'NONE', #10103, #3592 ) ;
#11526 =( NAMED_UNIT ( * ) SI_UNIT ( $, .STERADIAN. ) SOLID_ANGLE_UNIT ( ) );
#11527 = PRESENTATION_LAYER_ASSIGNMENT (  '', '', ( #10161 ) ) ;
#11528 = SURFACE_SIDE_STYLE ('',( #2093 ) ) ;
#11529 = DIRECTION ( 'NONE',  ( 1.000000000000000000, 0.0000000000000000000, 0.0000000000000000000 ) ) ;
#11530 = SURFACE_SIDE_STYLE ('',( #4973 ) ) ;
#11531 = EDGE_CURVE ( 'NONE', #8560, #12228, #6807, .T. ) ;
#11532 = CARTESIAN_POINT ( 'NONE',  ( -8.890000000019567100, 10.33011169779807800, 8.834984317910937100 ) ) ;
#11533 =( NAMED_UNIT ( * ) PLANE_ANGLE_UNIT ( ) SI_UNIT ( $, .RADIAN. ) );
#11534 = ORIENTED_EDGE ( 'NONE', *, *, #1853, .F. ) ;
#11535 = ORIENTED_EDGE ( 'NONE', *, *, #12719, .F. ) ;
#11536 = DIRECTION ( 'NONE',  ( -8.537024980200826700E-016, 1.000000000000000000, 0.0000000000000000000 ) ) ;
#11537 = EDGE_CURVE ( 'NONE', #8393, #11114, #6474, .T. ) ;
#11538 = CARTESIAN_POINT ( 'NONE',  ( 0.0000000000000000000, 10.84579999555500000, 12.06500000000000100 ) ) ;
#11539 = AXIS2_PLACEMENT_3D ( 'NONE', #5345, #12550, #6377 ) ;
#11540 = ORIENTED_EDGE ( 'NONE', *, *, #1004, .F. ) ;
#11541 =( GEOMETRIC_REPRESENTATION_CONTEXT ( 3 ) GLOBAL_UNCERTAINTY_ASSIGNED_CONTEXT ( ( #1217 ) ) GLOBAL_UNIT_ASSIGNED_CONTEXT ( ( #3767, #11017, #4797 ) ) REPRESENTATION_CONTEXT ( 'NONE', 'WORKASPACE' ) );
#11542 = STYLED_ITEM ( 'NONE', ( #3192 ), #1919 ) ;
#11543 = CARTESIAN_POINT ( 'NONE',  ( 8.635999999999999200, 1.750000945000000300, -9.991998811779964700 ) ) ;
#11544 = PRESENTATION_LAYER_ASSIGNMENT (  '', '', ( #10891 ) ) ;
#11545 = VECTOR ( 'NONE', #7834, 1000.000000000000000 ) ;
#11546 = DIRECTION ( 'NONE',  ( 0.0000000000000000000, -0.7316824847216022400, -0.6816456128749177600 ) ) ;
#11547 = LINE ( 'NONE', #2275, #3615 ) ;
#11548 = FILL_AREA_STYLE_COLOUR ( '', #7329 ) ;
#11549 = CARTESIAN_POINT ( 'NONE',  ( -4.825999999999999600, -1.778000000000000200, -7.747000000000000800 ) ) ;
#11550 =( GEOMETRIC_REPRESENTATION_CONTEXT ( 3 ) GLOBAL_UNCERTAINTY_ASSIGNED_CONTEXT ( ( #3860 ) ) GLOBAL_UNIT_ASSIGNED_CONTEXT ( ( #1098, #8384, #2163 ) ) REPRESENTATION_CONTEXT ( 'NONE', 'WORKASPACE' ) );
#11551 = SURFACE_STYLE_USAGE ( .BOTH. , #4308 ) ;
#11552 = EDGE_CURVE ( 'NONE', #9195, #8956, #945, .T. ) ;
#11553 = CARTESIAN_POINT ( 'NONE',  ( 8.636000002540001200, 11.04900000051000000, 0.4651319104899998600 ) ) ;
#11554 = DIRECTION ( 'NONE',  ( 0.0000000000000000000, 0.0000000000000000000, 1.000000000000000000 ) ) ;
#11555 = EDGE_CURVE ( 'NONE', #1053, #6948, #8926, .T. ) ;
#11556 = DIRECTION ( 'NONE',  ( 1.000000000000000000, -0.0000000000000000000, 0.0000000000000000000 ) ) ;
#11557 = ADVANCED_FACE ( 'NONE', ( #8592 ), #9810, .F. ) ;
#11558 = ORIENTED_EDGE ( 'NONE', *, *, #12174, .F. ) ;
#11559 = ORIENTED_EDGE ( 'NONE', *, *, #5963, .T. ) ;
#11560 = CARTESIAN_POINT ( 'NONE',  ( -8.826499999999999300, 2.350001268999999800, -10.24599881200000000 ) ) ;
#11561 = SURFACE_SIDE_STYLE ('',( #1262 ) ) ;
#11562 = PRESENTATION_LAYER_ASSIGNMENT (  '', '', ( #10200 ) ) ;
#11563 = SURFACE_STYLE_USAGE ( .BOTH. , #4319 ) ;
#11564 = VECTOR ( 'NONE', #3533, 1000.000000000000000 ) ;
#11565 = UNCERTAINTY_MEASURE_WITH_UNIT (LENGTH_MEASURE( 1.000000000000000100E-005 ), #4286, 'distance_accuracy_value', 'NONE');
#11566 = UNCERTAINTY_MEASURE_WITH_UNIT (LENGTH_MEASURE( 1.000000000000000100E-005 ), #12455, 'distance_accuracy_value', 'NONE');
#11567 = ADVANCED_FACE ( 'NONE', ( #13087 ), #3878, .T. ) ;
#11568 = FILL_AREA_STYLE ('',( #1000 ) ) ;
#11569 = FACE_OUTER_BOUND ( 'NONE', #9264, .T. ) ;
#11570 = DIRECTION ( 'NONE',  ( 0.0000000000000000000, 0.0000000000000000000, 1.000000000000000000 ) ) ;
#11571 = PLANE ( 'NONE',  #11896 ) ;
#11572 =( NAMED_UNIT ( * ) SI_UNIT ( $, .STERADIAN. ) SOLID_ANGLE_UNIT ( ) );
#11573 = ORIENTED_EDGE ( 'NONE', *, *, #8080, .T. ) ;
#11574 =( NAMED_UNIT ( * ) SI_UNIT ( $, .STERADIAN. ) SOLID_ANGLE_UNIT ( ) );
#11575 = CARTESIAN_POINT ( 'NONE',  ( -3.809999999999999200, 0.0000000000000000000, -10.10920000000000100 ) ) ;
#11576 = PRESENTATION_STYLE_ASSIGNMENT (( #5237 ) ) ;
#11577 =( LENGTH_UNIT ( ) NAMED_UNIT ( * ) SI_UNIT ( .MILLI., .METRE. ) );
#11578 = FILL_AREA_STYLE ('',( #9532 ) ) ;
#11579 = CARTESIAN_POINT ( 'NONE',  ( 8.890000000000000600, 5.524499999999999700, -9.864998813099999700 ) ) ;
#11580 =( LENGTH_UNIT ( ) NAMED_UNIT ( * ) SI_UNIT ( .MILLI., .METRE. ) );
#11581 = ORIENTED_EDGE ( 'NONE', *, *, #12919, .F. ) ;
#11582 = VERTEX_POINT ( 'NONE', #3645 ) ;
#11583 = PRESENTATION_LAYER_ASSIGNMENT (  '', '', ( #10228 ) ) ;
#11584 = EDGE_CURVE ( 'NONE', #3463, #7597, #12115, .T. ) ;
#11585 = CARTESIAN_POINT ( 'NONE',  ( -0.7620000000000001200, -1.778000000000000200, -7.935942080000001100 ) ) ;
#11586 = DIRECTION ( 'NONE',  ( -0.03594029056241360800, 0.0000000000000000000, -0.9993539390597754300 ) ) ;
#11587 = EDGE_CURVE ( 'NONE', #108, #12268, #6628, .T. ) ;
#11588 = FILL_AREA_STYLE ('',( #10593 ) ) ;
#11589 = CARTESIAN_POINT ( 'NONE',  ( -8.636000002539997700, 11.04899999999999900, -12.06500000000000300 ) ) ;
#11590 = VECTOR ( 'NONE', #5563, 1000.000000000000000 ) ;
#11591 = PRODUCT_DEFINITION_CONTEXT ( 'detailed design', #8748, 'design' ) ;
#11592 = VERTEX_POINT ( 'NONE', #10920 ) ;
#11593 = ORIENTED_EDGE ( 'NONE', *, *, #13169, .F. ) ;
#11594 = CARTESIAN_POINT ( 'NONE',  ( -8.890000000000000600, 2.550001377000000500, -9.864998812000001400 ) ) ;
#11595 =( LENGTH_UNIT ( ) NAMED_UNIT ( * ) SI_UNIT ( .MILLI., .METRE. ) );
#11596 = VERTEX_POINT ( 'NONE', #5744 ) ;
#11597 = AXIS2_PLACEMENT_3D ( 'NONE', #7632, #6923, #6566 ) ;
#11598 =( GEOMETRIC_REPRESENTATION_CONTEXT ( 3 ) GLOBAL_UNCERTAINTY_ASSIGNED_CONTEXT ( ( #10566 ) ) GLOBAL_UNIT_ASSIGNED_CONTEXT ( ( #8631, #9027, #9533 ) ) REPRESENTATION_CONTEXT ( 'NONE', 'WORKASPACE' ) );
#11599 =( GEOMETRIC_REPRESENTATION_CONTEXT ( 3 ) GLOBAL_UNCERTAINTY_ASSIGNED_CONTEXT ( ( #7920 ) ) GLOBAL_UNIT_ASSIGNED_CONTEXT ( ( #844, #8137, #1902 ) ) REPRESENTATION_CONTEXT ( 'NONE', 'WORKASPACE' ) );
#11600 = FILL_AREA_STYLE_COLOUR ( '', #9350 ) ;
#11601 = DIRECTION ( 'NONE',  ( -1.000000000000000000, -0.0000000000000000000, -0.0000000000000000000 ) ) ;
#11602 =( LENGTH_UNIT ( ) NAMED_UNIT ( * ) SI_UNIT ( .MILLI., .METRE. ) );
#11603 = VECTOR ( 'NONE', #9441, 1000.000000000000000 ) ;
#11604 = ORIENTED_EDGE ( 'NONE', *, *, #295, .T. ) ;
#11605 = EDGE_CURVE ( 'NONE', #7773, #7673, #11798, .T. ) ;
#11606 = SURFACE_SIDE_STYLE ('',( #1035 ) ) ;
#11607 = FILL_AREA_STYLE_COLOUR ( '', #1773 ) ;
#11608 = ORIENTED_EDGE ( 'NONE', *, *, #8010, .T. ) ;
#11609 = UNCERTAINTY_MEASURE_WITH_UNIT (LENGTH_MEASURE( 1.000000000000000100E-005 ), #8869, 'distance_accuracy_value', 'NONE');
#11610 = LINE ( 'NONE', #10790, #563 ) ;
#11611 =( LENGTH_UNIT ( ) NAMED_UNIT ( * ) SI_UNIT ( .MILLI., .METRE. ) );
#11612 = STYLED_ITEM ( 'NONE', ( #5397 ), #4052 ) ;
#11613 =( NAMED_UNIT ( * ) SI_UNIT ( $, .STERADIAN. ) SOLID_ANGLE_UNIT ( ) );
#11614 = DIRECTION ( 'NONE',  ( -1.000000000000000000, 0.0000000000000000000, 0.0000000000000000000 ) ) ;
#11615 = VERTEX_POINT ( 'NONE', #1597 ) ;
#11616 = CARTESIAN_POINT ( 'NONE',  ( 8.715588148000000100, 9.954909269000001600, 12.27084082950000100 ) ) ;
#11618 = MECHANICAL_DESIGN_GEOMETRIC_PRESENTATION_REPRESENTATION (  '', ( #10274 ), #12310 ) ;
#11617 = CARTESIAN_POINT ( 'NONE',  ( -4.917327024883543500, -1.778000000000000200, -2.756429475120516100 ) ) ;
#11619 = ADVANCED_FACE ( 'NONE', ( #1430, #763 ), #2666, .F. ) ;
#11620 = MECHANICAL_DESIGN_GEOMETRIC_PRESENTATION_REPRESENTATION (  '', ( #9583 ), #12314 ) ;
#11621 = VECTOR ( 'NONE', #10839, 1000.000000000000000 ) ;
#11622 = VERTEX_POINT ( 'NONE', #9939 ) ;
#11623 = STYLED_ITEM ( 'NONE', ( #4485 ), #12235 ) ;
#11624 = SURFACE_SIDE_STYLE ('',( #4675 ) ) ;
#11625 = PRESENTATION_STYLE_ASSIGNMENT (( #10462 ) ) ;
#11626 = EDGE_CURVE ( 'NONE', #12070, #12386, #13240, .T. ) ;
#11627 = COLOUR_RGB ( '',0.7529411764705882200, 1.000000000000000000, 1.000000000000000000 ) ;
#11628 = VECTOR ( 'NONE', #12688, 1000.000000000000000 ) ;
#11629 = SURFACE_STYLE_USAGE ( .BOTH. , #4399 ) ;
#11630 = VECTOR ( 'NONE', #5761, 1000.000000000000000 ) ;
#11631 = VERTEX_POINT ( 'NONE', #10996 ) ;
#11632 = CARTESIAN_POINT ( 'NONE',  ( -5.804110354999999700, 11.08582716786231300, 4.905350693147797300 ) ) ;
#11633 = FILL_AREA_STYLE_COLOUR ( '', #2315 ) ;
#11634 = LINE ( 'NONE', #2152, #587 ) ;
#11635 = ORIENTED_EDGE ( 'NONE', *, *, #2062, .F. ) ;
#11636 = SURFACE_STYLE_FILL_AREA ( #10636 ) ;
#11637 = FACE_OUTER_BOUND ( 'NONE', #11320, .T. ) ;
#11638 = FACE_OUTER_BOUND ( 'NONE', #5309, .T. ) ;
#11639 = DIRECTION ( 'NONE',  ( 0.0000000000000000000, 0.0000000000000000000, -1.000000000000000000 ) ) ;
#11640 = PLANE ( 'NONE',  #6086 ) ;
#11641 = STYLED_ITEM ( 'NONE', ( #5388 ), #2612 ) ;
#11642 = AXIS2_PLACEMENT_3D ( 'NONE', #4268, #11502, #5312 ) ;
#11643 =( BOUNDED_CURVE ( )  B_SPLINE_CURVE ( 3, ( #13361, #11427, #11475, #11391 ),
 .UNSPECIFIED., .F., .F. ) 
 B_SPLINE_CURVE_WITH_KNOTS ( ( 4, 4 ),
 ( 3.929488345193148400, 4.001580120042277100 ),
 .UNSPECIFIED. ) 
 CURVE ( )  GEOMETRIC_REPRESENTATION_ITEM ( )  RATIONAL_B_SPLINE_CURVE ( ( 1.000000000000000000, 0.9995669448922299700, 0.9995669448922299700, 1.000000000000000000 ) ) 
 REPRESENTATION_ITEM ( '' )  );
#11644 = DIRECTION ( 'NONE',  ( 0.0000000000000000000, 0.0000000000000000000, 1.000000000000000000 ) ) ;
#11645 =( LENGTH_UNIT ( ) NAMED_UNIT ( * ) SI_UNIT ( .MILLI., .METRE. ) );
#11646 = COLOUR_RGB ( '',0.7490196078431372600, 1.000000000000000000, 1.000000000000000000 ) ;
#11647 = COLOUR_RGB ( '',0.7529411764705882200, 1.000000000000000000, 1.000000000000000000 ) ;
#11648 = ORIENTED_EDGE ( 'NONE', *, *, #7626, .T. ) ;
#11649 = PRESENTATION_STYLE_ASSIGNMENT (( #6276 ) ) ;
#11650 = VERTEX_POINT ( 'NONE', #12000 ) ;
#11651 = DIRECTION ( 'NONE',  ( 0.0000000000000000000, 0.0000000000000000000, 1.000000000000000000 ) ) ;
#11652 = VECTOR ( 'NONE', #9757, 1000.000000000000000 ) ;
#11653 = PLANE ( 'NONE',  #8018 ) ;
#11654 = DIRECTION ( 'NONE',  ( 0.0000000000000000000, -1.000000000000000000, 0.0000000000000000000 ) ) ;
#11655 = ORIENTED_EDGE ( 'NONE', *, *, #10698, .T. ) ;
#11656 = UNCERTAINTY_MEASURE_WITH_UNIT (LENGTH_MEASURE( 1.000000000000000100E-005 ), #1581, 'distance_accuracy_value', 'NONE');
#11657 = SURFACE_STYLE_FILL_AREA ( #2606 ) ;
#11658 = ORIENTED_EDGE ( 'NONE', *, *, #3781, .F. ) ;
#11659 = STYLED_ITEM ( 'NONE', ( #11964 ), #11557 ) ;
#11660 = CARTESIAN_POINT ( 'NONE',  ( 8.890000000000000600, 2.550001372809000500, -10.51499916299999900 ) ) ;
#11661 = ORIENTED_EDGE ( 'NONE', *, *, #4420, .T. ) ;
#11662 = FACE_OUTER_BOUND ( 'NONE', #3396, .T. ) ;
#11663 =( NAMED_UNIT ( * ) SI_UNIT ( $, .STERADIAN. ) SOLID_ANGLE_UNIT ( ) );
#11664 = DIRECTION ( 'NONE',  ( 0.7191104302671856900, 0.0000000000000000000, 0.6948958116731910300 ) ) ;
#11665 = FACE_OUTER_BOUND ( 'NONE', #11453, .T. ) ;
#11666 =( NAMED_UNIT ( * ) SI_UNIT ( $, .STERADIAN. ) SOLID_ANGLE_UNIT ( ) );
#11667 = ORIENTED_EDGE ( 'NONE', *, *, #8052, .T. ) ;
#11668 = LINE ( 'NONE', #6570, #960 ) ;
#11669 = COLOUR_RGB ( '',0.7490196078431372600, 1.000000000000000000, 1.000000000000000000 ) ;
#11670 = EDGE_CURVE ( 'NONE', #10134, #4101, #10548, .T. ) ;
#11671 = PLANE ( 'NONE',  #1402 ) ;
#11672 = VERTEX_POINT ( 'NONE', #13032 ) ;
#11673 = ORIENTED_EDGE ( 'NONE', *, *, #3272, .F. ) ;
#11674 = LINE ( 'NONE', #11409, #6181 ) ;
#11675 = DIRECTION ( 'NONE',  ( -1.000000000000000000, -0.0000000000000000000, -0.0000000000000000000 ) ) ;
#11676 = DIRECTION ( 'NONE',  ( 0.6948958118341513900, 0.0000000000000000000, 0.7191104301116453300 ) ) ;
#11677 = VECTOR ( 'NONE', #7741, 1000.000000000000000 ) ;
#11678 = PRESENTATION_STYLE_ASSIGNMENT (( #3024 ) ) ;
#11679 = ORIENTED_EDGE ( 'NONE', *, *, #8499, .F. ) ;
#11680 = DIRECTION ( 'NONE',  ( 0.0000000000000000000, 0.0000000000000000000, 1.000000000000000000 ) ) ;
#11681 = SURFACE_SIDE_STYLE ('',( #142 ) ) ;
#11682 = VECTOR ( 'NONE', #7180, 1000.000000000000000 ) ;
#11684 = EDGE_CURVE ( 'NONE', #11895, #1730, #2589, .T. ) ;
#11683 = VECTOR ( 'NONE', #11407, 1000.000000000000000 ) ;
#11685 = DIRECTION ( 'NONE',  ( -1.000000000000000000, -0.0000000000000000000, -0.0000000000000000000 ) ) ;
#11686 = EDGE_LOOP ( 'NONE', ( #8722, #13212, #453, #11482 ) ) ;
#11687 = EDGE_CURVE ( 'NONE', #8202, #6686, #2249, .T. ) ;
#11688 = SURFACE_STYLE_USAGE ( .BOTH. , #11735 ) ;
#11689 = CARTESIAN_POINT ( 'NONE',  ( 4.737748232000000400, -0.8890000000000001200, -2.759504731000000300 ) ) ;
#11690 = VECTOR ( 'NONE', #10493, 1000.000000000000000 ) ;
#11691 = VECTOR ( 'NONE', #11062, 1000.000000000000100 ) ;
#11692 = UNCERTAINTY_MEASURE_WITH_UNIT (LENGTH_MEASURE( 1.000000000000000100E-005 ), #2546, 'distance_accuracy_value', 'NONE');
#11693 = ADVANCED_FACE ( 'NONE', ( #1912 ), #11042, .F. ) ;
#11694 = VECTOR ( 'NONE', #9125, 1000.000000000000000 ) ;
#11695 = EDGE_CURVE ( 'NONE', #12384, #5255, #928, .T. ) ;
#11696 = ORIENTED_EDGE ( 'NONE', *, *, #11923, .T. ) ;
#11697 = LINE ( 'NONE', #2039, #11377 ) ;
#11698 = VECTOR ( 'NONE', #5836, 1000.000000000000000 ) ;
#11699 = DIRECTION ( 'NONE',  ( -1.000000000000000000, -0.0000000000000000000, -0.0000000000000000000 ) ) ;
#11700 = DIRECTION ( 'NONE',  ( 0.0000000000000000000, 0.0000000000000000000, -1.000000000000000000 ) ) ;
#11701 = MECHANICAL_DESIGN_GEOMETRIC_PRESENTATION_REPRESENTATION (  '', ( #8953 ), #12376 ) ;
#11702 = FILL_AREA_STYLE_COLOUR ( '', #5029 ) ;
#11703 = CYLINDRICAL_SURFACE ( 'NONE', #13242, 4.555210407999998900 ) ;
#11704 = PRESENTATION_LAYER_ASSIGNMENT (  '', '', ( #11033 ) ) ;
#11705 = AXIS2_PLACEMENT_3D ( 'NONE', #7518, #1270, #8547 ) ;
#11706 =( LENGTH_UNIT ( ) NAMED_UNIT ( * ) SI_UNIT ( .MILLI., .METRE. ) );
#11707 = SURFACE_STYLE_USAGE ( .BOTH. , #4469 ) ;
#11708 = DIRECTION ( 'NONE',  ( -1.000000000000000000, 0.0000000000000000000, 0.0000000000000000000 ) ) ;
#11709 = AXIS2_PLACEMENT_3D ( 'NONE', #3653, #3700, #1660 ) ;
#11710 = DIRECTION ( 'NONE',  ( -0.0000000000000000000, -1.000000000000000000, -0.0000000000000000000 ) ) ;
#11711 = ORIENTED_EDGE ( 'NONE', *, *, #9754, .T. ) ;
#11712 = FILL_AREA_STYLE ('',( #4478 ) ) ;
#11713 = VERTEX_POINT ( 'NONE', #6946 ) ;
#11714 =( GEOMETRIC_REPRESENTATION_CONTEXT ( 3 ) GLOBAL_UNCERTAINTY_ASSIGNED_CONTEXT ( ( #12897 ) ) GLOBAL_UNIT_ASSIGNED_CONTEXT ( ( #12773, #12588, #12506 ) ) REPRESENTATION_CONTEXT ( 'NONE', 'WORKASPACE' ) );
#11715 = LINE ( 'NONE', #7824, #8996 ) ;
#11716 = SURFACE_STYLE_USAGE ( .BOTH. , #4481 ) ;
#11717 = FACE_OUTER_BOUND ( 'NONE', #1960, .T. ) ;
#11718 = DIRECTION ( 'NONE',  ( 0.0000000000000000000, -0.0000000000000000000, 1.000000000000000000 ) ) ;
#11719 =( LENGTH_UNIT ( ) NAMED_UNIT ( * ) SI_UNIT ( .MILLI., .METRE. ) );
#11720 = PLANE ( 'NONE',  #7458 ) ;
#11721 = ORIENTED_EDGE ( 'NONE', *, *, #3037, .T. ) ;
#11722 = CARTESIAN_POINT ( 'NONE',  ( 4.737748231875017700, -1.778000000000000500, 0.3664724568706616000 ) ) ;
#11723 = DIRECTION ( 'NONE',  ( 0.0000000000000000000, 0.0000000000000000000, 1.000000000000000000 ) ) ;
#11724 = CARTESIAN_POINT ( 'NONE',  ( -6.626622502000000900, 7.531149590000000900, 12.19200266121506200 ) ) ;
#11725 = SURFACE_STYLE_FILL_AREA ( #3363 ) ;
#11726 = DIRECTION ( 'NONE',  ( 0.0000000000000000000, -0.7071067811865473500, -0.7071067811865477900 ) ) ;
#11727 = PRESENTATION_STYLE_ASSIGNMENT (( #7516 ) ) ;
#11728 = CARTESIAN_POINT ( 'NONE',  ( -9.278737887408699000, 3.890746450354056300, 10.12181277185654500 ) ) ;
#11729 = AXIS2_PLACEMENT_3D ( 'NONE', #10768, #4520, #11742 ) ;
#11730 = DIRECTION ( 'NONE',  ( 0.0000000000000000000, -1.000000000000000000, 0.0000000000000000000 ) ) ;
#11731 = EDGE_LOOP ( 'NONE', ( #7288, #10179, #9865, #236 ) ) ;
#11732 = FILL_AREA_STYLE ('',( #1362 ) ) ;
#11733 = LINE ( 'NONE', #5299, #1031 ) ;
#11734 = LINE ( 'NONE', #4013, #3817 ) ;
#11735 = SURFACE_SIDE_STYLE ('',( #7930 ) ) ;
#11736 = COLOUR_RGB ( '',0.7490196078431372600, 1.000000000000000000, 1.000000000000000000 ) ;
#11737 =( LENGTH_UNIT ( ) NAMED_UNIT ( * ) SI_UNIT ( .MILLI., .METRE. ) );
#11738 = ORIENTED_EDGE ( 'NONE', *, *, #2764, .T. ) ;
#11739 = PRESENTATION_LAYER_ASSIGNMENT (  '', '', ( #11077 ) ) ;
#11740 = ORIENTED_EDGE ( 'NONE', *, *, #6400, .F. ) ;
#11741 = ORIENTED_EDGE ( 'NONE', *, *, #5271, .T. ) ;
#11742 = DIRECTION ( 'NONE',  ( 0.0000000000000000000, 0.0000000000000000000, 1.000000000000000000 ) ) ;
#11743 = FILL_AREA_STYLE ('',( #4521 ) ) ;
#11744 = CARTESIAN_POINT ( 'NONE',  ( 3.809999999999999600, -1.778000000000000200, -10.46480000000000000 ) ) ;
#11745 = ADVANCED_FACE ( 'NONE', ( #11638 ), #703, .F. ) ;
#11746 = EDGE_CURVE ( 'NONE', #9570, #5824, #7931, .T. ) ;
#11747 = VECTOR ( 'NONE', #681, 1000.000000000000000 ) ;
#11748 = ORIENTED_EDGE ( 'NONE', *, *, #7068, .F. ) ;
#11749 = ORIENTED_EDGE ( 'NONE', *, *, #11508, .T. ) ;
#11750 = DIRECTION ( 'NONE',  ( 1.000000000000000000, 0.0000000000000000000, 0.0000000000000000000 ) ) ;
#11751 = DIRECTION ( 'NONE',  ( -8.537024980200797200E-016, 1.000000000000000000, 0.0000000000000000000 ) ) ;
#11752 = UNCERTAINTY_MEASURE_WITH_UNIT (LENGTH_MEASURE( 1.000000000000000100E-005 ), #11406, 'distance_accuracy_value', 'NONE');
#11753 = EDGE_CURVE ( 'NONE', #12296, #8841, #2743, .T. ) ;
#11754 = CARTESIAN_POINT ( 'NONE',  ( -4.825999999999999600, -1.778000000000000200, -7.924799999999999400 ) ) ;
#11755 = FILL_AREA_STYLE_COLOUR ( '', #955 ) ;
#11756 = CARTESIAN_POINT ( 'NONE',  ( 3.809999999999999200, 0.0000000000000000000, -10.10920000000000100 ) ) ;
#11757 = FILL_AREA_STYLE_COLOUR ( '', #11197 ) ;
#11758 = LINE ( 'NONE', #3672, #11442 ) ;
#11759 = DIRECTION ( 'NONE',  ( 0.0000000000000000000, 1.000000000000000000, 0.0000000000000000000 ) ) ;
#11760 =( NAMED_UNIT ( * ) SI_UNIT ( $, .STERADIAN. ) SOLID_ANGLE_UNIT ( ) );
#11761 = DIRECTION ( 'NONE',  ( 1.000000000000000000, 0.0000000000000000000, 0.0000000000000000000 ) ) ;
#11762 = SURFACE_STYLE_USAGE ( .BOTH. , #9522 ) ;
#11763 = ORIENTED_EDGE ( 'NONE', *, *, #10677, .F. ) ;
#11764 = EDGE_LOOP ( 'NONE', ( #224, #10415, #6952, #7212 ) ) ;
#11765 = MECHANICAL_DESIGN_GEOMETRIC_PRESENTATION_REPRESENTATION (  '', ( #9745 ), #12452 ) ;
#11766 = FACE_OUTER_BOUND ( 'NONE', #6750, .T. ) ;
#11767 = AXIS2_PLACEMENT_3D ( 'NONE', #11985, #12059, #13323 ) ;
#11768 = EDGE_LOOP ( 'NONE', ( #8043, #11856, #140, #10221 ) ) ;
#11769 = PRESENTATION_LAYER_ASSIGNMENT (  '', '', ( #10436 ) ) ;
#11770 = DIRECTION ( 'NONE',  ( 0.0000000000000000000, 0.0000000000000000000, -1.000000000000000000 ) ) ;
#11771 = CARTESIAN_POINT ( 'NONE',  ( -5.804110354999999700, 11.37117404642888700, 11.27807826195021500 ) ) ;
#11772 = CARTESIAN_POINT ( 'NONE',  ( -5.804110354999999700, 11.04563829312290000, 11.56604519000000100 ) ) ;
#11773 = EDGE_CURVE ( 'NONE', #478, #6898, #5177, .T. ) ;
#11774 = EDGE_CURVE ( 'NONE', #5934, #8387, #13072, .T. ) ;
#11775 = EDGE_LOOP ( 'NONE', ( #12352, #8939, #2491, #1921 ) ) ;
#11776 = DIRECTION ( 'NONE',  ( 0.0002392220719450000700, -0.9999999713863998400, -0.0000000000000000000 ) ) ;
#11777 = VECTOR ( 'NONE', #9444, 1000.000000000000000 ) ;
#11778 = COLOUR_RGB ( '',0.7529411764705882200, 1.000000000000000000, 1.000000000000000000 ) ;
#11779 = ORIENTED_EDGE ( 'NONE', *, *, #3840, .F. ) ;
#11781 = CARTESIAN_POINT ( 'NONE',  ( -5.804110354999999700, 11.24761946599976300, 4.731681872000592600 ) ) ;
#11780 = CYLINDRICAL_SURFACE ( 'NONE', #8597, 0.4683488320000005500 ) ;
#11782 = SURFACE_STYLE_FILL_AREA ( #12323 ) ;
#11783 = DIRECTION ( 'NONE',  ( 0.0000000000000000000, 0.0000000000000000000, -1.000000000000000000 ) ) ;
#11784 = PRESENTATION_LAYER_ASSIGNMENT (  '', '', ( #10450 ) ) ;
#11785 = VECTOR ( 'NONE', #1190, 1000.000000000000000 ) ;
#11786 = CARTESIAN_POINT ( 'NONE',  ( 8.635999999999999200, 9.737793325659739100, -4.581387004999999800 ) ) ;
#11788 = AXIS2_PLACEMENT_3D ( 'NONE', #2851, #2899, #2950 ) ;
#11787 = FILL_AREA_STYLE ('',( #9771 ) ) ;
#11789 = LINE ( 'NONE', #3912, #12914 ) ;
#11790 = ORIENTED_EDGE ( 'NONE', *, *, #10932, .T. ) ;
#11791 = VERTEX_POINT ( 'NONE', #7033 ) ;
#11792 = FACE_OUTER_BOUND ( 'NONE', #6291, .T. ) ;
#11793 = PRESENTATION_LAYER_ASSIGNMENT (  '', '', ( #10458 ) ) ;
#11794 =( LENGTH_UNIT ( ) NAMED_UNIT ( * ) SI_UNIT ( .MILLI., .METRE. ) );
#11795 = EDGE_CURVE ( 'NONE', #5912, #2763, #12752, .T. ) ;
#11796 = LINE ( 'NONE', #9256, #1084 ) ;
#11797 = ORIENTED_EDGE ( 'NONE', *, *, #5741, .F. ) ;
#11798 = LINE ( 'NONE', #525, #3547 ) ;
#11799 = UNCERTAINTY_MEASURE_WITH_UNIT (LENGTH_MEASURE( 1.000000000000000100E-005 ), #6559, 'distance_accuracy_value', 'NONE');
#11800 = FILL_AREA_STYLE_COLOUR ( '', #11469 ) ;
#11801 = UNCERTAINTY_MEASURE_WITH_UNIT (LENGTH_MEASURE( 1.000000000000000100E-005 ), #13057, 'distance_accuracy_value', 'NONE');
#11802 = VECTOR ( 'NONE', #780, 1000.000000000000000 ) ;
#11803 = PLANE ( 'NONE',  #8350 ) ;
#11804 = CARTESIAN_POINT ( 'NONE',  ( -8.635999999999999200, 0.9500005130000001000, -10.46499913600000100 ) ) ;
#11805 = DIRECTION ( 'NONE',  ( 0.0000000000000000000, 0.0000000000000000000, 1.000000000000000000 ) ) ;
#11806 = SURFACE_SIDE_STYLE ('',( #5207 ) ) ;
#11807 = COLOUR_RGB ( '',0.7529411764705882200, 1.000000000000000000, 1.000000000000000000 ) ;
#11808 = PRESENTATION_LAYER_ASSIGNMENT (  '', '', ( #11134 ) ) ;
#11809 = PLANE ( 'NONE',  #737 ) ;
#11810 = FACE_OUTER_BOUND ( 'NONE', #12560, .T. ) ;
#11811 = VERTEX_POINT ( 'NONE', #9142 ) ;
#11812 = PRESENTATION_STYLE_ASSIGNMENT (( #511 ) ) ;
#11813 = ADVANCED_FACE ( 'NONE', ( #7281 ), #12181, .F. ) ;
#11814 = ORIENTED_EDGE ( 'NONE', *, *, #11854, .F. ) ;
#11815 = DIRECTION ( 'NONE',  ( 1.000000000000000000, -0.0000000000000000000, 0.0000000000000000000 ) ) ;
#11816 = ORIENTED_EDGE ( 'NONE', *, *, #12632, .F. ) ;
#11817 = ORIENTED_EDGE ( 'NONE', *, *, #1986, .F. ) ;
#11818 = DIRECTION ( 'NONE',  ( 1.000000000000000000, 0.0000000000000000000, 0.0000000000000000000 ) ) ;
#11819 = PRESENTATION_LAYER_ASSIGNMENT (  '', '', ( #12512 ) ) ;
#11820 = FACE_OUTER_BOUND ( 'NONE', #5990, .T. ) ;
#11821 = SURFACE_SIDE_STYLE ('',( #3391 ) ) ;
#11822 = CIRCLE ( 'NONE', #11388, 0.4999999999999987200 ) ;
#11823 = ORIENTED_EDGE ( 'NONE', *, *, #9986, .F. ) ;
#11824 = VECTOR ( 'NONE', #7501, 1000.000000000000000 ) ;
#11825 = CARTESIAN_POINT ( 'NONE',  ( -8.790300481999999200, 10.40536388850000000, 10.36402441600000100 ) ) ;
#11826 = CARTESIAN_POINT ( 'NONE',  ( 8.975279772000002200, 3.828296212999999800, 9.589324416000002000 ) ) ;
#11827 = COLOUR_RGB ( '',0.7529411764705882200, 1.000000000000000000, 1.000000000000000000 ) ;
#11828 = CARTESIAN_POINT ( 'NONE',  ( -8.635999999999999200, -1.165775448000000000, -1.778000000000000000 ) ) ;
#11829 = LINE ( 'NONE', #13228, #3917 ) ;
#11830 = VECTOR ( 'NONE', #10486, 1000.000000000000000 ) ;
#11831 = VECTOR ( 'NONE', #1286, 1000.000000000000000 ) ;
#11832 = CIRCLE ( 'NONE', #5418, 0.6350000000000001200 ) ;
#11833 = ORIENTED_EDGE ( 'NONE', *, *, #7399, .F. ) ;
#11834 = EDGE_CURVE ( 'NONE', #9826, #6065, #10707, .T. ) ;
#11835 = PRESENTATION_STYLE_ASSIGNMENT (( #8457 ) ) ;
#11836 = MECHANICAL_DESIGN_GEOMETRIC_PRESENTATION_REPRESENTATION (  '', ( #9825 ), #12525 ) ;
#11837 = FACE_OUTER_BOUND ( 'NONE', #7547, .T. ) ;
#11838 =( NAMED_UNIT ( * ) PLANE_ANGLE_UNIT ( ) SI_UNIT ( $, .RADIAN. ) );
#11839 = LINE ( 'NONE', #11218, #3931 ) ;
#11840 = SURFACE_SIDE_STYLE ('',( #6183 ) ) ;
#11841 = FACE_OUTER_BOUND ( 'NONE', #13340, .T. ) ;
#11842 = DIRECTION ( 'NONE',  ( 0.0000000000000000000, 0.0000000000000000000, -1.000000000000000000 ) ) ;
#11843 = B_SPLINE_CURVE_WITH_KNOTS ( 'NONE', 3,
 ( #2339, #2011, #1791, #5476, #5573, #5586 ),
 .UNSPECIFIED., .F., .F.,
 ( 4, 2, 4 ),
 ( 3.437736436633608100E-012, 0.0002094309128097345200, 0.0004188618221817326100 ),
 .UNSPECIFIED. ) ;
#11844 = CARTESIAN_POINT ( 'NONE',  ( -8.990000000000000200, -0.7111962200000000500, -1.447799999999999800 ) ) ;
#11845 = MECHANICAL_DESIGN_GEOMETRIC_PRESENTATION_REPRESENTATION (  '', ( #9833 ), #12530 ) ;
#11846 = CLOSED_SHELL ( 'NONE', ( #12149, #3006, #11880, #2968, #6596, #11281, #55, #11346, #2612, #10427, #7512, #10452, #1844, #11222, #9970, #11244, #930, #5877, #10359, #7433, #7238, #12479, #4433, #8389, #4765, #13359, #7025, #1155, #12496, #11032, #9840, #12552, #3106, #40, #1293, #2863, #9436, #8854, #1354, #8467, #12828, #2182, #10317, #13442, #10390, #7352, #5997, #9152, #326, #5043, #7443, #8928, #879, #11813, #8234, #10502, #3815, #5135, #3613, #11405, #186, #9058, #12428, #5735, #9476, #11693, #9131, #2191, #2675, #8132, #7643, #7145, #2267, #7902, #9634, #4243, #10172, #6061, #12562, #1919, #3537, #9271, #8997, #8309, #1218, #9367, #6314, #3224, #3973, #13293, #13021, #12351, #13382, #7772, #12631, #7314, #4284, #8105, #7090, #10793, #4235, #12313, #2026, #5927, #1051, #11619, #5329, #3143, #9554, #7569, #12762, #10844, #7214, #2106, #12171, #2943, #1636, #1966, #2733, #5666, #10093, #6732, #2323, #517, #6540, #9497, #9774, #7362, #7172, #11557, #2049, #3193, #11301, #1423, #7065, #5798, #10298, #448, #1697, #1497, #1763, #8196, #6214, #1989, #6467, #10911, #5244, #655, #4700, #3288, #9347, #13091, #6334, #12965, #12689, #12889, #4560, #4991, #9703, #10023, #11151, #132, #5108, #10219, #7838, #5074, #9299, #12504, #5208, #13246, #4362, #2390, #4495, #4149, #6810, #5322, #10148, #2167, #9191, #12074, #3215, #8584, #1001, #11372, #815, #4625, #1080, #583, #8330, #1559, #6933, #6399, #3472, #10717, #7284, #6270, #3679, #12274, #5596, #861, #2892, #4303, #8382, #6247, #5179, #10513, #11745, #5461, #4052, #8264, #5530, #11474, #63, #6124, #116, #4828, #1024, #8797, #4219, #1147, #7978, #13210, #10579, #3280, #101, #12235, #9900, #10491, #4119, #12370, #11428, #11500, #9220, #9493, #8458, #7372, #251, #8659, #3409, #1128, #2129, #12209, #3161, #2471, #2534, #4965, #3027, #8518, #10970, #12405, #3754, #11567, #6667, #13154, #6, #8438, #5401, #4905, #4294, #7003, #788, #3953, #12012, #4020, #8040, #7702, #715, #8366, #3882, #6343, #3075, #11174, #2257, #6024, #6877, #2811, #6082, #8172, #9411, #6154, #11936, #4175, #374, #5262, #1832, #11492, #13319, #10649, #10248, #5301, #3340, #4099, #961, #8720, #11090, #6196, #1888 ) ) ;
#11847 = MECHANICAL_DESIGN_GEOMETRIC_PRESENTATION_REPRESENTATION (  '', ( #10505 ), #12532 ) ;
#11848 = SURFACE_SIDE_STYLE ('',( #631 ) ) ;
#11849 = DIRECTION ( 'NONE',  ( 0.0000000000000000000, 1.000000000000000000, 0.0000000000000000000 ) ) ;
#11850 = DIRECTION ( 'NONE',  ( 1.000000000000000000, -1.707404996040159400E-015, 0.0000000000000000000 ) ) ;
#11851 = PRESENTATION_STYLE_ASSIGNMENT (( #11899 ) ) ;
#11852 = CARTESIAN_POINT ( 'NONE',  ( 6.299820371000000000, -1.778000000000000200, -1.143000000000000200 ) ) ;
#11853 = DIRECTION ( 'NONE',  ( 0.0000000000000000000, 0.0000000000000000000, 1.000000000000000000 ) ) ;
#11854 = EDGE_CURVE ( 'NONE', #6924, #2803, #9068, .T. ) ;
#11855 = ORIENTED_EDGE ( 'NONE', *, *, #7114, .F. ) ;
#11856 = ORIENTED_EDGE ( 'NONE', *, *, #8339, .T. ) ;
#11857 = MECHANICAL_DESIGN_GEOMETRIC_PRESENTATION_REPRESENTATION (  '', ( #10514 ), #12539 ) ;
#11858 = CIRCLE ( 'NONE', #4251, 0.5080000000000015600 ) ;
#11859 = EDGE_LOOP ( 'NONE', ( #7259, #7707, #3949, #1280 ) ) ;
#11860 = DIRECTION ( 'NONE',  ( -0.0000000000000000000, -1.000000000000000000, -0.0000000000000000000 ) ) ;
#11861 = CARTESIAN_POINT ( 'NONE',  ( -6.349999999999999600, -1.778000000000000200, -10.28700000000000100 ) ) ;
#11862 = DIRECTION ( 'NONE',  ( 1.000000000000000000, -0.0000000000000000000, 0.0000000000000000000 ) ) ;
#11863 = PRESENTATION_LAYER_ASSIGNMENT (  '', '', ( #12546 ) ) ;
#11864 = CARTESIAN_POINT ( 'NONE',  ( 6.349999999999999600, -1.778000000000000200, -10.28700000000000100 ) ) ;
#11865 = SURFACE_SIDE_STYLE ('',( #10398 ) ) ;
#11866 = MECHANICAL_DESIGN_GEOMETRIC_PRESENTATION_REPRESENTATION (  '', ( #9849 ), #12551 ) ;
#11867 = MECHANICAL_DESIGN_GEOMETRIC_PRESENTATION_REPRESENTATION (  '', ( #9850 ), #12553 ) ;
#11868 = VERTEX_POINT ( 'NONE', #7127 ) ;
#11869 = AXIS2_PLACEMENT_3D ( 'NONE', #11594, #5417, #12619 ) ;
#11870 = EDGE_LOOP ( 'NONE', ( #2849, #9813, #12853, #3052 ) ) ;
#11871 = EDGE_CURVE ( 'NONE', #693, #2067, #5717, .T. ) ;
#11872 = UNCERTAINTY_MEASURE_WITH_UNIT (LENGTH_MEASURE( 1.000000000000000100E-005 ), #13299, 'distance_accuracy_value', 'NONE');
#11873 = SURFACE_SIDE_STYLE ('',( #3755 ) ) ;
#11874 = FACE_OUTER_BOUND ( 'NONE', #1005, .T. ) ;
#11875 = DIRECTION ( 'NONE',  ( 0.0000000000000000000, 0.0000000000000000000, -1.000000000000000000 ) ) ;
#11876 =( GEOMETRIC_REPRESENTATION_CONTEXT ( 3 ) GLOBAL_UNCERTAINTY_ASSIGNED_CONTEXT ( ( #10611 ) ) GLOBAL_UNIT_ASSIGNED_CONTEXT ( ( #7330, #1074, #8363 ) ) REPRESENTATION_CONTEXT ( 'NONE', 'WORKASPACE' ) );
#11877 =( LENGTH_UNIT ( ) NAMED_UNIT ( * ) SI_UNIT ( .MILLI., .METRE. ) );
#11878 = DIRECTION ( 'NONE',  ( 0.0000000000000000000, 1.000000000000000000, 0.0000000000000000000 ) ) ;
#11879 = VECTOR ( 'NONE', #11770, 1000.000000000000000 ) ;
#11880 = ADVANCED_FACE ( 'NONE', ( #748 ), #5000, .T. ) ;
#11881 = EDGE_LOOP ( 'NONE', ( #9100, #2528, #8367, #6706 ) ) ;
#11882 = PRESENTATION_LAYER_ASSIGNMENT (  '', '', ( #10551 ) ) ;
#11883 = AXIS2_PLACEMENT_3D ( 'NONE', #12318, #6133, #13346 ) ;
#11884 = FILL_AREA_STYLE_COLOUR ( '', #4340 ) ;
#11885 = LINE ( 'NONE', #11385, #6395 ) ;
#11886 = PLANE ( 'NONE',  #5300 ) ;
#11887 = SURFACE_STYLE_FILL_AREA ( #12447 ) ;
#11888 = UNCERTAINTY_MEASURE_WITH_UNIT (LENGTH_MEASURE( 1.000000000000000100E-005 ), #2942, 'distance_accuracy_value', 'NONE');
#11889 = PRESENTATION_LAYER_ASSIGNMENT (  '', '', ( #11225 ) ) ;
#11890 =( LENGTH_UNIT ( ) NAMED_UNIT ( * ) SI_UNIT ( .MILLI., .METRE. ) );
#11891 = DIRECTION ( 'NONE',  ( 0.0000000000000000000, 1.000000000000000000, 0.0000000000000000000 ) ) ;
#11892 = FILL_AREA_STYLE ('',( #12067 ) ) ;
#11893 = DIRECTION ( 'NONE',  ( -0.0000000000000000000, -1.000000000000000000, -0.0000000000000000000 ) ) ;
#11894 =( NAMED_UNIT ( * ) SI_UNIT ( $, .STERADIAN. ) SOLID_ANGLE_UNIT ( ) );
#11895 = VERTEX_POINT ( 'NONE', #10326 ) ;
#11896 = AXIS2_PLACEMENT_3D ( 'NONE', #5435, #12648, #6456 ) ;
#11897 = FILL_AREA_STYLE_COLOUR ( '', #1615 ) ;
#11898 =( GEOMETRIC_REPRESENTATION_CONTEXT ( 3 ) GLOBAL_UNCERTAINTY_ASSIGNED_CONTEXT ( ( #11020 ) ) GLOBAL_UNIT_ASSIGNED_CONTEXT ( ( #6407, #178, #7469 ) ) REPRESENTATION_CONTEXT ( 'NONE', 'WORKASPACE' ) );
#11899 = SURFACE_STYLE_USAGE ( .BOTH. , #4678 ) ;
#11900 = CARTESIAN_POINT ( 'NONE',  ( -6.349999999999998800, -1.778000000000000200, -10.46480000000000200 ) ) ;
#11901 = UNCERTAINTY_MEASURE_WITH_UNIT (LENGTH_MEASURE( 1.000000000000000100E-005 ), #12910, 'distance_accuracy_value', 'NONE');
#11902 = ORIENTED_EDGE ( 'NONE', *, *, #11949, .F. ) ;
#11903 = SURFACE_SIDE_STYLE ('',( #12850 ) ) ;
#11904 = ORIENTED_EDGE ( 'NONE', *, *, #5291, .F. ) ;
#11905 = ORIENTED_EDGE ( 'NONE', *, *, #12227, .F. ) ;
#11906 = DIRECTION ( 'NONE',  ( -1.000000000000000000, 0.0000000000000000000, 0.0000000000000000000 ) ) ;
#11907 = LINE ( 'NONE', #650, #9197 ) ;
#11908 = EDGE_CURVE ( 'NONE', #8700, #1993, #7763, .T. ) ;
#11909 = CARTESIAN_POINT ( 'NONE',  ( -7.264400000000000200, -0.8890000000000001200, 8.000999999999999400 ) ) ;
#11910 =( NAMED_UNIT ( * ) PLANE_ANGLE_UNIT ( ) SI_UNIT ( $, .RADIAN. ) );
#11911 = PRESENTATION_LAYER_ASSIGNMENT (  '', '', ( #9895 ) ) ;
#11912 = LINE ( 'NONE', #9642, #11603 ) ;
#11913 = ORIENTED_EDGE ( 'NONE', *, *, #4098, .T. ) ;
#11914 = DIRECTION ( 'NONE',  ( 0.0000000000000000000, 1.000000000000000000, 0.0000000000000000000 ) ) ;
#11915 = ORIENTED_EDGE ( 'NONE', *, *, #5894, .F. ) ;
#11916 =( NAMED_UNIT ( * ) SI_UNIT ( $, .STERADIAN. ) SOLID_ANGLE_UNIT ( ) );
#11917 = ORIENTED_EDGE ( 'NONE', *, *, #1252, .F. ) ;
#11918 = EDGE_CURVE ( 'NONE', #428, #3829, #2576, .T. ) ;
#11919 = LINE ( 'NONE', #11263, #6435 ) ;
#11920 = DIRECTION ( 'NONE',  ( -0.0000000000000000000, -1.000000000000000000, -0.0000000000000000000 ) ) ;
#11921 =( LENGTH_UNIT ( ) NAMED_UNIT ( * ) SI_UNIT ( .MILLI., .METRE. ) );
#11922 = COLOUR_RGB ( '',0.7490196078431372600, 1.000000000000000000, 1.000000000000000000 ) ;
#11923 = EDGE_CURVE ( 'NONE', #2501, #4835, #13220, .T. ) ;
#11924 = EDGE_LOOP ( 'NONE', ( #4215, #4636, #2572, #2131, #7743, #5691, #10642, #11433 ) ) ;
#11925 = ORIENTED_EDGE ( 'NONE', *, *, #6388, .T. ) ;
#11926 = PLANE ( 'NONE',  #9495 ) ;
#11927 = CARTESIAN_POINT ( 'NONE',  ( -8.990000000000000200, 0.2680141659999997800, -0.8382000000000000600 ) ) ;
#11928 = COLOUR_RGB ( '',0.7529411764705882200, 1.000000000000000000, 1.000000000000000000 ) ;
#11929 = DIRECTION ( 'NONE',  ( -1.000000000000000000, -1.734723475976811400E-015, 0.0000000000000000000 ) ) ;
#11930 = EDGE_CURVE ( 'NONE', #6169, #10973, #2235, .T. ) ;
#11931 = VECTOR ( 'NONE', #389, 1000.000000000000000 ) ;
#11932 = ORIENTED_EDGE ( 'NONE', *, *, #12616, .F. ) ;
#11933 = FILL_AREA_STYLE ('',( #12882 ) ) ;
#11934 = COLOUR_RGB ( '',0.7529411764705882200, 1.000000000000000000, 1.000000000000000000 ) ;
#11935 = AXIS2_PLACEMENT_3D ( 'NONE', #6034, #13229, #7055 ) ;
#11936 = ADVANCED_FACE ( 'NONE', ( #4665 ), #4142, .T. ) ;
#11937 = ORIENTED_EDGE ( 'NONE', *, *, #3437, .F. ) ;
#11938 = AXIS2_PLACEMENT_3D ( 'NONE', #10315, #10395, #10586 ) ;
#11939 = ORIENTED_EDGE ( 'NONE', *, *, #8141, .T. ) ;
#11940 = SURFACE_STYLE_FILL_AREA ( #8249 ) ;
#11941 = DIRECTION ( 'NONE',  ( -1.000000000000000000, -1.707404996040159200E-015, 1.579349621337147300E-014 ) ) ;
#11942 = DIRECTION ( 'NONE',  ( -1.000000000000000000, -0.0000000000000000000, -0.0000000000000000000 ) ) ;
#11943 = EDGE_LOOP ( 'NONE', ( #2834, #8886, #13026, #5759, #6451, #2006, #11035, #8215 ) ) ;
#11944 = DIRECTION ( 'NONE',  ( 0.0000000000000000000, 1.000000000000000000, 0.0000000000000000000 ) ) ;
#11945 = UNCERTAINTY_MEASURE_WITH_UNIT (LENGTH_MEASURE( 1.000000000000000100E-005 ), #2174, 'distance_accuracy_value', 'NONE');
#11946 = VECTOR ( 'NONE', #5411, 1000.000000000000000 ) ;
#11947 = DIRECTION ( 'NONE',  ( -1.000000000000000000, -0.0000000000000000000, -0.0000000000000000000 ) ) ;
#11948 = CIRCLE ( 'NONE', #1014, 0.6350000000000001200 ) ;
#11949 = EDGE_CURVE ( 'NONE', #1953, #813, #906, .T. ) ;
#11950 = FACE_OUTER_BOUND ( 'NONE', #6741, .T. ) ;
#11951 = SURFACE_STYLE_USAGE ( .BOTH. , #4739 ) ;
#11952 = PRESENTATION_LAYER_ASSIGNMENT (  '', '', ( #10626 ) ) ;
#11953 = CYLINDRICAL_SURFACE ( 'NONE', #1163, 0.3048000000000000200 ) ;
#11954 = VECTOR ( 'NONE', #12896, 1000.000000000000000 ) ;
#11955 = VECTOR ( 'NONE', #5410, 1000.000000000000000 ) ;
#11956 = ORIENTED_EDGE ( 'NONE', *, *, #4161, .T. ) ;
#11957 = CARTESIAN_POINT ( 'NONE',  ( 7.772400000000000200, -0.8890000000000001200, 7.493000000000000300 ) ) ;
#11958 = CARTESIAN_POINT ( 'NONE',  ( 8.970000965915142300, 10.26972777555447000, 10.36402441600000100 ) ) ;
#11959 = ORIENTED_EDGE ( 'NONE', *, *, #4948, .F. ) ;
#11960 = VECTOR ( 'NONE', #3993, 1000.000000000000000 ) ;
#11961 = SURFACE_STYLE_FILL_AREA ( #5251 ) ;
#11962 = ORIENTED_EDGE ( 'NONE', *, *, #4859, .F. ) ;
#11963 = SURFACE_STYLE_USAGE ( .BOTH. , #4745 ) ;
#11964 = PRESENTATION_STYLE_ASSIGNMENT (( #5653 ) ) ;
#11965 = COLOUR_RGB ( '',0.7490196078431372600, 1.000000000000000000, 1.000000000000000000 ) ;
#11967 = MECHANICAL_DESIGN_GEOMETRIC_PRESENTATION_REPRESENTATION (  '', ( #9951 ), #12662 ) ;
#11966 = SURFACE_SIDE_STYLE ('',( #9705 ) ) ;
#11968 = DIRECTION ( 'NONE',  ( -1.000000000000000000, 9.516314212441310600E-016, 0.0000000000000000000 ) ) ;
#11969 = VECTOR ( 'NONE', #649, 1000.000000000000100 ) ;
#11970 = ORIENTED_EDGE ( 'NONE', *, *, #7360, .T. ) ;
#11971 = AXIS2_PLACEMENT_3D ( 'NONE', #1067, #8360, #2140 ) ;
#11972 = VERTEX_POINT ( 'NONE', #11416 ) ;
#11973 =( NAMED_UNIT ( * ) PLANE_ANGLE_UNIT ( ) SI_UNIT ( $, .RADIAN. ) );
#11974 = VECTOR ( 'NONE', #1390, 1000.000000000000000 ) ;
#11975 = FILL_AREA_STYLE_COLOUR ( '', #7146 ) ;
#11976 = CARTESIAN_POINT ( 'NONE',  ( -5.530603067000000400, 10.54099999999999900, 3.301999999999999600 ) ) ;
#11977 = ORIENTED_EDGE ( 'NONE', *, *, #308, .T. ) ;
#11978 = CARTESIAN_POINT ( 'NONE',  ( 8.382000000000001400, 2.776954804999999900, 9.050557955000002200 ) ) ;
#11979 = UNCERTAINTY_MEASURE_WITH_UNIT (LENGTH_MEASURE( 1.000000000000000100E-005 ), #8017, 'distance_accuracy_value', 'NONE');
#11980 = PLANE ( 'NONE',  #5737 ) ;
#11981 = CARTESIAN_POINT ( 'NONE',  ( -8.890000000000000600, 11.04899999999999900, 0.4651319110000000100 ) ) ;
#11982 = VERTEX_POINT ( 'NONE', #6258 ) ;
#11983 = STYLED_ITEM ( 'NONE', ( #6017 ), #11151 ) ;
#11984 = EDGE_LOOP ( 'NONE', ( #3347, #3688, #10145, #3327 ) ) ;
#11985 = CARTESIAN_POINT ( 'NONE',  ( 8.889999999999998800, 2.776954805000000800, 9.050557955000002200 ) ) ;
#11986 = DIRECTION ( 'NONE',  ( 1.000000000000000000, 0.0000000000000000000, 0.0000000000000000000 ) ) ;
#11987 = VECTOR ( 'NONE', #4600, 1000.000000000000000 ) ;
#11988 = LINE ( 'NONE', #4832, #1301 ) ;
#11989 = ORIENTED_EDGE ( 'NONE', *, *, #10001, .F. ) ;
#11990 = LINE ( 'NONE', #6182, #11682 ) ;
#11991 = LINE ( 'NONE', #10411, #11683 ) ;
#11992 = PLANE ( 'NONE',  #13456 ) ;
#11993 = CARTESIAN_POINT ( 'NONE',  ( -6.626043302000000200, 9.952328655000000500, 12.06500000000000100 ) ) ;
#11994 = SURFACE_SIDE_STYLE ('',( #3312 ) ) ;
#11995 = MECHANICAL_DESIGN_GEOMETRIC_PRESENTATION_REPRESENTATION (  '', ( #7170 ), #12685 ) ;
#11996 =( BOUNDED_CURVE ( )  B_SPLINE_CURVE ( 3, ( #2142, #8324, #10468, #4234 ),
 .UNSPECIFIED., .F., .F. ) 
 B_SPLINE_CURVE_WITH_KNOTS ( ( 4, 4 ),
 ( 2.086402616421193700, 2.971848297155034400 ),
 .UNSPECIFIED. ) 
 CURVE ( )  GEOMETRIC_REPRESENTATION_ITEM ( )  RATIONAL_B_SPLINE_CURVE ( ( 1.000000000000000000, 0.9357256970898759600, 0.9357256970898759600, 1.000000000000000000 ) ) 
 REPRESENTATION_ITEM ( '' )  );
#11997 = ORIENTED_EDGE ( 'NONE', *, *, #2351, .F. ) ;
#11998 = ORIENTED_EDGE ( 'NONE', *, *, #3907, .T. ) ;
#11999 = CARTESIAN_POINT ( 'NONE',  ( -5.654237210500000700, -1.778000000000000200, -1.993840621500000200 ) ) ;
#12000 = CARTESIAN_POINT ( 'NONE',  ( -5.333999999999999600, -1.778000000000000200, -7.924799999999999400 ) ) ;
#12001 = SURFACE_STYLE_FILL_AREA ( #7395 ) ;
#12002 = CIRCLE ( 'NONE', #1126, 0.5080000000000015600 ) ;
#12003 = VECTOR ( 'NONE', #9165, 1000.000000000000000 ) ;
#12004 = ORIENTED_EDGE ( 'NONE', *, *, #6069, .T. ) ;
#12005 = DIRECTION ( 'NONE',  ( 0.0000000000000000000, 1.000000000000000000, 0.0000000000000000000 ) ) ;
#12006 = PRESENTATION_STYLE_ASSIGNMENT (( #5884 ) ) ;
#12007 = CARTESIAN_POINT ( 'NONE',  ( -8.990000000000000200, 1.247224551937483800, -0.8382000000000001700 ) ) ;
#12009 = EDGE_CURVE ( 'NONE', #4321, #2326, #8897, .T. ) ;
#12008 = VECTOR ( 'NONE', #7905, 1000.000000000000000 ) ;
#12010 = CARTESIAN_POINT ( 'NONE',  ( -7.772400000000000200, 0.0000000000000000000, 4.953000000000001200 ) ) ;
#12011 = CARTESIAN_POINT ( 'NONE',  ( 2.031999998729999500, 9.845799999270749200, 12.06500000000000300 ) ) ;
#12012 = ADVANCED_FACE ( 'NONE', ( #11304 ), #1063, .F. ) ;
#12013 = EDGE_CURVE ( 'NONE', #9537, #11972, #10369, .T. ) ;
#12014 = ORIENTED_EDGE ( 'NONE', *, *, #13300, .T. ) ;
#12015 = SURFACE_STYLE_FILL_AREA ( #3442 ) ;
#12016 = EDGE_CURVE ( 'NONE', #2928, #3735, #5160, .T. ) ;
#12017 = FACE_BOUND ( 'NONE', #6828, .T. ) ;
#12018 = VECTOR ( 'NONE', #2751, 1000.000000000000000 ) ;
#12019 = FILL_AREA_STYLE ('',( #2718 ) ) ;
#12020 =( NAMED_UNIT ( * ) SI_UNIT ( $, .STERADIAN. ) SOLID_ANGLE_UNIT ( ) );
#12021 = AXIS2_PLACEMENT_3D ( 'NONE', #666, #4818, #11120 ) ;
#12022 = ORIENTED_EDGE ( 'NONE', *, *, #2754, .T. ) ;
#12023 = DIRECTION ( 'NONE',  ( 0.0000000000000000000, 0.7981611598335960300, -0.6024439915320665100 ) ) ;
#12024 = AXIS2_PLACEMENT_3D ( 'NONE', #10268, #10312, #10354 ) ;
#12025 = PRESENTATION_LAYER_ASSIGNMENT (  '', '', ( #11350 ) ) ;
#12026 = PLANE ( 'NONE',  #6230 ) ;
#12027 = CARTESIAN_POINT ( 'NONE',  ( -8.890000000000000600, 10.54099999852976800, 10.28674714507199700 ) ) ;
#12028 =( LENGTH_UNIT ( ) NAMED_UNIT ( * ) SI_UNIT ( .MILLI., .METRE. ) );
#12029 = ORIENTED_EDGE ( 'NONE', *, *, #7091, .T. ) ;
#12030 = CARTESIAN_POINT ( 'NONE',  ( 5.530603067000000400, 10.54099999999999900, 3.802000015999999600 ) ) ;
#12031 = DIRECTION ( 'NONE',  ( 0.0000000000000000000, -0.7071067811865477900, 0.7071067811865473500 ) ) ;
#12032 = EDGE_CURVE ( 'NONE', #95, #169, #13056, .T. ) ;
#12033 = CIRCLE ( 'NONE', #8620, 0.1269999999999999500 ) ;
#12034 = EDGE_CURVE ( 'NONE', #4339, #668, #7590, .T. ) ;
#12035 = AXIS2_PLACEMENT_3D ( 'NONE', #455, #7751, #1521 ) ;
#12036 = CARTESIAN_POINT ( 'NONE',  ( -8.890000000000000600, 4.436602109999999000, -0.5080000055933120400 ) ) ;
#12037 = SURFACE_SIDE_STYLE ('',( #4845 ) ) ;
#12038 = VERTEX_POINT ( 'NONE', #5316 ) ;
#12039 = DIRECTION ( 'NONE',  ( 0.0000000000000000000, 1.000000000000000000, 0.0000000000000000000 ) ) ;
#12040 =( BOUNDED_CURVE ( )  B_SPLINE_CURVE ( 3, ( #8205, #13330, #4087, #11312 ),
 .UNSPECIFIED., .F., .T. ) 
 B_SPLINE_CURVE_WITH_KNOTS ( ( 4, 4 ),
 ( 1.117467849947821400, 1.570796326794896600 ),
 .UNSPECIFIED. ) 
 CURVE ( )  GEOMETRIC_REPRESENTATION_ITEM ( )  RATIONAL_B_SPLINE_CURVE ( ( 1.000000000000000000, 0.9829476367478278100, 0.9829476367478278100, 1.000000000000000000 ) ) 
 REPRESENTATION_ITEM ( '' )  );
#12041 = LINE ( 'NONE', #12576, #3803 ) ;
#12042 = SURFACE_SIDE_STYLE ('',( #647 ) ) ;
#12043 = PRESENTATION_LAYER_ASSIGNMENT (  '', '', ( #12732 ) ) ;
#12044 = VECTOR ( 'NONE', #6401, 1000.000000000000000 ) ;
#12045 =( NAMED_UNIT ( * ) PLANE_ANGLE_UNIT ( ) SI_UNIT ( $, .RADIAN. ) );
#12046 = PLANE ( 'NONE',  #12771 ) ;
#12047 = PRESENTATION_LAYER_ASSIGNMENT (  '', '', ( #11380 ) ) ;
#12048 = EDGE_CURVE ( 'NONE', #6907, #9030, #5614, .T. ) ;
#12049 = VERTEX_POINT ( 'NONE', #4271 ) ;
#12050 =( LENGTH_UNIT ( ) NAMED_UNIT ( * ) SI_UNIT ( .MILLI., .METRE. ) );
#12051 = CARTESIAN_POINT ( 'NONE',  ( -3.048000000000000000, -1.778000000000000200, -7.569200000000000400 ) ) ;
#12052 =( NAMED_UNIT ( * ) PLANE_ANGLE_UNIT ( ) SI_UNIT ( $, .RADIAN. ) );
#12053 = DIRECTION ( 'NONE',  ( 0.0000000000000000000, 0.0000000000000000000, -1.000000000000000000 ) ) ;
#12054 = UNCERTAINTY_MEASURE_WITH_UNIT (LENGTH_MEASURE( 1.000000000000000100E-005 ), #12148, 'distance_accuracy_value', 'NONE');
#12055 = FILL_AREA_STYLE_COLOUR ( '', #11736 ) ;
#12056 = ORIENTED_EDGE ( 'NONE', *, *, #9114, .F. ) ;
#12057 = AXIS2_PLACEMENT_3D ( 'NONE', #8670, #9993, #6705 ) ;
#12058 = MECHANICAL_DESIGN_GEOMETRIC_PRESENTATION_REPRESENTATION (  '', ( #10026 ), #12757 ) ;
#12059 = DIRECTION ( 'NONE',  ( 1.000000000000000000, 1.734723475976811400E-015, -0.0000000000000000000 ) ) ;
#12060 = CARTESIAN_POINT ( 'NONE',  ( -8.889999999999998800, 2.276954806285541800, 10.05299547990382800 ) ) ;
#12061 = ORIENTED_EDGE ( 'NONE', *, *, #8081, .F. ) ;
#12062 =( NAMED_UNIT ( * ) PLANE_ANGLE_UNIT ( ) SI_UNIT ( $, .RADIAN. ) );
#12063 = CARTESIAN_POINT ( 'NONE',  ( -2.031999999999999600, 9.845800000000000600, 7.785100000000000800 ) ) ;
#12064 = MECHANICAL_DESIGN_GEOMETRIC_PRESENTATION_REPRESENTATION (  '', ( #10751 ), #12763 ) ;
#12065 = CARTESIAN_POINT ( 'NONE',  ( 3.149999999999999900, 8.195800000000000200, 7.785100000000000800 ) ) ;
#12066 = FACE_OUTER_BOUND ( 'NONE', #4836, .T. ) ;
#12067 = FILL_AREA_STYLE_COLOUR ( '', #315 ) ;
#12068 = CARTESIAN_POINT ( 'NONE',  ( -8.990000000000000200, -0.7111962200000000500, -1.143000000000000200 ) ) ;
#12069 = VECTOR ( 'NONE', #5337, 1000.000000000000000 ) ;
#12070 = VERTEX_POINT ( 'NONE', #12570 ) ;
#12071 = AXIS2_PLACEMENT_3D ( 'NONE', #706, #8014, #1777 ) ;
#12072 = EDGE_LOOP ( 'NONE', ( #164, #3082, #4122, #11939 ) ) ;
#12073 = CARTESIAN_POINT ( 'NONE',  ( 8.635999999999997500, 11.04899999999999900, -12.06500000000000300 ) ) ;
#12074 = ADVANCED_FACE ( 'NONE', ( #1734 ), #2224, .T. ) ;
#12075 = EDGE_CURVE ( 'NONE', #5189, #3283, #11457, .T. ) ;
#12076 = PLANE ( 'NONE',  #10407 ) ;
#12077 = FACE_OUTER_BOUND ( 'NONE', #3149, .T. ) ;
#12078 = FILL_AREA_STYLE_COLOUR ( '', #753 ) ;
#12079 =( NAMED_UNIT ( * ) PLANE_ANGLE_UNIT ( ) SI_UNIT ( $, .RADIAN. ) );
#12080 = EDGE_LOOP ( 'NONE', ( #4028, #1513, #9629, #1269 ) ) ;
#12081 = VERTEX_POINT ( 'NONE', #199 ) ;
#12082 = ORIENTED_EDGE ( 'NONE', *, *, #1808, .T. ) ;
#12083 = LINE ( 'NONE', #3465, #6597 ) ;
#12084 = LINE ( 'NONE', #1552, #1403 ) ;
#12085 =( LENGTH_UNIT ( ) NAMED_UNIT ( * ) SI_UNIT ( .MILLI., .METRE. ) );
#12086 = EDGE_CURVE ( 'NONE', #1725, #4850, #3515, .T. ) ;
#12087 = ORIENTED_EDGE ( 'NONE', *, *, #7799, .T. ) ;
#12088 = FILL_AREA_STYLE_COLOUR ( '', #8007 ) ;
#12089 = AXIS2_PLACEMENT_3D ( 'NONE', #6058, #8102, #13269 ) ;
#12090 = DIRECTION ( 'NONE',  ( 0.0000000000000000000, 1.000000000000000000, 0.0000000000000000000 ) ) ;
#12091 = FILL_AREA_STYLE_COLOUR ( '', #1539 ) ;
#12092 = DIRECTION ( 'NONE',  ( 1.000000000000000000, 1.707404996040162200E-015, 0.0000000000000000000 ) ) ;
#12093 = PRESENTATION_STYLE_ASSIGNMENT (( #11 ) ) ;
#12094 = EDGE_LOOP ( 'NONE', ( #5428, #5053, #2637, #9001 ) ) ;
#12095 = DIRECTION ( 'NONE',  ( 1.000000000000000000, -0.0000000000000000000, 0.0000000000000000000 ) ) ;
#12096 = PRESENTATION_LAYER_ASSIGNMENT (  '', '', ( #11421 ) ) ;
#12097 = ORIENTED_EDGE ( 'NONE', *, *, #1093, .F. ) ;
#12098 = CYLINDRICAL_SURFACE ( 'NONE', #10800, 0.5000000159999995500 ) ;
#12099 =( NAMED_UNIT ( * ) PLANE_ANGLE_UNIT ( ) SI_UNIT ( $, .RADIAN. ) );
#12100 = PRESENTATION_STYLE_ASSIGNMENT (( #4370 ) ) ;
#12101 = EDGE_CURVE ( 'NONE', #6895, #7926, #8725, .T. ) ;
#12102 = FILL_AREA_STYLE_COLOUR ( '', #12541 ) ;
#12103 = LINE ( 'NONE', #4293, #4196 ) ;
#12104 = SURFACE_STYLE_USAGE ( .BOTH. , #4895 ) ;
#12105 = SURFACE_STYLE_USAGE ( .BOTH. , #4897 ) ;
#12106 = PRESENTATION_LAYER_ASSIGNMENT (  '', '', ( #9389 ) ) ;
#12107 = ORIENTED_EDGE ( 'NONE', *, *, #6567, .T. ) ;
#12108 = CARTESIAN_POINT ( 'NONE',  ( 2.286000000000000500, -1.778000000000000200, -10.10920000000000100 ) ) ;
#12109 = CARTESIAN_POINT ( 'NONE',  ( -8.890000000000000600, 4.436602109999999000, 8.814624411106995800 ) ) ;
#12110 = CARTESIAN_POINT ( 'NONE',  ( 8.635999999999999200, 10.74927999999999900, 12.06500000000000100 ) ) ;
#12111 = EDGE_LOOP ( 'NONE', ( #538, #12709, #11449, #9885 ) ) ;
#12112 = UNCERTAINTY_MEASURE_WITH_UNIT (LENGTH_MEASURE( 1.000000000000000100E-005 ), #1374, 'distance_accuracy_value', 'NONE');
#12113 =( NAMED_UNIT ( * ) PLANE_ANGLE_UNIT ( ) SI_UNIT ( $, .RADIAN. ) );
#12114 =( NAMED_UNIT ( * ) PLANE_ANGLE_UNIT ( ) SI_UNIT ( $, .RADIAN. ) );
#12115 = LINE ( 'NONE', #2624, #1088 ) ;
#12116 = FACE_OUTER_BOUND ( 'NONE', #11686, .T. ) ;
#12117 =( GEOMETRIC_REPRESENTATION_CONTEXT ( 3 ) GLOBAL_UNCERTAINTY_ASSIGNED_CONTEXT ( ( #8551 ) ) GLOBAL_UNIT_ASSIGNED_CONTEXT ( ( #6593, #352, #7659 ) ) REPRESENTATION_CONTEXT ( 'NONE', 'WORKASPACE' ) );
#12118 = LINE ( 'NONE', #8075, #11802 ) ;
#12119 = VECTOR ( 'NONE', #2956, 1000.000000000000000 ) ;
#12120 =( GEOMETRIC_REPRESENTATION_CONTEXT ( 3 ) GLOBAL_UNCERTAINTY_ASSIGNED_CONTEXT ( ( #4288 ) ) GLOBAL_UNIT_ASSIGNED_CONTEXT ( ( #9686, #9668, #9653 ) ) REPRESENTATION_CONTEXT ( 'NONE', 'WORKASPACE' ) );
#12121 = COLOUR_RGB ( '',0.7529411764705882200, 1.000000000000000000, 1.000000000000000000 ) ;
#12122 = MECHANICAL_DESIGN_GEOMETRIC_PRESENTATION_REPRESENTATION (  '', ( #10098 ), #12818 ) ;
#12123 = ORIENTED_EDGE ( 'NONE', *, *, #9033, .T. ) ;
#12124 = EDGE_LOOP ( 'NONE', ( #12301, #1467, #2991, #3410 ) ) ;
#12125 = VECTOR ( 'NONE', #461, 1000.000000000000000 ) ;
#12126 = DIRECTION ( 'NONE',  ( -1.000000000000000000, -1.707404996040162200E-015, -0.0000000000000000000 ) ) ;
#12127 = FACE_OUTER_BOUND ( 'NONE', #1798, .T. ) ;
#12128 = EDGE_CURVE ( 'NONE', #5008, #8291, #403, .T. ) ;
#12129 = VECTOR ( 'NONE', #11232, 1000.000000000000000 ) ;
#12130 = COLOUR_RGB ( '',0.7490196078431372600, 1.000000000000000000, 1.000000000000000000 ) ;
#12131 = DIRECTION ( 'NONE',  ( -1.000000000000000000, 0.0000000000000000000, 0.0000000000000000000 ) ) ;
#12132 = DIRECTION ( 'NONE',  ( -0.0000000000000000000, 0.7071067811865475700, 0.7071067811865475700 ) ) ;
#12133 = COLOUR_RGB ( '',0.0000000000000000000, 0.7529411764705882200, 0.0000000000000000000 ) ;
#12134 = VERTEX_POINT ( 'NONE', #12671 ) ;
#12135 = UNCERTAINTY_MEASURE_WITH_UNIT (LENGTH_MEASURE( 1.000000000000000100E-005 ), #12432, 'distance_accuracy_value', 'NONE');
#12136 = VECTOR ( 'NONE', #11849, 1000.000000000000000 ) ;
#12137 = PRESENTATION_STYLE_ASSIGNMENT (( #11053 ) ) ;
#12138 =( NAMED_UNIT ( * ) SI_UNIT ( $, .STERADIAN. ) SOLID_ANGLE_UNIT ( ) );
#12139 = CARTESIAN_POINT ( 'NONE',  ( 8.635999999999999200, 1.750000945000000300, -11.06499945999999900 ) ) ;
#12140 = ORIENTED_EDGE ( 'NONE', *, *, #527, .F. ) ;
#12141 = ORIENTED_EDGE ( 'NONE', *, *, #10677, .T. ) ;
#12142 = EDGE_LOOP ( 'NONE', ( #2213, #10753, #13135, #3876 ) ) ;
#12143 = FACE_OUTER_BOUND ( 'NONE', #13197, .T. ) ;
#12144 =( LENGTH_UNIT ( ) NAMED_UNIT ( * ) SI_UNIT ( .MILLI., .METRE. ) );
#12146 = AXIS2_PLACEMENT_3D ( 'NONE', #8730, #8683, #8468 ) ;
#12145 = CARTESIAN_POINT ( 'NONE',  ( 6.683952443999881000, 8.742905755999999000, 12.47422630100000000 ) ) ;
#12147 = SURFACE_SIDE_STYLE ('',( #134 ) ) ;
#12148 =( LENGTH_UNIT ( ) NAMED_UNIT ( * ) SI_UNIT ( .MILLI., .METRE. ) );
#12149 = ADVANCED_FACE ( 'NONE', ( #5641 ), #12567, .T. ) ;
#12150 = VECTOR ( 'NONE', #3929, 1000.000000000000000 ) ;
#12151 = VERTEX_POINT ( 'NONE', #6537 ) ;
#12152 = FILL_AREA_STYLE ('',( #12055 ) ) ;
#12153 = PRESENTATION_LAYER_ASSIGNMENT (  '', '', ( #11466 ) ) ;
#12154 = DIRECTION ( 'NONE',  ( 0.0000000000000000000, 1.000000000000000000, 0.0000000000000000000 ) ) ;
#12155 = DIRECTION ( 'NONE',  ( 0.6948958118341515000, 0.0000000000000000000, -0.7191104301116453300 ) ) ;
#12156 = CARTESIAN_POINT ( 'NONE',  ( -6.446011764000001400, -1.778000000000000200, 0.4244230790000000900 ) ) ;
#12157 = LINE ( 'NONE', #837, #1130 ) ;
#12158 = STYLED_ITEM ( 'NONE', ( #7110 ), #4765 ) ;
#12159 = COLOUR_RGB ( '',0.7490196078431372600, 1.000000000000000000, 1.000000000000000000 ) ;
#12160 = CARTESIAN_POINT ( 'NONE',  ( -9.171170354456627600, 10.30354460618118200, 10.28087949877539000 ) ) ;
#12161 = DIRECTION ( 'NONE',  ( -0.0000000000000000000, -0.0000000000000000000, -1.000000000000000000 ) ) ;
#12162 = ORIENTED_EDGE ( 'NONE', *, *, #5716, .T. ) ;
#12163 = CARTESIAN_POINT ( 'NONE',  ( 8.715588148000000100, 7.530902241896147800, 12.19470501250357400 ) ) ;
#12164 =( NAMED_UNIT ( * ) PLANE_ANGLE_UNIT ( ) SI_UNIT ( $, .RADIAN. ) );
#12165 = LINE ( 'NONE', #6001, #3925 ) ;
#12166 = MECHANICAL_DESIGN_GEOMETRIC_PRESENTATION_REPRESENTATION (  '', ( #10129 ), #12851 ) ;
#12167 = CARTESIAN_POINT ( 'NONE',  ( 5.983580289999999900, 7.039604364000000600, 10.36402441600000100 ) ) ;
#12168 = ORIENTED_EDGE ( 'NONE', *, *, #7144, .T. ) ;
#12169 = EDGE_LOOP ( 'NONE', ( #2588, #9557, #12014, #8456 ) ) ;
#12170 = VECTOR ( 'NONE', #8763, 1000.000000000000000 ) ;
#12171 = ADVANCED_FACE ( 'NONE', ( #1882 ), #11640, .F. ) ;
#12172 = ORIENTED_EDGE ( 'NONE', *, *, #10065, .T. ) ;
#12173 = CARTESIAN_POINT ( 'NONE',  ( 8.890000000000000600, 4.436602109999999000, -0.8381999994583914100 ) ) ;
#12174 = EDGE_CURVE ( 'NONE', #10492, #9378, #893, .T. ) ;
#12175 = VECTOR ( 'NONE', #11217, 1000.000000000000000 ) ;
#12176 = DIRECTION ( 'NONE',  ( 0.0000000000000000000, 0.0000000000000000000, 1.000000000000000000 ) ) ;
#12177 = VECTOR ( 'NONE', #3325, 1000.000000000000000 ) ;
#12178 = SURFACE_SIDE_STYLE ('',( #3796 ) ) ;
#12179 = PRESENTATION_LAYER_ASSIGNMENT (  '', '', ( #9450 ) ) ;
#12180 = DIRECTION ( 'NONE',  ( 0.0000000000000000000, 0.0000000000000000000, -1.000000000000000000 ) ) ;
#12181 = PLANE ( 'NONE',  #9982 ) ;
#12182 = SURFACE_STYLE_USAGE ( .BOTH. , #12223 ) ;
#12183 = CARTESIAN_POINT ( 'NONE',  ( -8.890000000000000600, 10.54099999999999900, 10.83254115400000100 ) ) ;
#12184 = ORIENTED_EDGE ( 'NONE', *, *, #622, .T. ) ;
#12185 = ORIENTED_EDGE ( 'NONE', *, *, #1363, .F. ) ;
#12186 = EDGE_CURVE ( 'NONE', #5592, #704, #3681, .T. ) ;
#12187 = PLANE ( 'NONE',  #12307 ) ;
#12188 = DIRECTION ( 'NONE',  ( -1.000000000000000000, 0.0000000000000000000, 0.0000000000000000000 ) ) ;
#12189 = DIRECTION ( 'NONE',  ( -0.6948958118341513900, 0.0000000000000000000, 0.7191104301116454400 ) ) ;
#12190 = DIRECTION ( 'NONE',  ( -1.000000000000000000, 0.0000000000000000000, 0.0000000000000000000 ) ) ;
#12191 = EDGE_CURVE ( 'NONE', #6468, #12205, #11610, .T. ) ;
#12192 = SURFACE_STYLE_FILL_AREA ( #12216 ) ;
#12193 = ORIENTED_EDGE ( 'NONE', *, *, #12032, .F. ) ;
#12194 = DIRECTION ( 'NONE',  ( 0.0000000000000000000, 0.0000000000000000000, -1.000000000000000000 ) ) ;
#12195 =( NAMED_UNIT ( * ) PLANE_ANGLE_UNIT ( ) SI_UNIT ( $, .RADIAN. ) );
#12196 = FILL_AREA_STYLE ('',( #9394 ) ) ;
#12197 = AXIS2_PLACEMENT_3D ( 'NONE', #5551, #5505, #4494 ) ;
#12198 =( LENGTH_UNIT ( ) NAMED_UNIT ( * ) SI_UNIT ( .MILLI., .METRE. ) );
#12199 = DIRECTION ( 'NONE',  ( -1.000000000000000000, 0.0000000000000000000, 0.0000000000000000000 ) ) ;
#12200 = PLANE ( 'NONE',  #11935 ) ;
#12201 = AXIS2_PLACEMENT_3D ( 'NONE', #2336, #2574, #7113 ) ;
#12202 = MECHANICAL_DESIGN_GEOMETRIC_PRESENTATION_REPRESENTATION (  '', ( #10161 ), #12892 ) ;
#12203 = CARTESIAN_POINT ( 'NONE',  ( -6.626622501999460000, 7.531149592258000100, 12.06500000000000000 ) ) ;
#12204 = DIRECTION ( 'NONE',  ( 1.000000000000000000, 0.0000000000000000000, 0.0000000000000000000 ) ) ;
#12205 = VERTEX_POINT ( 'NONE', #4538 ) ;
#12206 = CARTESIAN_POINT ( 'NONE',  ( -9.016999999999999500, 2.350001268999999800, -9.991998812000000300 ) ) ;
#12207 = EDGE_CURVE ( 'NONE', #6097, #1953, #8554, .T. ) ;
#12208 = UNCERTAINTY_MEASURE_WITH_UNIT (LENGTH_MEASURE( 1.000000000000000100E-005 ), #10507, 'distance_accuracy_value', 'NONE');
#12209 = ADVANCED_FACE ( 'NONE', ( #8880 ), #6614, .F. ) ;
#12210 = EDGE_CURVE ( 'NONE', #7996, #10761, #2040, .T. ) ;
#12211 = VECTOR ( 'NONE', #4110, 1000.000000000000000 ) ;
#12212 = STYLED_ITEM ( 'NONE', ( #10679 ), #9152 ) ;
#12213 = FACE_OUTER_BOUND ( 'NONE', #1129, .T. ) ;
#12214 = DIRECTION ( 'NONE',  ( -0.0000000000000000000, -1.000000000000000000, -0.0000000000000000000 ) ) ;
#12215 = PRESENTATION_STYLE_ASSIGNMENT (( #6584 ) ) ;
#12216 = FILL_AREA_STYLE ('',( #13304 ) ) ;
#12217 = PRESENTATION_LAYER_ASSIGNMENT (  '', '', ( #12909 ) ) ;
#12218 = ORIENTED_EDGE ( 'NONE', *, *, #3534, .T. ) ;
#12219 =( NAMED_UNIT ( * ) SI_UNIT ( $, .STERADIAN. ) SOLID_ANGLE_UNIT ( ) );
#12220 = AXIS2_PLACEMENT_3D ( 'NONE', #5897, #5080, #6411 ) ;
#12221 = MECHANICAL_DESIGN_GEOMETRIC_PRESENTATION_REPRESENTATION (  '', ( #10891 ), #12917 ) ;
#12222 = COLOUR_RGB ( '',0.7529411764705882200, 1.000000000000000000, 1.000000000000000000 ) ;
#12223 = SURFACE_SIDE_STYLE ('',( #1105 ) ) ;
#12224 = FACE_OUTER_BOUND ( 'NONE', #8599, .T. ) ;
#12225 = PLANE ( 'NONE',  #9086 ) ;
#12226 = DIRECTION ( 'NONE',  ( -0.0000000000000000000, -0.9993539390632588700, 0.03594029046555317900 ) ) ;
#12227 = EDGE_CURVE ( 'NONE', #5973, #2303, #10353, .T. ) ;
#12228 = VERTEX_POINT ( 'NONE', #1447 ) ;
#12229 = ORIENTED_EDGE ( 'NONE', *, *, #5407, .T. ) ;
#12230 = SURFACE_SIDE_STYLE ('',( #7559 ) ) ;
#12231 = DIRECTION ( 'NONE',  ( 0.9999999713863998400, 0.0002392220719450000700, -0.0000000000000000000 ) ) ;
#12232 = EDGE_CURVE ( 'NONE', #1415, #10973, #12722, .T. ) ;
#12233 = ORIENTED_EDGE ( 'NONE', *, *, #11110, .F. ) ;
#12234 = CARTESIAN_POINT ( 'NONE',  ( 8.635999999999999200, 8.848793325999999100, -3.781386573000000300 ) ) ;
#12235 = ADVANCED_FACE ( 'NONE', ( #10024 ), #3581, .F. ) ;
#12236 = COLOUR_RGB ( '',0.7529411764705882200, 1.000000000000000000, 1.000000000000000000 ) ;
#12237 = MECHANICAL_DESIGN_GEOMETRIC_PRESENTATION_REPRESENTATION (  '', ( #10200 ), #12937 ) ;
#12238 = CARTESIAN_POINT ( 'NONE',  ( -8.975279772181235000, 3.828296212805461600, 9.114590626222243600 ) ) ;
#12239 = UNCERTAINTY_MEASURE_WITH_UNIT (LENGTH_MEASURE( 1.000000000000000100E-005 ), #3504, 'distance_accuracy_value', 'NONE');
#12240 = DIRECTION ( 'NONE',  ( 0.0000000000000000000, -1.000000000000000000, 0.0000000000000000000 ) ) ;
#12241 = ORIENTED_EDGE ( 'NONE', *, *, #4330, .F. ) ;
#12242 = EDGE_LOOP ( 'NONE', ( #4045, #5107, #1482, #9941 ) ) ;
#12243 = DIRECTION ( 'NONE',  ( 0.0000000000000000000, 1.000000000000000000, 0.0000000000000000000 ) ) ;
#12244 = SURFACE_STYLE_USAGE ( .BOTH. , #5034 ) ;
#12245 = VERTEX_POINT ( 'NONE', #7718 ) ;
#12246 = CARTESIAN_POINT ( 'NONE',  ( -8.635999999999999200, 7.948998324539499700, -2.211001669555001200 ) ) ;
#12247 =( LENGTH_UNIT ( ) NAMED_UNIT ( * ) SI_UNIT ( .MILLI., .METRE. ) );
#12248 = STYLED_ITEM ( 'NONE', ( #11835 ), #5329 ) ;
#12249 = CARTESIAN_POINT ( 'NONE',  ( -2.032000002849999400, 10.84580000000000100, 3.505199999999999900 ) ) ;
#12250 = SURFACE_STYLE_FILL_AREA ( #3621 ) ;
#12251 = ORIENTED_EDGE ( 'NONE', *, *, #633, .F. ) ;
#12252 = ORIENTED_EDGE ( 'NONE', *, *, #8853, .T. ) ;
#12253 = UNCERTAINTY_MEASURE_WITH_UNIT (LENGTH_MEASURE( 1.000000000000000100E-005 ), #12947, 'distance_accuracy_value', 'NONE');
#12254 = VECTOR ( 'NONE', #3460, 1000.000000000000000 ) ;
#12255 = SURFACE_SIDE_STYLE ('',( #6672 ) ) ;
#12256 = ORIENTED_EDGE ( 'NONE', *, *, #12288, .F. ) ;
#12257 = DIRECTION ( 'NONE',  ( 0.0000000000000000000, 0.0000000000000000000, 1.000000000000000000 ) ) ;
#12258 = VECTOR ( 'NONE', #7567, 1000.000000000000000 ) ;
#12259 = DIRECTION ( 'NONE',  ( 3.414809992080330300E-015, -1.000000000000000000, 0.0000000000000000000 ) ) ;
#12260 = MECHANICAL_DESIGN_GEOMETRIC_PRESENTATION_REPRESENTATION (  '', ( #10228 ), #12961 ) ;
#12261 = EDGE_CURVE ( 'NONE', #1993, #12933, #6263, .T. ) ;
#12262 = EDGE_LOOP ( 'NONE', ( #9928, #68, #12233, #922 ) ) ;
#12263 = FILL_AREA_STYLE ('',( #13262 ) ) ;
#12264 = EDGE_CURVE ( 'NONE', #9132, #8407, #11758, .T. ) ;
#12265 = CARTESIAN_POINT ( 'NONE',  ( -1.270000000000000000, 0.0000000000000000000, -7.569200000000000400 ) ) ;
#12266 = COLOUR_RGB ( '',0.7529411764705882200, 1.000000000000000000, 1.000000000000000000 ) ;
#12267 = COLOUR_RGB ( '',0.7490196078431372600, 1.000000000000000000, 1.000000000000000000 ) ;
#12268 = VERTEX_POINT ( 'NONE', #7810 ) ;
#12269 = SURFACE_STYLE_USAGE ( .BOTH. , #5067 ) ;
#12270 = COLOUR_RGB ( '',0.7529411764705882200, 1.000000000000000000, 1.000000000000000000 ) ;
#12271 = FILL_AREA_STYLE_COLOUR ( '', #695 ) ;
#12272 = SURFACE_STYLE_USAGE ( .BOTH. , #5069 ) ;
#12273 = LINE ( 'NONE', #873, #1258 ) ;
#12274 = ADVANCED_FACE ( 'NONE', ( #3501 ), #10945, .F. ) ;
#12275 = SURFACE_STYLE_FILL_AREA ( #6210 ) ;
#12276 =( LENGTH_UNIT ( ) NAMED_UNIT ( * ) SI_UNIT ( .MILLI., .METRE. ) );
#12277 = LINE ( 'NONE', #6715, #11954 ) ;
#12278 = STYLED_ITEM ( 'NONE', ( #3406 ), #2892 ) ;
#12279 = DIRECTION ( 'NONE',  ( 0.0000000000000000000, 0.0000000000000000000, 1.000000000000000000 ) ) ;
#12280 = VERTEX_POINT ( 'NONE', #9966 ) ;
#12281 = LINE ( 'NONE', #833, #11960 ) ;
#12282 = ORIENTED_EDGE ( 'NONE', *, *, #10511, .F. ) ;
#12283 = DIRECTION ( 'NONE',  ( -8.537024980200854400E-016, 1.000000000000000000, 0.0000000000000000000 ) ) ;
#12284 = SURFACE_SIDE_STYLE ('',( #5314 ) ) ;
#12285 =( NAMED_UNIT ( * ) SI_UNIT ( $, .STERADIAN. ) SOLID_ANGLE_UNIT ( ) );
#12286 = FILL_AREA_STYLE ('',( #8246 ) ) ;
#12287 = LINE ( 'NONE', #8883, #9592 ) ;
#12288 = EDGE_CURVE ( 'NONE', #4526, #9479, #5948, .T. ) ;
#12289 = LINE ( 'NONE', #6867, #4064 ) ;
#12290 =( NAMED_UNIT ( * ) SI_UNIT ( $, .STERADIAN. ) SOLID_ANGLE_UNIT ( ) );
#12291 = DIRECTION ( 'NONE',  ( -1.000000000000000000, -0.0000000000000000000, -0.0000000000000000000 ) ) ;
#12292 = SURFACE_STYLE_USAGE ( .BOTH. , #5084 ) ;
#12293 = FILL_AREA_STYLE ('',( #824 ) ) ;
#12294 = AXIS2_PLACEMENT_3D ( 'NONE', #2265, #9539, #3310 ) ;
#12295 = FACE_OUTER_BOUND ( 'NONE', #9635, .T. ) ;
#12296 = VERTEX_POINT ( 'NONE', #13018 ) ;
#12297 = CARTESIAN_POINT ( 'NONE',  ( -7.264400000000000200, -1.778000000000000200, 2.920999999999999800 ) ) ;
#12298 = SURFACE_STYLE_USAGE ( .BOTH. , #5087 ) ;
#12299 = VERTEX_POINT ( 'NONE', #602 ) ;
#12300 = VERTEX_POINT ( 'NONE', #1673 ) ;
#12301 = ORIENTED_EDGE ( 'NONE', *, *, #5042, .F. ) ;
#12302 =( NAMED_UNIT ( * ) SI_UNIT ( $, .STERADIAN. ) SOLID_ANGLE_UNIT ( ) );
#12303 = LINE ( 'NONE', #8668, #6485 ) ;
#12304 =( NAMED_UNIT ( * ) PLANE_ANGLE_UNIT ( ) SI_UNIT ( $, .RADIAN. ) );
#12305 = LINE ( 'NONE', #6711, #9608 ) ;
#12306 = CYLINDRICAL_SURFACE ( 'NONE', #151, 0.5079999999999997900 ) ;
#12307 = AXIS2_PLACEMENT_3D ( 'NONE', #8188, #1962, #9238 ) ;
#12308 = VECTOR ( 'NONE', #12154, 1000.000000000000000 ) ;
#12309 = SURFACE_STYLE_FILL_AREA ( #13358 ) ;
#12310 =( GEOMETRIC_REPRESENTATION_CONTEXT ( 3 ) GLOBAL_UNCERTAINTY_ASSIGNED_CONTEXT ( ( #8476 ) ) GLOBAL_UNIT_ASSIGNED_CONTEXT ( ( #2494, #2484, #2468 ) ) REPRESENTATION_CONTEXT ( 'NONE', 'WORKASPACE' ) );
#12311 = VERTEX_POINT ( 'NONE', #7897 ) ;
#12312 = UNCERTAINTY_MEASURE_WITH_UNIT (LENGTH_MEASURE( 1.000000000000000100E-005 ), #9278, 'distance_accuracy_value', 'NONE');
#12313 = ADVANCED_FACE ( 'NONE', ( #4970 ), #5819, .F. ) ;
#12314 =( GEOMETRIC_REPRESENTATION_CONTEXT ( 3 ) GLOBAL_UNCERTAINTY_ASSIGNED_CONTEXT ( ( #4605 ) ) GLOBAL_UNIT_ASSIGNED_CONTEXT ( ( #12390, #6215, #13449 ) ) REPRESENTATION_CONTEXT ( 'NONE', 'WORKASPACE' ) );
#12315 = CARTESIAN_POINT ( 'NONE',  ( 3.228254885999999800, -1.778000000000000500, -1.246957018000000000 ) ) ;
#12316 = DIRECTION ( 'NONE',  ( 0.0000000000000000000, 0.0000000000000000000, -1.000000000000000000 ) ) ;
#12317 = PRESENTATION_LAYER_ASSIGNMENT (  '', '', ( #11623 ) ) ;
#12318 = CARTESIAN_POINT ( 'NONE',  ( -8.890000000000000600, 7.948998325999999900, -2.211001673999999800 ) ) ;
#12319 = ORIENTED_EDGE ( 'NONE', *, *, #3435, .T. ) ;
#12320 = EDGE_CURVE ( 'NONE', #2812, #1052, #1220, .T. ) ;
#12321 = EDGE_LOOP ( 'NONE', ( #11902, #2368, #8405, #7753 ) ) ;
#12322 = CARTESIAN_POINT ( 'NONE',  ( 5.530603067000000400, 11.04899999999999900, 3.802000015999999600 ) ) ;
#12323 = FILL_AREA_STYLE ('',( #11289 ) ) ;
#12324 = STYLED_ITEM ( 'NONE', ( #9162 ), #9840 ) ;
#12325 = VECTOR ( 'NONE', #3093, 1000.000000000000100 ) ;
#12326 = EDGE_CURVE ( 'NONE', #735, #2451, #11907, .T. ) ;
#12327 =( NAMED_UNIT ( * ) SI_UNIT ( $, .STERADIAN. ) SOLID_ANGLE_UNIT ( ) );
#12328 = ORIENTED_EDGE ( 'NONE', *, *, #12210, .T. ) ;
#12329 = LINE ( 'NONE', #9844, #1304 ) ;
#12331 = AXIS2_PLACEMENT_3D ( 'NONE', #8290, #8238, #8151 ) ;
#12330 = CARTESIAN_POINT ( 'NONE',  ( -8.635999999999999200, 2.550001377000000500, -9.864998812000001400 ) ) ;
#12332 = DIRECTION ( 'NONE',  ( 0.0000000000000000000, 0.0000000000000000000, 1.000000000000000000 ) ) ;
#12333 = PRESENTATION_LAYER_ASSIGNMENT (  '', '', ( #10974 ) ) ;
#12334 = EDGE_LOOP ( 'NONE', ( #6592, #3853, #9031 ) ) ;
#12335 = LINE ( 'NONE', #3177, #4103 ) ;
#12336 = DIRECTION ( 'NONE',  ( 0.0000000000000000000, 1.000000000000000000, 0.0000000000000000000 ) ) ;
#12337 = ORIENTED_EDGE ( 'NONE', *, *, #1806, .F. ) ;
#12338 = LINE ( 'NONE', #6822, #1654 ) ;
#12339 = LINE ( 'NONE', #12036, #4416 ) ;
#12340 = CARTESIAN_POINT ( 'NONE',  ( -8.635999999999999200, 0.9500005130000001000, -11.06499945999999900 ) ) ;
#12341 = STYLED_ITEM ( 'NONE', ( #7588 ), #5074 ) ;
#12342 = DIRECTION ( 'NONE',  ( -1.000000000000000000, -8.537024980200812000E-016, 0.0000000000000000000 ) ) ;
#12343 = UNCERTAINTY_MEASURE_WITH_UNIT (LENGTH_MEASURE( 1.000000000000000100E-005 ), #12144, 'distance_accuracy_value', 'NONE');
#12344 = ORIENTED_EDGE ( 'NONE', *, *, #3125, .F. ) ;
#12345 = CARTESIAN_POINT ( 'NONE',  ( 8.382000000000001400, 10.54100000000000000, 10.83254115400000100 ) ) ;
#12346 = CARTESIAN_POINT ( 'NONE',  ( -7.642317177000000700, 7.531149590000000900, 12.19200266200000000 ) ) ;
#12347 = CARTESIAN_POINT ( 'NONE',  ( 4.266439159184068700, 11.09975096425310100, 11.22993965846142600 ) ) ;
#12348 = FACE_BOUND ( 'NONE', #7586, .T. ) ;
#12349 = AXIS2_PLACEMENT_3D ( 'NONE', #5565, #12774, #6585 ) ;
#12350 = SURFACE_SIDE_STYLE ('',( #5508 ) ) ;
#12351 = ADVANCED_FACE ( 'NONE', ( #6419 ), #4853, .F. ) ;
#12352 = ORIENTED_EDGE ( 'NONE', *, *, #12777, .F. ) ;
#12353 = SURFACE_STYLE_FILL_AREA ( #4182 ) ;
#12354 = EDGE_CURVE ( 'NONE', #12419, #8065, #5462, .T. ) ;
#12355 = DIRECTION ( 'NONE',  ( -0.0000000000000000000, -0.0000000000000000000, -1.000000000000000000 ) ) ;
#12356 = DIRECTION ( 'NONE',  ( -0.0000000000000000000, -1.000000000000000000, -0.0000000000000000000 ) ) ;
#12357 = PRESENTATION_LAYER_ASSIGNMENT (  '', '', ( #10322 ) ) ;
#12358 = ORIENTED_EDGE ( 'NONE', *, *, #13046, .T. ) ;
#12359 = ORIENTED_EDGE ( 'NONE', *, *, #4439, .F. ) ;
#12360 = DIRECTION ( 'NONE',  ( 1.000000000000000000, 0.0000000000000000000, 0.0000000000000000000 ) ) ;
#12361 = CARTESIAN_POINT ( 'NONE',  ( -8.890000000000000600, 0.0000000000000000000, 4.953000000000001200 ) ) ;
#12362 = SURFACE_STYLE_USAGE ( .BOTH. , #5147 ) ;
#12363 = EDGE_CURVE ( 'NONE', #2893, #2866, #8216, .T. ) ;
#12364 = ORIENTED_EDGE ( 'NONE', *, *, #2520, .F. ) ;
#12365 =( NAMED_UNIT ( * ) SI_UNIT ( $, .STERADIAN. ) SOLID_ANGLE_UNIT ( ) );
#12366 = DIRECTION ( 'NONE',  ( 0.7191104301116453300, -0.0000000000000000000, 0.6948958118341515000 ) ) ;
#12367 = EDGE_CURVE ( 'NONE', #12814, #5303, #10980, .T. ) ;
#12368 = SURFACE_STYLE_USAGE ( .BOTH. , #12450 ) ;
#12369 = LINE ( 'NONE', #3284, #6557 ) ;
#12370 = ADVANCED_FACE ( 'NONE', ( #2371 ), #5987, .F. ) ;
#12371 = EDGE_CURVE ( 'NONE', #12870, #5118, #1380, .T. ) ;
#12372 = LINE ( 'NONE', #3599, #9681 ) ;
#12373 = DIRECTION ( 'NONE',  ( -0.6948958118341513900, 0.0000000000000000000, -0.7191104301116454400 ) ) ;
#12374 = VERTEX_POINT ( 'NONE', #13235 ) ;
#12375 = PLANE ( 'NONE',  #4783 ) ;
#12376 =( GEOMETRIC_REPRESENTATION_CONTEXT ( 3 ) GLOBAL_UNCERTAINTY_ASSIGNED_CONTEXT ( ( #1356 ) ) GLOBAL_UNIT_ASSIGNED_CONTEXT ( ( #3212, #10483, #4254 ) ) REPRESENTATION_CONTEXT ( 'NONE', 'WORKASPACE' ) );
#12377 = PLANE ( 'NONE',  #5637 ) ;
#12378 = SURFACE_STYLE_USAGE ( .BOTH. , #5167 ) ;
#12379 = FILL_AREA_STYLE_COLOUR ( '', #9577 ) ;
#12380 = MECHANICAL_DESIGN_GEOMETRIC_PRESENTATION_REPRESENTATION (  '', ( #11033 ), #13064 ) ;
#12381 = PRESENTATION_LAYER_ASSIGNMENT (  '', '', ( #11034 ) ) ;
#12382 = DIRECTION ( 'NONE',  ( -1.000000000000000000, 0.0000000000000000000, 0.0000000000000000000 ) ) ;
#12383 = SURFACE_SIDE_STYLE ('',( #9521 ) ) ;
#12384 = VERTEX_POINT ( 'NONE', #7059 ) ;
#12385 = CARTESIAN_POINT ( 'NONE',  ( 8.890000000000000600, 0.0000000000000000000, -0.5080000027966559100 ) ) ;
#12386 = VERTEX_POINT ( 'NONE', #1885 ) ;
#12387 = MECHANICAL_DESIGN_GEOMETRIC_PRESENTATION_REPRESENTATION (  '', ( #11043 ), #13076 ) ;
#12388 = CARTESIAN_POINT ( 'NONE',  ( 9.016999999999999500, 8.975793326000001600, -3.981386681000000500 ) ) ;
#12389 = FACE_OUTER_BOUND ( 'NONE', #12952, .T. ) ;
#12390 =( LENGTH_UNIT ( ) NAMED_UNIT ( * ) SI_UNIT ( .MILLI., .METRE. ) );
#12391 = UNCERTAINTY_MEASURE_WITH_UNIT (LENGTH_MEASURE( 1.000000000000000100E-005 ), #3921, 'distance_accuracy_value', 'NONE');
#12392 =( NAMED_UNIT ( * ) SI_UNIT ( $, .STERADIAN. ) SOLID_ANGLE_UNIT ( ) );
#12393 = EDGE_LOOP ( 'NONE', ( #3687, #572, #1056, #10600 ) ) ;
#12394 = ORIENTED_EDGE ( 'NONE', *, *, #1546, .F. ) ;
#12395 = CARTESIAN_POINT ( 'NONE',  ( -8.890000000000000600, 5.524499999999999700, -12.06500000000000100 ) ) ;
#12396 = SURFACE_SIDE_STYLE ('',( #10199 ) ) ;
#12397 = PRESENTATION_LAYER_ASSIGNMENT (  '', '', ( #13089 ) ) ;
#12398 = DIRECTION ( 'NONE',  ( -1.000000000000000000, -0.0000000000000000000, -0.0000000000000000000 ) ) ;
#12399 = CARTESIAN_POINT ( 'NONE',  ( 8.635999999999999200, 5.524499999999999700, -8.964998317110001800 ) ) ;
#12400 = PRESENTATION_LAYER_ASSIGNMENT (  '', '', ( #9691 ) ) ;
#12401 = VECTOR ( 'NONE', #4389, 1000.000000000000000 ) ;
#12402 = CARTESIAN_POINT ( 'NONE',  ( -6.391147395883543000, -3.898305459020079200E-017, -1.231251768120515100 ) ) ;
#12403 = SURFACE_STYLE_USAGE ( .BOTH. , #5201 ) ;
#12404 = PRESENTATION_STYLE_ASSIGNMENT (( #6110 ) ) ;
#12405 = ADVANCED_FACE ( 'NONE', ( #12066 ), #7018, .T. ) ;
#12406 = ORIENTED_EDGE ( 'NONE', *, *, #3604, .T. ) ;
#12407 =( NAMED_UNIT ( * ) SI_UNIT ( $, .STERADIAN. ) SOLID_ANGLE_UNIT ( ) );
#12408 = CARTESIAN_POINT ( 'NONE',  ( -8.890000000000000600, 0.9500005130000001000, -11.06499945999999900 ) ) ;
#12409 = ORIENTED_EDGE ( 'NONE', *, *, #8179, .T. ) ;
#12410 = COLOUR_RGB ( '',0.7490196078431372600, 1.000000000000000000, 1.000000000000000000 ) ;
#12411 = SURFACE_STYLE_FILL_AREA ( #1167 ) ;
#12412 = PRESENTATION_LAYER_ASSIGNMENT (  '', '', ( #11069 ) ) ;
#12413 = DIRECTION ( 'NONE',  ( -0.0000000000000000000, -0.0000000000000000000, -1.000000000000000000 ) ) ;
#12414 = DIRECTION ( 'NONE',  ( 0.0000000000000000000, 0.0000000000000000000, -1.000000000000000000 ) ) ;
#12415 = CARTESIAN_POINT ( 'NONE',  ( 2.031999999999999600, 10.84580000000000100, 7.785100000000000800 ) ) ;
#12416 = DIRECTION ( 'NONE',  ( 0.0000000000000000000, -1.000000000000000000, 0.0000000000000000000 ) ) ;
#12417 = LINE ( 'NONE', #4843, #4504 ) ;
#12418 = DIRECTION ( 'NONE',  ( 1.000000000000000000, 0.0000000000000000000, 0.0000000000000000000 ) ) ;
#12419 = VERTEX_POINT ( 'NONE', #10270 ) ;
#12420 = CARTESIAN_POINT ( 'NONE',  ( 8.382000000000003200, 2.276954804999999900, 9.050557955096174100 ) ) ;
#12421 = ORIENTED_EDGE ( 'NONE', *, *, #2312, .F. ) ;
#12422 =( BOUNDED_CURVE ( )  B_SPLINE_CURVE ( 3, ( #4628, #3595, #5697, #12894 ),
 .UNSPECIFIED., .F., .F. ) 
 B_SPLINE_CURVE_WITH_KNOTS ( ( 4, 4 ),
 ( 3.928060217216105900, 5.495753468077860600 ),
 .UNSPECIFIED. ) 
 CURVE ( )  GEOMETRIC_REPRESENTATION_ITEM ( )  RATIONAL_B_SPLINE_CURVE ( ( 1.000000000000000000, 0.8054686884436572700, 0.8054686884436572700, 1.000000000000000000 ) ) 
 REPRESENTATION_ITEM ( '' )  );
#12423 = FILL_AREA_STYLE ('',( #4213 ) ) ;
#12424 = VECTOR ( 'NONE', #3434, 1000.000000000000000 ) ;
#12425 = ORIENTED_EDGE ( 'NONE', *, *, #11795, .F. ) ;
#12426 = MECHANICAL_DESIGN_GEOMETRIC_PRESENTATION_REPRESENTATION (  '', ( #11077 ), #13121 ) ;
#12427 = FACE_OUTER_BOUND ( 'NONE', #12393, .T. ) ;
#12428 = ADVANCED_FACE ( 'NONE', ( #8370 ), #3001, .F. ) ;
#12429 = EDGE_LOOP ( 'NONE', ( #1320, #13062, #7312, #8131 ) ) ;
#12430 =( NAMED_UNIT ( * ) SI_UNIT ( $, .STERADIAN. ) SOLID_ANGLE_UNIT ( ) );
#12431 = DIRECTION ( 'NONE',  ( 1.000000000000000000, 0.0000000000000000000, 0.0000000000000000000 ) ) ;
#12432 =( LENGTH_UNIT ( ) NAMED_UNIT ( * ) SI_UNIT ( .MILLI., .METRE. ) );
#12433 = SURFACE_STYLE_FILL_AREA ( #7254 ) ;
#12434 = EDGE_CURVE ( 'NONE', #7777, #5783, #7394, .T. ) ;
#12435 = ORIENTED_EDGE ( 'NONE', *, *, #12558, .T. ) ;
#12436 = LINE ( 'NONE', #9254, #9753 ) ;
#12437 =( NAMED_UNIT ( * ) SI_UNIT ( $, .STERADIAN. ) SOLID_ANGLE_UNIT ( ) );
#12438 = DIRECTION ( 'NONE',  ( 0.0000000000000000000, 0.0000000000000000000, -1.000000000000000000 ) ) ;
#12439 = EDGE_CURVE ( 'NONE', #276, #11868, #2193, .T. ) ;
#12440 =( LENGTH_UNIT ( ) NAMED_UNIT ( * ) SI_UNIT ( .MILLI., .METRE. ) );
#12441 = VECTOR ( 'NONE', #5632, 1000.000000000000000 ) ;
#12442 = VERTEX_POINT ( 'NONE', #4095 ) ;
#12443 = EDGE_LOOP ( 'NONE', ( #189, #7318, #5381, #12694 ) ) ;
#12444 = VECTOR ( 'NONE', #1525, 1000.000000000000000 ) ;
#12445 = LINE ( 'NONE', #6892, #9428 ) ;
#12446 = LINE ( 'NONE', #9161, #1772 ) ;
#12447 = FILL_AREA_STYLE ('',( #10426 ) ) ;
#12448 = FILL_AREA_STYLE_COLOUR ( '', #13244 ) ;
#12449 = PRESENTATION_STYLE_ASSIGNMENT (( #8596 ) ) ;
#12450 = SURFACE_SIDE_STYLE ('',( #11102 ) ) ;
#12451 = ORIENTED_EDGE ( 'NONE', *, *, #7650, .T. ) ;
#12452 =( GEOMETRIC_REPRESENTATION_CONTEXT ( 3 ) GLOBAL_UNCERTAINTY_ASSIGNED_CONTEXT ( ( #8837 ) ) GLOBAL_UNIT_ASSIGNED_CONTEXT ( ( #9897, #9854, #9819 ) ) REPRESENTATION_CONTEXT ( 'NONE', 'WORKASPACE' ) );
#12454 = AXIS2_PLACEMENT_3D ( 'NONE', #11028, #13237, #3083 ) ;
#12453 = SURFACE_STYLE_FILL_AREA ( #10020 ) ;
#12455 =( LENGTH_UNIT ( ) NAMED_UNIT ( * ) SI_UNIT ( .MILLI., .METRE. ) );
#12456 = MECHANICAL_DESIGN_GEOMETRIC_PRESENTATION_REPRESENTATION (  '', ( #10436 ), #13146 ) ;
#12457 = VERTEX_POINT ( 'NONE', #6171 ) ;
#12458 = CARTESIAN_POINT ( 'NONE',  ( -8.635999999999999200, 1.750000945000000300, -11.06499945999999900 ) ) ;
#12459 =( NAMED_UNIT ( * ) SI_UNIT ( $, .STERADIAN. ) SOLID_ANGLE_UNIT ( ) );
#12460 = FILL_AREA_STYLE ('',( #13368 ) ) ;
#12461 = VECTOR ( 'NONE', #5364, 1000.000000000000000 ) ;
#12462 = EDGE_CURVE ( 'NONE', #7072, #5231, #9862, .T. ) ;
#12463 = SURFACE_SIDE_STYLE ('',( #11961 ) ) ;
#12464 = VECTOR ( 'NONE', #11489, 1000.000000000000000 ) ;
#12465 = CARTESIAN_POINT ( 'NONE',  ( -2.031999999999999600, 9.845800000000000600, 3.505199999999999900 ) ) ;
#12466 =( NAMED_UNIT ( * ) PLANE_ANGLE_UNIT ( ) SI_UNIT ( $, .RADIAN. ) );
#12467 = EDGE_CURVE ( 'NONE', #11114, #8279, #12538, .T. ) ;
#12468 = FILL_AREA_STYLE_COLOUR ( '', #10711 ) ;
#12469 = PRESENTATION_STYLE_ASSIGNMENT (( #2963 ) ) ;
#12470 = VECTOR ( 'NONE', #1830, 1000.000000000000000 ) ;
#12471 = STYLED_ITEM ( 'NONE', ( #84 ), #8997 ) ;
#12472 = ORIENTED_EDGE ( 'NONE', *, *, #2964, .F. ) ;
#12473 = UNCERTAINTY_MEASURE_WITH_UNIT (LENGTH_MEASURE( 1.000000000000000100E-005 ), #11595, 'distance_accuracy_value', 'NONE');
#12474 = PRESENTATION_STYLE_ASSIGNMENT (( #8448 ) ) ;
#12475 = CARTESIAN_POINT ( 'NONE',  ( -3.149999999999999900, 9.020799999999999500, 12.06500000000000100 ) ) ;
#12476 = PLANE ( 'NONE',  #159 ) ;
#12477 = DIRECTION ( 'NONE',  ( 0.0000000000000000000, 0.0000000000000000000, -1.000000000000000000 ) ) ;
#12478 = MECHANICAL_DESIGN_GEOMETRIC_PRESENTATION_REPRESENTATION (  '', ( #10450 ), #13161 ) ;
#12479 = ADVANCED_FACE ( 'NONE', ( #4626, #4304, #1537 ), #976, .F. ) ;
#12480 = ORIENTED_EDGE ( 'NONE', *, *, #13422, .F. ) ;
#12481 = VECTOR ( 'NONE', #10637, 1000.000000000000000 ) ;
#12482 = AXIS2_PLACEMENT_3D ( 'NONE', #1871, #2114, #2153 ) ;
#12483 = STYLED_ITEM ( 'NONE', ( #119 ), #8196 ) ;
#12484 = CARTESIAN_POINT ( 'NONE',  ( -4.527472042102551200, 11.04899999999999900, 3.301999996825000700 ) ) ;
#12485 = ORIENTED_EDGE ( 'NONE', *, *, #12739, .T. ) ;
#12486 =( LENGTH_UNIT ( ) NAMED_UNIT ( * ) SI_UNIT ( .MILLI., .METRE. ) );
#12487 = CARTESIAN_POINT ( 'NONE',  ( -0.7620000000000001200, -1.778000000000000200, -7.569200000000000400 ) ) ;
#12488 = COLOUR_RGB ( '',0.0000000000000000000, 0.7529411764705882200, 0.0000000000000000000 ) ;
#12489 = MECHANICAL_DESIGN_GEOMETRIC_PRESENTATION_REPRESENTATION (  '', ( #10458 ), #13168 ) ;
#12490 = FILL_AREA_STYLE_COLOUR ( '', #12507 ) ;
#12491 = EDGE_CURVE ( 'NONE', #555, #8956, #11271, .T. ) ;
#12492 = CARTESIAN_POINT ( 'NONE',  ( -5.530603067000000400, 11.04899999999999900, 3.802000015999999600 ) ) ;
#12493 = AXIS2_PLACEMENT_3D ( 'NONE', #566, #7864, #1643 ) ;
#12494 = ORIENTED_EDGE ( 'NONE', *, *, #8671, .F. ) ;
#12495 = LINE ( 'NONE', #11804, #4256 ) ;
#12496 = ADVANCED_FACE ( 'NONE', ( #5777 ), #10003, .T. ) ;
#12497 = VECTOR ( 'NONE', #9605, 1000.000000000000000 ) ;
#12498 = VERTEX_POINT ( 'NONE', #11444 ) ;
#12499 = VECTOR ( 'NONE', #4872, 1000.000000000000100 ) ;
#12500 = VECTOR ( 'NONE', #2288, 1000.000000000000000 ) ;
#12501 = MECHANICAL_DESIGN_GEOMETRIC_PRESENTATION_REPRESENTATION (  '', ( #11134 ), #13180 ) ;
#12502 =( NAMED_UNIT ( * ) PLANE_ANGLE_UNIT ( ) SI_UNIT ( $, .RADIAN. ) );
#12503 = UNCERTAINTY_MEASURE_WITH_UNIT (LENGTH_MEASURE( 1.000000000000000100E-005 ), #8550, 'distance_accuracy_value', 'NONE');
#12504 = ADVANCED_FACE ( 'NONE', ( #7227 ), #12476, .F. ) ;
#12505 = SURFACE_SIDE_STYLE ('',( #2645 ) ) ;
#12506 =( NAMED_UNIT ( * ) SI_UNIT ( $, .STERADIAN. ) SOLID_ANGLE_UNIT ( ) );
#12507 = COLOUR_RGB ( '',0.7490196078431372600, 1.000000000000000000, 1.000000000000000000 ) ;
#12508 = EDGE_LOOP ( 'NONE', ( #11558, #7875, #7695, #11915 ) ) ;
#12509 = FILL_AREA_STYLE_COLOUR ( '', #5176 ) ;
#12510 = DIRECTION ( 'NONE',  ( -1.000000000000000000, -0.0000000000000000000, -0.0000000000000000000 ) ) ;
#12511 = SURFACE_SIDE_STYLE ('',( #7400 ) ) ;
#12512 = STYLED_ITEM ( 'NONE', ( #9964 ), #5262 ) ;
#12513 = DIRECTION ( 'NONE',  ( -0.0000000000000000000, -0.0000000000000000000, -1.000000000000000000 ) ) ;
#12514 = LINE ( 'NONE', #4461, #9827 ) ;
#12515 = CARTESIAN_POINT ( 'NONE',  ( -5.804110354999999700, 8.142580277000002200, 8.064649543000001600 ) ) ;
#12516 = CARTESIAN_POINT ( 'NONE',  ( -5.804110354999999700, 11.23840813999999700, 11.42054445500000200 ) ) ;
#12517 = CARTESIAN_POINT ( 'NONE',  ( 0.7620000000000005700, 0.0000000000000000000, -12.06500000000000100 ) ) ;
#12518 = ORIENTED_EDGE ( 'NONE', *, *, #3748, .F. ) ;
#12519 = DIRECTION ( 'NONE',  ( 0.0000000000000000000, 0.0000000000000000000, -1.000000000000000000 ) ) ;
#12520 = VECTOR ( 'NONE', #9883, 1000.000000000000000 ) ;
#12521 = PLANE ( 'NONE',  #11369 ) ;
#12522 = EDGE_CURVE ( 'NONE', #10498, #9448, #11733, .T. ) ;
#12523 = DIRECTION ( 'NONE',  ( 1.000000000000000000, -0.0000000000000000000, 0.0000000000000000000 ) ) ;
#12524 = CARTESIAN_POINT ( 'NONE',  ( -5.950000000000000200, 8.195800000000000200, 7.785100000000000800 ) ) ;
#12525 =( GEOMETRIC_REPRESENTATION_CONTEXT ( 3 ) GLOBAL_UNCERTAINTY_ASSIGNED_CONTEXT ( ( #230 ) ) GLOBAL_UNIT_ASSIGNED_CONTEXT ( ( #2145, #9431, #3191 ) ) REPRESENTATION_CONTEXT ( 'NONE', 'WORKASPACE' ) );
#12526 = EDGE_LOOP ( 'NONE', ( #61, #6308, #2386, #7589 ) ) ;
#12527 = CARTESIAN_POINT ( 'NONE',  ( 8.715588148000000100, 8.742905755999999000, 9.706843757000001500 ) ) ;
#12528 =( NAMED_UNIT ( * ) PLANE_ANGLE_UNIT ( ) SI_UNIT ( $, .RADIAN. ) );
#12529 = CARTESIAN_POINT ( 'NONE',  ( -8.610600000033160800, 10.54099999999025900, 8.814624415990266500 ) ) ;
#12530 =( GEOMETRIC_REPRESENTATION_CONTEXT ( 3 ) GLOBAL_UNCERTAINTY_ASSIGNED_CONTEXT ( ( #9564 ) ) GLOBAL_UNIT_ASSIGNED_CONTEXT ( ( #5547, #5591, #7057 ) ) REPRESENTATION_CONTEXT ( 'NONE', 'WORKASPACE' ) );
#12531 = VECTOR ( 'NONE', #7521, 1000.000000000000000 ) ;
#12532 =( GEOMETRIC_REPRESENTATION_CONTEXT ( 3 ) GLOBAL_UNCERTAINTY_ASSIGNED_CONTEXT ( ( #9366 ) ) GLOBAL_UNIT_ASSIGNED_CONTEXT ( ( #7828, #1596, #8865 ) ) REPRESENTATION_CONTEXT ( 'NONE', 'WORKASPACE' ) );
#12533 = SURFACE_STYLE_USAGE ( .BOTH. , #5325 ) ;
#12534 = ORIENTED_EDGE ( 'NONE', *, *, #5296, .F. ) ;
#12535 = EDGE_CURVE ( 'NONE', #8841, #11462, #4790, .T. ) ;
#12536 =( LENGTH_UNIT ( ) NAMED_UNIT ( * ) SI_UNIT ( .MILLI., .METRE. ) );
#12537 = UNCERTAINTY_MEASURE_WITH_UNIT (LENGTH_MEASURE( 1.000000000000000100E-005 ), #3009, 'distance_accuracy_value', 'NONE');
#12538 = LINE ( 'NONE', #9320, #10158 ) ;
#12539 =( GEOMETRIC_REPRESENTATION_CONTEXT ( 3 ) GLOBAL_UNCERTAINTY_ASSIGNED_CONTEXT ( ( #1438 ) ) GLOBAL_UNIT_ASSIGNED_CONTEXT ( ( #4291, #11533, #5341 ) ) REPRESENTATION_CONTEXT ( 'NONE', 'WORKASPACE' ) );
#12540 = VECTOR ( 'NONE', #1737, 1000.000000000000000 ) ;
#12541 = COLOUR_RGB ( '',0.7529411764705882200, 1.000000000000000000, 1.000000000000000000 ) ;
#12542 = DIRECTION ( 'NONE',  ( -1.000000000000000000, -0.0000000000000000000, -0.0000000000000000000 ) ) ;
#12543 = SURFACE_SIDE_STYLE ('',( #6932 ) ) ;
#12544 = ORIENTED_EDGE ( 'NONE', *, *, #5539, .F. ) ;
#12545 = FILL_AREA_STYLE_COLOUR ( '', #7617 ) ;
#12546 = STYLED_ITEM ( 'NONE', ( #658 ), #3953 ) ;
#12547 = ORIENTED_EDGE ( 'NONE', *, *, #6434, .F. ) ;
#12548 = CARTESIAN_POINT ( 'NONE',  ( -6.349999999999999600, 0.0000000000000000000, -10.10920000000000100 ) ) ;
#12549 = CARTESIAN_POINT ( 'NONE',  ( 3.149999999999999900, 9.020799999999999500, 12.06500000000000100 ) ) ;
#12551 =( GEOMETRIC_REPRESENTATION_CONTEXT ( 3 ) GLOBAL_UNCERTAINTY_ASSIGNED_CONTEXT ( ( #12946 ) ) GLOBAL_UNIT_ASSIGNED_CONTEXT ( ( #6205, #6172, #6159 ) ) REPRESENTATION_CONTEXT ( 'NONE', 'WORKASPACE' ) );
#12550 = DIRECTION ( 'NONE',  ( 0.0000000000000000000, 0.0000000000000000000, 1.000000000000000000 ) ) ;
#12552 = ADVANCED_FACE ( 'NONE', ( #6239 ), #2208, .F. ) ;
#12553 =( GEOMETRIC_REPRESENTATION_CONTEXT ( 3 ) GLOBAL_UNCERTAINTY_ASSIGNED_CONTEXT ( ( #7002 ) ) GLOBAL_UNIT_ASSIGNED_CONTEXT ( ( #3864, #11113, #4909 ) ) REPRESENTATION_CONTEXT ( 'NONE', 'WORKASPACE' ) );
#12554 = LINE ( 'NONE', #6556, #1868 ) ;
#12555 = B_SPLINE_CURVE_WITH_KNOTS ( 'NONE', 3,
 ( #5558, #11728, #344, #7645, #1406, #8678 ),
 .UNSPECIFIED., .F., .F.,
 ( 4, 2, 4 ),
 ( 3.605805204285743400E-013, 0.0002086356530277169500, 0.0004172713056948534200 ),
 .UNSPECIFIED. ) ;
#12556 = PRESENTATION_LAYER_ASSIGNMENT (  '', '', ( #11206 ) ) ;
#12557 = CARTESIAN_POINT ( 'NONE',  ( -8.890000000000000600, 10.74927999999999900, 1.700000918000001700 ) ) ;
#12558 = EDGE_CURVE ( 'NONE', #12605, #3097, #10482, .T. ) ;
#12559 = EDGE_LOOP ( 'NONE', ( #1302, #4922, #5153, #3822 ) ) ;
#12560 = EDGE_LOOP ( 'NONE', ( #9603, #5223, #8825, #2891 ) ) ;
#12561 = DIRECTION ( 'NONE',  ( -1.000000000000000000, -1.707404996040159200E-015, 0.0000000000000000000 ) ) ;
#12562 = ADVANCED_FACE ( 'NONE', ( #4940 ), #1189, .F. ) ;
#12563 = DIRECTION ( 'NONE',  ( -0.0000000000000000000, -1.000000000000000000, -0.0000000000000000000 ) ) ;
#12564 = VERTEX_POINT ( 'NONE', #9339 ) ;
#12565 = CARTESIAN_POINT ( 'NONE',  ( -8.890000000000000600, 1.247224551999999600, -1.447800003633884300 ) ) ;
#12566 =( NAMED_UNIT ( * ) PLANE_ANGLE_UNIT ( ) SI_UNIT ( $, .RADIAN. ) );
#12567 = CYLINDRICAL_SURFACE ( 'NONE', #2629, 2.767382544000000200 ) ;
#12568 = CARTESIAN_POINT ( 'NONE',  ( -1.270000000000000200, 0.0000000000000000000, -7.569200000000000400 ) ) ;
#12569 = CARTESIAN_POINT ( 'NONE',  ( 7.264400000000000200, -1.778000000000000200, 8.000999999999999400 ) ) ;
#12570 = CARTESIAN_POINT ( 'NONE',  ( 5.804110354852935100, 11.04563829321458700, 11.56604518997163000 ) ) ;
#12571 = MECHANICAL_DESIGN_GEOMETRIC_PRESENTATION_REPRESENTATION (  '', ( #10551 ), #13268 ) ;
#12572 = STYLED_ITEM ( 'NONE', ( #7852 ), #10359 ) ;
#12573 = PRESENTATION_STYLE_ASSIGNMENT (( #3802 ) ) ;
#12574 = EDGE_LOOP ( 'NONE', ( #2046, #4814, #2828, #9963 ) ) ;
#12575 = ORIENTED_EDGE ( 'NONE', *, *, #8944, .T. ) ;
#12576 = CARTESIAN_POINT ( 'NONE',  ( 5.079999999999999200, -1.778000000000000200, -7.569200000000000400 ) ) ;
#12577 = MECHANICAL_DESIGN_GEOMETRIC_PRESENTATION_REPRESENTATION (  '', ( #11225 ), #13274 ) ;
#12578 = VERTEX_POINT ( 'NONE', #10376 ) ;
#12579 = VECTOR ( 'NONE', #8806, 1000.000000000000000 ) ;
#12580 = COLOUR_RGB ( '',0.7490196078431372600, 1.000000000000000000, 1.000000000000000000 ) ;
#12581 = CARTESIAN_POINT ( 'NONE',  ( -5.804110354999999700, 11.18252178205955100, 11.13101989364586500 ) ) ;
#12582 =( LENGTH_UNIT ( ) NAMED_UNIT ( * ) SI_UNIT ( .MILLI., .METRE. ) );
#12583 =( NAMED_UNIT ( * ) PLANE_ANGLE_UNIT ( ) SI_UNIT ( $, .RADIAN. ) );
#12584 = PRESENTATION_STYLE_ASSIGNMENT (( #1360 ) ) ;
#12585 = AXIS2_PLACEMENT_3D ( 'NONE', #12683, #6509, #269 ) ;
#12586 = FILL_AREA_STYLE ('',( #177 ) ) ;
#12587 = LINE ( 'NONE', #514, #9899 ) ;
#12588 =( NAMED_UNIT ( * ) PLANE_ANGLE_UNIT ( ) SI_UNIT ( $, .RADIAN. ) );
#12589 = VERTEX_POINT ( 'NONE', #4146 ) ;
#12590 = SURFACE_STYLE_USAGE ( .BOTH. , #5386 ) ;
#12591 = SURFACE_STYLE_FILL_AREA ( #3305 ) ;
#12592 = VECTOR ( 'NONE', #7294, 1000.000000000000000 ) ;
#12593 = ORIENTED_EDGE ( 'NONE', *, *, #7925, .F. ) ;
#12594 = DIRECTION ( 'NONE',  ( 1.000000000000000000, 0.0000000000000000000, 0.0000000000000000000 ) ) ;
#12595 = CARTESIAN_POINT ( 'NONE',  ( 8.635999999999999200, 0.9500005130000001000, -9.864998812000001400 ) ) ;
#12596 = LINE ( 'NONE', #12346, #4685 ) ;
#12597 =( NAMED_UNIT ( * ) SI_UNIT ( $, .STERADIAN. ) SOLID_ANGLE_UNIT ( ) );
#12598 = SURFACE_STYLE_USAGE ( .BOTH. , #5398 ) ;
#12599 = CARTESIAN_POINT ( 'NONE',  ( -8.762999999999999900, 8.848793325999999100, -3.781386573000000300 ) ) ;
#12600 = EDGE_CURVE ( 'NONE', #6412, #11895, #6720, .T. ) ;
#12601 = ORIENTED_EDGE ( 'NONE', *, *, #9234, .F. ) ;
#12602 = SURFACE_STYLE_FILL_AREA ( #13050 ) ;
#12603 = MECHANICAL_DESIGN_GEOMETRIC_PRESENTATION_REPRESENTATION (  '', ( #9895 ), #13305 ) ;
#12604 =( NAMED_UNIT ( * ) SI_UNIT ( $, .STERADIAN. ) SOLID_ANGLE_UNIT ( ) );
#12605 = VERTEX_POINT ( 'NONE', #5196 ) ;
#12606 = DIRECTION ( 'NONE',  ( 0.0000000000000000000, 0.0000000000000000000, 1.000000000000000000 ) ) ;
#12607 = FILL_AREA_STYLE_COLOUR ( '', #924 ) ;
#12608 = LINE ( 'NONE', #4962, #4701 ) ;
#12609 = DIRECTION ( 'NONE',  ( 0.0000000000000000000, 0.0000000000000000000, 1.000000000000000000 ) ) ;
#12610 = EDGE_LOOP ( 'NONE', ( #4863, #897, #11302, #1046, #5071 ) ) ;
#12611 = CARTESIAN_POINT ( 'NONE',  ( 8.890000000000000600, 8.248718325999997000, -2.335149762999999100 ) ) ;
#12612 = SURFACE_STYLE_USAGE ( .BOTH. , #5414 ) ;
#12613 = COLOUR_RGB ( '',0.7490196078431372600, 1.000000000000000000, 1.000000000000000000 ) ;
#12614 = FILL_AREA_STYLE ('',( #8445 ) ) ;
#12615 = EDGE_LOOP ( 'NONE', ( #10881, #8827, #118, #6348, #7540, #6751 ) ) ;
#12616 = EDGE_CURVE ( 'NONE', #11208, #8407, #11885, .T. ) ;
#12617 = ORIENTED_EDGE ( 'NONE', *, *, #10016, .F. ) ;
#12618 = FILL_AREA_STYLE_COLOUR ( '', #12643 ) ;
#12619 = DIRECTION ( 'NONE',  ( 0.0000000000000000000, 0.0000000000000000000, -1.000000000000000000 ) ) ;
#12620 = VECTOR ( 'NONE', #7769, 1000.000000000000000 ) ;
#12621 = FACE_OUTER_BOUND ( 'NONE', #3020, .T. ) ;
#12622 = UNCERTAINTY_MEASURE_WITH_UNIT (LENGTH_MEASURE( 1.000000000000000100E-005 ), #10168, 'distance_accuracy_value', 'NONE');
#12623 = EDGE_CURVE ( 'NONE', #7476, #891, #9172, .T. ) ;
#12624 = CARTESIAN_POINT ( 'NONE',  ( -8.635999999999999200, 0.0000000000000000000, -12.06500000000000100 ) ) ;
#12625 = DIRECTION ( 'NONE',  ( 0.0000000000000000000, 1.000000000000000000, 0.0000000000000000000 ) ) ;
#12627 = VECTOR ( 'NONE', #1326, 1000.000000000000000 ) ;
#12626 = FILL_AREA_STYLE_COLOUR ( '', #3467 ) ;
#12628 = VECTOR ( 'NONE', #8630, 1000.000000000000000 ) ;
#12629 = ORIENTED_EDGE ( 'NONE', *, *, #9333, .F. ) ;
#12630 = FACE_OUTER_BOUND ( 'NONE', #3425, .T. ) ;
#12631 = ADVANCED_FACE ( 'NONE', ( #3644 ), #3154, .T. ) ;
#12632 = EDGE_CURVE ( 'NONE', #2179, #9925, #10646, .T. ) ;
#12633 = ORIENTED_EDGE ( 'NONE', *, *, #11555, .F. ) ;
#12634 = CARTESIAN_POINT ( 'NONE',  ( 6.349999999999998800, -1.778000000000000200, -10.10920000000000100 ) ) ;
#12635 = FILL_AREA_STYLE_COLOUR ( '', #3935 ) ;
#12636 =( NAMED_UNIT ( * ) SI_UNIT ( $, .STERADIAN. ) SOLID_ANGLE_UNIT ( ) );
#12637 = ORIENTED_EDGE ( 'NONE', *, *, #11555, .T. ) ;
#12638 = EDGE_LOOP ( 'NONE', ( #370, #10075, #5479, #2727 ) ) ;
#12639 = PRESENTATION_STYLE_ASSIGNMENT (( #5185 ) ) ;
#12640 = LINE ( 'NONE', #4532, #1957 ) ;
#12641 = LINE ( 'NONE', #4088, #12325 ) ;
#12642 = PRESENTATION_LAYER_ASSIGNMENT (  '', '', ( #11268 ) ) ;
#12643 = COLOUR_RGB ( '',0.7529411764705882200, 1.000000000000000000, 1.000000000000000000 ) ;
#12644 = CARTESIAN_POINT ( 'NONE',  ( -4.825999999999999600, -1.778000000000000200, -7.569200000000000400 ) ) ;
#12645 = PRESENTATION_LAYER_ASSIGNMENT (  '', '', ( #11272 ) ) ;
#12646 = ORIENTED_EDGE ( 'NONE', *, *, #13394, .F. ) ;
#12647 = STYLED_ITEM ( 'NONE', ( #3710 ), #7284 ) ;
#12648 = DIRECTION ( 'NONE',  ( 0.0000000000000000000, 1.000000000000000000, 0.0000000000000000000 ) ) ;
#12649 = FILL_AREA_STYLE ('',( #12102 ) ) ;
#12650 = EDGE_CURVE ( 'NONE', #4695, #9671, #2548, .T. ) ;
#12651 = CARTESIAN_POINT ( 'NONE',  ( -8.990000000000000200, 1.247224551999999600, -0.8382000000000000600 ) ) ;
#12652 = VERTEX_POINT ( 'NONE', #10466 ) ;
#12653 = EDGE_LOOP ( 'NONE', ( #7898, #4831, #11107, #2069, #1292, #7196 ) ) ;
#12654 = CARTESIAN_POINT ( 'NONE',  ( -4.064000000000000100, -1.778000000000000200, -10.46480000000000000 ) ) ;
#12655 = FILL_AREA_STYLE_COLOUR ( '', #10539 ) ;
#12656 = MECHANICAL_DESIGN_GEOMETRIC_PRESENTATION_REPRESENTATION (  '', ( #10626 ), #13342 ) ;
#12657 = DIRECTION ( 'NONE',  ( -0.0000000000000000000, -0.0000000000000000000, 1.000000000000000000 ) ) ;
#12658 = ORIENTED_EDGE ( 'NONE', *, *, #6864, .T. ) ;
#12659 = SURFACE_STYLE_FILL_AREA ( #9289 ) ;
#12660 =( LENGTH_UNIT ( ) NAMED_UNIT ( * ) SI_UNIT ( .MILLI., .METRE. ) );
#12661 = AXIS2_PLACEMENT_3D ( 'NONE', #11311, #5120, #12342 ) ;
#12662 =( GEOMETRIC_REPRESENTATION_CONTEXT ( 3 ) GLOBAL_UNCERTAINTY_ASSIGNED_CONTEXT ( ( #1168 ) ) GLOBAL_UNIT_ASSIGNED_CONTEXT ( ( #1702, #3034, #11572 ) ) REPRESENTATION_CONTEXT ( 'NONE', 'WORKASPACE' ) );
#12663 =( NAMED_UNIT ( * ) PLANE_ANGLE_UNIT ( ) SI_UNIT ( $, .RADIAN. ) );
#12664 = ORIENTED_EDGE ( 'NONE', *, *, #4081, .T. ) ;
#12665 = EDGE_LOOP ( 'NONE', ( #9400, #2101, #10257, #2012 ) ) ;
#12666 = DIRECTION ( 'NONE',  ( -0.0000000000000000000, -1.000000000000000000, -0.0000000000000000000 ) ) ;
#12667 = DIRECTION ( 'NONE',  ( 0.0000000000000000000, 0.0000000000000000000, 1.000000000000000000 ) ) ;
#12668 = CARTESIAN_POINT ( 'NONE',  ( -4.317999999999999600, -1.778000000000000200, -10.10920000000000100 ) ) ;
#12669 = DIRECTION ( 'NONE',  ( 0.0000000000000000000, 1.000000000000000000, 0.0000000000000000000 ) ) ;
#12670 = DIRECTION ( 'NONE',  ( 1.000000000000000000, -0.0000000000000000000, 0.0000000000000000000 ) ) ;
#12671 = CARTESIAN_POINT ( 'NONE',  ( -8.890000000000000600, 8.848793326146768800, -5.381387438458844500 ) ) ;
#12672 = SURFACE_STYLE_USAGE ( .BOTH. , #12845 ) ;
#12673 =( NAMED_UNIT ( * ) SI_UNIT ( $, .STERADIAN. ) SOLID_ANGLE_UNIT ( ) );
#12674 = UNCERTAINTY_MEASURE_WITH_UNIT (LENGTH_MEASURE( 1.000000000000000100E-005 ), #4898, 'distance_accuracy_value', 'NONE');
#12675 = ORIENTED_EDGE ( 'NONE', *, *, #6294, .F. ) ;
#12676 = EDGE_LOOP ( 'NONE', ( #920, #8626, #2108, #6393 ) ) ;
#12677 = DIRECTION ( 'NONE',  ( -0.0000000000000000000, -0.0000000000000000000, 1.000000000000000000 ) ) ;
#12678 = AXIS2_PLACEMENT_3D ( 'NONE', #3257, #10523, #4292 ) ;
#12679 = DIRECTION ( 'NONE',  ( -1.000000000000000000, -0.0000000000000000000, -0.0000000000000000000 ) ) ;
#12680 = CARTESIAN_POINT ( 'NONE',  ( 3.809999999999999600, -0.8890000000000001200, -10.10920000000000100 ) ) ;
#12681 =( NAMED_UNIT ( * ) SI_UNIT ( $, .STERADIAN. ) SOLID_ANGLE_UNIT ( ) );
#12682 = FILL_AREA_STYLE_COLOUR ( '', #11498 ) ;
#12683 = CARTESIAN_POINT ( 'NONE',  ( -9.016999999999999500, 9.229793325999999400, -4.489386681000000900 ) ) ;
#12684 = ORIENTED_EDGE ( 'NONE', *, *, #4355, .T. ) ;
#12685 =( GEOMETRIC_REPRESENTATION_CONTEXT ( 3 ) GLOBAL_UNCERTAINTY_ASSIGNED_CONTEXT ( ( #9637 ) ) GLOBAL_UNIT_ASSIGNED_CONTEXT ( ( #5738, #12944, #6758 ) ) REPRESENTATION_CONTEXT ( 'NONE', 'WORKASPACE' ) );
#12686 = CARTESIAN_POINT ( 'NONE',  ( 8.382000000000001400, 6.649992329499999000, 10.69260680150000200 ) ) ;
#12687 = DIRECTION ( 'NONE',  ( 3.414809992080330300E-015, -1.000000000000000000, 0.0000000000000000000 ) ) ;
#12688 = DIRECTION ( 'NONE',  ( 0.0000000000000000000, 0.0000000000000000000, -1.000000000000000000 ) ) ;
#12689 = ADVANCED_FACE ( 'NONE', ( #5109 ), #3186, .F. ) ;
#12690 = LINE ( 'NONE', #4245, #7219 ) ;
#12691 = DIRECTION ( 'NONE',  ( 1.000000000000000000, -0.0000000000000000000, -0.0000000000000000000 ) ) ;
#12692 = EDGE_CURVE ( 'NONE', #9955, #1383, #1349, .T. ) ;
#12693 = UNCERTAINTY_MEASURE_WITH_UNIT (LENGTH_MEASURE( 1.000000000000000100E-005 ), #13074, 'distance_accuracy_value', 'NONE');
#12694 = ORIENTED_EDGE ( 'NONE', *, *, #9370, .F. ) ;
#12695 = PRESENTATION_LAYER_ASSIGNMENT (  '', '', ( #10671 ) ) ;
#12696 =( NAMED_UNIT ( * ) SI_UNIT ( $, .STERADIAN. ) SOLID_ANGLE_UNIT ( ) );
#12697 = EDGE_CURVE ( 'NONE', #10918, #108, #9675, .T. ) ;
#12698 = SURFACE_STYLE_USAGE ( .BOTH. , #12511 ) ;
#12699 = SURFACE_STYLE_FILL_AREA ( #12423 ) ;
#12700 = DIRECTION ( 'NONE',  ( 1.000000000000000000, -0.0000000000000000000, 0.0000000000000000000 ) ) ;
#12701 = CARTESIAN_POINT ( 'NONE',  ( -4.064000000000000100, -1.778000000000000200, -10.10920000000000100 ) ) ;
#12702 = EDGE_CURVE ( 'NONE', #2313, #2543, #12041, .T. ) ;
#12703 = COLOUR_RGB ( '',0.7490196078431372600, 1.000000000000000000, 1.000000000000000000 ) ;
#12704 =( LENGTH_UNIT ( ) NAMED_UNIT ( * ) SI_UNIT ( .MILLI., .METRE. ) );
#12705 = DIRECTION ( 'NONE',  ( 1.000000000000000000, -0.0000000000000000000, 0.0000000000000000000 ) ) ;
#12706 = PRESENTATION_STYLE_ASSIGNMENT (( #13095 ) ) ;
#12707 = ORIENTED_EDGE ( 'NONE', *, *, #12702, .T. ) ;
#12708 = DIRECTION ( 'NONE',  ( 0.0000000000000000000, -0.7071067805057865700, 0.7071067818673084600 ) ) ;
#12709 = ORIENTED_EDGE ( 'NONE', *, *, #11014, .T. ) ;
#12710 = CARTESIAN_POINT ( 'NONE',  ( -2.794000000000000000, -0.8890000000000001200, -7.924799999999999400 ) ) ;
#12711 = CARTESIAN_POINT ( 'NONE',  ( -2.032000000000000500, -1.778000000000000200, -10.46480000000000000 ) ) ;
#12712 = PRESENTATION_LAYER_ASSIGNMENT (  '', '', ( #10688 ) ) ;
#12713 = PRESENTATION_LAYER_ASSIGNMENT (  '', '', ( #11349 ) ) ;
#12714 = VECTOR ( 'NONE', #8831, 1000.000000000000000 ) ;
#12715 = MECHANICAL_DESIGN_GEOMETRIC_PRESENTATION_REPRESENTATION (  '', ( #11350 ), #13416 ) ;
#12716 = FILL_AREA_STYLE_COLOUR ( '', #1901 ) ;
#12717 = ORIENTED_EDGE ( 'NONE', *, *, #10698, .F. ) ;
#12718 = ORIENTED_EDGE ( 'NONE', *, *, #13397, .T. ) ;
#12719 = EDGE_CURVE ( 'NONE', #9425, #555, #2656, .T. ) ;
#12720 = EDGE_CURVE ( 'NONE', #8357, #7544, #6555, .T. ) ;
#12721 = AXIS2_PLACEMENT_3D ( 'NONE', #9829, #3571, #10850 ) ;
#12722 = CIRCLE ( 'NONE', #10962, 0.1269999999999999500 ) ;
#12723 = CARTESIAN_POINT ( 'NONE',  ( -9.213783128420521600, 10.25428737918112900, 8.837919531578444700 ) ) ;
#12724 = UNCERTAINTY_MEASURE_WITH_UNIT (LENGTH_MEASURE( 1.000000000000000100E-005 ), #11580, 'distance_accuracy_value', 'NONE');
#12725 =( NAMED_UNIT ( * ) SI_UNIT ( $, .STERADIAN. ) SOLID_ANGLE_UNIT ( ) );
#12726 = CARTESIAN_POINT ( 'NONE',  ( 8.715588151666668900, 7.530902241879415400, 12.06500000000000100 ) ) ;
#12727 =( NAMED_UNIT ( * ) PLANE_ANGLE_UNIT ( ) SI_UNIT ( $, .RADIAN. ) );
#12728 = LINE ( 'NONE', #5540, #4812 ) ;
#12729 = ORIENTED_EDGE ( 'NONE', *, *, #6825, .T. ) ;
#12730 = EDGE_LOOP ( 'NONE', ( #2614, #11540, #4141, #7063 ) ) ;
#12732 = STYLED_ITEM ( 'NONE', ( #10697 ), #1636 ) ;
#12731 = CARTESIAN_POINT ( 'NONE',  ( -9.093332213564716300, 3.942475241005997300, 9.082254298613332100 ) ) ;
#12733 = AXIS2_PLACEMENT_3D ( 'NONE', #5588, #12794, #6605 ) ;
#12734 = ORIENTED_EDGE ( 'NONE', *, *, #5119, .T. ) ;
#12735 = LINE ( 'NONE', #12926, #2054 ) ;
#12736 = MECHANICAL_DESIGN_GEOMETRIC_PRESENTATION_REPRESENTATION (  '', ( #11380 ), #13450 ) ;
#12737 = SURFACE_STYLE_USAGE ( .BOTH. , #5531 ) ;
#12738 = VECTOR ( 'NONE', #8401, 999.9999999999998900 ) ;
#12739 = EDGE_CURVE ( 'NONE', #3054, #11631, #1020, .T. ) ;
#12740 = VECTOR ( 'NONE', #3468, 1000.000000000000000 ) ;
#12741 = STYLED_ITEM ( 'NONE', ( #1503 ), #10023 ) ;
#12742 =( NAMED_UNIT ( * ) PLANE_ANGLE_UNIT ( ) SI_UNIT ( $, .RADIAN. ) );
#12743 =( NAMED_UNIT ( * ) PLANE_ANGLE_UNIT ( ) SI_UNIT ( $, .RADIAN. ) );
#12744 = FILL_AREA_STYLE_COLOUR ( '', #7571 ) ;
#12745 = ORIENTED_EDGE ( 'NONE', *, *, #2787, .F. ) ;
#12746 = EDGE_LOOP ( 'NONE', ( #5267, #8615, #7572, #5620 ) ) ;
#12747 = FACE_OUTER_BOUND ( 'NONE', #5332, .T. ) ;
#12748 =( NAMED_UNIT ( * ) SI_UNIT ( $, .STERADIAN. ) SOLID_ANGLE_UNIT ( ) );
#12749 = LINE ( 'NONE', #2397, #12424 ) ;
#12750 = CIRCLE ( 'NONE', #7052, 0.5079999999999997900 ) ;
#12751 = EDGE_LOOP ( 'NONE', ( #11711, #11364, #7028, #4335 ) ) ;
#12752 = LINE ( 'NONE', #2875, #10057 ) ;
#12753 = DIRECTION ( 'NONE',  ( 0.0000000000000000000, 0.0000000000000000000, -1.000000000000000000 ) ) ;
#12754 = DIRECTION ( 'NONE',  ( -1.000000000000000000, -0.0000000000000000000, -0.0000000000000000000 ) ) ;
#12755 = LINE ( 'NONE', #3239, #7282 ) ;
#12756 = STYLED_ITEM ( 'NONE', ( #11511 ), #2811 ) ;
#12757 =( GEOMETRIC_REPRESENTATION_CONTEXT ( 3 ) GLOBAL_UNCERTAINTY_ASSIGNED_CONTEXT ( ( #9327 ) ) GLOBAL_UNIT_ASSIGNED_CONTEXT ( ( #11719, #5544, #12748 ) ) REPRESENTATION_CONTEXT ( 'NONE', 'WORKASPACE' ) );
#12758 =( LENGTH_UNIT ( ) NAMED_UNIT ( * ) SI_UNIT ( .MILLI., .METRE. ) );
#12759 = FILL_AREA_STYLE_COLOUR ( '', #10136 ) ;
#12760 = COLOUR_RGB ( '',0.7490196078431372600, 1.000000000000000000, 1.000000000000000000 ) ;
#12761 = VECTOR ( 'NONE', #1566, 1000.000000000000000 ) ;
#12762 = ADVANCED_FACE ( 'NONE', ( #9004 ), #9612, .F. ) ;
#12763 =( GEOMETRIC_REPRESENTATION_CONTEXT ( 3 ) GLOBAL_UNCERTAINTY_ASSIGNED_CONTEXT ( ( #11799 ) ) GLOBAL_UNIT_ASSIGNED_CONTEXT ( ( #6559, #329, #7616 ) ) REPRESENTATION_CONTEXT ( 'NONE', 'WORKASPACE' ) );
#12764 = VERTEX_POINT ( 'NONE', #8496 ) ;
#12765 = PRESENTATION_STYLE_ASSIGNMENT (( #10124 ) ) ;
#12766 = VECTOR ( 'NONE', #10520, 1000.000000000000000 ) ;
#12767 = CARTESIAN_POINT ( 'NONE',  ( -8.890000000000000600, 10.54099999830799000, 8.826820680792403500 ) ) ;
#12768 = ORIENTED_EDGE ( 'NONE', *, *, #7989, .F. ) ;
#12769 = CARTESIAN_POINT ( 'NONE',  ( -8.636000000000001000, 10.54099999999999900, 10.36402441578505700 ) ) ;
#12770 = SURFACE_STYLE_USAGE ( .BOTH. , #5560 ) ;
#12771 = AXIS2_PLACEMENT_3D ( 'NONE', #10066, #3831, #11083 ) ;
#12772 = LINE ( 'NONE', #635, #4858 ) ;
#12773 =( LENGTH_UNIT ( ) NAMED_UNIT ( * ) SI_UNIT ( .MILLI., .METRE. ) );
#12774 = DIRECTION ( 'NONE',  ( -1.000000000000000000, 0.0000000000000000000, 0.0000000000000000000 ) ) ;
#12775 = VECTOR ( 'NONE', #4074, 1000.000000000000000 ) ;
#12776 = ORIENTED_EDGE ( 'NONE', *, *, #1412, .T. ) ;
#12777 = EDGE_CURVE ( 'NONE', #2232, #12151, #2505, .T. ) ;
#12778 = ORIENTED_EDGE ( 'NONE', *, *, #9981, .F. ) ;
#12779 =( NAMED_UNIT ( * ) SI_UNIT ( $, .STERADIAN. ) SOLID_ANGLE_UNIT ( ) );
#12780 = ORIENTED_EDGE ( 'NONE', *, *, #3015, .T. ) ;
#12781 = CARTESIAN_POINT ( 'NONE',  ( 8.635999999999997500, 9.737793325829867900, -4.489386681000000900 ) ) ;
#12782 = SURFACE_STYLE_USAGE ( .BOTH. , #5576 ) ;
#12783 = VECTOR ( 'NONE', #10614, 1000.000000000000000 ) ;
#12784 = DIRECTION ( 'NONE',  ( 1.000000000000000000, 0.0000000000000000000, 0.0000000000000000000 ) ) ;
#12785 = ORIENTED_EDGE ( 'NONE', *, *, #4183, .T. ) ;
#12786 = EDGE_CURVE ( 'NONE', #8097, #5231, #13162, .T. ) ;
#12787 = MECHANICAL_DESIGN_GEOMETRIC_PRESENTATION_REPRESENTATION (  '', ( #11412 ), #29 ) ;
#12788 = FACE_BOUND ( 'NONE', #10151, .T. ) ;
#12789 = CARTESIAN_POINT ( 'NONE',  ( -5.029037554499999500, 10.54099999999999900, 3.301999999999999600 ) ) ;
#12790 = DIRECTION ( 'NONE',  ( 0.0000000000000000000, 0.0000000000000000000, -1.000000000000000000 ) ) ;
#12791 = CIRCLE ( 'NONE', #5555, 2.626098063999997600 ) ;
#12792 = CARTESIAN_POINT ( 'NONE',  ( -4.027795055997727600, 10.54099999999999900, 3.784029870063153400 ) ) ;
#12793 = EDGE_LOOP ( 'NONE', ( #11432, #9183, #10338, #12251 ) ) ;
#12794 = DIRECTION ( 'NONE',  ( 8.537024980200826700E-016, -1.000000000000000000, -0.0000000000000000000 ) ) ;
#12795 = LINE ( 'NONE', #4229, #10097 ) ;
#12796 = FILL_AREA_STYLE ('',( #10782 ) ) ;
#12797 = DIRECTION ( 'NONE',  ( 0.6816456170672892100, -0.7316824808159304600, 0.0000000000000000000 ) ) ;
#12799 = MECHANICAL_DESIGN_GEOMETRIC_PRESENTATION_REPRESENTATION (  '', ( #11421 ), #36 ) ;
#12798 = VECTOR ( 'NONE', #1159, 1000.000000000000000 ) ;
#12800 = CARTESIAN_POINT ( 'NONE',  ( -7.264400000000000200, 0.0000000000000000000, 4.953000000000001200 ) ) ;
#12801 = CARTESIAN_POINT ( 'NONE',  ( 3.149999999999999900, 8.195800000000000200, 12.06500000000000100 ) ) ;
#12802 = EDGE_CURVE ( 'NONE', #69, #903, #8029, .T. ) ;
#12803 = ORIENTED_EDGE ( 'NONE', *, *, #6558, .T. ) ;
#12804 = CARTESIAN_POINT ( 'NONE',  ( 8.890000000000000600, 2.550001375952250200, -11.06499946012500000 ) ) ;
#12805 = FACE_OUTER_BOUND ( 'NONE', #7319, .T. ) ;
#12806 = VECTOR ( 'NONE', #5729, 1000.000000000000000 ) ;
#12807 = MECHANICAL_DESIGN_GEOMETRIC_PRESENTATION_REPRESENTATION (  '', ( #9389 ), #44 ) ;
#12808 = ORIENTED_EDGE ( 'NONE', *, *, #13053, .T. ) ;
#12809 = COLOUR_RGB ( '',0.7490196078431372600, 1.000000000000000000, 1.000000000000000000 ) ;
#12810 = LINE ( 'NONE', #702, #4902 ) ;
#12811 = CARTESIAN_POINT ( 'NONE',  ( -8.382000000000001400, 2.776954804999999900, 10.05299548000000000 ) ) ;
#12812 = SURFACE_SIDE_STYLE ('',( #10592 ) ) ;
#12813 = CARTESIAN_POINT ( 'NONE',  ( -2.031999999999999600, 10.34580000000000100, 3.505199999999999900 ) ) ;
#12814 = VERTEX_POINT ( 'NONE', #1350 ) ;
#12815 =( NAMED_UNIT ( * ) PLANE_ANGLE_UNIT ( ) SI_UNIT ( $, .RADIAN. ) );
#12816 = CARTESIAN_POINT ( 'NONE',  ( 6.684242382000000800, 7.530902241999999800, 12.06500000000000100 ) ) ;
#12817 = VECTOR ( 'NONE', #4877, 1000.000000000000000 ) ;
#12818 =( GEOMETRIC_REPRESENTATION_CONTEXT ( 3 ) GLOBAL_UNCERTAINTY_ASSIGNED_CONTEXT ( ( #1281 ) ) GLOBAL_UNIT_ASSIGNED_CONTEXT ( ( #2562, #9845, #3596 ) ) REPRESENTATION_CONTEXT ( 'NONE', 'WORKASPACE' ) );
#12819 = ORIENTED_EDGE ( 'NONE', *, *, #4822, .F. ) ;
#12820 = VERTEX_POINT ( 'NONE', #4454 ) ;
#12821 = CARTESIAN_POINT ( 'NONE',  ( -8.635999999999999200, 9.448793649999998900, -5.181387329000000500 ) ) ;
#12822 = CARTESIAN_POINT ( 'NONE',  ( 9.090344279295232300, 10.13973070861135100, 9.589324416000002000 ) ) ;
#12823 = EDGE_CURVE ( 'NONE', #11006, #9438, #2018, .T. ) ;
#12824 = UNCERTAINTY_MEASURE_WITH_UNIT (LENGTH_MEASURE( 1.000000000000000100E-005 ), #3356, 'distance_accuracy_value', 'NONE');
#12825 = CARTESIAN_POINT ( 'NONE',  ( -8.658011851999999600, 7.531149590000000900, 12.06500000000000100 ) ) ;
#12826 = STYLED_ITEM ( 'NONE', ( #8685 ), #9493 ) ;
#12827 = SURFACE_STYLE_USAGE ( .BOTH. , #5611 ) ;
#12828 = ADVANCED_FACE ( 'NONE', ( #10472 ), #3631, .T. ) ;
#12829 = SURFACE_STYLE_FILL_AREA ( #10545 ) ;
#12830 =( NAMED_UNIT ( * ) SI_UNIT ( $, .STERADIAN. ) SOLID_ANGLE_UNIT ( ) );
#12831 = ORIENTED_EDGE ( 'NONE', *, *, #9370, .T. ) ;
#12832 = PRESENTATION_LAYER_ASSIGNMENT (  '', '', ( #11460 ) ) ;
#12833 = LINE ( 'NONE', #9661, #4590 ) ;
#12834 = SURFACE_SIDE_STYLE ('',( #927 ) ) ;
#12835 = FILL_AREA_STYLE ('',( #11800 ) ) ;
#12836 = PLANE ( 'NONE',  #9684 ) ;
#12837 = DIRECTION ( 'NONE',  ( -1.000000000000000000, 0.0000000000000000000, 0.0000000000000000000 ) ) ;
#12838 = FILL_AREA_STYLE_COLOUR ( '', #10738 ) ;
#12839 = MECHANICAL_DESIGN_GEOMETRIC_PRESENTATION_REPRESENTATION (  '', ( #11466 ), #77 ) ;
#12840 = DIRECTION ( 'NONE',  ( 1.000000000000000000, 0.0000000000000000000, 0.0000000000000000000 ) ) ;
#12841 = VERTEX_POINT ( 'NONE', #5595 ) ;
#12842 = DIRECTION ( 'NONE',  ( 1.000000000000000000, 0.0000000000000000000, 0.0000000000000000000 ) ) ;
#12843 =( LENGTH_UNIT ( ) NAMED_UNIT ( * ) SI_UNIT ( .MILLI., .METRE. ) );
#12844 = DIRECTION ( 'NONE',  ( 0.0000000000000000000, -1.000000000000000000, 0.0000000000000000000 ) ) ;
#12845 = SURFACE_SIDE_STYLE ('',( #10058 ) ) ;
#12846 = SURFACE_STYLE_FILL_AREA ( #341 ) ;
#12847 = AXIS2_PLACEMENT_3D ( 'NONE', #13420, #7242, #1006 ) ;
#12848 = PLANE ( 'NONE',  #6606 ) ;
#12849 = PRESENTATION_STYLE_ASSIGNMENT (( #7591 ) ) ;
#12850 = SURFACE_STYLE_FILL_AREA ( #4681 ) ;
#12851 =( GEOMETRIC_REPRESENTATION_CONTEXT ( 3 ) GLOBAL_UNCERTAINTY_ASSIGNED_CONTEXT ( ( #11888 ) ) GLOBAL_UNIT_ASSIGNED_CONTEXT ( ( #2942, #10194, #3968 ) ) REPRESENTATION_CONTEXT ( 'NONE', 'WORKASPACE' ) );
#12852 = FILL_AREA_STYLE_COLOUR ( '', #3937 ) ;
#12853 = ORIENTED_EDGE ( 'NONE', *, *, #4165, .F. ) ;
#12854 = ORIENTED_EDGE ( 'NONE', *, *, #8535, .F. ) ;
#12855 = PLANE ( 'NONE',  #8359 ) ;
#12856 =( LENGTH_UNIT ( ) NAMED_UNIT ( * ) SI_UNIT ( .MILLI., .METRE. ) );
#12857 = DIRECTION ( 'NONE',  ( 1.000000000000000000, -0.0000000000000000000, 0.0000000000000000000 ) ) ;
#12858 =( LENGTH_UNIT ( ) NAMED_UNIT ( * ) SI_UNIT ( .MILLI., .METRE. ) );
#12859 = EDGE_CURVE ( 'NONE', #10230, #10030, #6383, .T. ) ;
#12860 = PLANE ( 'NONE',  #13020 ) ;
#12861 = VERTEX_POINT ( 'NONE', #371 ) ;
#12862 = MECHANICAL_DESIGN_GEOMETRIC_PRESENTATION_REPRESENTATION (  '', ( #9450 ), #99 ) ;
#12863 =( NAMED_UNIT ( * ) PLANE_ANGLE_UNIT ( ) SI_UNIT ( $, .RADIAN. ) );
#12864 = ORIENTED_EDGE ( 'NONE', *, *, #942, .T. ) ;
#12865 = CARTESIAN_POINT ( 'NONE',  ( -9.328769260999999700, 3.951561814999999800, 9.873859351000001900 ) ) ;
#12866 = VECTOR ( 'NONE', #5126, 1000.000000000000000 ) ;
#12867 = VECTOR ( 'NONE', #6910, 1000.000000000000100 ) ;
#12868 = EDGE_CURVE ( 'NONE', #3734, #11713, #843, .T. ) ;
#12869 = FACE_OUTER_BOUND ( 'NONE', #6045, .T. ) ;
#12870 = VERTEX_POINT ( 'NONE', #9798 ) ;
#12871 = ORIENTED_EDGE ( 'NONE', *, *, #6652, .F. ) ;
#12872 = FILL_AREA_STYLE ('',( #773 ) ) ;
#12873 = CARTESIAN_POINT ( 'NONE',  ( 8.636000000000001000, 10.54099999999999900, 10.83254115400000100 ) ) ;
#12874 = EDGE_CURVE ( 'NONE', #98, #5469, #9159, .T. ) ;
#12875 = CARTESIAN_POINT ( 'NONE',  ( -0.7620000000000001200, -0.8890000000000001200, -7.935942080000001100 ) ) ;
#12876 = ORIENTED_EDGE ( 'NONE', *, *, #1243, .F. ) ;
#12877 =( LENGTH_UNIT ( ) NAMED_UNIT ( * ) SI_UNIT ( .MILLI., .METRE. ) );
#12878 = PLANE ( 'NONE',  #10471 ) ;
#12879 = DIRECTION ( 'NONE',  ( -0.0000000000000000000, -0.0000000000000000000, -1.000000000000000000 ) ) ;
#12880 = SURFACE_STYLE_FILL_AREA ( #1756 ) ;
#12881 = CARTESIAN_POINT ( 'NONE',  ( 1.270000000000000200, 0.0000000000000000000, -7.935942080000001100 ) ) ;
#12882 = FILL_AREA_STYLE_COLOUR ( '', #8711 ) ;
#12883 = PRESENTATION_STYLE_ASSIGNMENT (( #8840 ) ) ;
#12884 = CARTESIAN_POINT ( 'NONE',  ( -8.635999999999999200, 8.848793325999999100, -4.581387004999999800 ) ) ;
#12885 = ORIENTED_EDGE ( 'NONE', *, *, #973, .T. ) ;
#12886 = EDGE_LOOP ( 'NONE', ( #2736, #4350, #4544, #6871 ) ) ;
#12887 = CARTESIAN_POINT ( 'NONE',  ( -9.090344282899099700, 10.13973070442536400, 8.842354102486174500 ) ) ;
#12888 = STYLED_ITEM ( 'NONE', ( #1747 ), #3215 ) ;
#12889 = ADVANCED_FACE ( 'NONE', ( #11874 ), #12848, .F. ) ;
#12890 = AXIS2_PLACEMENT_3D ( 'NONE', #4029, #13275, #4156 ) ;
#12891 = EDGE_LOOP ( 'NONE', ( #5704, #8381, #13435, #9135 ) ) ;
#12892 =( GEOMETRIC_REPRESENTATION_CONTEXT ( 3 ) GLOBAL_UNCERTAINTY_ASSIGNED_CONTEXT ( ( #10402 ) ) GLOBAL_UNIT_ASSIGNED_CONTEXT ( ( #7896, #1672, #8946 ) ) REPRESENTATION_CONTEXT ( 'NONE', 'WORKASPACE' ) );
#12893 = FILL_AREA_STYLE ('',( #6673 ) ) ;
#12894 = CARTESIAN_POINT ( 'NONE',  ( -9.093332213564716300, 3.942475241005997300, 9.082254298613332100 ) ) ;
#12895 = FACE_OUTER_BOUND ( 'NONE', #7500, .T. ) ;
#12896 = DIRECTION ( 'NONE',  ( -1.000000000000000000, 0.0000000000000000000, 0.0000000000000000000 ) ) ;
#12897 = UNCERTAINTY_MEASURE_WITH_UNIT (LENGTH_MEASURE( 1.000000000000000100E-005 ), #12773, 'distance_accuracy_value', 'NONE');
#12898 = EDGE_CURVE ( 'NONE', #4850, #12861, #5745, .T. ) ;
#12899 = VERTEX_POINT ( 'NONE', #12887 ) ;
#12900 =( LENGTH_UNIT ( ) NAMED_UNIT ( * ) SI_UNIT ( .MILLI., .METRE. ) );
#12901 = PRESENTATION_LAYER_ASSIGNMENT (  '', '', ( #12212 ) ) ;
#12902 = PRESENTATION_STYLE_ASSIGNMENT (( #3296 ) ) ;
#12903 = ORIENTED_EDGE ( 'NONE', *, *, #3231, .T. ) ;
#12904 = FILL_AREA_STYLE ('',( #5672 ) ) ;
#12906 = CARTESIAN_POINT ( 'NONE',  ( 8.890000000000000600, 9.648859162999997400, -3.781386574598765800 ) ) ;
#12905 = LINE ( 'NONE', #3619, #12579 ) ;
#12907 = VECTOR ( 'NONE', #5096, 1000.000000000000000 ) ;
#12908 =( LENGTH_UNIT ( ) NAMED_UNIT ( * ) SI_UNIT ( .MILLI., .METRE. ) );
#12909 = STYLED_ITEM ( 'NONE', ( #6819 ), #4303 ) ;
#12910 =( LENGTH_UNIT ( ) NAMED_UNIT ( * ) SI_UNIT ( .MILLI., .METRE. ) );
#12911 = CARTESIAN_POINT ( 'NONE',  ( -9.016999999999997700, 9.737793325999998500, -4.673387328999999600 ) ) ;
#12913 = MECHANICAL_DESIGN_GEOMETRIC_PRESENTATION_REPRESENTATION (  '', ( #11542 ), #153 ) ;
#12912 =( NAMED_UNIT ( * ) SI_UNIT ( $, .STERADIAN. ) SOLID_ANGLE_UNIT ( ) );
#12914 = VECTOR ( 'NONE', #12176, 1000.000000000000000 ) ;
#12915 = SURFACE_STYLE_FILL_AREA ( #5932 ) ;
#12916 = UNCERTAINTY_MEASURE_WITH_UNIT (LENGTH_MEASURE( 1.000000000000000100E-005 ), #2690, 'distance_accuracy_value', 'NONE');
#12917 =( GEOMETRIC_REPRESENTATION_CONTEXT ( 3 ) GLOBAL_UNCERTAINTY_ASSIGNED_CONTEXT ( ( #3800 ) ) GLOBAL_UNIT_ASSIGNED_CONTEXT ( ( #3894, #11139, #4931 ) ) REPRESENTATION_CONTEXT ( 'NONE', 'WORKASPACE' ) );
#12918 = STYLED_ITEM ( 'NONE', ( #11417 ), #12552 ) ;
#12919 = EDGE_CURVE ( 'NONE', #4695, #6802, #7139, .T. ) ;
#12920 = VECTOR ( 'NONE', #10396, 1000.000000000000000 ) ;
#12921 = ORIENTED_EDGE ( 'NONE', *, *, #2281, .F. ) ;
#12922 = FACE_OUTER_BOUND ( 'NONE', #8704, .T. ) ;
#12923 = PRESENTATION_STYLE_ASSIGNMENT (( #6900 ) ) ;
#12924 = EDGE_CURVE ( 'NONE', #1122, #5618, #12305, .T. ) ;
#12925 = DIRECTION ( 'NONE',  ( 0.0000000000000000000, -0.7071067812506862700, 0.7071067811224088800 ) ) ;
#12926 = CARTESIAN_POINT ( 'NONE',  ( 7.699625327000000600, 9.954909269000001600, 12.06500000000000100 ) ) ;
#12927 = SURFACE_SIDE_STYLE ('',( #7649 ) ) ;
#12928 = PLANE ( 'NONE',  #13167 ) ;
#12929 = VECTOR ( 'NONE', #3888, 1000.000000000000000 ) ;
#12930 =( NAMED_UNIT ( * ) SI_UNIT ( $, .STERADIAN. ) SOLID_ANGLE_UNIT ( ) );
#12931 =( LENGTH_UNIT ( ) NAMED_UNIT ( * ) SI_UNIT ( .MILLI., .METRE. ) );
#12932 = ORIENTED_EDGE ( 'NONE', *, *, #6912, .F. ) ;
#12933 = VERTEX_POINT ( 'NONE', #10909 ) ;
#12934 = FILL_AREA_STYLE ('',( #9874 ) ) ;
#12935 = CARTESIAN_POINT ( 'NONE',  ( -7.264400000000000200, -1.778000000000000200, 2.412999999999999800 ) ) ;
#12936 = VECTOR ( 'NONE', #5165, 1000.000000000000000 ) ;
#12937 =( GEOMETRIC_REPRESENTATION_CONTEXT ( 3 ) GLOBAL_UNCERTAINTY_ASSIGNED_CONTEXT ( ( #4591 ) ) GLOBAL_UNIT_ASSIGNED_CONTEXT ( ( #6115, #13332, #7162 ) ) REPRESENTATION_CONTEXT ( 'NONE', 'WORKASPACE' ) );
#12938 = ORIENTED_EDGE ( 'NONE', *, *, #11400, .F. ) ;
#12939 = DIRECTION ( 'NONE',  ( -0.0000000000000000000, -0.0000000000000000000, -1.000000000000000000 ) ) ;
#12940 = DIRECTION ( 'NONE',  ( 0.0000000000000000000, 0.0000000000000000000, 1.000000000000000000 ) ) ;
#12941 = VERTEX_POINT ( 'NONE', #4670 ) ;
#12942 = CIRCLE ( 'NONE', #54, 2.457802204000000500 ) ;
#12943 = ORIENTED_EDGE ( 'NONE', *, *, #8944, .F. ) ;
#12944 =( NAMED_UNIT ( * ) PLANE_ANGLE_UNIT ( ) SI_UNIT ( $, .RADIAN. ) );
#12945 = DIRECTION ( 'NONE',  ( -0.0000000000000000000, -1.000000000000000000, -0.0000000000000000000 ) ) ;
#12946 = UNCERTAINTY_MEASURE_WITH_UNIT (LENGTH_MEASURE( 1.000000000000000100E-005 ), #6205, 'distance_accuracy_value', 'NONE');
#12947 =( LENGTH_UNIT ( ) NAMED_UNIT ( * ) SI_UNIT ( .MILLI., .METRE. ) );
#12948 = AXIS2_PLACEMENT_3D ( 'NONE', #4278, #11513, #5321 ) ;
#12949 = FILL_AREA_STYLE ('',( #10919 ) ) ;
#12950 = DIRECTION ( 'NONE',  ( 0.0000000000000000000, 0.0000000000000000000, 1.000000000000000000 ) ) ;
#12951 = LINE ( 'NONE', #9736, #2283 ) ;
#12952 = EDGE_LOOP ( 'NONE', ( #11797, #7866, #9796, #1787 ) ) ;
#12953 = SURFACE_STYLE_FILL_AREA ( #7583 ) ;
#12954 = CIRCLE ( 'NONE', #10582, 0.5079999999999997900 ) ;
#12955 = DIRECTION ( 'NONE',  ( -0.0000000000000000000, 1.000000000000000000, -0.0000000000000000000 ) ) ;
#12956 = SURFACE_STYLE_USAGE ( .BOTH. , #5608 ) ;
#12957 = EDGE_LOOP ( 'NONE', ( #411, #9456, #7225, #736, #12808, #3315, #9585, #4958, #878, #10063, #9059, #3218 ) ) ;
#12958 = EDGE_LOOP ( 'NONE', ( #8541, #11648, #3211, #8085 ) ) ;
#12959 = LINE ( 'NONE', #8267, #7813 ) ;
#12960 = DIRECTION ( 'NONE',  ( -1.000000000000000000, 1.707404996040159400E-015, -0.0000000000000000000 ) ) ;
#12961 =( GEOMETRIC_REPRESENTATION_CONTEXT ( 3 ) GLOBAL_UNCERTAINTY_ASSIGNED_CONTEXT ( ( #6633 ) ) GLOBAL_UNIT_ASSIGNED_CONTEXT ( ( #662, #7966, #1727 ) ) REPRESENTATION_CONTEXT ( 'NONE', 'WORKASPACE' ) );
#12962 = VECTOR ( 'NONE', #6166, 1000.000000000000000 ) ;
#12963 = CARTESIAN_POINT ( 'NONE',  ( 8.635999999999999200, -1.165775448000000000, -0.5080000000000000100 ) ) ;
#12964 = UNCERTAINTY_MEASURE_WITH_UNIT (LENGTH_MEASURE( 1.000000000000000100E-005 ), #1828, 'distance_accuracy_value', 'NONE');
#12965 = ADVANCED_FACE ( 'NONE', ( #9933 ), #3632, .T. ) ;
#12966 = EDGE_CURVE ( 'NONE', #1993, #13356, #3102, .T. ) ;
#12967 = FACE_OUTER_BOUND ( 'NONE', #12321, .T. ) ;
#12968 = SURFACE_STYLE_FILL_AREA ( #5928 ) ;
#12969 = VERTEX_POINT ( 'NONE', #5774 ) ;
#12970 = EDGE_CURVE ( 'NONE', #3725, #3563, #11038, .T. ) ;
#12971 = VECTOR ( 'NONE', #2976, 1000.000000000000000 ) ;
#12972 = DIRECTION ( 'NONE',  ( -0.0000000000000000000, -0.0000000000000000000, -1.000000000000000000 ) ) ;
#12973 =( NAMED_UNIT ( * ) SI_UNIT ( $, .STERADIAN. ) SOLID_ANGLE_UNIT ( ) );
#12974 = EDGE_LOOP ( 'NONE', ( #7131, #5093, #4679, #2566 ) ) ;
#12975 = DIRECTION ( 'NONE',  ( 0.0000000000000000000, 1.000000000000000000, 0.0000000000000000000 ) ) ;
#12976 = CARTESIAN_POINT ( 'NONE',  ( -3.301999999999999600, 0.0000000000000000000, -7.924799999999999400 ) ) ;
#12977 = SURFACE_STYLE_FILL_AREA ( #596 ) ;
#12978 = PRESENTATION_LAYER_ASSIGNMENT (  '', '', ( #12278 ) ) ;
#12979 = PRESENTATION_STYLE_ASSIGNMENT (( #8712 ) ) ;
#12980 = STYLED_ITEM ( 'NONE', ( #11374 ), #186 ) ;
#12981 = ORIENTED_EDGE ( 'NONE', *, *, #11425, .T. ) ;
#12982 = UNCERTAINTY_MEASURE_WITH_UNIT (LENGTH_MEASURE( 1.000000000000000100E-005 ), #2378, 'distance_accuracy_value', 'NONE');
#12983 = AXIS2_PLACEMENT_3D ( 'NONE', #885, #8180, #1955 ) ;
#12984 =( NAMED_UNIT ( * ) PLANE_ANGLE_UNIT ( ) SI_UNIT ( $, .RADIAN. ) );
#12985 = CARTESIAN_POINT ( 'NONE',  ( 0.0000000000000000000, 10.84580000000000100, 3.505199999999999900 ) ) ;
#12986 = DIRECTION ( 'NONE',  ( 0.0000000000000000000, -0.7071067811865479100, -0.7071067811865470200 ) ) ;
#12987 = EDGE_CURVE ( 'NONE', #4150, #11672, #11342, .T. ) ;
#12988 = AXIS2_PLACEMENT_3D ( 'NONE', #7609, #1372, #8655 ) ;
#12989 = FACE_OUTER_BOUND ( 'NONE', #13189, .T. ) ;
#12990 = VECTOR ( 'NONE', #6483, 1000.000000000000000 ) ;
#12991 = CARTESIAN_POINT ( 'NONE',  ( 8.762999999999999900, 8.248718325999997000, -2.335149762999999500 ) ) ;
#12992 = PLANE ( 'NONE',  #10813 ) ;
#12993 = PRESENTATION_LAYER_ASSIGNMENT (  '', '', ( #11612 ) ) ;
#12994 = UNCERTAINTY_MEASURE_WITH_UNIT (LENGTH_MEASURE( 1.000000000000000100E-005 ), #6364, 'distance_accuracy_value', 'NONE');
#12995 = DIRECTION ( 'NONE',  ( -1.000000000000000000, 0.0000000000000000000, 0.0000000000000000000 ) ) ;
#12996 =( NAMED_UNIT ( * ) PLANE_ANGLE_UNIT ( ) SI_UNIT ( $, .RADIAN. ) );
#12997 = PRESENTATION_LAYER_ASSIGNMENT (  '', '', ( #223 ) ) ;
#12998 = FILL_AREA_STYLE_COLOUR ( '', #731 ) ;
#12999 = MECHANICAL_DESIGN_GEOMETRIC_PRESENTATION_REPRESENTATION (  '', ( #11623 ), #227 ) ;
#13000 = ORIENTED_EDGE ( 'NONE', *, *, #3797, .T. ) ;
#13001 = EDGE_CURVE ( 'NONE', #10685, #12070, #299, .T. ) ;
#13002 =( NAMED_UNIT ( * ) PLANE_ANGLE_UNIT ( ) SI_UNIT ( $, .RADIAN. ) );
#13003 = AXIS2_PLACEMENT_3D ( 'NONE', #3452, #10754, #4499 ) ;
#13004 =( LENGTH_UNIT ( ) NAMED_UNIT ( * ) SI_UNIT ( .MILLI., .METRE. ) );
#13005 = SURFACE_SIDE_STYLE ('',( #10752 ) ) ;
#13006 = COLOUR_RGB ( '',0.7490196078431372600, 1.000000000000000000, 1.000000000000000000 ) ;
#13007 = ORIENTED_EDGE ( 'NONE', *, *, #5823, .F. ) ;
#13008 = PRESENTATION_LAYER_ASSIGNMENT (  '', '', ( #11641 ) ) ;
#13009 = MECHANICAL_DESIGN_GEOMETRIC_PRESENTATION_REPRESENTATION (  '', ( #10974 ), #243 ) ;
#13010 = CARTESIAN_POINT ( 'NONE',  ( 8.890000000000000600, 2.758984659726385800, 10.55267244927814100 ) ) ;
#13011 = CARTESIAN_POINT ( 'NONE',  ( 0.7620000000000001200, -1.778000000000000200, -7.752571040000001200 ) ) ;
#13012 =( NAMED_UNIT ( * ) PLANE_ANGLE_UNIT ( ) SI_UNIT ( $, .RADIAN. ) );
#13013 = DIRECTION ( 'NONE',  ( 1.000000000000000000, 0.0000000000000000000, 0.0000000000000000000 ) ) ;
#13014 = DIRECTION ( 'NONE',  ( 0.0000000000000000000, 0.0000000000000000000, -1.000000000000000000 ) ) ;
#13015 = DIRECTION ( 'NONE',  ( -0.0000000000000000000, -0.0000000000000000000, 1.000000000000000000 ) ) ;
#13016 =( NAMED_UNIT ( * ) SI_UNIT ( $, .STERADIAN. ) SOLID_ANGLE_UNIT ( ) );
#13017 = FILL_AREA_STYLE ('',( #7854 ) ) ;
#13018 = CARTESIAN_POINT ( 'NONE',  ( 0.7620000000000001200, -1.778000000000000200, -7.935942080000001100 ) ) ;
#13019 = ORIENTED_EDGE ( 'NONE', *, *, #13301, .F. ) ;
#13020 = AXIS2_PLACEMENT_3D ( 'NONE', #3606, #10878, #4641 ) ;
#13021 = ADVANCED_FACE ( 'NONE', ( #5521 ), #6854, .F. ) ;
#13022 = SURFACE_SIDE_STYLE ('',( #6221 ) ) ;
#13023 = PRESENTATION_LAYER_ASSIGNMENT (  '', '', ( #11659 ) ) ;
#13024 = DIRECTION ( 'NONE',  ( 0.0000000000000000000, 0.0000000000000000000, 1.000000000000000000 ) ) ;
#13025 = LINE ( 'NONE', #4422, #4792 ) ;
#13026 = ORIENTED_EDGE ( 'NONE', *, *, #12898, .T. ) ;
#13027 =( LENGTH_UNIT ( ) NAMED_UNIT ( * ) SI_UNIT ( .MILLI., .METRE. ) );
#13028 = ORIENTED_EDGE ( 'NONE', *, *, #7188, .T. ) ;
#13029 = UNCERTAINTY_MEASURE_WITH_UNIT (LENGTH_MEASURE( 1.000000000000000100E-005 ), #3228, 'distance_accuracy_value', 'NONE');
#13030 = VERTEX_POINT ( 'NONE', #653 ) ;
#13031 = DIRECTION ( 'NONE',  ( 0.6948958118341513900, 0.0000000000000000000, -0.7191104301116453300 ) ) ;
#13032 = CARTESIAN_POINT ( 'NONE',  ( 0.7620000000000001200, -1.778000000000000200, -7.569200000000000400 ) ) ;
#13033 = EDGE_CURVE ( 'NONE', #3958, #813, #1771, .T. ) ;
#13034 = CARTESIAN_POINT ( 'NONE',  ( -5.804110354999999700, 11.09975097661692100, 11.22993965124974200 ) ) ;
#13035 = DIRECTION ( 'NONE',  ( 0.0000000000000000000, -1.000000000000000000, 0.0000000000000000000 ) ) ;
#13036 = MECHANICAL_DESIGN_GEOMETRIC_PRESENTATION_REPRESENTATION (  '', ( #10322 ), #280 ) ;
#13037 = DIRECTION ( 'NONE',  ( 0.0000000000000000000, 0.0000000000000000000, -1.000000000000000000 ) ) ;
#13038 = FACE_OUTER_BOUND ( 'NONE', #1753, .T. ) ;
#13039 = EDGE_LOOP ( 'NONE', ( #8345, #5517, #12707, #11426 ) ) ;
#13040 = ORIENTED_EDGE ( 'NONE', *, *, #4540, .F. ) ;
#13041 = FILL_AREA_STYLE ('',( #9983 ) ) ;
#13042 = CARTESIAN_POINT ( 'NONE',  ( -9.213783128420521600, 10.25428737918112900, 8.837919531578444700 ) ) ;
#13043 = EDGE_CURVE ( 'NONE', #169, #6619, #9764, .T. ) ;
#13044 = CARTESIAN_POINT ( 'NONE',  ( 3.809999999999999200, 0.0000000000000000000, -10.46480000000000000 ) ) ;
#13045 = SURFACE_STYLE_USAGE ( .BOTH. , #5858 ) ;
#13046 = EDGE_CURVE ( 'NONE', #2893, #11234, #4539, .T. ) ;
#13047 =( LENGTH_UNIT ( ) NAMED_UNIT ( * ) SI_UNIT ( .MILLI., .METRE. ) );
#13048 = ORIENTED_EDGE ( 'NONE', *, *, #2840, .T. ) ;
#13049 = ORIENTED_EDGE ( 'NONE', *, *, #9985, .T. ) ;
#13050 = FILL_AREA_STYLE ('',( #9991 ) ) ;
#13051 = VECTOR ( 'NONE', #2384, 1000.000000000000000 ) ;
#13052 = CARTESIAN_POINT ( 'NONE',  ( -3.809999999999999600, -1.778000000000000200, -10.10920000000000100 ) ) ;
#13053 = EDGE_CURVE ( 'NONE', #1471, #4526, #12445, .T. ) ;
#13054 = VECTOR ( 'NONE', #492, 1000.000000000000000 ) ;
#13055 = VERTEX_POINT ( 'NONE', #6930 ) ;
#13056 = LINE ( 'NONE', #2177, #12738 ) ;
#13057 =( LENGTH_UNIT ( ) NAMED_UNIT ( * ) SI_UNIT ( .MILLI., .METRE. ) );
#13058 =( NAMED_UNIT ( * ) SI_UNIT ( $, .STERADIAN. ) SOLID_ANGLE_UNIT ( ) );
#13059 = PRESENTATION_STYLE_ASSIGNMENT (( #8775 ) ) ;
#13060 = FILL_AREA_STYLE_COLOUR ( '', #2447 ) ;
#13061 = SURFACE_STYLE_FILL_AREA ( #1515 ) ;
#13062 = ORIENTED_EDGE ( 'NONE', *, *, #6014, .F. ) ;
#13063 = ORIENTED_EDGE ( 'NONE', *, *, #11687, .T. ) ;
#13064 =( GEOMETRIC_REPRESENTATION_CONTEXT ( 3 ) GLOBAL_UNCERTAINTY_ASSIGNED_CONTEXT ( ( #6713 ) ) GLOBAL_UNIT_ASSIGNED_CONTEXT ( ( #3321, #1310, #2897 ) ) REPRESENTATION_CONTEXT ( 'NONE', 'WORKASPACE' ) );
#13065 = MECHANICAL_DESIGN_GEOMETRIC_PRESENTATION_REPRESENTATION (  '', ( #11034 ), #318 ) ;
#13066 = VECTOR ( 'NONE', #4437, 1000.000000000000000 ) ;
#13067 = COLOUR_RGB ( '',0.7490196078431372600, 1.000000000000000000, 1.000000000000000000 ) ;
#13068 = DIRECTION ( 'NONE',  ( -0.0000000000000000000, -1.000000000000000000, -0.0000000000000000000 ) ) ;
#13069 = VERTEX_POINT ( 'NONE', #8000 ) ;
#13070 =( LENGTH_UNIT ( ) NAMED_UNIT ( * ) SI_UNIT ( .MILLI., .METRE. ) );
#13071 = VECTOR ( 'NONE', #11675, 1000.000000000000000 ) ;
#13072 = LINE ( 'NONE', #4951, #4838 ) ;
#13073 = PRESENTATION_STYLE_ASSIGNMENT (( #9445 ) ) ;
#13074 =( LENGTH_UNIT ( ) NAMED_UNIT ( * ) SI_UNIT ( .MILLI., .METRE. ) );
#13075 = SURFACE_SIDE_STYLE ('',( #10217 ) ) ;
#13076 =( GEOMETRIC_REPRESENTATION_CONTEXT ( 3 ) GLOBAL_UNCERTAINTY_ASSIGNED_CONTEXT ( ( #179 ) ) GLOBAL_UNIT_ASSIGNED_CONTEXT ( ( #7924, #1695, #8978 ) ) REPRESENTATION_CONTEXT ( 'NONE', 'WORKASPACE' ) );
#13077 = VECTOR ( 'NONE', #3737, 1000.000000000000000 ) ;
#13078 = VECTOR ( 'NONE', #2382, 1000.000000000000000 ) ;
#13079 = UNCERTAINTY_MEASURE_WITH_UNIT (LENGTH_MEASURE( 1.000000000000000100E-005 ), #581, 'distance_accuracy_value', 'NONE');
#13080 = ORIENTED_EDGE ( 'NONE', *, *, #3883, .T. ) ;
#13081 = DIRECTION ( 'NONE',  ( -1.000000000000000000, -1.707404996040165200E-015, 0.0000000000000000000 ) ) ;
#13082 = FILL_AREA_STYLE ('',( #11045 ) ) ;
#13083 = DIRECTION ( 'NONE',  ( 0.0000000000000000000, -1.000000000000000000, 0.0000000000000000000 ) ) ;
#13084 = LINE ( 'NONE', #1141, #12766 ) ;
#13085 = VERTEX_POINT ( 'NONE', #12073 ) ;
#13086 =( NAMED_UNIT ( * ) SI_UNIT ( $, .STERADIAN. ) SOLID_ANGLE_UNIT ( ) );
#13087 = FACE_OUTER_BOUND ( 'NONE', #7563, .T. ) ;
#13089 = STYLED_ITEM ( 'NONE', ( #12706 ), #2167 ) ;
#13088 = CARTESIAN_POINT ( 'NONE',  ( 5.564515665896845300, 11.08582716763488600, 4.905350694949445900 ) ) ;
#13090 = VECTOR ( 'NONE', #730, 1000.000000000000000 ) ;
#13091 = ADVANCED_FACE ( 'NONE', ( #12127 ), #120, .T. ) ;
#13092 = PRESENTATION_STYLE_ASSIGNMENT (( #362 ) ) ;
#13093 = CIRCLE ( 'NONE', #1428, 0.6350000000000001200 ) ;
#13094 = ORIENTED_EDGE ( 'NONE', *, *, #1508, .F. ) ;
#13095 = SURFACE_STYLE_USAGE ( .BOTH. , #13138 ) ;
#13096 = MECHANICAL_DESIGN_GEOMETRIC_PRESENTATION_REPRESENTATION (  '', ( #9691 ), #335 ) ;
#13097 = ORIENTED_EDGE ( 'NONE', *, *, #9503, .T. ) ;
#13098 = EDGE_LOOP ( 'NONE', ( #1716, #4722, #1923, #5957 ) ) ;
#13099 = FILL_AREA_STYLE ('',( #13060 ) ) ;
#13100 =( NAMED_UNIT ( * ) SI_UNIT ( $, .STERADIAN. ) SOLID_ANGLE_UNIT ( ) );
#13101 = LINE ( 'NONE', #2547, #7639 ) ;
#13102 = ORIENTED_EDGE ( 'NONE', *, *, #8539, .F. ) ;
#13103 = CARTESIAN_POINT ( 'NONE',  ( -7.264400000000000200, -1.778000000000000200, 5.207000000000000700 ) ) ;
#13104 = FACE_OUTER_BOUND ( 'NONE', #760, .T. ) ;
#13105 = FILL_AREA_STYLE_COLOUR ( '', #11371 ) ;
#13106 = SURFACE_STYLE_USAGE ( .BOTH. , #5 ) ;
#13107 = SURFACE_SIDE_STYLE ('',( #9954 ) ) ;
#13108 = DIRECTION ( 'NONE',  ( 0.0000000000000000000, -1.000000000000000000, 0.0000000000000000000 ) ) ;
#13109 = DIRECTION ( 'NONE',  ( 0.0000000000000000000, 0.0000000000000000000, -1.000000000000000000 ) ) ;
#13110 = ORIENTED_EDGE ( 'NONE', *, *, #3440, .F. ) ;
#13111 = MECHANICAL_DESIGN_GEOMETRIC_PRESENTATION_REPRESENTATION (  '', ( #11069 ), #345 ) ;
#13112 = ORIENTED_EDGE ( 'NONE', *, *, #4147, .T. ) ;
#13113 = PLANE ( 'NONE',  #6586 ) ;
#13114 = FACE_OUTER_BOUND ( 'NONE', #13452, .T. ) ;
#13115 = VECTOR ( 'NONE', #958, 1000.000000000000000 ) ;
#13116 = VERTEX_POINT ( 'NONE', #1805 ) ;
#13117 = LINE ( 'NONE', #8318, #2462 ) ;
#13118 = LINE ( 'NONE', #5308, #12798 ) ;
#13119 = SURFACE_STYLE_USAGE ( .BOTH. , #5910 ) ;
#13120 = DIRECTION ( 'NONE',  ( 0.0002392222829775400600, 0.9999999713863492200, -0.0000000000000000000 ) ) ;
#13121 =( GEOMETRIC_REPRESENTATION_CONTEXT ( 3 ) GLOBAL_UNCERTAINTY_ASSIGNED_CONTEXT ( ( #1593 ) ) GLOBAL_UNIT_ASSIGNED_CONTEXT ( ( #8084, #1845, #9136 ) ) REPRESENTATION_CONTEXT ( 'NONE', 'WORKASPACE' ) );
#13122 = CARTESIAN_POINT ( 'NONE',  ( -2.794000000000000000, -1.778000000000000200, -7.569200000000000400 ) ) ;
#13123 = DIRECTION ( 'NONE',  ( -0.0000000000000000000, -1.000000000000000000, -0.0000000000000000000 ) ) ;
#13124 = LINE ( 'NONE', #2856, #4894 ) ;
#13125 = UNCERTAINTY_MEASURE_WITH_UNIT (LENGTH_MEASURE( 1.000000000000000100E-005 ), #9761, 'distance_accuracy_value', 'NONE');
#13126 = VECTOR ( 'NONE', #11493, 1000.000000000000000 ) ;
#13127 = VECTOR ( 'NONE', #2989, 1000.000000000000000 ) ;
#13128 = ORIENTED_EDGE ( 'NONE', *, *, #2057, .T. ) ;
#13129 = DIRECTION ( 'NONE',  ( 8.537024980200839600E-016, -1.000000000000000000, -0.0000000000000000000 ) ) ;
#13130 = LINE ( 'NONE', #3826, #2475 ) ;
#13131 = CARTESIAN_POINT ( 'NONE',  ( 8.635999999999999200, 9.737793325999998500, -4.489386681000000900 ) ) ;
#13132 = EDGE_CURVE ( 'NONE', #3640, #3199, #4217, .T. ) ;
#13133 = FILL_AREA_STYLE ('',( #12091 ) ) ;
#13134 = DIRECTION ( 'NONE',  ( -1.000000000000000000, -0.0000000000000000000, -0.0000000000000000000 ) ) ;
#13135 = ORIENTED_EDGE ( 'NONE', *, *, #3729, .T. ) ;
#13136 = EDGE_CURVE ( 'NONE', #12296, #11592, #2924, .T. ) ;
#13137 = SURFACE_STYLE_USAGE ( .BOTH. , #13272 ) ;
#13138 = SURFACE_SIDE_STYLE ('',( #7561 ) ) ;
#13139 = ORIENTED_EDGE ( 'NONE', *, *, #5102, .T. ) ;
#13140 = UNCERTAINTY_MEASURE_WITH_UNIT (LENGTH_MEASURE( 1.000000000000000100E-005 ), #1866, 'distance_accuracy_value', 'NONE');
#13141 = SURFACE_SIDE_STYLE ('',( #5860 ) ) ;
#13142 = PRESENTATION_LAYER_ASSIGNMENT (  '', '', ( #373 ) ) ;
#13143 =( NAMED_UNIT ( * ) PLANE_ANGLE_UNIT ( ) SI_UNIT ( $, .RADIAN. ) );
#13144 =( NAMED_UNIT ( * ) PLANE_ANGLE_UNIT ( ) SI_UNIT ( $, .RADIAN. ) );
#13145 = AXIS2_PLACEMENT_3D ( 'NONE', #12167, #12194, #6749 ) ;
#13146 =( GEOMETRIC_REPRESENTATION_CONTEXT ( 3 ) GLOBAL_UNCERTAINTY_ASSIGNED_CONTEXT ( ( #392 ) ) GLOBAL_UNIT_ASSIGNED_CONTEXT ( ( #10789, #4537, #11760 ) ) REPRESENTATION_CONTEXT ( 'NONE', 'WORKASPACE' ) );
#13147 = SURFACE_STYLE_USAGE ( .BOTH. , #13107 ) ;
#13148 = CARTESIAN_POINT ( 'NONE',  ( 6.388072139000000100, 0.0000000000000000000, -1.051672975000000000 ) ) ;
#13149 = DIRECTION ( 'NONE',  ( 0.0000000000000000000, 0.0000000000000000000, -1.000000000000000000 ) ) ;
#13150 = EDGE_LOOP ( 'NONE', ( #11184, #12162, #9864, #2890 ) ) ;
#13151 = FILL_AREA_STYLE ('',( #12509 ) ) ;
#13152 = EDGE_CURVE ( 'NONE', #898, #4079, #5686, .T. ) ;
#13153 = LINE ( 'NONE', #8907, #7690 ) ;
#13154 = ADVANCED_FACE ( 'NONE', ( #10558 ), #7021, .T. ) ;
#13155 = EDGE_CURVE ( 'NONE', #446, #7996, #9589, .T. ) ;
#13156 = AXIS2_PLACEMENT_3D ( 'NONE', #6969, #720, #8027 ) ;
#13157 = FACE_OUTER_BOUND ( 'NONE', #10081, .T. ) ;
#13158 = CARTESIAN_POINT ( 'NONE',  ( -6.349999999999999600, -1.778000000000000200, -10.10920000000000100 ) ) ;
#13159 = ORIENTED_EDGE ( 'NONE', *, *, #6174, .T. ) ;
#13160 = PLANE ( 'NONE',  #3569 ) ;
#13161 =( GEOMETRIC_REPRESENTATION_CONTEXT ( 3 ) GLOBAL_UNCERTAINTY_ASSIGNED_CONTEXT ( ( #13372 ) ) GLOBAL_UNIT_ASSIGNED_CONTEXT ( ( #12877, #6704, #459 ) ) REPRESENTATION_CONTEXT ( 'NONE', 'WORKASPACE' ) );
#13162 = LINE ( 'NONE', #11689, #7698 ) ;
#13163 = DIRECTION ( 'NONE',  ( -8.537024980200797200E-016, 1.000000000000000000, 0.0000000000000000000 ) ) ;
#13164 = DIRECTION ( 'NONE',  ( 0.0000000000000000000, 1.000000000000000000, 0.0000000000000000000 ) ) ;
#13165 = STYLED_ITEM ( 'NONE', ( #12573 ), #1832 ) ;
#13166 = SURFACE_STYLE_FILL_AREA ( #6544 ) ;
#13167 = AXIS2_PLACEMENT_3D ( 'NONE', #3667, #10938, #4715 ) ;
#13168 =( GEOMETRIC_REPRESENTATION_CONTEXT ( 3 ) GLOBAL_UNCERTAINTY_ASSIGNED_CONTEXT ( ( #4780 ) ) GLOBAL_UNIT_ASSIGNED_CONTEXT ( ( #6119, #13337, #7166 ) ) REPRESENTATION_CONTEXT ( 'NONE', 'WORKASPACE' ) );
#13169 = EDGE_CURVE ( 'NONE', #9438, #1373, #4366, .T. ) ;
#13170 = ORIENTED_EDGE ( 'NONE', *, *, #3642, .F. ) ;
#13171 =( NAMED_UNIT ( * ) SI_UNIT ( $, .STERADIAN. ) SOLID_ANGLE_UNIT ( ) );
#13172 = AXIS2_PLACEMENT_3D ( 'NONE', #1589, #8861, #2665 ) ;
#13173 =( LENGTH_UNIT ( ) NAMED_UNIT ( * ) SI_UNIT ( .MILLI., .METRE. ) );
#13174 =( NAMED_UNIT ( * ) SI_UNIT ( $, .STERADIAN. ) SOLID_ANGLE_UNIT ( ) );
#13175 = EDGE_CURVE ( 'NONE', #11228, #735, #12281, .T. ) ;
#13176 = SURFACE_STYLE_FILL_AREA ( #11336 ) ;
#13177 = PRESENTATION_STYLE_ASSIGNMENT (( #3070 ) ) ;
#13178 = FILL_AREA_STYLE ('',( #2148 ) ) ;
#13179 = ORIENTED_EDGE ( 'NONE', *, *, #5383, .F. ) ;
#13180 =( GEOMETRIC_REPRESENTATION_CONTEXT ( 3 ) GLOBAL_UNCERTAINTY_ASSIGNED_CONTEXT ( ( #1687 ) ) GLOBAL_UNIT_ASSIGNED_CONTEXT ( ( #8943, #2725, #9992 ) ) REPRESENTATION_CONTEXT ( 'NONE', 'WORKASPACE' ) );
#13181 =( NAMED_UNIT ( * ) PLANE_ANGLE_UNIT ( ) SI_UNIT ( $, .RADIAN. ) );
#13182 = VERTEX_POINT ( 'NONE', #5041 ) ;
#13183 = DIRECTION ( 'NONE',  ( 0.0000000000000000000, -0.7071067811865470200, 0.7071067811865480200 ) ) ;
#13184 = FILL_AREA_STYLE_COLOUR ( '', #7662 ) ;
#13185 = DIRECTION ( 'NONE',  ( 0.0000000000000000000, -0.0000000000000000000, 1.000000000000000000 ) ) ;
#13186 = FILL_AREA_STYLE_COLOUR ( '', #5137 ) ;
#13187 = LINE ( 'NONE', #7478, #7727 ) ;
#13188 =( NAMED_UNIT ( * ) SI_UNIT ( $, .STERADIAN. ) SOLID_ANGLE_UNIT ( ) );
#13189 = EDGE_LOOP ( 'NONE', ( #9987, #3040, #1476, #5095 ) ) ;
#13190 = AXIS2_PLACEMENT_3D ( 'NONE', #8185, #892, #6143 ) ;
#13191 = ORIENTED_EDGE ( 'NONE', *, *, #229, .F. ) ;
#13192 = UNCERTAINTY_MEASURE_WITH_UNIT (LENGTH_MEASURE( 1.000000000000000100E-005 ), #9109, 'distance_accuracy_value', 'NONE');
#13193 = ORIENTED_EDGE ( 'NONE', *, *, #308, .F. ) ;
#13194 = FILL_AREA_STYLE ('',( #9092 ) ) ;
#13195 = FILL_AREA_STYLE ('',( #8086 ) ) ;
#13196 =( LENGTH_UNIT ( ) NAMED_UNIT ( * ) SI_UNIT ( .MILLI., .METRE. ) );
#13197 = EDGE_LOOP ( 'NONE', ( #4159, #4584, #1712, #307 ) ) ;
#13198 = VERTEX_POINT ( 'NONE', #12249 ) ;
#13199 = FILL_AREA_STYLE_COLOUR ( '', #2080 ) ;
#13200 = CARTESIAN_POINT ( 'NONE',  ( 3.355254885999999500, -1.778000000000000200, -1.246957018000000000 ) ) ;
#13201 = EDGE_CURVE ( 'NONE', #4347, #4512, #9251, .T. ) ;
#13202 = ORIENTED_EDGE ( 'NONE', *, *, #8490, .F. ) ;
#13203 = UNCERTAINTY_MEASURE_WITH_UNIT (LENGTH_MEASURE( 1.000000000000000100E-005 ), #4616, 'distance_accuracy_value', 'NONE');
#13204 = PRESENTATION_LAYER_ASSIGNMENT (  '', '', ( #451 ) ) ;
#13205 = CARTESIAN_POINT ( 'NONE',  ( -2.286000000000000500, -1.778000000000000200, -10.28700000000000100 ) ) ;
#13206 = LINE ( 'NONE', #9200, #4987 ) ;
#13207 = SURFACE_SIDE_STYLE ('',( #4907 ) ) ;
#13208 = CARTESIAN_POINT ( 'NONE',  ( -4.317999999999999600, -1.778000000000000200, -10.46480000000000200 ) ) ;
#13209 = FILL_AREA_STYLE_COLOUR ( '', #5372 ) ;
#13210 = ADVANCED_FACE ( 'NONE', ( #1266 ), #13292, .F. ) ;
#13211 = ORIENTED_EDGE ( 'NONE', *, *, #3096, .T. ) ;
#13212 = ORIENTED_EDGE ( 'NONE', *, *, #10949, .T. ) ;
#13213 = EDGE_LOOP ( 'NONE', ( #327, #7036, #9203, #5944 ) ) ;
#13214 = FACE_OUTER_BOUND ( 'NONE', #3771, .T. ) ;
#13215 = SURFACE_STYLE_FILL_AREA ( #3514 ) ;
#13216 = COLOUR_RGB ( '',0.7490196078431372600, 1.000000000000000000, 1.000000000000000000 ) ;
#13217 = ORIENTED_EDGE ( 'NONE', *, *, #5716, .F. ) ;
#13218 = LINE ( 'NONE', #4611, #4663 ) ;
#13219 = PRESENTATION_LAYER_ASSIGNMENT (  '', '', ( #466 ) ) ;
#13220 = LINE ( 'NONE', #993, #7438 ) ;
#13221 = CARTESIAN_POINT ( 'NONE',  ( 8.635999999999999200, 2.550001377000000500, -11.06499945999999900 ) ) ;
#13222 = CARTESIAN_POINT ( 'NONE',  ( -8.990000000000000200, 1.567432676999999800, -0.8382000000000000600 ) ) ;
#13223 = PRESENTATION_STYLE_ASSIGNMENT (( #1287 ) ) ;
#13224 = EDGE_CURVE ( 'NONE', #10230, #9425, #8270, .T. ) ;
#13225 = DIRECTION ( 'NONE',  ( 0.0000000000000000000, 0.0000000000000000000, 1.000000000000000000 ) ) ;
#13226 = LINE ( 'NONE', #8008, #7771 ) ;
#13227 =( NAMED_UNIT ( * ) SI_UNIT ( $, .STERADIAN. ) SOLID_ANGLE_UNIT ( ) );
#13228 = CARTESIAN_POINT ( 'NONE',  ( -1.778000000000000200, -0.8890000000000001200, -10.10920000000000100 ) ) ;
#13229 = DIRECTION ( 'NONE',  ( -1.000000000000000000, 0.0000000000000000000, 0.0000000000000000000 ) ) ;
#13230 = EDGE_LOOP ( 'NONE', ( #12328, #8025, #5290, #12056 ) ) ;
#13231 = PRESENTATION_LAYER_ASSIGNMENT (  '', '', ( #477 ) ) ;
#13232 = FACE_OUTER_BOUND ( 'NONE', #2749, .T. ) ;
#13233 = FILL_AREA_STYLE ('',( #12618 ) ) ;
#13234 = FILL_AREA_STYLE ('',( #4984 ) ) ;
#13235 = CARTESIAN_POINT ( 'NONE',  ( 9.016999999999999500, 9.229793325895807100, -5.181387328999999700 ) ) ;
#13236 = ORIENTED_EDGE ( 'NONE', *, *, #210, .T. ) ;
#13237 = DIRECTION ( 'NONE',  ( 0.0000000000000000000, 0.0000000000000000000, -1.000000000000000000 ) ) ;
#13239 = LINE ( 'NONE', #573, #10216 ) ;
#13238 = DIRECTION ( 'NONE',  ( 0.0000000000000000000, -1.000000000000000000, 0.0000000000000000000 ) ) ;
#13240 = LINE ( 'NONE', #7829, #7781 ) ;
#13241 = PRESENTATION_STYLE_ASSIGNMENT (( #12956 ) ) ;
#13242 = AXIS2_PLACEMENT_3D ( 'NONE', #8977, #2756, #670 ) ;
#13243 = COLOUR_RGB ( '',0.7529411764705882200, 1.000000000000000000, 1.000000000000000000 ) ;
#13244 = COLOUR_RGB ( '',0.7529411764705882200, 1.000000000000000000, 1.000000000000000000 ) ;
#13245 = SURFACE_STYLE_FILL_AREA ( #3663 ) ;
#13246 = ADVANCED_FACE ( 'NONE', ( #2752 ), #11323, .F. ) ;
#13247 = ORIENTED_EDGE ( 'NONE', *, *, #12868, .T. ) ;
#13248 = DIRECTION ( 'NONE',  ( -1.000000000000000000, -0.0000000000000000000, -0.0000000000000000000 ) ) ;
#13249 = DIRECTION ( 'NONE',  ( -0.7316824847242771000, -0.6816456128720466100, 0.0000000000000000000 ) ) ;
#13250 = ORIENTED_EDGE ( 'NONE', *, *, #1988, .F. ) ;
#13251 = MECHANICAL_DESIGN_GEOMETRIC_PRESENTATION_REPRESENTATION (  '', ( #11206 ), #493 ) ;
#13252 = FILL_AREA_STYLE_COLOUR ( '', #10799 ) ;
#13253 = COLOUR_RGB ( '',0.7490196078431372600, 1.000000000000000000, 1.000000000000000000 ) ;
#13254 = EDGE_CURVE ( 'NONE', #2812, #12589, #1757, .T. ) ;
#13255 = VECTOR ( 'NONE', #7204, 1000.000000000000000 ) ;
#13256 = ORIENTED_EDGE ( 'NONE', *, *, #11834, .F. ) ;
#13257 = VECTOR ( 'NONE', #7598, 1000.000000000000100 ) ;
#13258 = SURFACE_SIDE_STYLE ('',( #8802 ) ) ;
#13259 = STYLED_ITEM ( 'NONE', ( #10648 ), #9634 ) ;
#13260 = FACE_OUTER_BOUND ( 'NONE', #1520, .T. ) ;
#13261 = FACE_OUTER_BOUND ( 'NONE', #4325, .T. ) ;
#13262 = FILL_AREA_STYLE_COLOUR ( '', #12133 ) ;
#13263 = SURFACE_SIDE_STYLE ('',( #3934 ) ) ;
#13264 = VERTEX_POINT ( 'NONE', #5175 ) ;
#13265 = FACE_OUTER_BOUND ( 'NONE', #9153, .T. ) ;
#13266 = CARTESIAN_POINT ( 'NONE',  ( 8.890000000000000600, 0.0000000000000000000, -8.664998163999998200 ) ) ;
#13268 =( GEOMETRIC_REPRESENTATION_CONTEXT ( 3 ) GLOBAL_UNCERTAINTY_ASSIGNED_CONTEXT ( ( #11440 ) ) GLOBAL_UNIT_ASSIGNED_CONTEXT ( ( #12276, #10428, #10473 ) ) REPRESENTATION_CONTEXT ( 'NONE', 'WORKASPACE' ) );
#13267 =( LENGTH_UNIT ( ) NAMED_UNIT ( * ) SI_UNIT ( .MILLI., .METRE. ) );
#13269 = DIRECTION ( 'NONE',  ( 0.0000000000000000000, 0.0000000000000000000, 1.000000000000000000 ) ) ;
#13270 = DIRECTION ( 'NONE',  ( -1.000000000000000000, -0.0000000000000000000, -0.0000000000000000000 ) ) ;
#13271 = PRESENTATION_LAYER_ASSIGNMENT (  '', '', ( #12572 ) ) ;
#13272 = SURFACE_SIDE_STYLE ('',( #10432 ) ) ;
#13273 = ORIENTED_EDGE ( 'NONE', *, *, #10021, .T. ) ;
#13274 =( GEOMETRIC_REPRESENTATION_CONTEXT ( 3 ) GLOBAL_UNCERTAINTY_ASSIGNED_CONTEXT ( ( #4589 ) ) GLOBAL_UNIT_ASSIGNED_CONTEXT ( ( #5091, #12304, #6123 ) ) REPRESENTATION_CONTEXT ( 'NONE', 'WORKASPACE' ) );
#13275 = DIRECTION ( 'NONE',  ( 0.0000000000000000000, 0.0000000000000000000, -1.000000000000000000 ) ) ;
#13276 = EDGE_LOOP ( 'NONE', ( #7421, #711, #7334, #521 ) ) ;
#13277 = ORIENTED_EDGE ( 'NONE', *, *, #11918, .T. ) ;
#13278 = LINE ( 'NONE', #11328, #2292 ) ;
#13279 = AXIS2_PLACEMENT_3D ( 'NONE', #8601, #2383, #9669 ) ;
#13280 = CARTESIAN_POINT ( 'NONE',  ( 8.635999999999999200, 7.948998325999999900, -5.437999918999998300 ) ) ;
#13281 =( NAMED_UNIT ( * ) PLANE_ANGLE_UNIT ( ) SI_UNIT ( $, .RADIAN. ) );
#13282 = COLOUR_RGB ( '',1.000000000000000000, 1.000000000000000000, 0.0000000000000000000 ) ;
#13283 = FACE_OUTER_BOUND ( 'NONE', #12610, .T. ) ;
#13284 = ORIENTED_EDGE ( 'NONE', *, *, #361, .F. ) ;
#13285 = VECTOR ( 'NONE', #1216, 1000.000000000000000 ) ;
#13286 = CARTESIAN_POINT ( 'NONE',  ( -5.983580289999999900, 7.039604364000000600, 8.833747237000002500 ) ) ;
#13287 = DIRECTION ( 'NONE',  ( -0.0000000000000000000, -1.000000000000000000, -0.0000000000000000000 ) ) ;
#13288 =( NAMED_UNIT ( * ) SI_UNIT ( $, .STERADIAN. ) SOLID_ANGLE_UNIT ( ) );
#13289 = VECTOR ( 'NONE', #7174, 1000.000000000000000 ) ;
#13290 = STYLED_ITEM ( 'NONE', ( #6971 ), #11474 ) ;
#13291 = DIRECTION ( 'NONE',  ( -1.000000000000000000, -1.707404996040165300E-015, -0.0000000000000000000 ) ) ;
#13292 = PLANE ( 'NONE',  #1920 ) ;
#13293 = ADVANCED_FACE ( 'NONE', ( #6950 ), #11368, .F. ) ;
#13294 = ORIENTED_EDGE ( 'NONE', *, *, #6014, .T. ) ;
#13295 = VERTEX_POINT ( 'NONE', #12385 ) ;
#13296 = FACE_OUTER_BOUND ( 'NONE', #12891, .T. ) ;
#13297 = LINE ( 'NONE', #3668, #10604 ) ;
#13298 = VERTEX_POINT ( 'NONE', #23 ) ;
#13299 =( LENGTH_UNIT ( ) NAMED_UNIT ( * ) SI_UNIT ( .MILLI., .METRE. ) );
#13300 = EDGE_CURVE ( 'NONE', #637, #13069, #2621, .T. ) ;
#13301 = EDGE_CURVE ( 'NONE', #1575, #9494, #8749, .T. ) ;
#13302 = CARTESIAN_POINT ( 'NONE',  ( 4.527472041999999400, 10.54099999999999900, 3.302000000000000000 ) ) ;
#13303 = VECTOR ( 'NONE', #6721, 1000.000000000000000 ) ;
#13304 = FILL_AREA_STYLE_COLOUR ( '', #9492 ) ;
#13305 =( GEOMETRIC_REPRESENTATION_CONTEXT ( 3 ) GLOBAL_UNCERTAINTY_ASSIGNED_CONTEXT ( ( #8310 ) ) GLOBAL_UNIT_ASSIGNED_CONTEXT ( ( #2582, #9861, #3612 ) ) REPRESENTATION_CONTEXT ( 'NONE', 'WORKASPACE' ) );
#13306 = CARTESIAN_POINT ( 'NONE',  ( 7.772400000000001100, -1.778000000000000200, 5.461000000000000300 ) ) ;
#13307 = CARTESIAN_POINT ( 'NONE',  ( 3.355254885999999500, -1.778000000000000200, -1.246957018000000000 ) ) ;
#13308 = ORIENTED_EDGE ( 'NONE', *, *, #10791, .F. ) ;
#13309 = VECTOR ( 'NONE', #1555, 1000.000000000000100 ) ;
#13310 = CARTESIAN_POINT ( 'NONE',  ( -9.016999999999999500, 8.975793326000001600, -5.181387328999999700 ) ) ;
#13311 = FILL_AREA_STYLE_COLOUR ( '', #10923 ) ;
#13312 = SURFACE_STYLE_FILL_AREA ( #2162 ) ;
#13313 = EDGE_CURVE ( 'NONE', #1373, #5694, #11243, .T. ) ;
#13314 =( NAMED_UNIT ( * ) PLANE_ANGLE_UNIT ( ) SI_UNIT ( $, .RADIAN. ) );
#13315 = CARTESIAN_POINT ( 'NONE',  ( 7.772400000000000200, -0.8890000000000001200, 5.461000000000000300 ) ) ;
#13316 =( NAMED_UNIT ( * ) PLANE_ANGLE_UNIT ( ) SI_UNIT ( $, .RADIAN. ) );
#13317 = EDGE_CURVE ( 'NONE', #11622, #3829, #5988, .T. ) ;
#13318 = FILL_AREA_STYLE ('',( #1039 ) ) ;
#13319 = ADVANCED_FACE ( 'NONE', ( #11165 ), #9902, .F. ) ;
#13320 = EDGE_CURVE ( 'NONE', #11582, #6468, #7449, .T. ) ;
#13321 = FACE_OUTER_BOUND ( 'NONE', #12958, .T. ) ;
#13322 = ORIENTED_EDGE ( 'NONE', *, *, #1113, .F. ) ;
#13323 = DIRECTION ( 'NONE',  ( 0.0000000000000000000, 1.000000000000000000, 0.0000000000000000000 ) ) ;
#13324 =( LENGTH_UNIT ( ) NAMED_UNIT ( * ) SI_UNIT ( .MILLI., .METRE. ) );
#13325 = CARTESIAN_POINT ( 'NONE',  ( 8.890000000000000600, 0.9500005130000001000, -11.06499945999999900 ) ) ;
#13326 = CARTESIAN_POINT ( 'NONE',  ( 8.889999999999998800, 8.248718325999997000, -9.026401162000000900 ) ) ;
#13327 = CARTESIAN_POINT ( 'NONE',  ( -8.890000000000000600, 11.04899999999999900, -12.06500000000000100 ) ) ;
#13328 = CIRCLE ( 'NONE', #3061, 0.1270000000000003900 ) ;
#13329 = MECHANICAL_DESIGN_GEOMETRIC_PRESENTATION_REPRESENTATION (  '', ( #11268 ), #558 ) ;
#13330 = CARTESIAN_POINT ( 'NONE',  ( 6.683753217766109400, 9.575714478252093500, 12.37943614206239400 ) ) ;
#13331 = UNCERTAINTY_MEASURE_WITH_UNIT (LENGTH_MEASURE( 1.000000000000000100E-005 ), #18, 'distance_accuracy_value', 'NONE');
#13332 =( NAMED_UNIT ( * ) PLANE_ANGLE_UNIT ( ) SI_UNIT ( $, .RADIAN. ) );
#13333 = SURFACE_STYLE_USAGE ( .BOTH. , #6116 ) ;
#13334 = MECHANICAL_DESIGN_GEOMETRIC_PRESENTATION_REPRESENTATION (  '', ( #11272 ), #559 ) ;
#13335 = AXIS2_PLACEMENT_3D ( 'NONE', #10210, #3988, #11238 ) ;
#13336 = DIRECTION ( 'NONE',  ( -0.0000000000000000000, -1.000000000000000000, -0.0000000000000000000 ) ) ;
#13337 =( NAMED_UNIT ( * ) PLANE_ANGLE_UNIT ( ) SI_UNIT ( $, .RADIAN. ) );
#13338 = VERTEX_POINT ( 'NONE', #5349 ) ;
#13339 = EDGE_CURVE ( 'NONE', #80, #12870, #4354, .T. ) ;
#13340 = EDGE_LOOP ( 'NONE', ( #9542, #9471, #7077, #5612, #8479, #9710, #2569, #3168 ) ) ;
#13341 = SURFACE_STYLE_FILL_AREA ( #10501 ) ;
#13342 =( GEOMETRIC_REPRESENTATION_CONTEXT ( 3 ) GLOBAL_UNCERTAINTY_ASSIGNED_CONTEXT ( ( #7977 ) ) GLOBAL_UNIT_ASSIGNED_CONTEXT ( ( #6644, #397, #7700 ) ) REPRESENTATION_CONTEXT ( 'NONE', 'WORKASPACE' ) );
#13343 = VECTOR ( 'NONE', #8327, 1000.000000000000000 ) ;
#13344 = CARTESIAN_POINT ( 'NONE',  ( 6.391147396000000000, -0.8890000000000001200, -1.231251767999999900 ) ) ;
#13345 = CARTESIAN_POINT ( 'NONE',  ( 8.762999999999999900, 11.04899999999999900, 0.4651319110000000100 ) ) ;
#13346 = DIRECTION ( 'NONE',  ( 0.0000000000000000000, 0.7071067811865473500, 0.7071067811865477900 ) ) ;
#13347 = AXIS2_PLACEMENT_3D ( 'NONE', #13327, #7160, #914 ) ;
#13348 = VERTEX_POINT ( 'NONE', #150 ) ;
#13349 = DIRECTION ( 'NONE',  ( 0.0000000000000000000, 0.0000000000000000000, 1.000000000000000000 ) ) ;
#13350 = SURFACE_STYLE_USAGE ( .BOTH. , #6139 ) ;
#13351 = CARTESIAN_POINT ( 'NONE',  ( -8.890000000000000600, 2.276954804999999900, 10.05299548000000000 ) ) ;
#13352 = CARTESIAN_POINT ( 'NONE',  ( -9.016999999999999500, 9.229793325999999400, -3.981386681000000500 ) ) ;
#13353 =( NAMED_UNIT ( * ) SI_UNIT ( $, .STERADIAN. ) SOLID_ANGLE_UNIT ( ) );
#13354 = UNCERTAINTY_MEASURE_WITH_UNIT (LENGTH_MEASURE( 1.000000000000000100E-005 ), #10931, 'distance_accuracy_value', 'NONE');
#13355 = EDGE_LOOP ( 'NONE', ( #1574, #5784, #6028, #5324 ) ) ;
#13356 = VERTEX_POINT ( 'NONE', #7437 ) ;
#13357 = DIRECTION ( 'NONE',  ( 0.0000000000000000000, 0.0000000000000000000, -1.000000000000000000 ) ) ;
#13358 = FILL_AREA_STYLE ('',( #858 ) ) ;
#13359 = ADVANCED_FACE ( 'NONE', ( #9569 ), #9535, .F. ) ;
#13360 = ORIENTED_EDGE ( 'NONE', *, *, #7357, .T. ) ;
#13361 = CARTESIAN_POINT ( 'NONE',  ( -8.970000965933040900, 10.26972777553648300, 8.837321822779483000 ) ) ;
#13362 = PLANE ( 'NONE',  #3837 ) ;
#13363 = VECTOR ( 'NONE', #9082, 1000.000000000000000 ) ;
#13364 = PRESENTATION_LAYER_ASSIGNMENT (  '', '', ( #11983 ) ) ;
#13365 = CARTESIAN_POINT ( 'NONE',  ( 9.016999999999999500, 8.975793326000001600, -5.181387328999999700 ) ) ;
#13366 = PLANE ( 'NONE',  #11539 ) ;
#13367 = CARTESIAN_POINT ( 'NONE',  ( 5.790945308169017200, 11.18252178205955100, 11.13101989364586500 ) ) ;
#13368 = FILL_AREA_STYLE_COLOUR ( '', #8859 ) ;
#13369 = ORIENTED_EDGE ( 'NONE', *, *, #6836, .T. ) ;
#13370 = VERTEX_POINT ( 'NONE', #3344 ) ;
#13371 = CARTESIAN_POINT ( 'NONE',  ( -8.826499999999999300, 1.658000620908770100, -10.75399881200000100 ) ) ;
#13372 = UNCERTAINTY_MEASURE_WITH_UNIT (LENGTH_MEASURE( 1.000000000000000100E-005 ), #12877, 'distance_accuracy_value', 'NONE');
#13373 = CARTESIAN_POINT ( 'NONE',  ( 9.016999999999997700, 1.150000621000000200, -10.24599881200000000 ) ) ;
#13374 = DIRECTION ( 'NONE',  ( -1.000000000000000000, 0.0000000000000000000, 0.0000000000000000000 ) ) ;
#13375 = CARTESIAN_POINT ( 'NONE',  ( -4.027795055899997800, 11.04899999999999900, 3.784029874140002900 ) ) ;
#13376 = CARTESIAN_POINT ( 'NONE',  ( -5.841999999999999600, -0.8890000000000001200, -10.10920000000000100 ) ) ;
#13377 = CIRCLE ( 'NONE', #10874, 0.5000000159999995500 ) ;
#13378 = CARTESIAN_POINT ( 'NONE',  ( 8.635999999999999200, 9.229793325999999400, -3.981386681000000500 ) ) ;
#13379 =( LENGTH_UNIT ( ) NAMED_UNIT ( * ) SI_UNIT ( .MILLI., .METRE. ) );
#13380 = ORIENTED_EDGE ( 'NONE', *, *, #10933, .T. ) ;
#13381 = ORIENTED_EDGE ( 'NONE', *, *, #548, .F. ) ;
#13382 = ADVANCED_FACE ( 'NONE', ( #11318 ), #7600, .T. ) ;
#13383 = VECTOR ( 'NONE', #5478, 1000.000000000000000 ) ;
#13384 = VECTOR ( 'NONE', #3557, 1000.000000000000000 ) ;
#13385 = FILL_AREA_STYLE ('',( #5138 ) ) ;
#13386 = EDGE_LOOP ( 'NONE', ( #11956, #4575, #5011, #3603, #7019, #13415, #7928, #9914 ) ) ;
#13387 = DIRECTION ( 'NONE',  ( 0.0000000000000000000, 0.0000000000000000000, -1.000000000000000000 ) ) ;
#13388 = UNCERTAINTY_MEASURE_WITH_UNIT (LENGTH_MEASURE( 1.000000000000000100E-005 ), #11706, 'distance_accuracy_value', 'NONE');
#13389 = EDGE_CURVE ( 'NONE', #10569, #2965, #5171, .T. ) ;
#13390 = PLANE ( 'NONE',  #9996 ) ;
#13391 = CARTESIAN_POINT ( 'NONE',  ( -4.737748232000000400, 0.0000000000000000000, -2.759504731000000300 ) ) ;
#13392 = MECHANICAL_DESIGN_GEOMETRIC_PRESENTATION_REPRESENTATION (  '', ( #10671 ), #626 ) ;
#13393 = COLOUR_RGB ( '',0.7490196078431372600, 1.000000000000000000, 1.000000000000000000 ) ;
#13394 = EDGE_CURVE ( 'NONE', #359, #5189, #10380, .T. ) ;
#13395 = ORIENTED_EDGE ( 'NONE', *, *, #3702, .F. ) ;
#13396 =( NAMED_UNIT ( * ) PLANE_ANGLE_UNIT ( ) SI_UNIT ( $, .RADIAN. ) );
#13397 = EDGE_CURVE ( 'NONE', #1849, #8617, #2407, .T. ) ;
#13398 = DIRECTION ( 'NONE',  ( 1.000000000000000000, 0.0000000000000000000, -0.0000000000000000000 ) ) ;
#13399 = ORIENTED_EDGE ( 'NONE', *, *, #4671, .F. ) ;
#13400 = ORIENTED_EDGE ( 'NONE', *, *, #2277, .T. ) ;
#13401 = LINE ( 'NONE', #4442, #5174 ) ;
#13402 = VECTOR ( 'NONE', #1817, 1000.000000000000000 ) ;
#13403 = DIRECTION ( 'NONE',  ( 0.0000000000000000000, -1.000000000000000000, 0.0000000000000000000 ) ) ;
#13404 = CARTESIAN_POINT ( 'NONE',  ( 8.635999999999999200, 8.848793325999999100, -3.781386573000000300 ) ) ;
#13405 = DIRECTION ( 'NONE',  ( 0.0000000000000000000, 1.000000000000000000, 0.0000000000000000000 ) ) ;
#13406 = FACE_OUTER_BOUND ( 'NONE', #3111, .T. ) ;
#13407 = VECTOR ( 'NONE', #9490, 1000.000000000000000 ) ;
#13408 = FACE_OUTER_BOUND ( 'NONE', #3528, .T. ) ;
#13409 = DIRECTION ( 'NONE',  ( 1.000000000000000000, 0.0000000000000000000, 0.0000000000000000000 ) ) ;
#13410 = LINE ( 'NONE', #12991, #5181 ) ;
#13411 = MECHANICAL_DESIGN_GEOMETRIC_PRESENTATION_REPRESENTATION (  '', ( #10688 ), #640 ) ;
#13412 = CARTESIAN_POINT ( 'NONE',  ( -8.635999999999999200, 8.848793325999999100, -5.381387436999999900 ) ) ;
#13413 = ORIENTED_EDGE ( 'NONE', *, *, #12186, .T. ) ;
#13414 = MECHANICAL_DESIGN_GEOMETRIC_PRESENTATION_REPRESENTATION (  '', ( #11349 ), #644 ) ;
#13415 = ORIENTED_EDGE ( 'NONE', *, *, #3107, .T. ) ;
#13416 =( GEOMETRIC_REPRESENTATION_CONTEXT ( 3 ) GLOBAL_UNCERTAINTY_ASSIGNED_CONTEXT ( ( #6322 ) ) GLOBAL_UNIT_ASSIGNED_CONTEXT ( ( #2223, #9506, #3275 ) ) REPRESENTATION_CONTEXT ( 'NONE', 'WORKASPACE' ) );
#13417 = COLOUR_RGB ( '',0.7490196078431372600, 1.000000000000000000, 1.000000000000000000 ) ;
#13418 = LINE ( 'NONE', #4250, #2425 ) ;
#13419 = ORIENTED_EDGE ( 'NONE', *, *, #2919, .T. ) ;
#13420 = CARTESIAN_POINT ( 'NONE',  ( 3.209063492999999500, -1.778000000000000200, 0.4244230790000000900 ) ) ;
#13421 = DIRECTION ( 'NONE',  ( -1.000000000000000000, -0.0000000000000000000, -0.0000000000000000000 ) ) ;
#13422 = EDGE_CURVE ( 'NONE', #6898, #6935, #4833, .T. ) ;
#13423 = VECTOR ( 'NONE', #805, 1000.000000000000000 ) ;
#13424 = FILL_AREA_STYLE ('',( #3090 ) ) ;
#13425 = FILL_AREA_STYLE_COLOUR ( '', #11007 ) ;
#13426 = SURFACE_STYLE_FILL_AREA ( #10126 ) ;
#13427 = FACE_OUTER_BOUND ( 'NONE', #8474, .T. ) ;
#13428 =( NAMED_UNIT ( * ) PLANE_ANGLE_UNIT ( ) SI_UNIT ( $, .RADIAN. ) );
#13429 = EDGE_CURVE ( 'NONE', #11622, #8126, #12749, .T. ) ;
#13430 = SURFACE_SIDE_STYLE ('',( #12275 ) ) ;
#13431 = STYLED_ITEM ( 'NONE', ( #1576 ), #8797 ) ;
#13432 = ORIENTED_EDGE ( 'NONE', *, *, #12207, .F. ) ;
#13433 = PRESENTATION_STYLE_ASSIGNMENT (( #6232 ) ) ;
#13434 =( LENGTH_UNIT ( ) NAMED_UNIT ( * ) SI_UNIT ( .MILLI., .METRE. ) );
#13435 = ORIENTED_EDGE ( 'NONE', *, *, #9824, .T. ) ;
#13436 = ORIENTED_EDGE ( 'NONE', *, *, #2964, .T. ) ;
#13437 = SURFACE_STYLE_FILL_AREA ( #7713 ) ;
#13438 = FILL_AREA_STYLE_COLOUR ( '', #9748 ) ;
#13439 = COLOUR_RGB ( '',0.7490196078431372600, 1.000000000000000000, 1.000000000000000000 ) ;
#13440 = VECTOR ( 'NONE', #10123, 1000.000000000000000 ) ;
#13441 = PRESENTATION_LAYER_ASSIGNMENT (  '', '', ( #10708 ) ) ;
#13442 = ADVANCED_FACE ( 'NONE', ( #9737 ), #11671, .T. ) ;
#13443 = LINE ( 'NONE', #13034, #305 ) ;
#13444 = AXIS2_PLACEMENT_3D ( 'NONE', #9019, #925, #5803 ) ;
#13445 = ORIENTED_EDGE ( 'NONE', *, *, #6315, .F. ) ;
#13446 = AXIS2_PLACEMENT_3D ( 'NONE', #1343, #8627, #2404 ) ;
#13447 = COLOUR_RGB ( '',0.7490196078431372600, 1.000000000000000000, 1.000000000000000000 ) ;
#13448 = CARTESIAN_POINT ( 'NONE',  ( -1.016000000000000000, -1.778000000000000200, -7.935942080000001100 ) ) ;
#13449 =( NAMED_UNIT ( * ) SI_UNIT ( $, .STERADIAN. ) SOLID_ANGLE_UNIT ( ) );
#13450 =( GEOMETRIC_REPRESENTATION_CONTEXT ( 3 ) GLOBAL_UNCERTAINTY_ASSIGNED_CONTEXT ( ( #5451 ) ) GLOBAL_UNIT_ASSIGNED_CONTEXT ( ( #10087, #3855, #11105 ) ) REPRESENTATION_CONTEXT ( 'NONE', 'WORKASPACE' ) );
#13451 = CARTESIAN_POINT ( 'NONE',  ( -6.626043302000000200, 9.952328655000000500, 12.06500000000000100 ) ) ;
#13452 = EDGE_LOOP ( 'NONE', ( #8731, #2896, #2076, #10256 ) ) ;
#13453 = EDGE_CURVE ( 'NONE', #11254, #11114, #8735, .T. ) ;
#13454 = CARTESIAN_POINT ( 'NONE',  ( -8.635999999999999200, 0.0000000000000000000, -8.964998321554999100 ) ) ;
#13455 =( LENGTH_UNIT ( ) NAMED_UNIT ( * ) SI_UNIT ( .MILLI., .METRE. ) );
#13456 = AXIS2_PLACEMENT_3D ( 'NONE', #10653, #4419, #11651 ) ;
#13457 = PRESENTATION_STYLE_ASSIGNMENT (( #11438 ) ) ;
#13458 = CARTESIAN_POINT ( 'NONE',  ( 5.790945308169017200, 11.18252178205955100, 11.13101989364586500 ) ) ;
#13459 = PRESENTATION_STYLE_ASSIGNMENT (( #4920 ) ) ;
#13460 = PRESENTATION_STYLE_ASSIGNMENT (( #13106 ) ) ;
#13461 = ORIENTED_EDGE ( 'NONE', *, *, #10581, .T. ) ;
#13462 = DIRECTION ( 'NONE',  ( 0.0000000000000000000, 1.000000000000000000, 0.0000000000000000000 ) ) ;
ENDSEC;
END-ISO-10303-21;
