ISO-10303-21;
HEADER;
FILE_DESCRIPTION(('STEP AP214'),'1');
FILE_NAME('m20-7920242r.stp','2025-10-24T16:45:00',('TraceParts'),('TraceParts S.A.S.'),'Spatial InterOp 3D',' ',' ');
FILE_SCHEMA(('AUTOMOTIVE_DESIGN { 1 0 10303 214 1 1 1 1 }'));
ENDSEC;
DATA;
#1=MECHANICAL_DESIGN_GEOMETRIC_PRESENTATION_REPRESENTATION(' ',(#14,#15,#16,#17,#18,#19,#20,#21,#22,#23,#24,#25,#26,#27,#28,#29,#30,#31,#32,#33,#34,#35,#36,#37,#38,#39,#40,#41,#42,#43,#44,#45,#46,#47,#48,#49,#50,#51,#52,#53,#54,#55,#56,#57,#58,#59,#60,#61,#62,#63,#64,#65,#66,#67,#68,#69,#70,#71,#72,#73,#74,#75,#76,#77,#78,#79,#80,#81,#82,#83,#84,#85,#86,#87,#88,#89,#90,#91,#92,#93,#94,#95,#96,#97,#98,#99,#100,#101,#102,#103,#104,#105,#106,#107,#108,#109,#110),#10);
#2=PRODUCT_DEFINITION_CONTEXT('',#111,'design');
#3=APPLICATION_PROTOCOL_DEFINITION('INTERNATIONAL STANDARD','automotive_design',1994,#111);
#4=PRODUCT_CATEGORY_RELATIONSHIP('NONE','NONE',#112,#113);
#5=SHAPE_DEFINITION_REPRESENTATION(#114,#115);
#6=SHAPE_DEFINITION_REPRESENTATION(#114,#116);
#7=SHAPE_DEFINITION_REPRESENTATION(#114,#117);
#8=SHAPE_DEFINITION_REPRESENTATION(#114,#118);
#9=SHAPE_DEFINITION_REPRESENTATION(#114,#119);
#10= (GEOMETRIC_REPRESENTATION_CONTEXT(3)GLOBAL_UNCERTAINTY_ASSIGNED_CONTEXT((#122))GLOBAL_UNIT_ASSIGNED_CONTEXT((#124,#125,#126))REPRESENTATION_CONTEXT('NONE','WORKSPACE'));
#14=STYLED_ITEM('',(#128),#129);
#15=STYLED_ITEM('',(#130),#131);
#16=STYLED_ITEM('',(#132),#133);
#17=STYLED_ITEM('',(#134),#135);
#18=STYLED_ITEM('',(#136),#137);
#19=STYLED_ITEM('',(#138),#139);
#20=STYLED_ITEM('',(#140),#141);
#21=STYLED_ITEM('',(#142),#143);
#22=STYLED_ITEM('',(#144),#145);
#23=STYLED_ITEM('',(#146),#147);
#24=STYLED_ITEM('',(#148),#149);
#25=STYLED_ITEM('',(#150),#151);
#26=STYLED_ITEM('',(#152),#153);
#27=STYLED_ITEM('',(#154),#155);
#28=STYLED_ITEM('',(#156),#157);
#29=STYLED_ITEM('',(#158),#159);
#30=STYLED_ITEM('',(#160),#161);
#31=STYLED_ITEM('',(#162),#163);
#32=STYLED_ITEM('',(#164),#165);
#33=STYLED_ITEM('',(#166),#167);
#34=STYLED_ITEM('',(#168),#169);
#35=STYLED_ITEM('',(#170),#171);
#36=STYLED_ITEM('',(#172),#173);
#37=STYLED_ITEM('',(#174),#175);
#38=STYLED_ITEM('',(#176),#177);
#39=STYLED_ITEM('',(#178),#179);
#40=STYLED_ITEM('',(#180),#181);
#41=STYLED_ITEM('',(#182),#183);
#42=STYLED_ITEM('',(#184),#185);
#43=STYLED_ITEM('',(#186),#187);
#44=STYLED_ITEM('',(#188),#189);
#45=STYLED_ITEM('',(#190),#191);
#46=STYLED_ITEM('',(#192),#193);
#47=STYLED_ITEM('',(#194),#195);
#48=STYLED_ITEM('',(#196),#197);
#49=STYLED_ITEM('',(#198),#199);
#50=STYLED_ITEM('',(#200),#201);
#51=STYLED_ITEM('',(#202),#203);
#52=STYLED_ITEM('',(#204),#205);
#53=STYLED_ITEM('',(#206),#207);
#54=STYLED_ITEM('',(#208),#209);
#55=STYLED_ITEM('',(#210),#211);
#56=STYLED_ITEM('',(#212),#213);
#57=STYLED_ITEM('',(#214),#215);
#58=STYLED_ITEM('',(#216),#217);
#59=STYLED_ITEM('',(#218),#219);
#60=STYLED_ITEM('',(#220),#221);
#61=STYLED_ITEM('',(#222),#223);
#62=STYLED_ITEM('',(#224),#225);
#63=STYLED_ITEM('',(#226),#227);
#64=STYLED_ITEM('',(#228),#229);
#65=STYLED_ITEM('',(#230),#231);
#66=STYLED_ITEM('',(#232),#233);
#67=STYLED_ITEM('',(#234),#235);
#68=STYLED_ITEM('',(#236),#237);
#69=STYLED_ITEM('',(#238),#239);
#70=STYLED_ITEM('',(#240),#241);
#71=STYLED_ITEM('',(#242),#243);
#72=STYLED_ITEM('',(#244),#245);
#73=STYLED_ITEM('',(#246),#247);
#74=STYLED_ITEM('',(#248),#249);
#75=STYLED_ITEM('',(#250),#251);
#76=STYLED_ITEM('',(#252),#253);
#77=STYLED_ITEM('',(#254),#255);
#78=STYLED_ITEM('',(#256),#257);
#79=STYLED_ITEM('',(#258),#259);
#80=STYLED_ITEM('',(#260),#261);
#81=STYLED_ITEM('',(#262),#263);
#82=STYLED_ITEM('',(#264),#265);
#83=STYLED_ITEM('',(#266),#267);
#84=STYLED_ITEM('',(#268),#269);
#85=STYLED_ITEM('',(#270),#271);
#86=STYLED_ITEM('',(#272),#273);
#87=STYLED_ITEM('',(#274),#275);
#88=STYLED_ITEM('',(#276),#277);
#89=STYLED_ITEM('',(#278),#279);
#90=STYLED_ITEM('',(#280),#281);
#91=STYLED_ITEM('',(#282),#283);
#92=STYLED_ITEM('',(#284),#285);
#93=STYLED_ITEM('',(#286),#287);
#94=STYLED_ITEM('',(#288),#289);
#95=STYLED_ITEM('',(#290),#291);
#96=STYLED_ITEM('',(#292),#293);
#97=STYLED_ITEM('',(#294),#295);
#98=STYLED_ITEM('',(#296),#297);
#99=STYLED_ITEM('',(#298),#299);
#100=STYLED_ITEM('',(#300),#301);
#101=STYLED_ITEM('',(#302),#303);
#102=STYLED_ITEM('',(#304),#305);
#103=STYLED_ITEM('',(#306),#307);
#104=STYLED_ITEM('',(#308),#309);
#105=STYLED_ITEM('',(#310),#311);
#106=STYLED_ITEM('',(#312),#313);
#107=STYLED_ITEM('',(#314),#315);
#108=STYLED_ITEM('',(#316),#317);
#109=STYLED_ITEM('',(#318),#319);
#110=STYLED_ITEM('',(#320),#321);
#111=APPLICATION_CONTEXT(' ');
#112=PRODUCT_CATEGORY('part','NONE');
#113=PRODUCT_RELATED_PRODUCT_CATEGORY('detail',' ',(#322));
#114=PRODUCT_DEFINITION_SHAPE('NONE','NONE',#323);
#115=ADVANCED_BREP_SHAPE_REPRESENTATION('M20-7920242_asm.stp|M20-7920242_ASM:1#M20-7920242_ASM|78#M20-79202_MOULD;Solide1',(#129,#324),#10);
#116=ADVANCED_BREP_SHAPE_REPRESENTATION('M20-7920242_asm.stp|M20-7920242_ASM:1#M20-7920242_ASM|79#M20-792_CONTACT1;Solide1',(#177,#325),#10);
#117=ADVANCED_BREP_SHAPE_REPRESENTATION('M20-7920242_asm.stp|M20-7920242_ASM:1#M20-7920242_ASM|80#M20-792_CONTACT1;Solide1',(#225,#326),#10);
#118=ADVANCED_BREP_SHAPE_REPRESENTATION('M20-7920242_asm.stp|M20-7920242_ASM:1#M20-7920242_ASM|81#M20-792_CONTACT2;Solide1',(#273,#327),#10);
#119=ADVANCED_BREP_SHAPE_REPRESENTATION('M20-7920242_asm.stp|M20-7920242_ASM:1#M20-7920242_ASM|82#M20-792_CONTACT2;Solide1',(#321,#328),#10);
#122=UNCERTAINTY_MEASURE_WITH_UNIT(LENGTH_MEASURE(1.0E-06),#124,'','');
#124= (CONVERSION_BASED_UNIT('MILLIMETRE',#331)LENGTH_UNIT()NAMED_UNIT(#334));
#125= (NAMED_UNIT(#336)PLANE_ANGLE_UNIT()SI_UNIT($,.RADIAN.));
#126= (NAMED_UNIT(#336)SOLID_ANGLE_UNIT()SI_UNIT($,.STERADIAN.));
#128=PRESENTATION_STYLE_ASSIGNMENT((#342));
#129=MANIFOLD_SOLID_BREP('M20-7920242_asm.stp|M20-7920242_ASM:1#M20-7920242_ASM|78#M20-79202_MOULD;Solide1',#343);
#130=PRESENTATION_STYLE_ASSIGNMENT((#344));
#131=ADVANCED_FACE('',(#345),#346,.F.);
#132=PRESENTATION_STYLE_ASSIGNMENT((#347));
#133=ADVANCED_FACE('',(#348),#349,.F.);
#134=PRESENTATION_STYLE_ASSIGNMENT((#350));
#135=ADVANCED_FACE('',(#351),#352,.F.);
#136=PRESENTATION_STYLE_ASSIGNMENT((#353));
#137=ADVANCED_FACE('',(#354),#355,.T.);
#138=PRESENTATION_STYLE_ASSIGNMENT((#356));
#139=ADVANCED_FACE('',(#357),#358,.F.);
#140=PRESENTATION_STYLE_ASSIGNMENT((#359));
#141=ADVANCED_FACE('',(#360),#361,.F.);
#142=PRESENTATION_STYLE_ASSIGNMENT((#362));
#143=ADVANCED_FACE('',(#363),#364,.F.);
#144=PRESENTATION_STYLE_ASSIGNMENT((#365));
#145=ADVANCED_FACE('',(#366),#367,.T.);
#146=PRESENTATION_STYLE_ASSIGNMENT((#368));
#147=ADVANCED_FACE('',(#369),#370,.T.);
#148=PRESENTATION_STYLE_ASSIGNMENT((#371));
#149=ADVANCED_FACE('',(#372),#373,.F.);
#150=PRESENTATION_STYLE_ASSIGNMENT((#374));
#151=ADVANCED_FACE('',(#375),#376,.T.);
#152=PRESENTATION_STYLE_ASSIGNMENT((#377));
#153=ADVANCED_FACE('',(#378),#379,.T.);
#154=PRESENTATION_STYLE_ASSIGNMENT((#380));
#155=ADVANCED_FACE('',(#381),#382,.T.);
#156=PRESENTATION_STYLE_ASSIGNMENT((#383));
#157=ADVANCED_FACE('',(#384),#385,.T.);
#158=PRESENTATION_STYLE_ASSIGNMENT((#386));
#159=ADVANCED_FACE('',(#387),#388,.T.);
#160=PRESENTATION_STYLE_ASSIGNMENT((#389));
#161=ADVANCED_FACE('',(#390),#391,.T.);
#162=PRESENTATION_STYLE_ASSIGNMENT((#392));
#163=ADVANCED_FACE('',(#393),#394,.T.);
#164=PRESENTATION_STYLE_ASSIGNMENT((#395));
#165=ADVANCED_FACE('',(#396),#397,.F.);
#166=PRESENTATION_STYLE_ASSIGNMENT((#398));
#167=ADVANCED_FACE('',(#399),#400,.T.);
#168=PRESENTATION_STYLE_ASSIGNMENT((#401));
#169=ADVANCED_FACE('',(#402),#403,.T.);
#170=PRESENTATION_STYLE_ASSIGNMENT((#404));
#171=ADVANCED_FACE('',(#405),#406,.T.);
#172=PRESENTATION_STYLE_ASSIGNMENT((#407));
#173=ADVANCED_FACE('',(#408),#409,.F.);
#174=PRESENTATION_STYLE_ASSIGNMENT((#410));
#175=ADVANCED_FACE('',(#411),#412,.T.);
#176=PRESENTATION_STYLE_ASSIGNMENT((#413));
#177=MANIFOLD_SOLID_BREP('M20-7920242_asm.stp|M20-7920242_ASM:1#M20-7920242_ASM|79#M20-792_CONTACT1;Solide1',#414);
#178=PRESENTATION_STYLE_ASSIGNMENT((#415));
#179=ADVANCED_FACE('',(#416),#417,.F.);
#180=PRESENTATION_STYLE_ASSIGNMENT((#418));
#181=ADVANCED_FACE('',(#419),#420,.F.);
#182=PRESENTATION_STYLE_ASSIGNMENT((#421));
#183=ADVANCED_FACE('',(#422),#423,.F.);
#184=PRESENTATION_STYLE_ASSIGNMENT((#424));
#185=ADVANCED_FACE('',(#425),#426,.T.);
#186=PRESENTATION_STYLE_ASSIGNMENT((#427));
#187=ADVANCED_FACE('',(#428),#429,.F.);
#188=PRESENTATION_STYLE_ASSIGNMENT((#430));
#189=ADVANCED_FACE('',(#431),#432,.F.);
#190=PRESENTATION_STYLE_ASSIGNMENT((#433));
#191=ADVANCED_FACE('',(#434),#435,.F.);
#192=PRESENTATION_STYLE_ASSIGNMENT((#436));
#193=ADVANCED_FACE('',(#437),#438,.T.);
#194=PRESENTATION_STYLE_ASSIGNMENT((#439));
#195=ADVANCED_FACE('',(#440),#441,.T.);
#196=PRESENTATION_STYLE_ASSIGNMENT((#442));
#197=ADVANCED_FACE('',(#443),#444,.F.);
#198=PRESENTATION_STYLE_ASSIGNMENT((#445));
#199=ADVANCED_FACE('',(#446),#447,.T.);
#200=PRESENTATION_STYLE_ASSIGNMENT((#448));
#201=ADVANCED_FACE('',(#449),#450,.T.);
#202=PRESENTATION_STYLE_ASSIGNMENT((#451));
#203=ADVANCED_FACE('',(#452),#453,.T.);
#204=PRESENTATION_STYLE_ASSIGNMENT((#454));
#205=ADVANCED_FACE('',(#455),#456,.T.);
#206=PRESENTATION_STYLE_ASSIGNMENT((#457));
#207=ADVANCED_FACE('',(#458),#459,.T.);
#208=PRESENTATION_STYLE_ASSIGNMENT((#460));
#209=ADVANCED_FACE('',(#461),#462,.T.);
#210=PRESENTATION_STYLE_ASSIGNMENT((#463));
#211=ADVANCED_FACE('',(#464),#465,.T.);
#212=PRESENTATION_STYLE_ASSIGNMENT((#466));
#213=ADVANCED_FACE('',(#467),#468,.F.);
#214=PRESENTATION_STYLE_ASSIGNMENT((#469));
#215=ADVANCED_FACE('',(#470),#471,.T.);
#216=PRESENTATION_STYLE_ASSIGNMENT((#472));
#217=ADVANCED_FACE('',(#473),#474,.T.);
#218=PRESENTATION_STYLE_ASSIGNMENT((#475));
#219=ADVANCED_FACE('',(#476),#477,.T.);
#220=PRESENTATION_STYLE_ASSIGNMENT((#478));
#221=ADVANCED_FACE('',(#479),#480,.F.);
#222=PRESENTATION_STYLE_ASSIGNMENT((#481));
#223=ADVANCED_FACE('',(#482),#483,.T.);
#224=PRESENTATION_STYLE_ASSIGNMENT((#484));
#225=MANIFOLD_SOLID_BREP('M20-7920242_asm.stp|M20-7920242_ASM:1#M20-7920242_ASM|80#M20-792_CONTACT1;Solide1',#485);
#226=PRESENTATION_STYLE_ASSIGNMENT((#486));
#227=ADVANCED_FACE('',(#487),#488,.F.);
#228=PRESENTATION_STYLE_ASSIGNMENT((#489));
#229=ADVANCED_FACE('',(#490),#491,.F.);
#230=PRESENTATION_STYLE_ASSIGNMENT((#492));
#231=ADVANCED_FACE('',(#493),#494,.F.);
#232=PRESENTATION_STYLE_ASSIGNMENT((#495));
#233=ADVANCED_FACE('',(#496),#497,.T.);
#234=PRESENTATION_STYLE_ASSIGNMENT((#498));
#235=ADVANCED_FACE('',(#499),#500,.F.);
#236=PRESENTATION_STYLE_ASSIGNMENT((#501));
#237=ADVANCED_FACE('',(#502),#503,.F.);
#238=PRESENTATION_STYLE_ASSIGNMENT((#504));
#239=ADVANCED_FACE('',(#505),#506,.T.);
#240=PRESENTATION_STYLE_ASSIGNMENT((#507));
#241=ADVANCED_FACE('',(#508),#509,.T.);
#242=PRESENTATION_STYLE_ASSIGNMENT((#510));
#243=ADVANCED_FACE('',(#511),#512,.T.);
#244=PRESENTATION_STYLE_ASSIGNMENT((#513));
#245=ADVANCED_FACE('',(#514),#515,.F.);
#246=PRESENTATION_STYLE_ASSIGNMENT((#516));
#247=ADVANCED_FACE('',(#517),#518,.T.);
#248=PRESENTATION_STYLE_ASSIGNMENT((#519));
#249=ADVANCED_FACE('',(#520),#521,.T.);
#250=PRESENTATION_STYLE_ASSIGNMENT((#522));
#251=ADVANCED_FACE('',(#523),#524,.T.);
#252=PRESENTATION_STYLE_ASSIGNMENT((#525));
#253=ADVANCED_FACE('',(#526),#527,.T.);
#254=PRESENTATION_STYLE_ASSIGNMENT((#528));
#255=ADVANCED_FACE('',(#529),#530,.T.);
#256=PRESENTATION_STYLE_ASSIGNMENT((#531));
#257=ADVANCED_FACE('',(#532),#533,.T.);
#258=PRESENTATION_STYLE_ASSIGNMENT((#534));
#259=ADVANCED_FACE('',(#535),#536,.T.);
#260=PRESENTATION_STYLE_ASSIGNMENT((#537));
#261=ADVANCED_FACE('',(#538),#539,.F.);
#262=PRESENTATION_STYLE_ASSIGNMENT((#540));
#263=ADVANCED_FACE('',(#541),#542,.T.);
#264=PRESENTATION_STYLE_ASSIGNMENT((#543));
#265=ADVANCED_FACE('',(#544),#545,.T.);
#266=PRESENTATION_STYLE_ASSIGNMENT((#546));
#267=ADVANCED_FACE('',(#547),#548,.T.);
#268=PRESENTATION_STYLE_ASSIGNMENT((#549));
#269=ADVANCED_FACE('',(#550),#551,.F.);
#270=PRESENTATION_STYLE_ASSIGNMENT((#552));
#271=ADVANCED_FACE('',(#553),#554,.T.);
#272=PRESENTATION_STYLE_ASSIGNMENT((#555));
#273=MANIFOLD_SOLID_BREP('M20-7920242_asm.stp|M20-7920242_ASM:1#M20-7920242_ASM|81#M20-792_CONTACT2;Solide1',#556);
#274=PRESENTATION_STYLE_ASSIGNMENT((#557));
#275=ADVANCED_FACE('',(#558),#559,.F.);
#276=PRESENTATION_STYLE_ASSIGNMENT((#560));
#277=ADVANCED_FACE('',(#561),#562,.F.);
#278=PRESENTATION_STYLE_ASSIGNMENT((#563));
#279=ADVANCED_FACE('',(#564),#565,.F.);
#280=PRESENTATION_STYLE_ASSIGNMENT((#566));
#281=ADVANCED_FACE('',(#567),#568,.T.);
#282=PRESENTATION_STYLE_ASSIGNMENT((#569));
#283=ADVANCED_FACE('',(#570),#571,.F.);
#284=PRESENTATION_STYLE_ASSIGNMENT((#572));
#285=ADVANCED_FACE('',(#573),#574,.F.);
#286=PRESENTATION_STYLE_ASSIGNMENT((#575));
#287=ADVANCED_FACE('',(#576),#577,.T.);
#288=PRESENTATION_STYLE_ASSIGNMENT((#578));
#289=ADVANCED_FACE('',(#579),#580,.T.);
#290=PRESENTATION_STYLE_ASSIGNMENT((#581));
#291=ADVANCED_FACE('',(#582),#583,.T.);
#292=PRESENTATION_STYLE_ASSIGNMENT((#584));
#293=ADVANCED_FACE('',(#585),#586,.F.);
#294=PRESENTATION_STYLE_ASSIGNMENT((#587));
#295=ADVANCED_FACE('',(#588),#589,.T.);
#296=PRESENTATION_STYLE_ASSIGNMENT((#590));
#297=ADVANCED_FACE('',(#591),#592,.T.);
#298=PRESENTATION_STYLE_ASSIGNMENT((#593));
#299=ADVANCED_FACE('',(#594),#595,.T.);
#300=PRESENTATION_STYLE_ASSIGNMENT((#596));
#301=ADVANCED_FACE('',(#597),#598,.T.);
#302=PRESENTATION_STYLE_ASSIGNMENT((#599));
#303=ADVANCED_FACE('',(#600),#601,.T.);
#304=PRESENTATION_STYLE_ASSIGNMENT((#602));
#305=ADVANCED_FACE('',(#603),#604,.T.);
#306=PRESENTATION_STYLE_ASSIGNMENT((#605));
#307=ADVANCED_FACE('',(#606),#607,.T.);
#308=PRESENTATION_STYLE_ASSIGNMENT((#608));
#309=ADVANCED_FACE('',(#609),#610,.F.);
#310=PRESENTATION_STYLE_ASSIGNMENT((#611));
#311=ADVANCED_FACE('',(#612),#613,.T.);
#312=PRESENTATION_STYLE_ASSIGNMENT((#614));
#313=ADVANCED_FACE('',(#615),#616,.T.);
#314=PRESENTATION_STYLE_ASSIGNMENT((#617));
#315=ADVANCED_FACE('',(#618),#619,.T.);
#316=PRESENTATION_STYLE_ASSIGNMENT((#620));
#317=ADVANCED_FACE('',(#621),#622,.F.);
#318=PRESENTATION_STYLE_ASSIGNMENT((#623));
#319=ADVANCED_FACE('',(#624),#625,.T.);
#320=PRESENTATION_STYLE_ASSIGNMENT((#626));
#321=MANIFOLD_SOLID_BREP('M20-7920242_asm.stp|M20-7920242_ASM:1#M20-7920242_ASM|82#M20-792_CONTACT2;Solide1',#627);
#322=PRODUCT('M20-7920242_asm.stp|M20-7920242_ASM:1#M20-7920242_ASM|78#M20-79202_MOULD;Solide1','','PART--DESC',(#628));
#323=PRODUCT_DEFINITION('','NONE',#629,#2);
#324=AXIS2_PLACEMENT_3D('',#630,#631,#632);
#325=AXIS2_PLACEMENT_3D('',#633,#634,#635);
#326=AXIS2_PLACEMENT_3D('',#636,#637,#638);
#327=AXIS2_PLACEMENT_3D('',#639,#640,#641);
#328=AXIS2_PLACEMENT_3D('',#642,#643,#644);
#331=LENGTH_MEASURE_WITH_UNIT(LENGTH_MEASURE(1.0),#645);
#334=DIMENSIONAL_EXPONENTS(1.0,0.0,0.0,0.0,0.0,0.0,0.0);
#336=DIMENSIONAL_EXPONENTS(0.0,0.0,0.0,0.0,0.0,0.0,0.0);
#342=SURFACE_STYLE_USAGE(.BOTH.,#646);
#343=CLOSED_SHELL('',(#647,#648,#649,#650,#651,#652,#653,#654,#655,#656,#657,#658,#659,#660,#661,#662,#663,#664,#665,#666,#667,#668,#669,#670,#671,#672,#673,#674,#675,#676,#677,#678,#679,#680,#681,#682,#683,#684,#685,#686,#687,#688,#689,#690,#691,#692,#693,#694,#695,#696,#697,#698,#699,#700,#701,#702,#703,#704,#705,#706,#707,#708,#709,#710,#711,#712,#713,#714,#715,#716,#717,#718,#719,#720));
#344=SURFACE_STYLE_USAGE(.BOTH.,#721);
#345=FACE_OUTER_BOUND('',#722,.T.);
#346=PLANE('',#723);
#347=SURFACE_STYLE_USAGE(.BOTH.,#724);
#348=FACE_OUTER_BOUND('',#725,.T.);
#349=CYLINDRICAL_SURFACE('',#726,0.25);
#350=SURFACE_STYLE_USAGE(.BOTH.,#727);
#351=FACE_OUTER_BOUND('',#728,.T.);
#352=PLANE('',#729);
#353=SURFACE_STYLE_USAGE(.BOTH.,#730);
#354=FACE_OUTER_BOUND('',#731,.T.);
#355=CYLINDRICAL_SURFACE('',#732,0.5);
#356=SURFACE_STYLE_USAGE(.BOTH.,#733);
#357=FACE_OUTER_BOUND('',#734,.T.);
#358=PLANE('',#735);
#359=SURFACE_STYLE_USAGE(.BOTH.,#736);
#360=FACE_OUTER_BOUND('',#737,.T.);
#361=PLANE('',#738);
#362=SURFACE_STYLE_USAGE(.BOTH.,#739);
#363=FACE_OUTER_BOUND('',#740,.T.);
#364=PLANE('',#741);
#365=SURFACE_STYLE_USAGE(.BOTH.,#742);
#366=FACE_OUTER_BOUND('',#743,.T.);
#367=CYLINDRICAL_SURFACE('',#744,0.5);
#368=SURFACE_STYLE_USAGE(.BOTH.,#745);
#369=FACE_OUTER_BOUND('',#746,.T.);
#370=PLANE('',#747);
#371=SURFACE_STYLE_USAGE(.BOTH.,#748);
#372=FACE_OUTER_BOUND('',#749,.T.);
#373=CYLINDRICAL_SURFACE('',#750,0.25);
#374=SURFACE_STYLE_USAGE(.BOTH.,#751);
#375=FACE_OUTER_BOUND('',#752,.T.);
#376=PLANE('',#753);
#377=SURFACE_STYLE_USAGE(.BOTH.,#754);
#378=FACE_OUTER_BOUND('',#755,.T.);
#379=CYLINDRICAL_SURFACE('',#756,0.5);
#380=SURFACE_STYLE_USAGE(.BOTH.,#757);
#381=FACE_OUTER_BOUND('',#758,.T.);
#382=PLANE('',#759);
#383=SURFACE_STYLE_USAGE(.BOTH.,#760);
#384=FACE_OUTER_BOUND('',#761,.T.);
#385=CYLINDRICAL_SURFACE('',#762,0.2);
#386=SURFACE_STYLE_USAGE(.BOTH.,#763);
#387=FACE_OUTER_BOUND('',#764,.T.);
#388=PLANE('',#765);
#389=SURFACE_STYLE_USAGE(.BOTH.,#766);
#390=FACE_OUTER_BOUND('',#767,.T.);
#391=CYLINDRICAL_SURFACE('',#768,0.2);
#392=SURFACE_STYLE_USAGE(.BOTH.,#769);
#393=FACE_OUTER_BOUND('',#770,.T.);
#394=PLANE('',#771);
#395=SURFACE_STYLE_USAGE(.BOTH.,#772);
#396=FACE_OUTER_BOUND('',#773,.T.);
#397=CYLINDRICAL_SURFACE('',#774,0.25);
#398=SURFACE_STYLE_USAGE(.BOTH.,#775);
#399=FACE_OUTER_BOUND('',#776,.T.);
#400=PLANE('',#777);
#401=SURFACE_STYLE_USAGE(.BOTH.,#778);
#402=FACE_OUTER_BOUND('',#779,.T.);
#403=CYLINDRICAL_SURFACE('',#780,0.5);
#404=SURFACE_STYLE_USAGE(.BOTH.,#781);
#405=FACE_OUTER_BOUND('',#782,.T.);
#406=PLANE('',#783);
#407=SURFACE_STYLE_USAGE(.BOTH.,#784);
#408=FACE_OUTER_BOUND('',#785,.T.);
#409=CYLINDRICAL_SURFACE('',#786,0.25);
#410=SURFACE_STYLE_USAGE(.BOTH.,#787);
#411=FACE_OUTER_BOUND('',#788,.T.);
#412=PLANE('',#789);
#413=SURFACE_STYLE_USAGE(.BOTH.,#790);
#414=CLOSED_SHELL('',(#791,#792,#793,#794,#795,#796,#797,#798,#799,#800,#801,#802,#803,#804,#805,#806,#807,#808,#809,#810,#811,#812,#813,#814,#815,#816,#817,#818,#819,#820,#821,#131,#133,#135,#137,#139,#141,#143,#145,#147,#149,#151,#153,#155,#157,#159,#161,#163,#165,#167,#169,#171,#173,#175,#822,#823,#824));
#415=SURFACE_STYLE_USAGE(.BOTH.,#825);
#416=FACE_OUTER_BOUND('',#826,.T.);
#417=PLANE('',#827);
#418=SURFACE_STYLE_USAGE(.BOTH.,#828);
#419=FACE_OUTER_BOUND('',#829,.T.);
#420=CYLINDRICAL_SURFACE('',#830,0.25);
#421=SURFACE_STYLE_USAGE(.BOTH.,#831);
#422=FACE_OUTER_BOUND('',#832,.T.);
#423=PLANE('',#833);
#424=SURFACE_STYLE_USAGE(.BOTH.,#834);
#425=FACE_OUTER_BOUND('',#835,.T.);
#426=CYLINDRICAL_SURFACE('',#836,0.5);
#427=SURFACE_STYLE_USAGE(.BOTH.,#837);
#428=FACE_OUTER_BOUND('',#838,.T.);
#429=PLANE('',#839);
#430=SURFACE_STYLE_USAGE(.BOTH.,#840);
#431=FACE_OUTER_BOUND('',#841,.T.);
#432=PLANE('',#842);
#433=SURFACE_STYLE_USAGE(.BOTH.,#843);
#434=FACE_OUTER_BOUND('',#844,.T.);
#435=PLANE('',#845);
#436=SURFACE_STYLE_USAGE(.BOTH.,#846);
#437=FACE_OUTER_BOUND('',#847,.T.);
#438=CYLINDRICAL_SURFACE('',#848,0.5);
#439=SURFACE_STYLE_USAGE(.BOTH.,#849);
#440=FACE_OUTER_BOUND('',#850,.T.);
#441=PLANE('',#851);
#442=SURFACE_STYLE_USAGE(.BOTH.,#852);
#443=FACE_OUTER_BOUND('',#853,.T.);
#444=CYLINDRICAL_SURFACE('',#854,0.25);
#445=SURFACE_STYLE_USAGE(.BOTH.,#855);
#446=FACE_OUTER_BOUND('',#856,.T.);
#447=PLANE('',#857);
#448=SURFACE_STYLE_USAGE(.BOTH.,#858);
#449=FACE_OUTER_BOUND('',#859,.T.);
#450=CYLINDRICAL_SURFACE('',#860,0.5);
#451=SURFACE_STYLE_USAGE(.BOTH.,#861);
#452=FACE_OUTER_BOUND('',#862,.T.);
#453=PLANE('',#863);
#454=SURFACE_STYLE_USAGE(.BOTH.,#864);
#455=FACE_OUTER_BOUND('',#865,.T.);
#456=CYLINDRICAL_SURFACE('',#866,0.2);
#457=SURFACE_STYLE_USAGE(.BOTH.,#867);
#458=FACE_OUTER_BOUND('',#868,.T.);
#459=PLANE('',#869);
#460=SURFACE_STYLE_USAGE(.BOTH.,#870);
#461=FACE_OUTER_BOUND('',#871,.T.);
#462=CYLINDRICAL_SURFACE('',#872,0.2);
#463=SURFACE_STYLE_USAGE(.BOTH.,#873);
#464=FACE_OUTER_BOUND('',#874,.T.);
#465=PLANE('',#875);
#466=SURFACE_STYLE_USAGE(.BOTH.,#876);
#467=FACE_OUTER_BOUND('',#877,.T.);
#468=CYLINDRICAL_SURFACE('',#878,0.25);
#469=SURFACE_STYLE_USAGE(.BOTH.,#879);
#470=FACE_OUTER_BOUND('',#880,.T.);
#471=PLANE('',#881);
#472=SURFACE_STYLE_USAGE(.BOTH.,#882);
#473=FACE_OUTER_BOUND('',#883,.T.);
#474=CYLINDRICAL_SURFACE('',#884,0.5);
#475=SURFACE_STYLE_USAGE(.BOTH.,#885);
#476=FACE_OUTER_BOUND('',#886,.T.);
#477=PLANE('',#887);
#478=SURFACE_STYLE_USAGE(.BOTH.,#888);
#479=FACE_OUTER_BOUND('',#889,.T.);
#480=CYLINDRICAL_SURFACE('',#890,0.25);
#481=SURFACE_STYLE_USAGE(.BOTH.,#891);
#482=FACE_OUTER_BOUND('',#892,.T.);
#483=PLANE('',#893);
#484=SURFACE_STYLE_USAGE(.BOTH.,#894);
#485=CLOSED_SHELL('',(#895,#896,#897,#898,#899,#900,#901,#902,#903,#904,#905,#906,#907,#908,#909,#910,#911,#912,#913,#914,#915,#916,#917,#918,#919,#920,#921,#922,#923,#924,#925,#179,#181,#183,#185,#187,#189,#191,#193,#195,#197,#199,#201,#203,#205,#207,#209,#211,#213,#215,#217,#219,#221,#223,#926,#927,#928));
#486=SURFACE_STYLE_USAGE(.BOTH.,#929);
#487=FACE_OUTER_BOUND('',#930,.T.);
#488=PLANE('',#931);
#489=SURFACE_STYLE_USAGE(.BOTH.,#932);
#490=FACE_OUTER_BOUND('',#933,.T.);
#491=CYLINDRICAL_SURFACE('',#934,0.25);
#492=SURFACE_STYLE_USAGE(.BOTH.,#935);
#493=FACE_OUTER_BOUND('',#936,.T.);
#494=PLANE('',#937);
#495=SURFACE_STYLE_USAGE(.BOTH.,#938);
#496=FACE_OUTER_BOUND('',#939,.T.);
#497=CYLINDRICAL_SURFACE('',#940,0.5);
#498=SURFACE_STYLE_USAGE(.BOTH.,#941);
#499=FACE_OUTER_BOUND('',#942,.T.);
#500=PLANE('',#943);
#501=SURFACE_STYLE_USAGE(.BOTH.,#944);
#502=FACE_OUTER_BOUND('',#945,.T.);
#503=PLANE('',#946);
#504=SURFACE_STYLE_USAGE(.BOTH.,#947);
#505=FACE_OUTER_BOUND('',#948,.T.);
#506=PLANE('',#949);
#507=SURFACE_STYLE_USAGE(.BOTH.,#950);
#508=FACE_OUTER_BOUND('',#951,.T.);
#509=CYLINDRICAL_SURFACE('',#952,0.5);
#510=SURFACE_STYLE_USAGE(.BOTH.,#953);
#511=FACE_OUTER_BOUND('',#954,.T.);
#512=PLANE('',#955);
#513=SURFACE_STYLE_USAGE(.BOTH.,#956);
#514=FACE_OUTER_BOUND('',#957,.T.);
#515=CYLINDRICAL_SURFACE('',#958,0.25);
#516=SURFACE_STYLE_USAGE(.BOTH.,#959);
#517=FACE_OUTER_BOUND('',#960,.T.);
#518=PLANE('',#961);
#519=SURFACE_STYLE_USAGE(.BOTH.,#962);
#520=FACE_OUTER_BOUND('',#963,.T.);
#521=CYLINDRICAL_SURFACE('',#964,0.5);
#522=SURFACE_STYLE_USAGE(.BOTH.,#965);
#523=FACE_OUTER_BOUND('',#966,.T.);
#524=PLANE('',#967);
#525=SURFACE_STYLE_USAGE(.BOTH.,#968);
#526=FACE_OUTER_BOUND('',#969,.T.);
#527=CYLINDRICAL_SURFACE('',#970,0.25);
#528=SURFACE_STYLE_USAGE(.BOTH.,#971);
#529=FACE_OUTER_BOUND('',#972,.T.);
#530=PLANE('',#973);
#531=SURFACE_STYLE_USAGE(.BOTH.,#974);
#532=FACE_OUTER_BOUND('',#975,.T.);
#533=CYLINDRICAL_SURFACE('',#976,0.25);
#534=SURFACE_STYLE_USAGE(.BOTH.,#977);
#535=FACE_OUTER_BOUND('',#978,.T.);
#536=PLANE('',#979);
#537=SURFACE_STYLE_USAGE(.BOTH.,#980);
#538=FACE_OUTER_BOUND('',#981,.T.);
#539=CYLINDRICAL_SURFACE('',#982,0.25);
#540=SURFACE_STYLE_USAGE(.BOTH.,#983);
#541=FACE_OUTER_BOUND('',#984,.T.);
#542=PLANE('',#985);
#543=SURFACE_STYLE_USAGE(.BOTH.,#986);
#544=FACE_OUTER_BOUND('',#987,.T.);
#545=CYLINDRICAL_SURFACE('',#988,0.5);
#546=SURFACE_STYLE_USAGE(.BOTH.,#989);
#547=FACE_OUTER_BOUND('',#990,.T.);
#548=PLANE('',#991);
#549=SURFACE_STYLE_USAGE(.BOTH.,#992);
#550=FACE_OUTER_BOUND('',#993,.T.);
#551=CYLINDRICAL_SURFACE('',#994,0.25);
#552=SURFACE_STYLE_USAGE(.BOTH.,#995);
#553=FACE_OUTER_BOUND('',#996,.T.);
#554=PLANE('',#997);
#555=SURFACE_STYLE_USAGE(.BOTH.,#998);
#556=CLOSED_SHELL('',(#999,#1000,#1001,#1002,#1003,#1004,#1005,#1006,#1007,#1008,#1009,#1010,#1011,#1012,#1013,#1014,#1015,#1016,#1017,#1018,#1019,#1020,#1021,#1022,#1023,#1024,#1025,#1026,#1027,#1028,#1029,#1030,#1031,#1032,#227,#229,#231,#233,#235,#237,#239,#241,#243,#245,#247,#249,#251,#253,#255,#257,#259,#261,#263,#265,#267,#269,#271));
#557=SURFACE_STYLE_USAGE(.BOTH.,#1033);
#558=FACE_OUTER_BOUND('',#1034,.T.);
#559=PLANE('',#1035);
#560=SURFACE_STYLE_USAGE(.BOTH.,#1036);
#561=FACE_OUTER_BOUND('',#1037,.T.);
#562=CYLINDRICAL_SURFACE('',#1038,0.25);
#563=SURFACE_STYLE_USAGE(.BOTH.,#1039);
#564=FACE_OUTER_BOUND('',#1040,.T.);
#565=PLANE('',#1041);
#566=SURFACE_STYLE_USAGE(.BOTH.,#1042);
#567=FACE_OUTER_BOUND('',#1043,.T.);
#568=CYLINDRICAL_SURFACE('',#1044,0.5);
#569=SURFACE_STYLE_USAGE(.BOTH.,#1045);
#570=FACE_OUTER_BOUND('',#1046,.T.);
#571=PLANE('',#1047);
#572=SURFACE_STYLE_USAGE(.BOTH.,#1048);
#573=FACE_OUTER_BOUND('',#1049,.T.);
#574=PLANE('',#1050);
#575=SURFACE_STYLE_USAGE(.BOTH.,#1051);
#576=FACE_OUTER_BOUND('',#1052,.T.);
#577=PLANE('',#1053);
#578=SURFACE_STYLE_USAGE(.BOTH.,#1054);
#579=FACE_OUTER_BOUND('',#1055,.T.);
#580=CYLINDRICAL_SURFACE('',#1056,0.5);
#581=SURFACE_STYLE_USAGE(.BOTH.,#1057);
#582=FACE_OUTER_BOUND('',#1058,.T.);
#583=PLANE('',#1059);
#584=SURFACE_STYLE_USAGE(.BOTH.,#1060);
#585=FACE_OUTER_BOUND('',#1061,.T.);
#586=CYLINDRICAL_SURFACE('',#1062,0.25);
#587=SURFACE_STYLE_USAGE(.BOTH.,#1063);
#588=FACE_OUTER_BOUND('',#1064,.T.);
#589=PLANE('',#1065);
#590=SURFACE_STYLE_USAGE(.BOTH.,#1066);
#591=FACE_OUTER_BOUND('',#1067,.T.);
#592=CYLINDRICAL_SURFACE('',#1068,0.5);
#593=SURFACE_STYLE_USAGE(.BOTH.,#1069);
#594=FACE_OUTER_BOUND('',#1070,.T.);
#595=PLANE('',#1071);
#596=SURFACE_STYLE_USAGE(.BOTH.,#1072);
#597=FACE_OUTER_BOUND('',#1073,.T.);
#598=CYLINDRICAL_SURFACE('',#1074,0.25);
#599=SURFACE_STYLE_USAGE(.BOTH.,#1075);
#600=FACE_OUTER_BOUND('',#1076,.T.);
#601=PLANE('',#1077);
#602=SURFACE_STYLE_USAGE(.BOTH.,#1078);
#603=FACE_OUTER_BOUND('',#1079,.T.);
#604=CYLINDRICAL_SURFACE('',#1080,0.25);
#605=SURFACE_STYLE_USAGE(.BOTH.,#1081);
#606=FACE_OUTER_BOUND('',#1082,.T.);
#607=PLANE('',#1083);
#608=SURFACE_STYLE_USAGE(.BOTH.,#1084);
#609=FACE_OUTER_BOUND('',#1085,.T.);
#610=CYLINDRICAL_SURFACE('',#1086,0.25);
#611=SURFACE_STYLE_USAGE(.BOTH.,#1087);
#612=FACE_OUTER_BOUND('',#1088,.T.);
#613=PLANE('',#1089);
#614=SURFACE_STYLE_USAGE(.BOTH.,#1090);
#615=FACE_OUTER_BOUND('',#1091,.T.);
#616=CYLINDRICAL_SURFACE('',#1092,0.5);
#617=SURFACE_STYLE_USAGE(.BOTH.,#1093);
#618=FACE_OUTER_BOUND('',#1094,.T.);
#619=PLANE('',#1095);
#620=SURFACE_STYLE_USAGE(.BOTH.,#1096);
#621=FACE_OUTER_BOUND('',#1097,.T.);
#622=CYLINDRICAL_SURFACE('',#1098,0.25);
#623=SURFACE_STYLE_USAGE(.BOTH.,#1099);
#624=FACE_OUTER_BOUND('',#1100,.T.);
#625=PLANE('',#1101);
#626=SURFACE_STYLE_USAGE(.BOTH.,#1102);
#627=CLOSED_SHELL('',(#1103,#1104,#1105,#1106,#1107,#1108,#1109,#1110,#1111,#1112,#1113,#1114,#1115,#1116,#1117,#1118,#1119,#1120,#1121,#1122,#1123,#1124,#1125,#1126,#1127,#1128,#1129,#1130,#1131,#1132,#1133,#1134,#1135,#1136,#275,#277,#279,#281,#283,#285,#287,#289,#291,#293,#295,#297,#299,#301,#303,#305,#307,#309,#311,#313,#315,#317,#319));
#628=PRODUCT_CONTEXT('',#111,'mechanical');
#629=PRODUCT_DEFINITION_FORMATION_WITH_SPECIFIED_SOURCE(' ','NONE',#322,.NOT_KNOWN.);
#630=CARTESIAN_POINT('',(0.0,0.0,0.0));
#631=DIRECTION('',(0.0,0.0,1.0));
#632=DIRECTION('',(1.0,0.0,0.0));
#633=CARTESIAN_POINT('',(0.0,0.0,0.0));
#634=DIRECTION('',(0.0,0.0,1.0));
#635=DIRECTION('',(1.0,0.0,0.0));
#636=CARTESIAN_POINT('',(0.0,0.0,0.0));
#637=DIRECTION('',(0.0,0.0,1.0));
#638=DIRECTION('',(1.0,0.0,0.0));
#639=CARTESIAN_POINT('',(0.0,0.0,0.0));
#640=DIRECTION('',(0.0,0.0,1.0));
#641=DIRECTION('',(1.0,0.0,0.0));
#642=CARTESIAN_POINT('',(0.0,0.0,0.0));
#643=DIRECTION('',(0.0,0.0,1.0));
#644=DIRECTION('',(1.0,0.0,0.0));
#645= (NAMED_UNIT(#334)LENGTH_UNIT()SI_UNIT(.MILLI.,.METRE.));
#646=SURFACE_SIDE_STYLE('',(#1138));
#647=ADVANCED_FACE('',(#1139),#1140,.F.);
#648=ADVANCED_FACE('',(#1141,#1142,#1143,#1144,#1145),#1146,.T.);
#649=ADVANCED_FACE('',(#1147),#1148,.T.);
#650=ADVANCED_FACE('',(#1149),#1150,.F.);
#651=ADVANCED_FACE('',(#1151,#1152,#1153,#1154,#1155),#1156,.F.);
#652=ADVANCED_FACE('',(#1157),#1158,.T.);
#653=ADVANCED_FACE('',(#1159),#1160,.F.);
#654=ADVANCED_FACE('',(#1161),#1162,.T.);
#655=ADVANCED_FACE('',(#1163),#1164,.T.);
#656=ADVANCED_FACE('',(#1165),#1166,.T.);
#657=ADVANCED_FACE('',(#1167),#1168,.F.);
#658=ADVANCED_FACE('',(#1169),#1170,.T.);
#659=ADVANCED_FACE('',(#1171),#1172,.F.);
#660=ADVANCED_FACE('',(#1173),#1174,.F.);
#661=ADVANCED_FACE('',(#1175),#1176,.F.);
#662=ADVANCED_FACE('',(#1177),#1178,.F.);
#663=ADVANCED_FACE('',(#1179),#1180,.F.);
#664=ADVANCED_FACE('',(#1181),#1182,.F.);
#665=ADVANCED_FACE('',(#1183),#1184,.F.);
#666=ADVANCED_FACE('',(#1185),#1186,.F.);
#667=ADVANCED_FACE('',(#1187),#1188,.T.);
#668=ADVANCED_FACE('',(#1189),#1190,.T.);
#669=ADVANCED_FACE('',(#1191),#1192,.T.);
#670=ADVANCED_FACE('',(#1193),#1194,.T.);
#671=ADVANCED_FACE('',(#1195),#1196,.F.);
#672=ADVANCED_FACE('',(#1197),#1198,.F.);
#673=ADVANCED_FACE('',(#1199),#1200,.F.);
#674=ADVANCED_FACE('',(#1201),#1202,.F.);
#675=ADVANCED_FACE('',(#1203),#1204,.F.);
#676=ADVANCED_FACE('',(#1205),#1206,.F.);
#677=ADVANCED_FACE('',(#1207),#1208,.F.);
#678=ADVANCED_FACE('',(#1209),#1210,.F.);
#679=ADVANCED_FACE('',(#1211),#1212,.F.);
#680=ADVANCED_FACE('',(#1213),#1214,.T.);
#681=ADVANCED_FACE('',(#1215),#1216,.T.);
#682=ADVANCED_FACE('',(#1217),#1218,.T.);
#683=ADVANCED_FACE('',(#1219),#1220,.F.);
#684=ADVANCED_FACE('',(#1221),#1222,.T.);
#685=ADVANCED_FACE('',(#1223),#1224,.F.);
#686=ADVANCED_FACE('',(#1225),#1226,.T.);
#687=ADVANCED_FACE('',(#1227),#1228,.T.);
#688=ADVANCED_FACE('',(#1229),#1230,.T.);
#689=ADVANCED_FACE('',(#1231),#1232,.F.);
#690=ADVANCED_FACE('',(#1233),#1234,.F.);
#691=ADVANCED_FACE('',(#1235),#1236,.F.);
#692=ADVANCED_FACE('',(#1237),#1238,.F.);
#693=ADVANCED_FACE('',(#1239),#1240,.F.);
#694=ADVANCED_FACE('',(#1241),#1242,.F.);
#695=ADVANCED_FACE('',(#1243),#1244,.F.);
#696=ADVANCED_FACE('',(#1245),#1246,.F.);
#697=ADVANCED_FACE('',(#1247),#1248,.T.);
#698=ADVANCED_FACE('',(#1249),#1250,.T.);
#699=ADVANCED_FACE('',(#1251),#1252,.T.);
#700=ADVANCED_FACE('',(#1253),#1254,.T.);
#701=ADVANCED_FACE('',(#1255),#1256,.F.);
#702=ADVANCED_FACE('',(#1257),#1258,.T.);
#703=ADVANCED_FACE('',(#1259),#1260,.T.);
#704=ADVANCED_FACE('',(#1261),#1262,.T.);
#705=ADVANCED_FACE('',(#1263),#1264,.T.);
#706=ADVANCED_FACE('',(#1265),#1266,.F.);
#707=ADVANCED_FACE('',(#1267),#1268,.F.);
#708=ADVANCED_FACE('',(#1269),#1270,.F.);
#709=ADVANCED_FACE('',(#1271),#1272,.F.);
#710=ADVANCED_FACE('',(#1273),#1274,.F.);
#711=ADVANCED_FACE('',(#1275),#1276,.F.);
#712=ADVANCED_FACE('',(#1277),#1278,.F.);
#713=ADVANCED_FACE('',(#1279),#1280,.F.);
#714=ADVANCED_FACE('',(#1281),#1282,.F.);
#715=ADVANCED_FACE('',(#1283),#1284,.F.);
#716=ADVANCED_FACE('',(#1285),#1286,.F.);
#717=ADVANCED_FACE('',(#1287),#1288,.T.);
#718=ADVANCED_FACE('',(#1289),#1290,.T.);
#719=ADVANCED_FACE('',(#1291),#1292,.T.);
#720=ADVANCED_FACE('',(#1293),#1294,.T.);
#721=SURFACE_SIDE_STYLE('',(#1295));
#722=EDGE_LOOP('',(#1296,#1297,#1298,#1299));
#723=AXIS2_PLACEMENT_3D('',#1300,#1301,#1302);
#724=SURFACE_SIDE_STYLE('',(#1303));
#725=EDGE_LOOP('',(#1304,#1305,#1306,#1307));
#726=AXIS2_PLACEMENT_3D('',#1308,#1309,#1310);
#727=SURFACE_SIDE_STYLE('',(#1311));
#728=EDGE_LOOP('',(#1312,#1313,#1314,#1315,#1316,#1317,#1318,#1319,#1320,#1321,#1322,#1323,#1324,#1325,#1326,#1327,#1328,#1329,#1330,#1331));
#729=AXIS2_PLACEMENT_3D('',#1332,#1333,#1334);
#730=SURFACE_SIDE_STYLE('',(#1335));
#731=EDGE_LOOP('',(#1336,#1337,#1338,#1339));
#732=AXIS2_PLACEMENT_3D('',#1340,#1341,#1342);
#733=SURFACE_SIDE_STYLE('',(#1343));
#734=EDGE_LOOP('',(#1344,#1345,#1346,#1347));
#735=AXIS2_PLACEMENT_3D('',#1348,#1349,#1350);
#736=SURFACE_SIDE_STYLE('',(#1351));
#737=EDGE_LOOP('',(#1352,#1353,#1354,#1355,#1356,#1357,#1358,#1359,#1360,#1361,#1362,#1363,#1364,#1365,#1366,#1367,#1368,#1369,#1370,#1371));
#738=AXIS2_PLACEMENT_3D('',#1372,#1373,#1374);
#739=SURFACE_SIDE_STYLE('',(#1375));
#740=EDGE_LOOP('',(#1376,#1377,#1378,#1379));
#741=AXIS2_PLACEMENT_3D('',#1380,#1381,#1382);
#742=SURFACE_SIDE_STYLE('',(#1383));
#743=EDGE_LOOP('',(#1384,#1385,#1386,#1387));
#744=AXIS2_PLACEMENT_3D('',#1388,#1389,#1390);
#745=SURFACE_SIDE_STYLE('',(#1391));
#746=EDGE_LOOP('',(#1392,#1393,#1394,#1395));
#747=AXIS2_PLACEMENT_3D('',#1396,#1397,#1398);
#748=SURFACE_SIDE_STYLE('',(#1399));
#749=EDGE_LOOP('',(#1400,#1401,#1402,#1403));
#750=AXIS2_PLACEMENT_3D('',#1404,#1405,#1406);
#751=SURFACE_SIDE_STYLE('',(#1407));
#752=EDGE_LOOP('',(#1408,#1409,#1410,#1411));
#753=AXIS2_PLACEMENT_3D('',#1412,#1413,#1414);
#754=SURFACE_SIDE_STYLE('',(#1415));
#755=EDGE_LOOP('',(#1416,#1417,#1418,#1419));
#756=AXIS2_PLACEMENT_3D('',#1420,#1421,#1422);
#757=SURFACE_SIDE_STYLE('',(#1423));
#758=EDGE_LOOP('',(#1424,#1425,#1426,#1427,#1428,#1429));
#759=AXIS2_PLACEMENT_3D('',#1430,#1431,#1432);
#760=SURFACE_SIDE_STYLE('',(#1433));
#761=EDGE_LOOP('',(#1434,#1435,#1436,#1437));
#762=AXIS2_PLACEMENT_3D('',#1438,#1439,#1440);
#763=SURFACE_SIDE_STYLE('',(#1441));
#764=EDGE_LOOP('',(#1442,#1443,#1444,#1445,#1446,#1447));
#765=AXIS2_PLACEMENT_3D('',#1448,#1449,#1450);
#766=SURFACE_SIDE_STYLE('',(#1451));
#767=EDGE_LOOP('',(#1452,#1453,#1454,#1455));
#768=AXIS2_PLACEMENT_3D('',#1456,#1457,#1458);
#769=SURFACE_SIDE_STYLE('',(#1459));
#770=EDGE_LOOP('',(#1460,#1461,#1462,#1463));
#771=AXIS2_PLACEMENT_3D('',#1464,#1465,#1466);
#772=SURFACE_SIDE_STYLE('',(#1467));
#773=EDGE_LOOP('',(#1468,#1469,#1470,#1471));
#774=AXIS2_PLACEMENT_3D('',#1472,#1473,#1474);
#775=SURFACE_SIDE_STYLE('',(#1475));
#776=EDGE_LOOP('',(#1476,#1477,#1478,#1479));
#777=AXIS2_PLACEMENT_3D('',#1480,#1481,#1482);
#778=SURFACE_SIDE_STYLE('',(#1483));
#779=EDGE_LOOP('',(#1484,#1485,#1486,#1487));
#780=AXIS2_PLACEMENT_3D('',#1488,#1489,#1490);
#781=SURFACE_SIDE_STYLE('',(#1491));
#782=EDGE_LOOP('',(#1492,#1493,#1494,#1495));
#783=AXIS2_PLACEMENT_3D('',#1496,#1497,#1498);
#784=SURFACE_SIDE_STYLE('',(#1499));
#785=EDGE_LOOP('',(#1500,#1501,#1502,#1503));
#786=AXIS2_PLACEMENT_3D('',#1504,#1505,#1506);
#787=SURFACE_SIDE_STYLE('',(#1507));
#788=EDGE_LOOP('',(#1508,#1509,#1510,#1511));
#789=AXIS2_PLACEMENT_3D('',#1512,#1513,#1514);
#790=SURFACE_SIDE_STYLE('',(#1515));
#791=ADVANCED_FACE('',(#1516),#1517,.F.);
#792=ADVANCED_FACE('',(#1518),#1519,.T.);
#793=ADVANCED_FACE('',(#1520),#1521,.T.);
#794=ADVANCED_FACE('',(#1522),#1523,.F.);
#795=ADVANCED_FACE('',(#1524),#1525,.F.);
#796=ADVANCED_FACE('',(#1526),#1527,.F.);
#797=ADVANCED_FACE('',(#1528),#1529,.T.);
#798=ADVANCED_FACE('',(#1530),#1531,.T.);
#799=ADVANCED_FACE('',(#1532),#1533,.T.);
#800=ADVANCED_FACE('',(#1534),#1535,.T.);
#801=ADVANCED_FACE('',(#1536),#1537,.T.);
#802=ADVANCED_FACE('',(#1538),#1539,.F.);
#803=ADVANCED_FACE('',(#1540),#1541,.F.);
#804=ADVANCED_FACE('',(#1542),#1543,.F.);
#805=ADVANCED_FACE('',(#1544),#1545,.F.);
#806=ADVANCED_FACE('',(#1546),#1547,.F.);
#807=ADVANCED_FACE('',(#1548),#1549,.T.);
#808=ADVANCED_FACE('',(#1550),#1551,.T.);
#809=ADVANCED_FACE('',(#1552),#1553,.F.);
#810=ADVANCED_FACE('',(#1554),#1555,.F.);
#811=ADVANCED_FACE('',(#1556),#1557,.T.);
#812=ADVANCED_FACE('',(#1558),#1559,.T.);
#813=ADVANCED_FACE('',(#1560),#1561,.T.);
#814=ADVANCED_FACE('',(#1562),#1563,.F.);
#815=ADVANCED_FACE('',(#1564),#1565,.F.);
#816=ADVANCED_FACE('',(#1566),#1567,.F.);
#817=ADVANCED_FACE('',(#1568),#1569,.F.);
#818=ADVANCED_FACE('',(#1570),#1571,.F.);
#819=ADVANCED_FACE('',(#1572),#1573,.T.);
#820=ADVANCED_FACE('',(#1574),#1575,.F.);
#821=ADVANCED_FACE('',(#1576,#1577),#1578,.F.);
#822=ADVANCED_FACE('',(#1579),#1580,.F.);
#823=ADVANCED_FACE('',(#1581),#1582,.F.);
#824=ADVANCED_FACE('',(#1583),#1584,.F.);
#825=SURFACE_SIDE_STYLE('',(#1585));
#826=EDGE_LOOP('',(#1586,#1587,#1588,#1589));
#827=AXIS2_PLACEMENT_3D('',#1590,#1591,#1592);
#828=SURFACE_SIDE_STYLE('',(#1593));
#829=EDGE_LOOP('',(#1594,#1595,#1596,#1597));
#830=AXIS2_PLACEMENT_3D('',#1598,#1599,#1600);
#831=SURFACE_SIDE_STYLE('',(#1601));
#832=EDGE_LOOP('',(#1602,#1603,#1604,#1605,#1606,#1607,#1608,#1609,#1610,#1611,#1612,#1613,#1614,#1615,#1616,#1617,#1618,#1619,#1620,#1621));
#833=AXIS2_PLACEMENT_3D('',#1622,#1623,#1624);
#834=SURFACE_SIDE_STYLE('',(#1625));
#835=EDGE_LOOP('',(#1626,#1627,#1628,#1629));
#836=AXIS2_PLACEMENT_3D('',#1630,#1631,#1632);
#837=SURFACE_SIDE_STYLE('',(#1633));
#838=EDGE_LOOP('',(#1634,#1635,#1636,#1637));
#839=AXIS2_PLACEMENT_3D('',#1638,#1639,#1640);
#840=SURFACE_SIDE_STYLE('',(#1641));
#841=EDGE_LOOP('',(#1642,#1643,#1644,#1645,#1646,#1647,#1648,#1649,#1650,#1651,#1652,#1653,#1654,#1655,#1656,#1657,#1658,#1659,#1660,#1661));
#842=AXIS2_PLACEMENT_3D('',#1662,#1663,#1664);
#843=SURFACE_SIDE_STYLE('',(#1665));
#844=EDGE_LOOP('',(#1666,#1667,#1668,#1669));
#845=AXIS2_PLACEMENT_3D('',#1670,#1671,#1672);
#846=SURFACE_SIDE_STYLE('',(#1673));
#847=EDGE_LOOP('',(#1674,#1675,#1676,#1677));
#848=AXIS2_PLACEMENT_3D('',#1678,#1679,#1680);
#849=SURFACE_SIDE_STYLE('',(#1681));
#850=EDGE_LOOP('',(#1682,#1683,#1684,#1685));
#851=AXIS2_PLACEMENT_3D('',#1686,#1687,#1688);
#852=SURFACE_SIDE_STYLE('',(#1689));
#853=EDGE_LOOP('',(#1690,#1691,#1692,#1693));
#854=AXIS2_PLACEMENT_3D('',#1694,#1695,#1696);
#855=SURFACE_SIDE_STYLE('',(#1697));
#856=EDGE_LOOP('',(#1698,#1699,#1700,#1701));
#857=AXIS2_PLACEMENT_3D('',#1702,#1703,#1704);
#858=SURFACE_SIDE_STYLE('',(#1705));
#859=EDGE_LOOP('',(#1706,#1707,#1708,#1709));
#860=AXIS2_PLACEMENT_3D('',#1710,#1711,#1712);
#861=SURFACE_SIDE_STYLE('',(#1713));
#862=EDGE_LOOP('',(#1714,#1715,#1716,#1717,#1718,#1719));
#863=AXIS2_PLACEMENT_3D('',#1720,#1721,#1722);
#864=SURFACE_SIDE_STYLE('',(#1723));
#865=EDGE_LOOP('',(#1724,#1725,#1726,#1727));
#866=AXIS2_PLACEMENT_3D('',#1728,#1729,#1730);
#867=SURFACE_SIDE_STYLE('',(#1731));
#868=EDGE_LOOP('',(#1732,#1733,#1734,#1735,#1736,#1737));
#869=AXIS2_PLACEMENT_3D('',#1738,#1739,#1740);
#870=SURFACE_SIDE_STYLE('',(#1741));
#871=EDGE_LOOP('',(#1742,#1743,#1744,#1745));
#872=AXIS2_PLACEMENT_3D('',#1746,#1747,#1748);
#873=SURFACE_SIDE_STYLE('',(#1749));
#874=EDGE_LOOP('',(#1750,#1751,#1752,#1753));
#875=AXIS2_PLACEMENT_3D('',#1754,#1755,#1756);
#876=SURFACE_SIDE_STYLE('',(#1757));
#877=EDGE_LOOP('',(#1758,#1759,#1760,#1761));
#878=AXIS2_PLACEMENT_3D('',#1762,#1763,#1764);
#879=SURFACE_SIDE_STYLE('',(#1765));
#880=EDGE_LOOP('',(#1766,#1767,#1768,#1769));
#881=AXIS2_PLACEMENT_3D('',#1770,#1771,#1772);
#882=SURFACE_SIDE_STYLE('',(#1773));
#883=EDGE_LOOP('',(#1774,#1775,#1776,#1777));
#884=AXIS2_PLACEMENT_3D('',#1778,#1779,#1780);
#885=SURFACE_SIDE_STYLE('',(#1781));
#886=EDGE_LOOP('',(#1782,#1783,#1784,#1785));
#887=AXIS2_PLACEMENT_3D('',#1786,#1787,#1788);
#888=SURFACE_SIDE_STYLE('',(#1789));
#889=EDGE_LOOP('',(#1790,#1791,#1792,#1793));
#890=AXIS2_PLACEMENT_3D('',#1794,#1795,#1796);
#891=SURFACE_SIDE_STYLE('',(#1797));
#892=EDGE_LOOP('',(#1798,#1799,#1800,#1801));
#893=AXIS2_PLACEMENT_3D('',#1802,#1803,#1804);
#894=SURFACE_SIDE_STYLE('',(#1805));
#895=ADVANCED_FACE('',(#1806),#1807,.F.);
#896=ADVANCED_FACE('',(#1808),#1809,.T.);
#897=ADVANCED_FACE('',(#1810),#1811,.T.);
#898=ADVANCED_FACE('',(#1812),#1813,.F.);
#899=ADVANCED_FACE('',(#1814),#1815,.F.);
#900=ADVANCED_FACE('',(#1816),#1817,.F.);
#901=ADVANCED_FACE('',(#1818),#1819,.T.);
#902=ADVANCED_FACE('',(#1820),#1821,.T.);
#903=ADVANCED_FACE('',(#1822),#1823,.T.);
#904=ADVANCED_FACE('',(#1824),#1825,.T.);
#905=ADVANCED_FACE('',(#1826),#1827,.T.);
#906=ADVANCED_FACE('',(#1828),#1829,.F.);
#907=ADVANCED_FACE('',(#1830),#1831,.F.);
#908=ADVANCED_FACE('',(#1832),#1833,.F.);
#909=ADVANCED_FACE('',(#1834),#1835,.F.);
#910=ADVANCED_FACE('',(#1836),#1837,.F.);
#911=ADVANCED_FACE('',(#1838),#1839,.T.);
#912=ADVANCED_FACE('',(#1840),#1841,.T.);
#913=ADVANCED_FACE('',(#1842),#1843,.F.);
#914=ADVANCED_FACE('',(#1844),#1845,.F.);
#915=ADVANCED_FACE('',(#1846),#1847,.T.);
#916=ADVANCED_FACE('',(#1848),#1849,.T.);
#917=ADVANCED_FACE('',(#1850),#1851,.T.);
#918=ADVANCED_FACE('',(#1852),#1853,.F.);
#919=ADVANCED_FACE('',(#1854),#1855,.F.);
#920=ADVANCED_FACE('',(#1856),#1857,.F.);
#921=ADVANCED_FACE('',(#1858),#1859,.F.);
#922=ADVANCED_FACE('',(#1860),#1861,.F.);
#923=ADVANCED_FACE('',(#1862),#1863,.T.);
#924=ADVANCED_FACE('',(#1864),#1865,.F.);
#925=ADVANCED_FACE('',(#1866,#1867),#1868,.F.);
#926=ADVANCED_FACE('',(#1869),#1870,.F.);
#927=ADVANCED_FACE('',(#1871),#1872,.F.);
#928=ADVANCED_FACE('',(#1873),#1874,.F.);
#929=SURFACE_SIDE_STYLE('',(#1875));
#930=EDGE_LOOP('',(#1876,#1877,#1878,#1879));
#931=AXIS2_PLACEMENT_3D('',#1880,#1881,#1882);
#932=SURFACE_SIDE_STYLE('',(#1883));
#933=EDGE_LOOP('',(#1884,#1885,#1886,#1887));
#934=AXIS2_PLACEMENT_3D('',#1888,#1889,#1890);
#935=SURFACE_SIDE_STYLE('',(#1891));
#936=EDGE_LOOP('',(#1892,#1893,#1894,#1895,#1896,#1897,#1898,#1899,#1900,#1901,#1902,#1903,#1904,#1905,#1906,#1907,#1908,#1909,#1910,#1911));
#937=AXIS2_PLACEMENT_3D('',#1912,#1913,#1914);
#938=SURFACE_SIDE_STYLE('',(#1915));
#939=EDGE_LOOP('',(#1916,#1917,#1918,#1919));
#940=AXIS2_PLACEMENT_3D('',#1920,#1921,#1922);
#941=SURFACE_SIDE_STYLE('',(#1923));
#942=EDGE_LOOP('',(#1924,#1925,#1926,#1927));
#943=AXIS2_PLACEMENT_3D('',#1928,#1929,#1930);
#944=SURFACE_SIDE_STYLE('',(#1931));
#945=EDGE_LOOP('',(#1932,#1933,#1934,#1935,#1936,#1937,#1938,#1939,#1940,#1941,#1942,#1943,#1944,#1945,#1946,#1947,#1948,#1949,#1950,#1951));
#946=AXIS2_PLACEMENT_3D('',#1952,#1953,#1954);
#947=SURFACE_SIDE_STYLE('',(#1955));
#948=EDGE_LOOP('',(#1956,#1957,#1958,#1959));
#949=AXIS2_PLACEMENT_3D('',#1960,#1961,#1962);
#950=SURFACE_SIDE_STYLE('',(#1963));
#951=EDGE_LOOP('',(#1964,#1965,#1966,#1967));
#952=AXIS2_PLACEMENT_3D('',#1968,#1969,#1970);
#953=SURFACE_SIDE_STYLE('',(#1971));
#954=EDGE_LOOP('',(#1972,#1973,#1974,#1975));
#955=AXIS2_PLACEMENT_3D('',#1976,#1977,#1978);
#956=SURFACE_SIDE_STYLE('',(#1979));
#957=EDGE_LOOP('',(#1980,#1981,#1982,#1983));
#958=AXIS2_PLACEMENT_3D('',#1984,#1985,#1986);
#959=SURFACE_SIDE_STYLE('',(#1987));
#960=EDGE_LOOP('',(#1988,#1989,#1990,#1991));
#961=AXIS2_PLACEMENT_3D('',#1992,#1993,#1994);
#962=SURFACE_SIDE_STYLE('',(#1995));
#963=EDGE_LOOP('',(#1996,#1997,#1998,#1999));
#964=AXIS2_PLACEMENT_3D('',#2000,#2001,#2002);
#965=SURFACE_SIDE_STYLE('',(#2003));
#966=EDGE_LOOP('',(#2004,#2005,#2006,#2007,#2008,#2009));
#967=AXIS2_PLACEMENT_3D('',#2010,#2011,#2012);
#968=SURFACE_SIDE_STYLE('',(#2013));
#969=EDGE_LOOP('',(#2014,#2015,#2016,#2017));
#970=AXIS2_PLACEMENT_3D('',#2018,#2019,#2020);
#971=SURFACE_SIDE_STYLE('',(#2021));
#972=EDGE_LOOP('',(#2022,#2023,#2024,#2025,#2026,#2027));
#973=AXIS2_PLACEMENT_3D('',#2028,#2029,#2030);
#974=SURFACE_SIDE_STYLE('',(#2031));
#975=EDGE_LOOP('',(#2032,#2033,#2034,#2035));
#976=AXIS2_PLACEMENT_3D('',#2036,#2037,#2038);
#977=SURFACE_SIDE_STYLE('',(#2039));
#978=EDGE_LOOP('',(#2040,#2041,#2042,#2043));
#979=AXIS2_PLACEMENT_3D('',#2044,#2045,#2046);
#980=SURFACE_SIDE_STYLE('',(#2047));
#981=EDGE_LOOP('',(#2048,#2049,#2050,#2051));
#982=AXIS2_PLACEMENT_3D('',#2052,#2053,#2054);
#983=SURFACE_SIDE_STYLE('',(#2055));
#984=EDGE_LOOP('',(#2056,#2057,#2058,#2059));
#985=AXIS2_PLACEMENT_3D('',#2060,#2061,#2062);
#986=SURFACE_SIDE_STYLE('',(#2063));
#987=EDGE_LOOP('',(#2064,#2065,#2066,#2067));
#988=AXIS2_PLACEMENT_3D('',#2068,#2069,#2070);
#989=SURFACE_SIDE_STYLE('',(#2071));
#990=EDGE_LOOP('',(#2072,#2073,#2074,#2075));
#991=AXIS2_PLACEMENT_3D('',#2076,#2077,#2078);
#992=SURFACE_SIDE_STYLE('',(#2079));
#993=EDGE_LOOP('',(#2080,#2081,#2082,#2083));
#994=AXIS2_PLACEMENT_3D('',#2084,#2085,#2086);
#995=SURFACE_SIDE_STYLE('',(#2087));
#996=EDGE_LOOP('',(#2088,#2089,#2090,#2091));
#997=AXIS2_PLACEMENT_3D('',#2092,#2093,#2094);
#998=SURFACE_SIDE_STYLE('',(#2095));
#999=ADVANCED_FACE('',(#2096),#2097,.F.);
#1000=ADVANCED_FACE('',(#2098),#2099,.T.);
#1001=ADVANCED_FACE('',(#2100),#2101,.T.);
#1002=ADVANCED_FACE('',(#2102),#2103,.T.);
#1003=ADVANCED_FACE('',(#2104),#2105,.T.);
#1004=ADVANCED_FACE('',(#2106),#2107,.F.);
#1005=ADVANCED_FACE('',(#2108),#2109,.F.);
#1006=ADVANCED_FACE('',(#2110),#2111,.F.);
#1007=ADVANCED_FACE('',(#2112),#2113,.T.);
#1008=ADVANCED_FACE('',(#2114),#2115,.T.);
#1009=ADVANCED_FACE('',(#2116),#2117,.F.);
#1010=ADVANCED_FACE('',(#2118),#2119,.F.);
#1011=ADVANCED_FACE('',(#2120),#2121,.F.);
#1012=ADVANCED_FACE('',(#2122),#2123,.F.);
#1013=ADVANCED_FACE('',(#2124),#2125,.T.);
#1014=ADVANCED_FACE('',(#2126),#2127,.T.);
#1015=ADVANCED_FACE('',(#2128),#2129,.T.);
#1016=ADVANCED_FACE('',(#2130),#2131,.F.);
#1017=ADVANCED_FACE('',(#2132),#2133,.F.);
#1018=ADVANCED_FACE('',(#2134),#2135,.F.);
#1019=ADVANCED_FACE('',(#2136),#2137,.T.);
#1020=ADVANCED_FACE('',(#2138),#2139,.T.);
#1021=ADVANCED_FACE('',(#2140),#2141,.F.);
#1022=ADVANCED_FACE('',(#2142),#2143,.F.);
#1023=ADVANCED_FACE('',(#2144),#2145,.F.);
#1024=ADVANCED_FACE('',(#2146),#2147,.T.);
#1025=ADVANCED_FACE('',(#2148),#2149,.F.);
#1026=ADVANCED_FACE('',(#2150),#2151,.F.);
#1027=ADVANCED_FACE('',(#2152),#2153,.F.);
#1028=ADVANCED_FACE('',(#2154),#2155,.F.);
#1029=ADVANCED_FACE('',(#2156),#2157,.F.);
#1030=ADVANCED_FACE('',(#2158),#2159,.T.);
#1031=ADVANCED_FACE('',(#2160),#2161,.F.);
#1032=ADVANCED_FACE('',(#2162,#2163),#2164,.F.);
#1033=SURFACE_SIDE_STYLE('',(#2165));
#1034=EDGE_LOOP('',(#2166,#2167,#2168,#2169));
#1035=AXIS2_PLACEMENT_3D('',#2170,#2171,#2172);
#1036=SURFACE_SIDE_STYLE('',(#2173));
#1037=EDGE_LOOP('',(#2174,#2175,#2176,#2177));
#1038=AXIS2_PLACEMENT_3D('',#2178,#2179,#2180);
#1039=SURFACE_SIDE_STYLE('',(#2181));
#1040=EDGE_LOOP('',(#2182,#2183,#2184,#2185,#2186,#2187,#2188,#2189,#2190,#2191,#2192,#2193,#2194,#2195,#2196,#2197,#2198,#2199,#2200,#2201));
#1041=AXIS2_PLACEMENT_3D('',#2202,#2203,#2204);
#1042=SURFACE_SIDE_STYLE('',(#2205));
#1043=EDGE_LOOP('',(#2206,#2207,#2208,#2209));
#1044=AXIS2_PLACEMENT_3D('',#2210,#2211,#2212);
#1045=SURFACE_SIDE_STYLE('',(#2213));
#1046=EDGE_LOOP('',(#2214,#2215,#2216,#2217));
#1047=AXIS2_PLACEMENT_3D('',#2218,#2219,#2220);
#1048=SURFACE_SIDE_STYLE('',(#2221));
#1049=EDGE_LOOP('',(#2222,#2223,#2224,#2225,#2226,#2227,#2228,#2229,#2230,#2231,#2232,#2233,#2234,#2235,#2236,#2237,#2238,#2239,#2240,#2241));
#1050=AXIS2_PLACEMENT_3D('',#2242,#2243,#2244);
#1051=SURFACE_SIDE_STYLE('',(#2245));
#1052=EDGE_LOOP('',(#2246,#2247,#2248,#2249));
#1053=AXIS2_PLACEMENT_3D('',#2250,#2251,#2252);
#1054=SURFACE_SIDE_STYLE('',(#2253));
#1055=EDGE_LOOP('',(#2254,#2255,#2256,#2257));
#1056=AXIS2_PLACEMENT_3D('',#2258,#2259,#2260);
#1057=SURFACE_SIDE_STYLE('',(#2261));
#1058=EDGE_LOOP('',(#2262,#2263,#2264,#2265));
#1059=AXIS2_PLACEMENT_3D('',#2266,#2267,#2268);
#1060=SURFACE_SIDE_STYLE('',(#2269));
#1061=EDGE_LOOP('',(#2270,#2271,#2272,#2273));
#1062=AXIS2_PLACEMENT_3D('',#2274,#2275,#2276);
#1063=SURFACE_SIDE_STYLE('',(#2277));
#1064=EDGE_LOOP('',(#2278,#2279,#2280,#2281));
#1065=AXIS2_PLACEMENT_3D('',#2282,#2283,#2284);
#1066=SURFACE_SIDE_STYLE('',(#2285));
#1067=EDGE_LOOP('',(#2286,#2287,#2288,#2289));
#1068=AXIS2_PLACEMENT_3D('',#2290,#2291,#2292);
#1069=SURFACE_SIDE_STYLE('',(#2293));
#1070=EDGE_LOOP('',(#2294,#2295,#2296,#2297,#2298,#2299));
#1071=AXIS2_PLACEMENT_3D('',#2300,#2301,#2302);
#1072=SURFACE_SIDE_STYLE('',(#2303));
#1073=EDGE_LOOP('',(#2304,#2305,#2306,#2307));
#1074=AXIS2_PLACEMENT_3D('',#2308,#2309,#2310);
#1075=SURFACE_SIDE_STYLE('',(#2311));
#1076=EDGE_LOOP('',(#2312,#2313,#2314,#2315,#2316,#2317));
#1077=AXIS2_PLACEMENT_3D('',#2318,#2319,#2320);
#1078=SURFACE_SIDE_STYLE('',(#2321));
#1079=EDGE_LOOP('',(#2322,#2323,#2324,#2325));
#1080=AXIS2_PLACEMENT_3D('',#2326,#2327,#2328);
#1081=SURFACE_SIDE_STYLE('',(#2329));
#1082=EDGE_LOOP('',(#2330,#2331,#2332,#2333));
#1083=AXIS2_PLACEMENT_3D('',#2334,#2335,#2336);
#1084=SURFACE_SIDE_STYLE('',(#2337));
#1085=EDGE_LOOP('',(#2338,#2339,#2340,#2341));
#1086=AXIS2_PLACEMENT_3D('',#2342,#2343,#2344);
#1087=SURFACE_SIDE_STYLE('',(#2345));
#1088=EDGE_LOOP('',(#2346,#2347,#2348,#2349));
#1089=AXIS2_PLACEMENT_3D('',#2350,#2351,#2352);
#1090=SURFACE_SIDE_STYLE('',(#2353));
#1091=EDGE_LOOP('',(#2354,#2355,#2356,#2357));
#1092=AXIS2_PLACEMENT_3D('',#2358,#2359,#2360);
#1093=SURFACE_SIDE_STYLE('',(#2361));
#1094=EDGE_LOOP('',(#2362,#2363,#2364,#2365));
#1095=AXIS2_PLACEMENT_3D('',#2366,#2367,#2368);
#1096=SURFACE_SIDE_STYLE('',(#2369));
#1097=EDGE_LOOP('',(#2370,#2371,#2372,#2373));
#1098=AXIS2_PLACEMENT_3D('',#2374,#2375,#2376);
#1099=SURFACE_SIDE_STYLE('',(#2377));
#1100=EDGE_LOOP('',(#2378,#2379,#2380,#2381));
#1101=AXIS2_PLACEMENT_3D('',#2382,#2383,#2384);
#1102=SURFACE_SIDE_STYLE('',(#2385));
#1103=ADVANCED_FACE('',(#2386),#2387,.F.);
#1104=ADVANCED_FACE('',(#2388),#2389,.T.);
#1105=ADVANCED_FACE('',(#2390),#2391,.T.);
#1106=ADVANCED_FACE('',(#2392),#2393,.T.);
#1107=ADVANCED_FACE('',(#2394),#2395,.T.);
#1108=ADVANCED_FACE('',(#2396),#2397,.F.);
#1109=ADVANCED_FACE('',(#2398),#2399,.F.);
#1110=ADVANCED_FACE('',(#2400),#2401,.F.);
#1111=ADVANCED_FACE('',(#2402),#2403,.T.);
#1112=ADVANCED_FACE('',(#2404),#2405,.T.);
#1113=ADVANCED_FACE('',(#2406),#2407,.F.);
#1114=ADVANCED_FACE('',(#2408),#2409,.F.);
#1115=ADVANCED_FACE('',(#2410),#2411,.F.);
#1116=ADVANCED_FACE('',(#2412),#2413,.F.);
#1117=ADVANCED_FACE('',(#2414),#2415,.T.);
#1118=ADVANCED_FACE('',(#2416),#2417,.T.);
#1119=ADVANCED_FACE('',(#2418),#2419,.T.);
#1120=ADVANCED_FACE('',(#2420),#2421,.F.);
#1121=ADVANCED_FACE('',(#2422),#2423,.F.);
#1122=ADVANCED_FACE('',(#2424),#2425,.F.);
#1123=ADVANCED_FACE('',(#2426),#2427,.T.);
#1124=ADVANCED_FACE('',(#2428),#2429,.T.);
#1125=ADVANCED_FACE('',(#2430),#2431,.F.);
#1126=ADVANCED_FACE('',(#2432),#2433,.F.);
#1127=ADVANCED_FACE('',(#2434),#2435,.F.);
#1128=ADVANCED_FACE('',(#2436),#2437,.T.);
#1129=ADVANCED_FACE('',(#2438),#2439,.F.);
#1130=ADVANCED_FACE('',(#2440),#2441,.F.);
#1131=ADVANCED_FACE('',(#2442),#2443,.F.);
#1132=ADVANCED_FACE('',(#2444),#2445,.F.);
#1133=ADVANCED_FACE('',(#2446),#2447,.F.);
#1134=ADVANCED_FACE('',(#2448),#2449,.T.);
#1135=ADVANCED_FACE('',(#2450),#2451,.F.);
#1136=ADVANCED_FACE('',(#2452,#2453),#2454,.F.);
#1138=SURFACE_STYLE_FILL_AREA(#2455);
#1139=FACE_OUTER_BOUND('',#2456,.T.);
#1140=PLANE('',#2457);
#1141=FACE_OUTER_BOUND('',#2458,.T.);
#1142=FACE_BOUND('',#2459,.T.);
#1143=FACE_BOUND('',#2460,.T.);
#1144=FACE_BOUND('',#2461,.T.);
#1145=FACE_BOUND('',#2462,.T.);
#1146=PLANE('',#2463);
#1147=FACE_OUTER_BOUND('',#2464,.T.);
#1148=PLANE('',#2465);
#1149=FACE_OUTER_BOUND('',#2466,.T.);
#1150=PLANE('',#2467);
#1151=FACE_OUTER_BOUND('',#2468,.T.);
#1152=FACE_BOUND('',#2469,.T.);
#1153=FACE_BOUND('',#2470,.T.);
#1154=FACE_BOUND('',#2471,.T.);
#1155=FACE_BOUND('',#2472,.T.);
#1156=PLANE('',#2473);
#1157=FACE_OUTER_BOUND('',#2474,.T.);
#1158=PLANE('',#2475);
#1159=FACE_OUTER_BOUND('',#2476,.T.);
#1160=PLANE('',#2477);
#1161=FACE_OUTER_BOUND('',#2478,.T.);
#1162=PLANE('',#2479);
#1163=FACE_OUTER_BOUND('',#2480,.T.);
#1164=PLANE('',#2481);
#1165=FACE_OUTER_BOUND('',#2482,.T.);
#1166=PLANE('',#2483);
#1167=FACE_OUTER_BOUND('',#2484,.T.);
#1168=PLANE('',#2485);
#1169=FACE_OUTER_BOUND('',#2486,.T.);
#1170=PLANE('',#2487);
#1171=FACE_OUTER_BOUND('',#2488,.T.);
#1172=PLANE('',#2489);
#1173=FACE_OUTER_BOUND('',#2490,.T.);
#1174=PLANE('',#2491);
#1175=FACE_OUTER_BOUND('',#2492,.T.);
#1176=PLANE('',#2493);
#1177=FACE_OUTER_BOUND('',#2494,.T.);
#1178=PLANE('',#2495);
#1179=FACE_OUTER_BOUND('',#2496,.T.);
#1180=PLANE('',#2497);
#1181=FACE_OUTER_BOUND('',#2498,.T.);
#1182=PLANE('',#2499);
#1183=FACE_OUTER_BOUND('',#2500,.T.);
#1184=PLANE('',#2501);
#1185=FACE_OUTER_BOUND('',#2502,.T.);
#1186=PLANE('',#2503);
#1187=FACE_OUTER_BOUND('',#2504,.T.);
#1188=PLANE('',#2505);
#1189=FACE_OUTER_BOUND('',#2506,.T.);
#1190=PLANE('',#2507);
#1191=FACE_OUTER_BOUND('',#2508,.T.);
#1192=PLANE('',#2509);
#1193=FACE_OUTER_BOUND('',#2510,.T.);
#1194=PLANE('',#2511);
#1195=FACE_OUTER_BOUND('',#2512,.T.);
#1196=PLANE('',#2513);
#1197=FACE_OUTER_BOUND('',#2514,.T.);
#1198=PLANE('',#2515);
#1199=FACE_OUTER_BOUND('',#2516,.T.);
#1200=PLANE('',#2517);
#1201=FACE_OUTER_BOUND('',#2518,.T.);
#1202=PLANE('',#2519);
#1203=FACE_OUTER_BOUND('',#2520,.T.);
#1204=PLANE('',#2521);
#1205=FACE_OUTER_BOUND('',#2522,.T.);
#1206=PLANE('',#2523);
#1207=FACE_OUTER_BOUND('',#2524,.T.);
#1208=PLANE('',#2525);
#1209=FACE_OUTER_BOUND('',#2526,.T.);
#1210=PLANE('',#2527);
#1211=FACE_OUTER_BOUND('',#2528,.T.);
#1212=PLANE('',#2529);
#1213=FACE_OUTER_BOUND('',#2530,.T.);
#1214=PLANE('',#2531);
#1215=FACE_OUTER_BOUND('',#2532,.T.);
#1216=PLANE('',#2533);
#1217=FACE_OUTER_BOUND('',#2534,.T.);
#1218=PLANE('',#2535);
#1219=FACE_OUTER_BOUND('',#2536,.T.);
#1220=PLANE('',#2537);
#1221=FACE_OUTER_BOUND('',#2538,.T.);
#1222=PLANE('',#2539);
#1223=FACE_OUTER_BOUND('',#2540,.T.);
#1224=PLANE('',#2541);
#1225=FACE_OUTER_BOUND('',#2542,.T.);
#1226=PLANE('',#2543);
#1227=FACE_OUTER_BOUND('',#2544,.T.);
#1228=PLANE('',#2545);
#1229=FACE_OUTER_BOUND('',#2546,.T.);
#1230=PLANE('',#2547);
#1231=FACE_OUTER_BOUND('',#2548,.T.);
#1232=PLANE('',#2549);
#1233=FACE_OUTER_BOUND('',#2550,.T.);
#1234=PLANE('',#2551);
#1235=FACE_OUTER_BOUND('',#2552,.T.);
#1236=PLANE('',#2553);
#1237=FACE_OUTER_BOUND('',#2554,.T.);
#1238=PLANE('',#2555);
#1239=FACE_OUTER_BOUND('',#2556,.T.);
#1240=PLANE('',#2557);
#1241=FACE_OUTER_BOUND('',#2558,.T.);
#1242=PLANE('',#2559);
#1243=FACE_OUTER_BOUND('',#2560,.T.);
#1244=PLANE('',#2561);
#1245=FACE_OUTER_BOUND('',#2562,.T.);
#1246=PLANE('',#2563);
#1247=FACE_OUTER_BOUND('',#2564,.T.);
#1248=PLANE('',#2565);
#1249=FACE_OUTER_BOUND('',#2566,.T.);
#1250=PLANE('',#2567);
#1251=FACE_OUTER_BOUND('',#2568,.T.);
#1252=PLANE('',#2569);
#1253=FACE_OUTER_BOUND('',#2570,.T.);
#1254=PLANE('',#2571);
#1255=FACE_OUTER_BOUND('',#2572,.T.);
#1256=PLANE('',#2573);
#1257=FACE_OUTER_BOUND('',#2574,.T.);
#1258=PLANE('',#2575);
#1259=FACE_OUTER_BOUND('',#2576,.T.);
#1260=PLANE('',#2577);
#1261=FACE_OUTER_BOUND('',#2578,.T.);
#1262=PLANE('',#2579);
#1263=FACE_OUTER_BOUND('',#2580,.T.);
#1264=PLANE('',#2581);
#1265=FACE_OUTER_BOUND('',#2582,.T.);
#1266=PLANE('',#2583);
#1267=FACE_OUTER_BOUND('',#2584,.T.);
#1268=PLANE('',#2585);
#1269=FACE_OUTER_BOUND('',#2586,.T.);
#1270=PLANE('',#2587);
#1271=FACE_OUTER_BOUND('',#2588,.T.);
#1272=PLANE('',#2589);
#1273=FACE_OUTER_BOUND('',#2590,.T.);
#1274=PLANE('',#2591);
#1275=FACE_OUTER_BOUND('',#2592,.T.);
#1276=PLANE('',#2593);
#1277=FACE_OUTER_BOUND('',#2594,.T.);
#1278=PLANE('',#2595);
#1279=FACE_OUTER_BOUND('',#2596,.T.);
#1280=PLANE('',#2597);
#1281=FACE_OUTER_BOUND('',#2598,.T.);
#1282=PLANE('',#2599);
#1283=FACE_OUTER_BOUND('',#2600,.T.);
#1284=PLANE('',#2601);
#1285=FACE_OUTER_BOUND('',#2602,.T.);
#1286=PLANE('',#2603);
#1287=FACE_OUTER_BOUND('',#2604,.T.);
#1288=PLANE('',#2605);
#1289=FACE_OUTER_BOUND('',#2606,.T.);
#1290=PLANE('',#2607);
#1291=FACE_OUTER_BOUND('',#2608,.T.);
#1292=PLANE('',#2609);
#1293=FACE_OUTER_BOUND('',#2610,.T.);
#1294=PLANE('',#2611);
#1295=SURFACE_STYLE_FILL_AREA(#2612);
#1296=ORIENTED_EDGE('',*,*,#2613,.F.);
#1297=ORIENTED_EDGE('',*,*,#2614,.F.);
#1298=ORIENTED_EDGE('',*,*,#2615,.T.);
#1299=ORIENTED_EDGE('',*,*,#2616,.T.);
#1300=CARTESIAN_POINT('',(1.467,-4.351275,-0.33));
#1301=DIRECTION('',(-1.0,0.0,0.0));
#1302=DIRECTION('',(0.0,0.0,-1.0));
#1303=SURFACE_STYLE_FILL_AREA(#2617);
#1304=ORIENTED_EDGE('',*,*,#2613,.T.);
#1305=ORIENTED_EDGE('',*,*,#2618,.F.);
#1306=ORIENTED_EDGE('',*,*,#2619,.F.);
#1307=ORIENTED_EDGE('',*,*,#2620,.F.);
#1308=CARTESIAN_POINT('',(1.717,-4.245025,-3.472912));
#1309=DIRECTION('',(0.0,0.0,-1.0));
#1310=DIRECTION('',(-1.0,0.0,0.0));
#1311=SURFACE_STYLE_FILL_AREA(#2621);
#1312=ORIENTED_EDGE('',*,*,#2622,.T.);
#1313=ORIENTED_EDGE('',*,*,#2623,.F.);
#1314=ORIENTED_EDGE('',*,*,#2624,.T.);
#1315=ORIENTED_EDGE('',*,*,#2614,.T.);
#1316=ORIENTED_EDGE('',*,*,#2620,.T.);
#1317=ORIENTED_EDGE('',*,*,#2625,.F.);
#1318=ORIENTED_EDGE('',*,*,#2626,.T.);
#1319=ORIENTED_EDGE('',*,*,#2627,.T.);
#1320=ORIENTED_EDGE('',*,*,#2628,.T.);
#1321=ORIENTED_EDGE('',*,*,#2629,.T.);
#1322=ORIENTED_EDGE('',*,*,#2630,.T.);
#1323=ORIENTED_EDGE('',*,*,#2631,.T.);
#1324=ORIENTED_EDGE('',*,*,#2632,.F.);
#1325=ORIENTED_EDGE('',*,*,#2633,.T.);
#1326=ORIENTED_EDGE('',*,*,#2634,.T.);
#1327=ORIENTED_EDGE('',*,*,#2635,.T.);
#1328=ORIENTED_EDGE('',*,*,#2636,.T.);
#1329=ORIENTED_EDGE('',*,*,#2637,.T.);
#1330=ORIENTED_EDGE('',*,*,#2638,.T.);
#1331=ORIENTED_EDGE('',*,*,#2639,.T.);
#1332=CARTESIAN_POINT('',(1.07,-7.45,-0.33));
#1333=DIRECTION('',(0.0,-0.0,1.0));
#1334=DIRECTION('',(0.0,1.0,0.0));
#1335=SURFACE_STYLE_FILL_AREA(#2640);
#1336=ORIENTED_EDGE('',*,*,#2622,.F.);
#1337=ORIENTED_EDGE('',*,*,#2641,.F.);
#1338=ORIENTED_EDGE('',*,*,#2642,.F.);
#1339=ORIENTED_EDGE('',*,*,#2643,.T.);
#1340=CARTESIAN_POINT('',(1.573,-4.310391911765,3.452912));
#1341=DIRECTION('',(0.0,0.0,1.0));
#1342=DIRECTION('',(-0.694017998941232,-0.719957649550033,0.0));
#1343=SURFACE_STYLE_FILL_AREA(#2644);
#1344=ORIENTED_EDGE('',*,*,#2643,.F.);
#1345=ORIENTED_EDGE('',*,*,#2645,.F.);
#1346=ORIENTED_EDGE('',*,*,#2646,.F.);
#1347=ORIENTED_EDGE('',*,*,#2623,.T.);
#1348=CARTESIAN_POINT('',(1.073,-3.65,-0.33));
#1349=DIRECTION('',(1.0,0.0,0.0));
#1350=DIRECTION('',(0.0,-1.0,-0.0));
#1351=SURFACE_STYLE_FILL_AREA(#2647);
#1352=ORIENTED_EDGE('',*,*,#2642,.T.);
#1353=ORIENTED_EDGE('',*,*,#2648,.F.);
#1354=ORIENTED_EDGE('',*,*,#2649,.T.);
#1355=ORIENTED_EDGE('',*,*,#2650,.F.);
#1356=ORIENTED_EDGE('',*,*,#2651,.T.);
#1357=ORIENTED_EDGE('',*,*,#2652,.F.);
#1358=ORIENTED_EDGE('',*,*,#2653,.T.);
#1359=ORIENTED_EDGE('',*,*,#2654,.F.);
#1360=ORIENTED_EDGE('',*,*,#2655,.F.);
#1361=ORIENTED_EDGE('',*,*,#2656,.F.);
#1362=ORIENTED_EDGE('',*,*,#2657,.T.);
#1363=ORIENTED_EDGE('',*,*,#2658,.F.);
#1364=ORIENTED_EDGE('',*,*,#2659,.T.);
#1365=ORIENTED_EDGE('',*,*,#2660,.F.);
#1366=ORIENTED_EDGE('',*,*,#2661,.T.);
#1367=ORIENTED_EDGE('',*,*,#2662,.T.);
#1368=ORIENTED_EDGE('',*,*,#2618,.T.);
#1369=ORIENTED_EDGE('',*,*,#2616,.F.);
#1370=ORIENTED_EDGE('',*,*,#2663,.F.);
#1371=ORIENTED_EDGE('',*,*,#2645,.T.);
#1372=CARTESIAN_POINT('',(1.07,-3.65,0.31));
#1373=DIRECTION('',(0.0,0.0,-1.0));
#1374=DIRECTION('',(-1.0,0.0,0.0));
#1375=SURFACE_STYLE_FILL_AREA(#2664);
#1376=ORIENTED_EDGE('',*,*,#2665,.F.);
#1377=ORIENTED_EDGE('',*,*,#2625,.T.);
#1378=ORIENTED_EDGE('',*,*,#2619,.T.);
#1379=ORIENTED_EDGE('',*,*,#2662,.F.);
#1380=CARTESIAN_POINT('',(1.9304310562974,-4.798008907946,-0.33));
#1381=DIRECTION('',(-0.694017998941232,-0.719957649550033,0.0));
#1382=DIRECTION('',(0.0,0.0,1.0));
#1383=SURFACE_STYLE_FILL_AREA(#2666);
#1384=ORIENTED_EDGE('',*,*,#2661,.F.);
#1385=ORIENTED_EDGE('',*,*,#2667,.F.);
#1386=ORIENTED_EDGE('',*,*,#2626,.F.);
#1387=ORIENTED_EDGE('',*,*,#2665,.T.);
#1388=CARTESIAN_POINT('',(1.4,-4.981174264706,-3.472912));
#1389=DIRECTION('',(0.0,0.0,-1.0));
#1390=DIRECTION('',(1.0,0.0,0.0));
#1391=SURFACE_STYLE_FILL_AREA(#2668);
#1392=ORIENTED_EDGE('',*,*,#2667,.T.);
#1393=ORIENTED_EDGE('',*,*,#2660,.T.);
#1394=ORIENTED_EDGE('',*,*,#2669,.T.);
#1395=ORIENTED_EDGE('',*,*,#2627,.F.);
#1396=CARTESIAN_POINT('',(1.9,-4.764507352941,0.95));
#1397=DIRECTION('',(1.0,0.0,0.0));
#1398=DIRECTION('',(0.0,-1.0,-0.0));
#1399=SURFACE_STYLE_FILL_AREA(#2670);
#1400=ORIENTED_EDGE('',*,*,#2671,.T.);
#1401=ORIENTED_EDGE('',*,*,#2628,.F.);
#1402=ORIENTED_EDGE('',*,*,#2669,.F.);
#1403=ORIENTED_EDGE('',*,*,#2659,.F.);
#1404=CARTESIAN_POINT('',(2.15,-5.896446609407,3.452912));
#1405=DIRECTION('',(0.0,0.0,1.0));
#1406=DIRECTION('',(-0.707106781186548,-0.707106781186548,0.0));
#1407=SURFACE_STYLE_FILL_AREA(#2672);
#1408=ORIENTED_EDGE('',*,*,#2673,.F.);
#1409=ORIENTED_EDGE('',*,*,#2629,.F.);
#1410=ORIENTED_EDGE('',*,*,#2671,.F.);
#1411=ORIENTED_EDGE('',*,*,#2658,.T.);
#1412=CARTESIAN_POINT('',(1.9,-6.0,0.95));
#1413=DIRECTION('',(0.707106781186548,0.707106781186548,-0.0));
#1414=DIRECTION('',(0.0,0.0,1.0));
#1415=SURFACE_STYLE_FILL_AREA(#2674);
#1416=ORIENTED_EDGE('',*,*,#2657,.F.);
#1417=ORIENTED_EDGE('',*,*,#2675,.F.);
#1418=ORIENTED_EDGE('',*,*,#2630,.F.);
#1419=ORIENTED_EDGE('',*,*,#2673,.T.);
#1420=CARTESIAN_POINT('',(2.0,-6.8071067811865,-3.472912));
#1421=DIRECTION('',(0.0,0.0,-1.0));
#1422=DIRECTION('',(1.0,0.0,0.0));
#1423=SURFACE_STYLE_FILL_AREA(#2676);
#1424=ORIENTED_EDGE('',*,*,#2675,.T.);
#1425=ORIENTED_EDGE('',*,*,#2656,.T.);
#1426=ORIENTED_EDGE('',*,*,#2677,.T.);
#1427=ORIENTED_EDGE('',*,*,#2678,.T.);
#1428=ORIENTED_EDGE('',*,*,#2679,.T.);
#1429=ORIENTED_EDGE('',*,*,#2631,.F.);
#1430=CARTESIAN_POINT('',(2.5,-6.6,0.95));
#1431=DIRECTION('',(1.0,0.0,0.0));
#1432=DIRECTION('',(0.0,-1.0,-0.0));
#1433=SURFACE_STYLE_FILL_AREA(#2680);
#1434=ORIENTED_EDGE('',*,*,#2679,.F.);
#1435=ORIENTED_EDGE('',*,*,#2681,.F.);
#1436=ORIENTED_EDGE('',*,*,#2682,.F.);
#1437=ORIENTED_EDGE('',*,*,#2632,.T.);
#1438=CARTESIAN_POINT('',(-0.895218565272,-7.25,-0.13));
#1439=DIRECTION('',(-1.0,0.0,0.0));
#1440=DIRECTION('',(0.0,-1.0,0.0));
#1441=SURFACE_STYLE_FILL_AREA(#2683);
#1442=ORIENTED_EDGE('',*,*,#2684,.T.);
#1443=ORIENTED_EDGE('',*,*,#2654,.T.);
#1444=ORIENTED_EDGE('',*,*,#2685,.T.);
#1445=ORIENTED_EDGE('',*,*,#2633,.F.);
#1446=ORIENTED_EDGE('',*,*,#2682,.T.);
#1447=ORIENTED_EDGE('',*,*,#2686,.F.);
#1448=CARTESIAN_POINT('',(2.1,-7.45,0.95));
#1449=DIRECTION('',(-1.0,0.0,0.0));
#1450=DIRECTION('',(0.0,0.0,-1.0));
#1451=SURFACE_STYLE_FILL_AREA(#2687);
#1452=ORIENTED_EDGE('',*,*,#2684,.F.);
#1453=ORIENTED_EDGE('',*,*,#2688,.F.);
#1454=ORIENTED_EDGE('',*,*,#2677,.F.);
#1455=ORIENTED_EDGE('',*,*,#2655,.T.);
#1456=CARTESIAN_POINT('',(4.421343515232,-7.25,0.11));
#1457=DIRECTION('',(1.0,0.0,0.0));
#1458=DIRECTION('',(0.0,-1.0,0.0));
#1459=SURFACE_STYLE_FILL_AREA(#2689);
#1460=ORIENTED_EDGE('',*,*,#2688,.T.);
#1461=ORIENTED_EDGE('',*,*,#2686,.T.);
#1462=ORIENTED_EDGE('',*,*,#2681,.T.);
#1463=ORIENTED_EDGE('',*,*,#2678,.F.);
#1464=CARTESIAN_POINT('',(2.5,-7.45,0.95));
#1465=DIRECTION('',(0.0,-1.0,0.0));
#1466=DIRECTION('',(1.0,0.0,-0.0));
#1467=SURFACE_STYLE_FILL_AREA(#2690);
#1468=ORIENTED_EDGE('',*,*,#2691,.T.);
#1469=ORIENTED_EDGE('',*,*,#2634,.F.);
#1470=ORIENTED_EDGE('',*,*,#2685,.F.);
#1471=ORIENTED_EDGE('',*,*,#2653,.F.);
#1472=CARTESIAN_POINT('',(1.85,-6.8692388155425,3.452912));
#1473=DIRECTION('',(0.0,-0.0,1.0));
#1474=DIRECTION('',(0.707106781186548,0.707106781186548,0.0));
#1475=SURFACE_STYLE_FILL_AREA(#2692);
#1476=ORIENTED_EDGE('',*,*,#2693,.F.);
#1477=ORIENTED_EDGE('',*,*,#2635,.F.);
#1478=ORIENTED_EDGE('',*,*,#2691,.F.);
#1479=ORIENTED_EDGE('',*,*,#2652,.T.);
#1480=CARTESIAN_POINT('',(2.1,-6.7656854249492,0.95));
#1481=DIRECTION('',(-0.707106781186548,-0.707106781186548,0.0));
#1482=DIRECTION('',(0.0,0.0,1.0));
#1483=SURFACE_STYLE_FILL_AREA(#2694);
#1484=ORIENTED_EDGE('',*,*,#2651,.F.);
#1485=ORIENTED_EDGE('',*,*,#2695,.F.);
#1486=ORIENTED_EDGE('',*,*,#2636,.F.);
#1487=ORIENTED_EDGE('',*,*,#2693,.T.);
#1488=CARTESIAN_POINT('',(2.0,-5.958578643763,-3.472912));
#1489=DIRECTION('',(0.0,0.0,-1.0));
#1490=DIRECTION('',(-1.0,0.0,0.0));
#1491=SURFACE_STYLE_FILL_AREA(#2696);
#1492=ORIENTED_EDGE('',*,*,#2695,.T.);
#1493=ORIENTED_EDGE('',*,*,#2650,.T.);
#1494=ORIENTED_EDGE('',*,*,#2697,.T.);
#1495=ORIENTED_EDGE('',*,*,#2637,.F.);
#1496=CARTESIAN_POINT('',(1.5,-6.165685424949,0.95));
#1497=DIRECTION('',(-1.0,0.0,0.0));
#1498=DIRECTION('',(0.0,0.0,-1.0));
#1499=SURFACE_STYLE_FILL_AREA(#2698);
#1500=ORIENTED_EDGE('',*,*,#2699,.T.);
#1501=ORIENTED_EDGE('',*,*,#2638,.F.);
#1502=ORIENTED_EDGE('',*,*,#2697,.F.);
#1503=ORIENTED_EDGE('',*,*,#2649,.F.);
#1504=CARTESIAN_POINT('',(1.25,-5.040757352941,3.452912));
#1505=DIRECTION('',(0.0,-0.0,1.0));
#1506=DIRECTION('',(0.694017998941232,0.719957649550033,0.0));
#1507=SURFACE_STYLE_FILL_AREA(#2700);
#1508=ORIENTED_EDGE('',*,*,#2641,.T.);
#1509=ORIENTED_EDGE('',*,*,#2639,.F.);
#1510=ORIENTED_EDGE('',*,*,#2699,.F.);
#1511=ORIENTED_EDGE('',*,*,#2648,.T.);
#1512=CARTESIAN_POINT('',(1.5,-4.934507352941,0.95));
#1513=DIRECTION('',(-0.694017998941232,-0.719957649550033,0.0));
#1514=DIRECTION('',(0.0,0.0,1.0));
#1515=SURFACE_STYLE_FILL_AREA(#2701);
#1516=FACE_OUTER_BOUND('',#2702,.T.);
#1517=PLANE('',#2703);
#1518=FACE_OUTER_BOUND('',#2704,.T.);
#1519=B_SPLINE_SURFACE_WITH_KNOTS('',3,1,((#2705,#2706),(#2707,#2708),(#2709,#2710),(#2711,#2712),(#2713,#2714),(#2715,#2716),(#2717,#2718)),.UNSPECIFIED.,.F.,.F.,.F.,(4,1,1,1,4),(2,2),(0.00882375992156528,0.25,0.5,0.75,0.99098043141693),(-13.6175167246064,-13.2133432455536),.UNSPECIFIED.);
#1520=FACE_OUTER_BOUND('',#2719,.T.);
#1521=PLANE('',#2720);
#1522=FACE_OUTER_BOUND('',#2721,.T.);
#1523=CYLINDRICAL_SURFACE('',#2722,0.1);
#1524=FACE_OUTER_BOUND('',#2723,.T.);
#1525=CYLINDRICAL_SURFACE('',#2724,0.1);
#1526=FACE_OUTER_BOUND('',#2725,.T.);
#1527=PLANE('',#2726);
#1528=FACE_OUTER_BOUND('',#2727,.T.);
#1529=CYLINDRICAL_SURFACE('',#2728,0.2);
#1530=FACE_OUTER_BOUND('',#2729,.T.);
#1531=CYLINDRICAL_SURFACE('',#2730,0.2);
#1532=FACE_OUTER_BOUND('',#2731,.T.);
#1533=PLANE('',#2732);
#1534=FACE_OUTER_BOUND('',#2733,.T.);
#1535=B_SPLINE_SURFACE_WITH_KNOTS('',3,1,((#2734,#2735),(#2736,#2737),(#2738,#2739),(#2740,#2741),(#2742,#2743),(#2744,#2745),(#2746,#2747)),.UNSPECIFIED.,.F.,.F.,.F.,(4,1,1,1,4),(2,2),(0.00882375992156468,0.25,0.5,0.75,0.990980431416864),(-13.0996771307764,-12.6955036517236),.UNSPECIFIED.);
#1536=FACE_OUTER_BOUND('',#2748,.T.);
#1537=PLANE('',#2749);
#1538=FACE_OUTER_BOUND('',#2750,.T.);
#1539=CYLINDRICAL_SURFACE('',#2751,0.1);
#1540=FACE_OUTER_BOUND('',#2752,.T.);
#1541=CYLINDRICAL_SURFACE('',#2753,0.1);
#1542=FACE_OUTER_BOUND('',#2754,.T.);
#1543=PLANE('',#2755);
#1544=FACE_OUTER_BOUND('',#2756,.T.);
#1545=CYLINDRICAL_SURFACE('',#2757,0.1);
#1546=FACE_OUTER_BOUND('',#2758,.T.);
#1547=CYLINDRICAL_SURFACE('',#2759,0.1);
#1548=FACE_OUTER_BOUND('',#2760,.T.);
#1549=CYLINDRICAL_SURFACE('',#2761,0.2);
#1550=FACE_OUTER_BOUND('',#2762,.T.);
#1551=CYLINDRICAL_SURFACE('',#2763,0.2);
#1552=FACE_OUTER_BOUND('',#2764,.T.);
#1553=PLANE('',#2765);
#1554=FACE_OUTER_BOUND('',#2766,.T.);
#1555=PLANE('',#2767);
#1556=FACE_OUTER_BOUND('',#2768,.T.);
#1557=PLANE('',#2769);
#1558=FACE_OUTER_BOUND('',#2770,.T.);
#1559=PLANE('',#2771);
#1560=FACE_OUTER_BOUND('',#2772,.T.);
#1561=CYLINDRICAL_SURFACE('',#2773,2.0);
#1562=FACE_OUTER_BOUND('',#2774,.T.);
#1563=CYLINDRICAL_SURFACE('',#2775,0.3);
#1564=FACE_OUTER_BOUND('',#2776,.T.);
#1565=PLANE('',#2777);
#1566=FACE_OUTER_BOUND('',#2778,.T.);
#1567=CYLINDRICAL_SURFACE('',#2779,0.375);
#1568=FACE_OUTER_BOUND('',#2780,.T.);
#1569=PLANE('',#2781);
#1570=FACE_OUTER_BOUND('',#2782,.T.);
#1571=CYLINDRICAL_SURFACE('',#2783,0.3);
#1572=FACE_OUTER_BOUND('',#2784,.T.);
#1573=CYLINDRICAL_SURFACE('',#2785,2.0);
#1574=FACE_OUTER_BOUND('',#2786,.T.);
#1575=PLANE('',#2787);
#1576=FACE_OUTER_BOUND('',#2788,.T.);
#1577=FACE_BOUND('',#2789,.T.);
#1578=PLANE('',#2790);
#1579=FACE_OUTER_BOUND('',#2791,.T.);
#1580=CYLINDRICAL_SURFACE('',#2792,0.1);
#1581=FACE_OUTER_BOUND('',#2793,.T.);
#1582=CYLINDRICAL_SURFACE('',#2794,0.1);
#1583=FACE_OUTER_BOUND('',#2795,.T.);
#1584=PLANE('',#2796);
#1585=SURFACE_STYLE_FILL_AREA(#2797);
#1586=ORIENTED_EDGE('',*,*,#2798,.F.);
#1587=ORIENTED_EDGE('',*,*,#2799,.F.);
#1588=ORIENTED_EDGE('',*,*,#2800,.T.);
#1589=ORIENTED_EDGE('',*,*,#2801,.T.);
#1590=CARTESIAN_POINT('',(1.467,-4.351275,2.21));
#1591=DIRECTION('',(-1.0,0.0,0.0));
#1592=DIRECTION('',(0.0,0.0,-1.0));
#1593=SURFACE_STYLE_FILL_AREA(#2802);
#1594=ORIENTED_EDGE('',*,*,#2798,.T.);
#1595=ORIENTED_EDGE('',*,*,#2803,.F.);
#1596=ORIENTED_EDGE('',*,*,#2804,.F.);
#1597=ORIENTED_EDGE('',*,*,#2805,.F.);
#1598=CARTESIAN_POINT('',(1.717,-4.245025,-0.932912));
#1599=DIRECTION('',(0.0,0.0,-1.0));
#1600=DIRECTION('',(-1.0,0.0,0.0));
#1601=SURFACE_STYLE_FILL_AREA(#2806);
#1602=ORIENTED_EDGE('',*,*,#2807,.T.);
#1603=ORIENTED_EDGE('',*,*,#2808,.F.);
#1604=ORIENTED_EDGE('',*,*,#2809,.T.);
#1605=ORIENTED_EDGE('',*,*,#2799,.T.);
#1606=ORIENTED_EDGE('',*,*,#2805,.T.);
#1607=ORIENTED_EDGE('',*,*,#2810,.F.);
#1608=ORIENTED_EDGE('',*,*,#2811,.T.);
#1609=ORIENTED_EDGE('',*,*,#2812,.T.);
#1610=ORIENTED_EDGE('',*,*,#2813,.T.);
#1611=ORIENTED_EDGE('',*,*,#2814,.T.);
#1612=ORIENTED_EDGE('',*,*,#2815,.T.);
#1613=ORIENTED_EDGE('',*,*,#2816,.T.);
#1614=ORIENTED_EDGE('',*,*,#2817,.F.);
#1615=ORIENTED_EDGE('',*,*,#2818,.T.);
#1616=ORIENTED_EDGE('',*,*,#2819,.T.);
#1617=ORIENTED_EDGE('',*,*,#2820,.T.);
#1618=ORIENTED_EDGE('',*,*,#2821,.T.);
#1619=ORIENTED_EDGE('',*,*,#2822,.T.);
#1620=ORIENTED_EDGE('',*,*,#2823,.T.);
#1621=ORIENTED_EDGE('',*,*,#2824,.T.);
#1622=CARTESIAN_POINT('',(1.07,-7.45,2.21));
#1623=DIRECTION('',(0.0,-0.0,1.0));
#1624=DIRECTION('',(0.0,1.0,0.0));
#1625=SURFACE_STYLE_FILL_AREA(#2825);
#1626=ORIENTED_EDGE('',*,*,#2807,.F.);
#1627=ORIENTED_EDGE('',*,*,#2826,.F.);
#1628=ORIENTED_EDGE('',*,*,#2827,.F.);
#1629=ORIENTED_EDGE('',*,*,#2828,.T.);
#1630=CARTESIAN_POINT('',(1.573,-4.310391911765,5.992912));
#1631=DIRECTION('',(0.0,0.0,1.0));
#1632=DIRECTION('',(-0.694017998941232,-0.719957649550033,0.0));
#1633=SURFACE_STYLE_FILL_AREA(#2829);
#1634=ORIENTED_EDGE('',*,*,#2828,.F.);
#1635=ORIENTED_EDGE('',*,*,#2830,.F.);
#1636=ORIENTED_EDGE('',*,*,#2831,.F.);
#1637=ORIENTED_EDGE('',*,*,#2808,.T.);
#1638=CARTESIAN_POINT('',(1.073,-3.65,2.21));
#1639=DIRECTION('',(1.0,0.0,0.0));
#1640=DIRECTION('',(0.0,-1.0,-0.0));
#1641=SURFACE_STYLE_FILL_AREA(#2832);
#1642=ORIENTED_EDGE('',*,*,#2827,.T.);
#1643=ORIENTED_EDGE('',*,*,#2833,.F.);
#1644=ORIENTED_EDGE('',*,*,#2834,.T.);
#1645=ORIENTED_EDGE('',*,*,#2835,.F.);
#1646=ORIENTED_EDGE('',*,*,#2836,.T.);
#1647=ORIENTED_EDGE('',*,*,#2837,.F.);
#1648=ORIENTED_EDGE('',*,*,#2838,.T.);
#1649=ORIENTED_EDGE('',*,*,#2839,.F.);
#1650=ORIENTED_EDGE('',*,*,#2840,.F.);
#1651=ORIENTED_EDGE('',*,*,#2841,.F.);
#1652=ORIENTED_EDGE('',*,*,#2842,.T.);
#1653=ORIENTED_EDGE('',*,*,#2843,.F.);
#1654=ORIENTED_EDGE('',*,*,#2844,.T.);
#1655=ORIENTED_EDGE('',*,*,#2845,.F.);
#1656=ORIENTED_EDGE('',*,*,#2846,.T.);
#1657=ORIENTED_EDGE('',*,*,#2847,.T.);
#1658=ORIENTED_EDGE('',*,*,#2803,.T.);
#1659=ORIENTED_EDGE('',*,*,#2801,.F.);
#1660=ORIENTED_EDGE('',*,*,#2848,.F.);
#1661=ORIENTED_EDGE('',*,*,#2830,.T.);
#1662=CARTESIAN_POINT('',(1.07,-3.65,2.85));
#1663=DIRECTION('',(0.0,0.0,-1.0));
#1664=DIRECTION('',(-1.0,0.0,0.0));
#1665=SURFACE_STYLE_FILL_AREA(#2849);
#1666=ORIENTED_EDGE('',*,*,#2850,.F.);
#1667=ORIENTED_EDGE('',*,*,#2810,.T.);
#1668=ORIENTED_EDGE('',*,*,#2804,.T.);
#1669=ORIENTED_EDGE('',*,*,#2847,.F.);
#1670=CARTESIAN_POINT('',(1.9304310562974,-4.798008907946,2.21));
#1671=DIRECTION('',(-0.694017998941232,-0.719957649550033,0.0));
#1672=DIRECTION('',(0.0,0.0,1.0));
#1673=SURFACE_STYLE_FILL_AREA(#2851);
#1674=ORIENTED_EDGE('',*,*,#2846,.F.);
#1675=ORIENTED_EDGE('',*,*,#2852,.F.);
#1676=ORIENTED_EDGE('',*,*,#2811,.F.);
#1677=ORIENTED_EDGE('',*,*,#2850,.T.);
#1678=CARTESIAN_POINT('',(1.4,-4.981174264706,-0.932912));
#1679=DIRECTION('',(0.0,0.0,-1.0));
#1680=DIRECTION('',(1.0,0.0,0.0));
#1681=SURFACE_STYLE_FILL_AREA(#2853);
#1682=ORIENTED_EDGE('',*,*,#2852,.T.);
#1683=ORIENTED_EDGE('',*,*,#2845,.T.);
#1684=ORIENTED_EDGE('',*,*,#2854,.T.);
#1685=ORIENTED_EDGE('',*,*,#2812,.F.);
#1686=CARTESIAN_POINT('',(1.9,-4.764507352941,3.49));
#1687=DIRECTION('',(1.0,0.0,0.0));
#1688=DIRECTION('',(0.0,-1.0,-0.0));
#1689=SURFACE_STYLE_FILL_AREA(#2855);
#1690=ORIENTED_EDGE('',*,*,#2856,.T.);
#1691=ORIENTED_EDGE('',*,*,#2813,.F.);
#1692=ORIENTED_EDGE('',*,*,#2854,.F.);
#1693=ORIENTED_EDGE('',*,*,#2844,.F.);
#1694=CARTESIAN_POINT('',(2.15,-5.896446609407,5.992912));
#1695=DIRECTION('',(0.0,0.0,1.0));
#1696=DIRECTION('',(-0.707106781186548,-0.707106781186548,0.0));
#1697=SURFACE_STYLE_FILL_AREA(#2857);
#1698=ORIENTED_EDGE('',*,*,#2858,.F.);
#1699=ORIENTED_EDGE('',*,*,#2814,.F.);
#1700=ORIENTED_EDGE('',*,*,#2856,.F.);
#1701=ORIENTED_EDGE('',*,*,#2843,.T.);
#1702=CARTESIAN_POINT('',(1.9,-6.0,3.49));
#1703=DIRECTION('',(0.707106781186548,0.707106781186548,-0.0));
#1704=DIRECTION('',(0.0,0.0,1.0));
#1705=SURFACE_STYLE_FILL_AREA(#2859);
#1706=ORIENTED_EDGE('',*,*,#2842,.F.);
#1707=ORIENTED_EDGE('',*,*,#2860,.F.);
#1708=ORIENTED_EDGE('',*,*,#2815,.F.);
#1709=ORIENTED_EDGE('',*,*,#2858,.T.);
#1710=CARTESIAN_POINT('',(2.0,-6.8071067811865,-0.932912));
#1711=DIRECTION('',(0.0,0.0,-1.0));
#1712=DIRECTION('',(1.0,0.0,0.0));
#1713=SURFACE_STYLE_FILL_AREA(#2861);
#1714=ORIENTED_EDGE('',*,*,#2860,.T.);
#1715=ORIENTED_EDGE('',*,*,#2841,.T.);
#1716=ORIENTED_EDGE('',*,*,#2862,.T.);
#1717=ORIENTED_EDGE('',*,*,#2863,.T.);
#1718=ORIENTED_EDGE('',*,*,#2864,.T.);
#1719=ORIENTED_EDGE('',*,*,#2816,.F.);
#1720=CARTESIAN_POINT('',(2.5,-6.6,3.49));
#1721=DIRECTION('',(1.0,0.0,0.0));
#1722=DIRECTION('',(0.0,-1.0,-0.0));
#1723=SURFACE_STYLE_FILL_AREA(#2865);
#1724=ORIENTED_EDGE('',*,*,#2864,.F.);
#1725=ORIENTED_EDGE('',*,*,#2866,.F.);
#1726=ORIENTED_EDGE('',*,*,#2867,.F.);
#1727=ORIENTED_EDGE('',*,*,#2817,.T.);
#1728=CARTESIAN_POINT('',(-0.895218565272,-7.25,2.41));
#1729=DIRECTION('',(-1.0,0.0,0.0));
#1730=DIRECTION('',(0.0,-1.0,0.0));
#1731=SURFACE_STYLE_FILL_AREA(#2868);
#1732=ORIENTED_EDGE('',*,*,#2869,.T.);
#1733=ORIENTED_EDGE('',*,*,#2839,.T.);
#1734=ORIENTED_EDGE('',*,*,#2870,.T.);
#1735=ORIENTED_EDGE('',*,*,#2818,.F.);
#1736=ORIENTED_EDGE('',*,*,#2867,.T.);
#1737=ORIENTED_EDGE('',*,*,#2871,.F.);
#1738=CARTESIAN_POINT('',(2.1,-7.45,3.49));
#1739=DIRECTION('',(-1.0,0.0,0.0));
#1740=DIRECTION('',(0.0,0.0,-1.0));
#1741=SURFACE_STYLE_FILL_AREA(#2872);
#1742=ORIENTED_EDGE('',*,*,#2869,.F.);
#1743=ORIENTED_EDGE('',*,*,#2873,.F.);
#1744=ORIENTED_EDGE('',*,*,#2862,.F.);
#1745=ORIENTED_EDGE('',*,*,#2840,.T.);
#1746=CARTESIAN_POINT('',(4.421343515232,-7.25,2.65));
#1747=DIRECTION('',(1.0,0.0,0.0));
#1748=DIRECTION('',(0.0,-1.0,0.0));
#1749=SURFACE_STYLE_FILL_AREA(#2874);
#1750=ORIENTED_EDGE('',*,*,#2873,.T.);
#1751=ORIENTED_EDGE('',*,*,#2871,.T.);
#1752=ORIENTED_EDGE('',*,*,#2866,.T.);
#1753=ORIENTED_EDGE('',*,*,#2863,.F.);
#1754=CARTESIAN_POINT('',(2.5,-7.45,3.49));
#1755=DIRECTION('',(0.0,-1.0,0.0));
#1756=DIRECTION('',(1.0,0.0,-0.0));
#1757=SURFACE_STYLE_FILL_AREA(#2875);
#1758=ORIENTED_EDGE('',*,*,#2876,.T.);
#1759=ORIENTED_EDGE('',*,*,#2819,.F.);
#1760=ORIENTED_EDGE('',*,*,#2870,.F.);
#1761=ORIENTED_EDGE('',*,*,#2838,.F.);
#1762=CARTESIAN_POINT('',(1.85,-6.8692388155425,5.992912));
#1763=DIRECTION('',(0.0,-0.0,1.0));
#1764=DIRECTION('',(0.707106781186548,0.707106781186548,0.0));
#1765=SURFACE_STYLE_FILL_AREA(#2877);
#1766=ORIENTED_EDGE('',*,*,#2878,.F.);
#1767=ORIENTED_EDGE('',*,*,#2820,.F.);
#1768=ORIENTED_EDGE('',*,*,#2876,.F.);
#1769=ORIENTED_EDGE('',*,*,#2837,.T.);
#1770=CARTESIAN_POINT('',(2.1,-6.7656854249492,3.49));
#1771=DIRECTION('',(-0.707106781186548,-0.707106781186548,0.0));
#1772=DIRECTION('',(0.0,0.0,1.0));
#1773=SURFACE_STYLE_FILL_AREA(#2879);
#1774=ORIENTED_EDGE('',*,*,#2836,.F.);
#1775=ORIENTED_EDGE('',*,*,#2880,.F.);
#1776=ORIENTED_EDGE('',*,*,#2821,.F.);
#1777=ORIENTED_EDGE('',*,*,#2878,.T.);
#1778=CARTESIAN_POINT('',(2.0,-5.958578643763,-0.932912));
#1779=DIRECTION('',(0.0,0.0,-1.0));
#1780=DIRECTION('',(-1.0,0.0,0.0));
#1781=SURFACE_STYLE_FILL_AREA(#2881);
#1782=ORIENTED_EDGE('',*,*,#2880,.T.);
#1783=ORIENTED_EDGE('',*,*,#2835,.T.);
#1784=ORIENTED_EDGE('',*,*,#2882,.T.);
#1785=ORIENTED_EDGE('',*,*,#2822,.F.);
#1786=CARTESIAN_POINT('',(1.5,-6.165685424949,3.49));
#1787=DIRECTION('',(-1.0,0.0,0.0));
#1788=DIRECTION('',(0.0,0.0,-1.0));
#1789=SURFACE_STYLE_FILL_AREA(#2883);
#1790=ORIENTED_EDGE('',*,*,#2884,.T.);
#1791=ORIENTED_EDGE('',*,*,#2823,.F.);
#1792=ORIENTED_EDGE('',*,*,#2882,.F.);
#1793=ORIENTED_EDGE('',*,*,#2834,.F.);
#1794=CARTESIAN_POINT('',(1.25,-5.040757352941,5.992912));
#1795=DIRECTION('',(0.0,-0.0,1.0));
#1796=DIRECTION('',(0.694017998941232,0.719957649550033,0.0));
#1797=SURFACE_STYLE_FILL_AREA(#2885);
#1798=ORIENTED_EDGE('',*,*,#2826,.T.);
#1799=ORIENTED_EDGE('',*,*,#2824,.F.);
#1800=ORIENTED_EDGE('',*,*,#2884,.F.);
#1801=ORIENTED_EDGE('',*,*,#2833,.T.);
#1802=CARTESIAN_POINT('',(1.5,-4.934507352941,3.49));
#1803=DIRECTION('',(-0.694017998941232,-0.719957649550033,0.0));
#1804=DIRECTION('',(0.0,0.0,1.0));
#1805=SURFACE_STYLE_FILL_AREA(#2886);
#1806=FACE_OUTER_BOUND('',#2887,.T.);
#1807=PLANE('',#2888);
#1808=FACE_OUTER_BOUND('',#2889,.T.);
#1809=B_SPLINE_SURFACE_WITH_KNOTS('',3,1,((#2890,#2891),(#2892,#2893),(#2894,#2895),(#2896,#2897),(#2898,#2899),(#2900,#2901),(#2902,#2903)),.UNSPECIFIED.,.F.,.F.,.F.,(4,1,1,1,4),(2,2),(0.00882375992156528,0.25,0.5,0.75,0.99098043141693),(-13.6175167246064,-13.2133432455536),.UNSPECIFIED.);
#1810=FACE_OUTER_BOUND('',#2904,.T.);
#1811=PLANE('',#2905);
#1812=FACE_OUTER_BOUND('',#2906,.T.);
#1813=CYLINDRICAL_SURFACE('',#2907,0.1);
#1814=FACE_OUTER_BOUND('',#2908,.T.);
#1815=CYLINDRICAL_SURFACE('',#2909,0.1);
#1816=FACE_OUTER_BOUND('',#2910,.T.);
#1817=PLANE('',#2911);
#1818=FACE_OUTER_BOUND('',#2912,.T.);
#1819=CYLINDRICAL_SURFACE('',#2913,0.2);
#1820=FACE_OUTER_BOUND('',#2914,.T.);
#1821=CYLINDRICAL_SURFACE('',#2915,0.2);
#1822=FACE_OUTER_BOUND('',#2916,.T.);
#1823=PLANE('',#2917);
#1824=FACE_OUTER_BOUND('',#2918,.T.);
#1825=B_SPLINE_SURFACE_WITH_KNOTS('',3,1,((#2919,#2920),(#2921,#2922),(#2923,#2924),(#2925,#2926),(#2927,#2928),(#2929,#2930),(#2931,#2932)),.UNSPECIFIED.,.F.,.F.,.F.,(4,1,1,1,4),(2,2),(0.00882375992156468,0.25,0.5,0.75,0.990980431416864),(-13.0996771307764,-12.6955036517236),.UNSPECIFIED.);
#1826=FACE_OUTER_BOUND('',#2933,.T.);
#1827=PLANE('',#2934);
#1828=FACE_OUTER_BOUND('',#2935,.T.);
#1829=CYLINDRICAL_SURFACE('',#2936,0.1);
#1830=FACE_OUTER_BOUND('',#2937,.T.);
#1831=CYLINDRICAL_SURFACE('',#2938,0.1);
#1832=FACE_OUTER_BOUND('',#2939,.T.);
#1833=PLANE('',#2940);
#1834=FACE_OUTER_BOUND('',#2941,.T.);
#1835=CYLINDRICAL_SURFACE('',#2942,0.1);
#1836=FACE_OUTER_BOUND('',#2943,.T.);
#1837=CYLINDRICAL_SURFACE('',#2944,0.1);
#1838=FACE_OUTER_BOUND('',#2945,.T.);
#1839=CYLINDRICAL_SURFACE('',#2946,0.2);
#1840=FACE_OUTER_BOUND('',#2947,.T.);
#1841=CYLINDRICAL_SURFACE('',#2948,0.2);
#1842=FACE_OUTER_BOUND('',#2949,.T.);
#1843=PLANE('',#2950);
#1844=FACE_OUTER_BOUND('',#2951,.T.);
#1845=PLANE('',#2952);
#1846=FACE_OUTER_BOUND('',#2953,.T.);
#1847=PLANE('',#2954);
#1848=FACE_OUTER_BOUND('',#2955,.T.);
#1849=PLANE('',#2956);
#1850=FACE_OUTER_BOUND('',#2957,.T.);
#1851=CYLINDRICAL_SURFACE('',#2958,2.0);
#1852=FACE_OUTER_BOUND('',#2959,.T.);
#1853=CYLINDRICAL_SURFACE('',#2960,0.3);
#1854=FACE_OUTER_BOUND('',#2961,.T.);
#1855=PLANE('',#2962);
#1856=FACE_OUTER_BOUND('',#2963,.T.);
#1857=CYLINDRICAL_SURFACE('',#2964,0.375);
#1858=FACE_OUTER_BOUND('',#2965,.T.);
#1859=PLANE('',#2966);
#1860=FACE_OUTER_BOUND('',#2967,.T.);
#1861=CYLINDRICAL_SURFACE('',#2968,0.3);
#1862=FACE_OUTER_BOUND('',#2969,.T.);
#1863=CYLINDRICAL_SURFACE('',#2970,2.0);
#1864=FACE_OUTER_BOUND('',#2971,.T.);
#1865=PLANE('',#2972);
#1866=FACE_OUTER_BOUND('',#2973,.T.);
#1867=FACE_BOUND('',#2974,.T.);
#1868=PLANE('',#2975);
#1869=FACE_OUTER_BOUND('',#2976,.T.);
#1870=CYLINDRICAL_SURFACE('',#2977,0.1);
#1871=FACE_OUTER_BOUND('',#2978,.T.);
#1872=CYLINDRICAL_SURFACE('',#2979,0.1);
#1873=FACE_OUTER_BOUND('',#2980,.T.);
#1874=PLANE('',#2981);
#1875=SURFACE_STYLE_FILL_AREA(#2982);
#1876=ORIENTED_EDGE('',*,*,#2983,.F.);
#1877=ORIENTED_EDGE('',*,*,#2984,.F.);
#1878=ORIENTED_EDGE('',*,*,#2985,.T.);
#1879=ORIENTED_EDGE('',*,*,#2986,.T.);
#1880=CARTESIAN_POINT('',(-1.075,-5.692581782635,-0.33));
#1881=DIRECTION('',(-1.0,0.0,0.0));
#1882=DIRECTION('',(0.0,0.0,-1.0));
#1883=SURFACE_STYLE_FILL_AREA(#2987);
#1884=ORIENTED_EDGE('',*,*,#2983,.T.);
#1885=ORIENTED_EDGE('',*,*,#2988,.F.);
#1886=ORIENTED_EDGE('',*,*,#2989,.F.);
#1887=ORIENTED_EDGE('',*,*,#2990,.F.);
#1888=CARTESIAN_POINT('',(-0.825,-4.291056305656,-3.472912));
#1889=DIRECTION('',(0.0,0.0,-1.0));
#1890=DIRECTION('',(-1.0,0.0,0.0));
#1891=SURFACE_STYLE_FILL_AREA(#2991);
#1892=ORIENTED_EDGE('',*,*,#2992,.T.);
#1893=ORIENTED_EDGE('',*,*,#2993,.F.);
#1894=ORIENTED_EDGE('',*,*,#2994,.T.);
#1895=ORIENTED_EDGE('',*,*,#2984,.T.);
#1896=ORIENTED_EDGE('',*,*,#2990,.T.);
#1897=ORIENTED_EDGE('',*,*,#2995,.T.);
#1898=ORIENTED_EDGE('',*,*,#2996,.T.);
#1899=ORIENTED_EDGE('',*,*,#2997,.T.);
#1900=ORIENTED_EDGE('',*,*,#2998,.T.);
#1901=ORIENTED_EDGE('',*,*,#2999,.T.);
#1902=ORIENTED_EDGE('',*,*,#3000,.T.);
#1903=ORIENTED_EDGE('',*,*,#3001,.T.);
#1904=ORIENTED_EDGE('',*,*,#3002,.F.);
#1905=ORIENTED_EDGE('',*,*,#3003,.T.);
#1906=ORIENTED_EDGE('',*,*,#3004,.T.);
#1907=ORIENTED_EDGE('',*,*,#3005,.T.);
#1908=ORIENTED_EDGE('',*,*,#3006,.T.);
#1909=ORIENTED_EDGE('',*,*,#3007,.T.);
#1910=ORIENTED_EDGE('',*,*,#3008,.T.);
#1911=ORIENTED_EDGE('',*,*,#3009,.T.);
#1912=CARTESIAN_POINT('',(-1.47,-11.15,-0.33));
#1913=DIRECTION('',(0.0,-0.0,1.0));
#1914=DIRECTION('',(0.0,1.0,0.0));
#1915=SURFACE_STYLE_FILL_AREA(#3010);
#1916=ORIENTED_EDGE('',*,*,#2992,.F.);
#1917=ORIENTED_EDGE('',*,*,#3011,.F.);
#1918=ORIENTED_EDGE('',*,*,#3012,.F.);
#1919=ORIENTED_EDGE('',*,*,#3013,.T.);
#1920=CARTESIAN_POINT('',(-0.965,-4.375563999505,3.452912));
#1921=DIRECTION('',(0.0,0.0,1.0));
#1922=DIRECTION('',(-0.579482174471325,-0.814984913645636,0.0));
#1923=SURFACE_STYLE_FILL_AREA(#3014);
#1924=ORIENTED_EDGE('',*,*,#3013,.F.);
#1925=ORIENTED_EDGE('',*,*,#3015,.F.);
#1926=ORIENTED_EDGE('',*,*,#3016,.F.);
#1927=ORIENTED_EDGE('',*,*,#2993,.T.);
#1928=CARTESIAN_POINT('',(-1.465,-3.65,-0.33));
#1929=DIRECTION('',(1.0,0.0,0.0));
#1930=DIRECTION('',(0.0,-1.0,-0.0));
#1931=SURFACE_STYLE_FILL_AREA(#3017);
#1932=ORIENTED_EDGE('',*,*,#3012,.T.);
#1933=ORIENTED_EDGE('',*,*,#3018,.T.);
#1934=ORIENTED_EDGE('',*,*,#3019,.T.);
#1935=ORIENTED_EDGE('',*,*,#3020,.T.);
#1936=ORIENTED_EDGE('',*,*,#3021,.T.);
#1937=ORIENTED_EDGE('',*,*,#3022,.F.);
#1938=ORIENTED_EDGE('',*,*,#3023,.T.);
#1939=ORIENTED_EDGE('',*,*,#3024,.F.);
#1940=ORIENTED_EDGE('',*,*,#3025,.F.);
#1941=ORIENTED_EDGE('',*,*,#3026,.F.);
#1942=ORIENTED_EDGE('',*,*,#3027,.T.);
#1943=ORIENTED_EDGE('',*,*,#3028,.F.);
#1944=ORIENTED_EDGE('',*,*,#3029,.T.);
#1945=ORIENTED_EDGE('',*,*,#3030,.F.);
#1946=ORIENTED_EDGE('',*,*,#3031,.T.);
#1947=ORIENTED_EDGE('',*,*,#3032,.F.);
#1948=ORIENTED_EDGE('',*,*,#2988,.T.);
#1949=ORIENTED_EDGE('',*,*,#2986,.F.);
#1950=ORIENTED_EDGE('',*,*,#3033,.F.);
#1951=ORIENTED_EDGE('',*,*,#3015,.T.);
#1952=CARTESIAN_POINT('',(-1.47,-3.65,0.31));
#1953=DIRECTION('',(0.0,0.0,-1.0));
#1954=DIRECTION('',(-1.0,0.0,0.0));
#1955=SURFACE_STYLE_FILL_AREA(#3034);
#1956=ORIENTED_EDGE('',*,*,#3035,.F.);
#1957=ORIENTED_EDGE('',*,*,#2995,.F.);
#1958=ORIENTED_EDGE('',*,*,#2989,.T.);
#1959=ORIENTED_EDGE('',*,*,#3032,.T.);
#1960=CARTESIAN_POINT('',(-1.075,-4.42005189149,-0.33));
#1961=DIRECTION('',(0.579482174471325,0.814984913645636,-0.0));
#1962=DIRECTION('',(0.0,0.0,1.0));
#1963=SURFACE_STYLE_FILL_AREA(#3036);
#1964=ORIENTED_EDGE('',*,*,#3031,.F.);
#1965=ORIENTED_EDGE('',*,*,#3037,.F.);
#1966=ORIENTED_EDGE('',*,*,#2996,.F.);
#1967=ORIENTED_EDGE('',*,*,#3035,.T.);
#1968=CARTESIAN_POINT('',(-0.9,-5.157991171669,-3.472912));
#1969=DIRECTION('',(0.0,0.0,-1.0));
#1970=DIRECTION('',(1.0,0.0,0.0));
#1971=SURFACE_STYLE_FILL_AREA(#3038);
#1972=ORIENTED_EDGE('',*,*,#3037,.T.);
#1973=ORIENTED_EDGE('',*,*,#3030,.T.);
#1974=ORIENTED_EDGE('',*,*,#3039,.T.);
#1975=ORIENTED_EDGE('',*,*,#2997,.F.);
#1976=CARTESIAN_POINT('',(-0.4,-4.9,0.95));
#1977=DIRECTION('',(1.0,0.0,0.0));
#1978=DIRECTION('',(0.0,-1.0,-0.0));
#1979=SURFACE_STYLE_FILL_AREA(#3040);
#1980=ORIENTED_EDGE('',*,*,#3041,.T.);
#1981=ORIENTED_EDGE('',*,*,#2998,.F.);
#1982=ORIENTED_EDGE('',*,*,#3039,.F.);
#1983=ORIENTED_EDGE('',*,*,#3029,.F.);
#1984=CARTESIAN_POINT('',(-0.15,-7.296446609407,3.452912));
#1985=DIRECTION('',(0.0,0.0,1.0));
#1986=DIRECTION('',(-0.707106781186548,-0.707106781186548,0.0));
#1987=SURFACE_STYLE_FILL_AREA(#3042);
#1988=ORIENTED_EDGE('',*,*,#3043,.F.);
#1989=ORIENTED_EDGE('',*,*,#2999,.F.);
#1990=ORIENTED_EDGE('',*,*,#3041,.F.);
#1991=ORIENTED_EDGE('',*,*,#3028,.T.);
#1992=CARTESIAN_POINT('',(-0.4,-7.4,0.95));
#1993=DIRECTION('',(0.707106781186548,0.707106781186548,-0.0));
#1994=DIRECTION('',(0.0,0.0,1.0));
#1995=SURFACE_STYLE_FILL_AREA(#3044);
#1996=ORIENTED_EDGE('',*,*,#3027,.F.);
#1997=ORIENTED_EDGE('',*,*,#3045,.F.);
#1998=ORIENTED_EDGE('',*,*,#3000,.F.);
#1999=ORIENTED_EDGE('',*,*,#3043,.T.);
#2000=CARTESIAN_POINT('',(2.0,-10.5071067811865,-3.472912));
#2001=DIRECTION('',(0.0,0.0,-1.0));
#2002=DIRECTION('',(1.0,0.0,0.0));
#2003=SURFACE_STYLE_FILL_AREA(#3046);
#2004=ORIENTED_EDGE('',*,*,#3045,.T.);
#2005=ORIENTED_EDGE('',*,*,#3026,.T.);
#2006=ORIENTED_EDGE('',*,*,#3047,.T.);
#2007=ORIENTED_EDGE('',*,*,#3048,.T.);
#2008=ORIENTED_EDGE('',*,*,#3049,.T.);
#2009=ORIENTED_EDGE('',*,*,#3001,.F.);
#2010=CARTESIAN_POINT('',(2.5,-10.3,0.95));
#2011=DIRECTION('',(1.0,0.0,0.0));
#2012=DIRECTION('',(0.0,-1.0,-0.0));
#2013=SURFACE_STYLE_FILL_AREA(#3050);
#2014=ORIENTED_EDGE('',*,*,#3049,.F.);
#2015=ORIENTED_EDGE('',*,*,#3051,.F.);
#2016=ORIENTED_EDGE('',*,*,#3052,.F.);
#2017=ORIENTED_EDGE('',*,*,#3002,.T.);
#2018=CARTESIAN_POINT('',(-6.820029491648,-10.9,-0.0800000000000001));
#2019=DIRECTION('',(-1.0,0.0,0.0));
#2020=DIRECTION('',(0.0,-1.0,0.0));
#2021=SURFACE_STYLE_FILL_AREA(#3053);
#2022=ORIENTED_EDGE('',*,*,#3054,.T.);
#2023=ORIENTED_EDGE('',*,*,#3024,.T.);
#2024=ORIENTED_EDGE('',*,*,#3055,.T.);
#2025=ORIENTED_EDGE('',*,*,#3003,.F.);
#2026=ORIENTED_EDGE('',*,*,#3052,.T.);
#2027=ORIENTED_EDGE('',*,*,#3056,.F.);
#2028=CARTESIAN_POINT('',(2.1,-11.15,0.95));
#2029=DIRECTION('',(-1.0,0.0,0.0));
#2030=DIRECTION('',(0.0,0.0,-1.0));
#2031=SURFACE_STYLE_FILL_AREA(#3057);
#2032=ORIENTED_EDGE('',*,*,#3054,.F.);
#2033=ORIENTED_EDGE('',*,*,#3058,.F.);
#2034=ORIENTED_EDGE('',*,*,#3047,.F.);
#2035=ORIENTED_EDGE('',*,*,#3025,.T.);
#2036=CARTESIAN_POINT('',(7.77417539734,-10.9,0.0599999999999999));
#2037=DIRECTION('',(1.0,0.0,0.0));
#2038=DIRECTION('',(0.0,-1.0,0.0));
#2039=SURFACE_STYLE_FILL_AREA(#3059);
#2040=ORIENTED_EDGE('',*,*,#3058,.T.);
#2041=ORIENTED_EDGE('',*,*,#3056,.T.);
#2042=ORIENTED_EDGE('',*,*,#3051,.T.);
#2043=ORIENTED_EDGE('',*,*,#3048,.F.);
#2044=CARTESIAN_POINT('',(2.5,-11.15,0.95));
#2045=DIRECTION('',(0.0,-1.0,0.0));
#2046=DIRECTION('',(1.0,0.0,-0.0));
#2047=SURFACE_STYLE_FILL_AREA(#3060);
#2048=ORIENTED_EDGE('',*,*,#3061,.T.);
#2049=ORIENTED_EDGE('',*,*,#3004,.F.);
#2050=ORIENTED_EDGE('',*,*,#3055,.F.);
#2051=ORIENTED_EDGE('',*,*,#3023,.F.);
#2052=CARTESIAN_POINT('',(1.85,-10.5692388155425,3.452912));
#2053=DIRECTION('',(0.0,-0.0,1.0));
#2054=DIRECTION('',(0.707106781186548,0.707106781186548,0.0));
#2055=SURFACE_STYLE_FILL_AREA(#3062);
#2056=ORIENTED_EDGE('',*,*,#3063,.F.);
#2057=ORIENTED_EDGE('',*,*,#3005,.F.);
#2058=ORIENTED_EDGE('',*,*,#3061,.F.);
#2059=ORIENTED_EDGE('',*,*,#3022,.T.);
#2060=CARTESIAN_POINT('',(2.1,-10.4656854249492,0.95));
#2061=DIRECTION('',(-0.707106781186548,-0.707106781186548,0.0));
#2062=DIRECTION('',(0.0,0.0,1.0));
#2063=SURFACE_STYLE_FILL_AREA(#3064);
#2064=ORIENTED_EDGE('',*,*,#3021,.F.);
#2065=ORIENTED_EDGE('',*,*,#3065,.F.);
#2066=ORIENTED_EDGE('',*,*,#3006,.F.);
#2067=ORIENTED_EDGE('',*,*,#3063,.T.);
#2068=CARTESIAN_POINT('',(-0.3,-7.358578643763,-3.472912));
#2069=DIRECTION('',(0.0,0.0,-1.0));
#2070=DIRECTION('',(-1.0,0.0,0.0));
#2071=SURFACE_STYLE_FILL_AREA(#3066);
#2072=ORIENTED_EDGE('',*,*,#3065,.T.);
#2073=ORIENTED_EDGE('',*,*,#3020,.F.);
#2074=ORIENTED_EDGE('',*,*,#3067,.T.);
#2075=ORIENTED_EDGE('',*,*,#3007,.F.);
#2076=CARTESIAN_POINT('',(-0.8,-7.565685424949,0.95));
#2077=DIRECTION('',(-1.0,0.0,0.0));
#2078=DIRECTION('',(0.0,0.0,-1.0));
#2079=SURFACE_STYLE_FILL_AREA(#3068);
#2080=ORIENTED_EDGE('',*,*,#3069,.T.);
#2081=ORIENTED_EDGE('',*,*,#3008,.F.);
#2082=ORIENTED_EDGE('',*,*,#3067,.F.);
#2083=ORIENTED_EDGE('',*,*,#3019,.F.);
#2084=CARTESIAN_POINT('',(-1.05,-5.23538852317,3.452912));
#2085=DIRECTION('',(0.0,-0.0,1.0));
#2086=DIRECTION('',(0.579482174471325,0.814984913645636,0.0));
#2087=SURFACE_STYLE_FILL_AREA(#3070);
#2088=ORIENTED_EDGE('',*,*,#3011,.T.);
#2089=ORIENTED_EDGE('',*,*,#3009,.F.);
#2090=ORIENTED_EDGE('',*,*,#3069,.F.);
#2091=ORIENTED_EDGE('',*,*,#3018,.F.);
#2092=CARTESIAN_POINT('',(-0.8,-5.106392937336,0.95));
#2093=DIRECTION('',(-0.579482174471325,-0.814984913645636,0.0));
#2094=DIRECTION('',(0.0,0.0,1.0));
#2095=SURFACE_STYLE_FILL_AREA(#3071);
#2096=FACE_OUTER_BOUND('',#3072,.T.);
#2097=PLANE('',#3073);
#2098=FACE_OUTER_BOUND('',#3074,.T.);
#2099=B_SPLINE_SURFACE_WITH_KNOTS('',3,1,((#3075,#3076),(#3077,#3078),(#3079,#3080),(#3081,#3082),(#3083,#3084),(#3085,#3086)),.UNSPECIFIED.,.F.,.F.,.F.,(4,1,1,4),(2,2),(0.0120084436261364,0.5,0.75,0.987656353032163),(-17.8705784412137,-17.4664279766863),.UNSPECIFIED.);
#2100=FACE_OUTER_BOUND('',#3087,.T.);
#2101=PLANE('',#3088);
#2102=FACE_OUTER_BOUND('',#3089,.T.);
#2103=B_SPLINE_SURFACE_WITH_KNOTS('',3,1,((#3090,#3091),(#3092,#3093),(#3094,#3095),(#3096,#3097),(#3098,#3099),(#3100,#3101)),.UNSPECIFIED.,.F.,.F.,.F.,(4,1,1,4),(2,2),(0.0120084436261353,0.5,0.75,0.987656353032703),(-17.8710855798637,-17.4669351153363),.UNSPECIFIED.);
#2104=FACE_OUTER_BOUND('',#3102,.T.);
#2105=PLANE('',#3103);
#2106=FACE_OUTER_BOUND('',#3104,.T.);
#2107=CYLINDRICAL_SURFACE('',#3105,0.1);
#2108=FACE_OUTER_BOUND('',#3106,.T.);
#2109=CYLINDRICAL_SURFACE('',#3107,0.1);
#2110=FACE_OUTER_BOUND('',#3108,.T.);
#2111=PLANE('',#3109);
#2112=FACE_OUTER_BOUND('',#3110,.T.);
#2113=CYLINDRICAL_SURFACE('',#3111,0.175);
#2114=FACE_OUTER_BOUND('',#3112,.T.);
#2115=CYLINDRICAL_SURFACE('',#3113,0.175);
#2116=FACE_OUTER_BOUND('',#3114,.T.);
#2117=CYLINDRICAL_SURFACE('',#3115,0.1);
#2118=FACE_OUTER_BOUND('',#3116,.T.);
#2119=CYLINDRICAL_SURFACE('',#3117,0.1);
#2120=FACE_OUTER_BOUND('',#3118,.T.);
#2121=PLANE('',#3119);
#2122=FACE_OUTER_BOUND('',#3120,.T.);
#2123=PLANE('',#3121);
#2124=FACE_OUTER_BOUND('',#3122,.T.);
#2125=PLANE('',#3123);
#2126=FACE_OUTER_BOUND('',#3124,.T.);
#2127=PLANE('',#3125);
#2128=FACE_OUTER_BOUND('',#3126,.T.);
#2129=PLANE('',#3127);
#2130=FACE_OUTER_BOUND('',#3128,.T.);
#2131=CYLINDRICAL_SURFACE('',#3129,0.1);
#2132=FACE_OUTER_BOUND('',#3130,.T.);
#2133=CYLINDRICAL_SURFACE('',#3131,0.1);
#2134=FACE_OUTER_BOUND('',#3132,.T.);
#2135=PLANE('',#3133);
#2136=FACE_OUTER_BOUND('',#3134,.T.);
#2137=CYLINDRICAL_SURFACE('',#3135,0.175);
#2138=FACE_OUTER_BOUND('',#3136,.T.);
#2139=CYLINDRICAL_SURFACE('',#3137,0.175);
#2140=FACE_OUTER_BOUND('',#3138,.T.);
#2141=CYLINDRICAL_SURFACE('',#3139,0.1);
#2142=FACE_OUTER_BOUND('',#3140,.T.);
#2143=CYLINDRICAL_SURFACE('',#3141,0.1);
#2144=FACE_OUTER_BOUND('',#3142,.T.);
#2145=PLANE('',#3143);
#2146=FACE_OUTER_BOUND('',#3144,.T.);
#2147=CYLINDRICAL_SURFACE('',#3145,2.0);
#2148=FACE_OUTER_BOUND('',#3146,.T.);
#2149=CYLINDRICAL_SURFACE('',#3147,0.3);
#2150=FACE_OUTER_BOUND('',#3148,.T.);
#2151=PLANE('',#3149);
#2152=FACE_OUTER_BOUND('',#3150,.T.);
#2153=CYLINDRICAL_SURFACE('',#3151,0.375);
#2154=FACE_OUTER_BOUND('',#3152,.T.);
#2155=PLANE('',#3153);
#2156=FACE_OUTER_BOUND('',#3154,.T.);
#2157=CYLINDRICAL_SURFACE('',#3155,0.3);
#2158=FACE_OUTER_BOUND('',#3156,.T.);
#2159=CYLINDRICAL_SURFACE('',#3157,2.0);
#2160=FACE_OUTER_BOUND('',#3158,.T.);
#2161=PLANE('',#3159);
#2162=FACE_OUTER_BOUND('',#3160,.T.);
#2163=FACE_BOUND('',#3161,.T.);
#2164=PLANE('',#3162);
#2165=SURFACE_STYLE_FILL_AREA(#3163);
#2166=ORIENTED_EDGE('',*,*,#3164,.F.);
#2167=ORIENTED_EDGE('',*,*,#3165,.F.);
#2168=ORIENTED_EDGE('',*,*,#3166,.T.);
#2169=ORIENTED_EDGE('',*,*,#3167,.T.);
#2170=CARTESIAN_POINT('',(-1.075,-5.692581782635,2.21));
#2171=DIRECTION('',(-1.0,0.0,0.0));
#2172=DIRECTION('',(0.0,0.0,-1.0));
#2173=SURFACE_STYLE_FILL_AREA(#3168);
#2174=ORIENTED_EDGE('',*,*,#3164,.T.);
#2175=ORIENTED_EDGE('',*,*,#3169,.F.);
#2176=ORIENTED_EDGE('',*,*,#3170,.F.);
#2177=ORIENTED_EDGE('',*,*,#3171,.F.);
#2178=CARTESIAN_POINT('',(-0.825,-4.291056305656,-0.932912));
#2179=DIRECTION('',(0.0,0.0,-1.0));
#2180=DIRECTION('',(-1.0,0.0,0.0));
#2181=SURFACE_STYLE_FILL_AREA(#3172);
#2182=ORIENTED_EDGE('',*,*,#3173,.T.);
#2183=ORIENTED_EDGE('',*,*,#3174,.F.);
#2184=ORIENTED_EDGE('',*,*,#3175,.T.);
#2185=ORIENTED_EDGE('',*,*,#3165,.T.);
#2186=ORIENTED_EDGE('',*,*,#3171,.T.);
#2187=ORIENTED_EDGE('',*,*,#3176,.T.);
#2188=ORIENTED_EDGE('',*,*,#3177,.T.);
#2189=ORIENTED_EDGE('',*,*,#3178,.T.);
#2190=ORIENTED_EDGE('',*,*,#3179,.T.);
#2191=ORIENTED_EDGE('',*,*,#3180,.T.);
#2192=ORIENTED_EDGE('',*,*,#3181,.T.);
#2193=ORIENTED_EDGE('',*,*,#3182,.T.);
#2194=ORIENTED_EDGE('',*,*,#3183,.F.);
#2195=ORIENTED_EDGE('',*,*,#3184,.T.);
#2196=ORIENTED_EDGE('',*,*,#3185,.T.);
#2197=ORIENTED_EDGE('',*,*,#3186,.T.);
#2198=ORIENTED_EDGE('',*,*,#3187,.T.);
#2199=ORIENTED_EDGE('',*,*,#3188,.T.);
#2200=ORIENTED_EDGE('',*,*,#3189,.T.);
#2201=ORIENTED_EDGE('',*,*,#3190,.T.);
#2202=CARTESIAN_POINT('',(-1.47,-11.15,2.21));
#2203=DIRECTION('',(0.0,-0.0,1.0));
#2204=DIRECTION('',(0.0,1.0,0.0));
#2205=SURFACE_STYLE_FILL_AREA(#3191);
#2206=ORIENTED_EDGE('',*,*,#3173,.F.);
#2207=ORIENTED_EDGE('',*,*,#3192,.F.);
#2208=ORIENTED_EDGE('',*,*,#3193,.F.);
#2209=ORIENTED_EDGE('',*,*,#3194,.T.);
#2210=CARTESIAN_POINT('',(-0.965,-4.375563999505,5.992912));
#2211=DIRECTION('',(0.0,0.0,1.0));
#2212=DIRECTION('',(-0.579482174471325,-0.814984913645636,0.0));
#2213=SURFACE_STYLE_FILL_AREA(#3195);
#2214=ORIENTED_EDGE('',*,*,#3194,.F.);
#2215=ORIENTED_EDGE('',*,*,#3196,.F.);
#2216=ORIENTED_EDGE('',*,*,#3197,.F.);
#2217=ORIENTED_EDGE('',*,*,#3174,.T.);
#2218=CARTESIAN_POINT('',(-1.465,-3.65,2.21));
#2219=DIRECTION('',(1.0,0.0,0.0));
#2220=DIRECTION('',(0.0,-1.0,-0.0));
#2221=SURFACE_STYLE_FILL_AREA(#3198);
#2222=ORIENTED_EDGE('',*,*,#3193,.T.);
#2223=ORIENTED_EDGE('',*,*,#3199,.T.);
#2224=ORIENTED_EDGE('',*,*,#3200,.T.);
#2225=ORIENTED_EDGE('',*,*,#3201,.T.);
#2226=ORIENTED_EDGE('',*,*,#3202,.T.);
#2227=ORIENTED_EDGE('',*,*,#3203,.F.);
#2228=ORIENTED_EDGE('',*,*,#3204,.T.);
#2229=ORIENTED_EDGE('',*,*,#3205,.F.);
#2230=ORIENTED_EDGE('',*,*,#3206,.F.);
#2231=ORIENTED_EDGE('',*,*,#3207,.F.);
#2232=ORIENTED_EDGE('',*,*,#3208,.T.);
#2233=ORIENTED_EDGE('',*,*,#3209,.F.);
#2234=ORIENTED_EDGE('',*,*,#3210,.T.);
#2235=ORIENTED_EDGE('',*,*,#3211,.F.);
#2236=ORIENTED_EDGE('',*,*,#3212,.T.);
#2237=ORIENTED_EDGE('',*,*,#3213,.F.);
#2238=ORIENTED_EDGE('',*,*,#3169,.T.);
#2239=ORIENTED_EDGE('',*,*,#3167,.F.);
#2240=ORIENTED_EDGE('',*,*,#3214,.F.);
#2241=ORIENTED_EDGE('',*,*,#3196,.T.);
#2242=CARTESIAN_POINT('',(-1.47,-3.65,2.85));
#2243=DIRECTION('',(0.0,0.0,-1.0));
#2244=DIRECTION('',(-1.0,0.0,0.0));
#2245=SURFACE_STYLE_FILL_AREA(#3215);
#2246=ORIENTED_EDGE('',*,*,#3216,.F.);
#2247=ORIENTED_EDGE('',*,*,#3176,.F.);
#2248=ORIENTED_EDGE('',*,*,#3170,.T.);
#2249=ORIENTED_EDGE('',*,*,#3213,.T.);
#2250=CARTESIAN_POINT('',(-1.075,-4.42005189149,2.21));
#2251=DIRECTION('',(0.579482174471325,0.814984913645636,-0.0));
#2252=DIRECTION('',(0.0,0.0,1.0));
#2253=SURFACE_STYLE_FILL_AREA(#3217);
#2254=ORIENTED_EDGE('',*,*,#3212,.F.);
#2255=ORIENTED_EDGE('',*,*,#3218,.F.);
#2256=ORIENTED_EDGE('',*,*,#3177,.F.);
#2257=ORIENTED_EDGE('',*,*,#3216,.T.);
#2258=CARTESIAN_POINT('',(-0.9,-5.157991171669,-0.932912));
#2259=DIRECTION('',(0.0,0.0,-1.0));
#2260=DIRECTION('',(1.0,0.0,0.0));
#2261=SURFACE_STYLE_FILL_AREA(#3219);
#2262=ORIENTED_EDGE('',*,*,#3218,.T.);
#2263=ORIENTED_EDGE('',*,*,#3211,.T.);
#2264=ORIENTED_EDGE('',*,*,#3220,.T.);
#2265=ORIENTED_EDGE('',*,*,#3178,.F.);
#2266=CARTESIAN_POINT('',(-0.4,-4.9,3.49));
#2267=DIRECTION('',(1.0,0.0,0.0));
#2268=DIRECTION('',(0.0,-1.0,-0.0));
#2269=SURFACE_STYLE_FILL_AREA(#3221);
#2270=ORIENTED_EDGE('',*,*,#3222,.T.);
#2271=ORIENTED_EDGE('',*,*,#3179,.F.);
#2272=ORIENTED_EDGE('',*,*,#3220,.F.);
#2273=ORIENTED_EDGE('',*,*,#3210,.F.);
#2274=CARTESIAN_POINT('',(-0.15,-7.296446609407,5.992912));
#2275=DIRECTION('',(0.0,0.0,1.0));
#2276=DIRECTION('',(-0.707106781186548,-0.707106781186548,0.0));
#2277=SURFACE_STYLE_FILL_AREA(#3223);
#2278=ORIENTED_EDGE('',*,*,#3224,.F.);
#2279=ORIENTED_EDGE('',*,*,#3180,.F.);
#2280=ORIENTED_EDGE('',*,*,#3222,.F.);
#2281=ORIENTED_EDGE('',*,*,#3209,.T.);
#2282=CARTESIAN_POINT('',(-0.4,-7.4,3.49));
#2283=DIRECTION('',(0.707106781186548,0.707106781186548,-0.0));
#2284=DIRECTION('',(0.0,0.0,1.0));
#2285=SURFACE_STYLE_FILL_AREA(#3225);
#2286=ORIENTED_EDGE('',*,*,#3208,.F.);
#2287=ORIENTED_EDGE('',*,*,#3226,.F.);
#2288=ORIENTED_EDGE('',*,*,#3181,.F.);
#2289=ORIENTED_EDGE('',*,*,#3224,.T.);
#2290=CARTESIAN_POINT('',(2.0,-10.5071067811865,-0.932912));
#2291=DIRECTION('',(0.0,0.0,-1.0));
#2292=DIRECTION('',(1.0,0.0,0.0));
#2293=SURFACE_STYLE_FILL_AREA(#3227);
#2294=ORIENTED_EDGE('',*,*,#3226,.T.);
#2295=ORIENTED_EDGE('',*,*,#3207,.T.);
#2296=ORIENTED_EDGE('',*,*,#3228,.T.);
#2297=ORIENTED_EDGE('',*,*,#3229,.T.);
#2298=ORIENTED_EDGE('',*,*,#3230,.T.);
#2299=ORIENTED_EDGE('',*,*,#3182,.F.);
#2300=CARTESIAN_POINT('',(2.5,-10.3,3.49));
#2301=DIRECTION('',(1.0,0.0,0.0));
#2302=DIRECTION('',(0.0,-1.0,-0.0));
#2303=SURFACE_STYLE_FILL_AREA(#3231);
#2304=ORIENTED_EDGE('',*,*,#3230,.F.);
#2305=ORIENTED_EDGE('',*,*,#3232,.F.);
#2306=ORIENTED_EDGE('',*,*,#3233,.F.);
#2307=ORIENTED_EDGE('',*,*,#3183,.T.);
#2308=CARTESIAN_POINT('',(-6.820029491648,-10.9,2.46));
#2309=DIRECTION('',(-1.0,0.0,0.0));
#2310=DIRECTION('',(0.0,-1.0,0.0));
#2311=SURFACE_STYLE_FILL_AREA(#3234);
#2312=ORIENTED_EDGE('',*,*,#3235,.T.);
#2313=ORIENTED_EDGE('',*,*,#3205,.T.);
#2314=ORIENTED_EDGE('',*,*,#3236,.T.);
#2315=ORIENTED_EDGE('',*,*,#3184,.F.);
#2316=ORIENTED_EDGE('',*,*,#3233,.T.);
#2317=ORIENTED_EDGE('',*,*,#3237,.F.);
#2318=CARTESIAN_POINT('',(2.1,-11.15,3.49));
#2319=DIRECTION('',(-1.0,0.0,0.0));
#2320=DIRECTION('',(0.0,0.0,-1.0));
#2321=SURFACE_STYLE_FILL_AREA(#3238);
#2322=ORIENTED_EDGE('',*,*,#3235,.F.);
#2323=ORIENTED_EDGE('',*,*,#3239,.F.);
#2324=ORIENTED_EDGE('',*,*,#3228,.F.);
#2325=ORIENTED_EDGE('',*,*,#3206,.T.);
#2326=CARTESIAN_POINT('',(7.77417539734,-10.9,2.6));
#2327=DIRECTION('',(1.0,0.0,0.0));
#2328=DIRECTION('',(0.0,-1.0,0.0));
#2329=SURFACE_STYLE_FILL_AREA(#3240);
#2330=ORIENTED_EDGE('',*,*,#3239,.T.);
#2331=ORIENTED_EDGE('',*,*,#3237,.T.);
#2332=ORIENTED_EDGE('',*,*,#3232,.T.);
#2333=ORIENTED_EDGE('',*,*,#3229,.F.);
#2334=CARTESIAN_POINT('',(2.5,-11.15,3.49));
#2335=DIRECTION('',(0.0,-1.0,0.0));
#2336=DIRECTION('',(1.0,0.0,-0.0));
#2337=SURFACE_STYLE_FILL_AREA(#3241);
#2338=ORIENTED_EDGE('',*,*,#3242,.T.);
#2339=ORIENTED_EDGE('',*,*,#3185,.F.);
#2340=ORIENTED_EDGE('',*,*,#3236,.F.);
#2341=ORIENTED_EDGE('',*,*,#3204,.F.);
#2342=CARTESIAN_POINT('',(1.85,-10.5692388155425,5.992912));
#2343=DIRECTION('',(0.0,-0.0,1.0));
#2344=DIRECTION('',(0.707106781186548,0.707106781186548,0.0));
#2345=SURFACE_STYLE_FILL_AREA(#3243);
#2346=ORIENTED_EDGE('',*,*,#3244,.F.);
#2347=ORIENTED_EDGE('',*,*,#3186,.F.);
#2348=ORIENTED_EDGE('',*,*,#3242,.F.);
#2349=ORIENTED_EDGE('',*,*,#3203,.T.);
#2350=CARTESIAN_POINT('',(2.1,-10.4656854249492,3.49));
#2351=DIRECTION('',(-0.707106781186548,-0.707106781186548,0.0));
#2352=DIRECTION('',(0.0,0.0,1.0));
#2353=SURFACE_STYLE_FILL_AREA(#3245);
#2354=ORIENTED_EDGE('',*,*,#3202,.F.);
#2355=ORIENTED_EDGE('',*,*,#3246,.F.);
#2356=ORIENTED_EDGE('',*,*,#3187,.F.);
#2357=ORIENTED_EDGE('',*,*,#3244,.T.);
#2358=CARTESIAN_POINT('',(-0.3,-7.358578643763,-0.932912));
#2359=DIRECTION('',(0.0,0.0,-1.0));
#2360=DIRECTION('',(-1.0,0.0,0.0));
#2361=SURFACE_STYLE_FILL_AREA(#3247);
#2362=ORIENTED_EDGE('',*,*,#3246,.T.);
#2363=ORIENTED_EDGE('',*,*,#3201,.F.);
#2364=ORIENTED_EDGE('',*,*,#3248,.T.);
#2365=ORIENTED_EDGE('',*,*,#3188,.F.);
#2366=CARTESIAN_POINT('',(-0.8,-7.565685424949,3.49));
#2367=DIRECTION('',(-1.0,0.0,0.0));
#2368=DIRECTION('',(0.0,0.0,-1.0));
#2369=SURFACE_STYLE_FILL_AREA(#3249);
#2370=ORIENTED_EDGE('',*,*,#3250,.T.);
#2371=ORIENTED_EDGE('',*,*,#3189,.F.);
#2372=ORIENTED_EDGE('',*,*,#3248,.F.);
#2373=ORIENTED_EDGE('',*,*,#3200,.F.);
#2374=CARTESIAN_POINT('',(-1.05,-5.23538852317,5.992912));
#2375=DIRECTION('',(0.0,-0.0,1.0));
#2376=DIRECTION('',(0.579482174471325,0.814984913645636,0.0));
#2377=SURFACE_STYLE_FILL_AREA(#3251);
#2378=ORIENTED_EDGE('',*,*,#3192,.T.);
#2379=ORIENTED_EDGE('',*,*,#3190,.F.);
#2380=ORIENTED_EDGE('',*,*,#3250,.F.);
#2381=ORIENTED_EDGE('',*,*,#3199,.F.);
#2382=CARTESIAN_POINT('',(-0.8,-5.106392937336,3.49));
#2383=DIRECTION('',(-0.579482174471325,-0.814984913645636,0.0));
#2384=DIRECTION('',(0.0,0.0,1.0));
#2385=SURFACE_STYLE_FILL_AREA(#3252);
#2386=FACE_OUTER_BOUND('',#3253,.T.);
#2387=PLANE('',#3254);
#2388=FACE_OUTER_BOUND('',#3255,.T.);
#2389=B_SPLINE_SURFACE_WITH_KNOTS('',3,1,((#3256,#3257),(#3258,#3259),(#3260,#3261),(#3262,#3263),(#3264,#3265),(#3266,#3267)),.UNSPECIFIED.,.F.,.F.,.F.,(4,1,1,4),(2,2),(0.0120084436261364,0.5,0.75,0.987656353032163),(-17.8705784412137,-17.4664279766863),.UNSPECIFIED.);
#2390=FACE_OUTER_BOUND('',#3268,.T.);
#2391=PLANE('',#3269);
#2392=FACE_OUTER_BOUND('',#3270,.T.);
#2393=B_SPLINE_SURFACE_WITH_KNOTS('',3,1,((#3271,#3272),(#3273,#3274),(#3275,#3276),(#3277,#3278),(#3279,#3280),(#3281,#3282)),.UNSPECIFIED.,.F.,.F.,.F.,(4,1,1,4),(2,2),(0.0120084436261353,0.5,0.75,0.987656353032703),(-17.8710855798637,-17.4669351153363),.UNSPECIFIED.);
#2394=FACE_OUTER_BOUND('',#3283,.T.);
#2395=PLANE('',#3284);
#2396=FACE_OUTER_BOUND('',#3285,.T.);
#2397=CYLINDRICAL_SURFACE('',#3286,0.1);
#2398=FACE_OUTER_BOUND('',#3287,.T.);
#2399=CYLINDRICAL_SURFACE('',#3288,0.1);
#2400=FACE_OUTER_BOUND('',#3289,.T.);
#2401=PLANE('',#3290);
#2402=FACE_OUTER_BOUND('',#3291,.T.);
#2403=CYLINDRICAL_SURFACE('',#3292,0.175);
#2404=FACE_OUTER_BOUND('',#3293,.T.);
#2405=CYLINDRICAL_SURFACE('',#3294,0.175);
#2406=FACE_OUTER_BOUND('',#3295,.T.);
#2407=CYLINDRICAL_SURFACE('',#3296,0.1);
#2408=FACE_OUTER_BOUND('',#3297,.T.);
#2409=CYLINDRICAL_SURFACE('',#3298,0.1);
#2410=FACE_OUTER_BOUND('',#3299,.T.);
#2411=PLANE('',#3300);
#2412=FACE_OUTER_BOUND('',#3301,.T.);
#2413=PLANE('',#3302);
#2414=FACE_OUTER_BOUND('',#3303,.T.);
#2415=PLANE('',#3304);
#2416=FACE_OUTER_BOUND('',#3305,.T.);
#2417=PLANE('',#3306);
#2418=FACE_OUTER_BOUND('',#3307,.T.);
#2419=PLANE('',#3308);
#2420=FACE_OUTER_BOUND('',#3309,.T.);
#2421=CYLINDRICAL_SURFACE('',#3310,0.1);
#2422=FACE_OUTER_BOUND('',#3311,.T.);
#2423=CYLINDRICAL_SURFACE('',#3312,0.1);
#2424=FACE_OUTER_BOUND('',#3313,.T.);
#2425=PLANE('',#3314);
#2426=FACE_OUTER_BOUND('',#3315,.T.);
#2427=CYLINDRICAL_SURFACE('',#3316,0.175);
#2428=FACE_OUTER_BOUND('',#3317,.T.);
#2429=CYLINDRICAL_SURFACE('',#3318,0.175);
#2430=FACE_OUTER_BOUND('',#3319,.T.);
#2431=CYLINDRICAL_SURFACE('',#3320,0.1);
#2432=FACE_OUTER_BOUND('',#3321,.T.);
#2433=CYLINDRICAL_SURFACE('',#3322,0.1);
#2434=FACE_OUTER_BOUND('',#3323,.T.);
#2435=PLANE('',#3324);
#2436=FACE_OUTER_BOUND('',#3325,.T.);
#2437=CYLINDRICAL_SURFACE('',#3326,2.0);
#2438=FACE_OUTER_BOUND('',#3327,.T.);
#2439=CYLINDRICAL_SURFACE('',#3328,0.3);
#2440=FACE_OUTER_BOUND('',#3329,.T.);
#2441=PLANE('',#3330);
#2442=FACE_OUTER_BOUND('',#3331,.T.);
#2443=CYLINDRICAL_SURFACE('',#3332,0.375);
#2444=FACE_OUTER_BOUND('',#3333,.T.);
#2445=PLANE('',#3334);
#2446=FACE_OUTER_BOUND('',#3335,.T.);
#2447=CYLINDRICAL_SURFACE('',#3336,0.3);
#2448=FACE_OUTER_BOUND('',#3337,.T.);
#2449=CYLINDRICAL_SURFACE('',#3338,2.0);
#2450=FACE_OUTER_BOUND('',#3339,.T.);
#2451=PLANE('',#3340);
#2452=FACE_OUTER_BOUND('',#3341,.T.);
#2453=FACE_BOUND('',#3342,.T.);
#2454=PLANE('',#3343);
#2455=FILL_AREA_STYLE('',(#3344));
#2456=EDGE_LOOP('',(#3345,#3346,#3347,#3348));
#2457=AXIS2_PLACEMENT_3D('',#3349,#3350,#3351);
#2458=EDGE_LOOP('',(#3352,#3353,#3354,#3355));
#2459=EDGE_LOOP('',(#3356,#3357,#3358,#3359));
#2460=EDGE_LOOP('',(#3360,#3361,#3362,#3363));
#2461=EDGE_LOOP('',(#3364,#3365,#3366,#3367));
#2462=EDGE_LOOP('',(#3368,#3369,#3370,#3371));
#2463=AXIS2_PLACEMENT_3D('',#3372,#3373,#3374);
#2464=EDGE_LOOP('',(#3375,#3376,#3377,#3378));
#2465=AXIS2_PLACEMENT_3D('',#3379,#3380,#3381);
#2466=EDGE_LOOP('',(#3382,#3383,#3384,#3385,#3386,#3387,#3388,#3389));
#2467=AXIS2_PLACEMENT_3D('',#3390,#3391,#3392);
#2468=EDGE_LOOP('',(#3393,#3394,#3395,#3396));
#2469=EDGE_LOOP('',(#3397,#3398,#3399,#3400,#3401,#3402,#3403,#3404,#3405,#3406,#3407,#3408));
#2470=EDGE_LOOP('',(#3409,#3410,#3411,#3412,#3413,#3414,#3415,#3416,#3417,#3418,#3419,#3420));
#2471=EDGE_LOOP('',(#3421,#3422,#3423,#3424,#3425,#3426,#3427,#3428,#3429,#3430,#3431,#3432));
#2472=EDGE_LOOP('',(#3433,#3434,#3435,#3436,#3437,#3438,#3439,#3440,#3441,#3442,#3443,#3444));
#2473=AXIS2_PLACEMENT_3D('',#3445,#3446,#3447);
#2474=EDGE_LOOP('',(#3448,#3449,#3450,#3451,#3452,#3453,#3454,#3455));
#2475=AXIS2_PLACEMENT_3D('',#3456,#3457,#3458);
#2476=EDGE_LOOP('',(#3459,#3460,#3461,#3462));
#2477=AXIS2_PLACEMENT_3D('',#3463,#3464,#3465);
#2478=EDGE_LOOP('',(#3466,#3467,#3468,#3469));
#2479=AXIS2_PLACEMENT_3D('',#3470,#3471,#3472);
#2480=EDGE_LOOP('',(#3473,#3474,#3475,#3476));
#2481=AXIS2_PLACEMENT_3D('',#3477,#3478,#3479);
#2482=EDGE_LOOP('',(#3480,#3481,#3482,#3483,#3484,#3485,#3486,#3487));
#2483=AXIS2_PLACEMENT_3D('',#3488,#3489,#3490);
#2484=EDGE_LOOP('',(#3491,#3492,#3493,#3494));
#2485=AXIS2_PLACEMENT_3D('',#3495,#3496,#3497);
#2486=EDGE_LOOP('',(#3498,#3499,#3500,#3501));
#2487=AXIS2_PLACEMENT_3D('',#3502,#3503,#3504);
#2488=EDGE_LOOP('',(#3505,#3506,#3507,#3508));
#2489=AXIS2_PLACEMENT_3D('',#3509,#3510,#3511);
#2490=EDGE_LOOP('',(#3512,#3513,#3514,#3515,#3516,#3517,#3518,#3519));
#2491=AXIS2_PLACEMENT_3D('',#3520,#3521,#3522);
#2492=EDGE_LOOP('',(#3523,#3524,#3525,#3526));
#2493=AXIS2_PLACEMENT_3D('',#3527,#3528,#3529);
#2494=EDGE_LOOP('',(#3530,#3531,#3532,#3533));
#2495=AXIS2_PLACEMENT_3D('',#3534,#3535,#3536);
#2496=EDGE_LOOP('',(#3537,#3538,#3539,#3540));
#2497=AXIS2_PLACEMENT_3D('',#3541,#3542,#3543);
#2498=EDGE_LOOP('',(#3544,#3545,#3546,#3547));
#2499=AXIS2_PLACEMENT_3D('',#3548,#3549,#3550);
#2500=EDGE_LOOP('',(#3551,#3552,#3553,#3554));
#2501=AXIS2_PLACEMENT_3D('',#3555,#3556,#3557);
#2502=EDGE_LOOP('',(#3558,#3559,#3560,#3561));
#2503=AXIS2_PLACEMENT_3D('',#3562,#3563,#3564);
#2504=EDGE_LOOP('',(#3565,#3566,#3567,#3568));
#2505=AXIS2_PLACEMENT_3D('',#3569,#3570,#3571);
#2506=EDGE_LOOP('',(#3572,#3573,#3574,#3575));
#2507=AXIS2_PLACEMENT_3D('',#3576,#3577,#3578);
#2508=EDGE_LOOP('',(#3579,#3580,#3581,#3582));
#2509=AXIS2_PLACEMENT_3D('',#3583,#3584,#3585);
#2510=EDGE_LOOP('',(#3586,#3587,#3588,#3589));
#2511=AXIS2_PLACEMENT_3D('',#3590,#3591,#3592);
#2512=EDGE_LOOP('',(#3593,#3594,#3595,#3596,#3597,#3598,#3599,#3600));
#2513=AXIS2_PLACEMENT_3D('',#3601,#3602,#3603);
#2514=EDGE_LOOP('',(#3604,#3605,#3606,#3607));
#2515=AXIS2_PLACEMENT_3D('',#3608,#3609,#3610);
#2516=EDGE_LOOP('',(#3611,#3612,#3613,#3614));
#2517=AXIS2_PLACEMENT_3D('',#3615,#3616,#3617);
#2518=EDGE_LOOP('',(#3618,#3619,#3620,#3621));
#2519=AXIS2_PLACEMENT_3D('',#3622,#3623,#3624);
#2520=EDGE_LOOP('',(#3625,#3626,#3627,#3628));
#2521=AXIS2_PLACEMENT_3D('',#3629,#3630,#3631);
#2522=EDGE_LOOP('',(#3632,#3633,#3634,#3635));
#2523=AXIS2_PLACEMENT_3D('',#3636,#3637,#3638);
#2524=EDGE_LOOP('',(#3639,#3640,#3641,#3642));
#2525=AXIS2_PLACEMENT_3D('',#3643,#3644,#3645);
#2526=EDGE_LOOP('',(#3646,#3647,#3648,#3649,#3650,#3651,#3652,#3653));
#2527=AXIS2_PLACEMENT_3D('',#3654,#3655,#3656);
#2528=EDGE_LOOP('',(#3657,#3658,#3659,#3660));
#2529=AXIS2_PLACEMENT_3D('',#3661,#3662,#3663);
#2530=EDGE_LOOP('',(#3664,#3665,#3666,#3667));
#2531=AXIS2_PLACEMENT_3D('',#3668,#3669,#3670);
#2532=EDGE_LOOP('',(#3671,#3672,#3673,#3674));
#2533=AXIS2_PLACEMENT_3D('',#3675,#3676,#3677);
#2534=EDGE_LOOP('',(#3678,#3679,#3680,#3681));
#2535=AXIS2_PLACEMENT_3D('',#3682,#3683,#3684);
#2536=EDGE_LOOP('',(#3685,#3686,#3687,#3688));
#2537=AXIS2_PLACEMENT_3D('',#3689,#3690,#3691);
#2538=EDGE_LOOP('',(#3692,#3693,#3694,#3695));
#2539=AXIS2_PLACEMENT_3D('',#3696,#3697,#3698);
#2540=EDGE_LOOP('',(#3699,#3700,#3701,#3702));
#2541=AXIS2_PLACEMENT_3D('',#3703,#3704,#3705);
#2542=EDGE_LOOP('',(#3706,#3707,#3708,#3709));
#2543=AXIS2_PLACEMENT_3D('',#3710,#3711,#3712);
#2544=EDGE_LOOP('',(#3713,#3714,#3715,#3716));
#2545=AXIS2_PLACEMENT_3D('',#3717,#3718,#3719);
#2546=EDGE_LOOP('',(#3720,#3721,#3722,#3723));
#2547=AXIS2_PLACEMENT_3D('',#3724,#3725,#3726);
#2548=EDGE_LOOP('',(#3727,#3728,#3729,#3730));
#2549=AXIS2_PLACEMENT_3D('',#3731,#3732,#3733);
#2550=EDGE_LOOP('',(#3734,#3735,#3736,#3737,#3738,#3739,#3740,#3741));
#2551=AXIS2_PLACEMENT_3D('',#3742,#3743,#3744);
#2552=EDGE_LOOP('',(#3745,#3746,#3747,#3748));
#2553=AXIS2_PLACEMENT_3D('',#3749,#3750,#3751);
#2554=EDGE_LOOP('',(#3752,#3753,#3754,#3755));
#2555=AXIS2_PLACEMENT_3D('',#3756,#3757,#3758);
#2556=EDGE_LOOP('',(#3759,#3760,#3761,#3762));
#2557=AXIS2_PLACEMENT_3D('',#3763,#3764,#3765);
#2558=EDGE_LOOP('',(#3766,#3767,#3768,#3769));
#2559=AXIS2_PLACEMENT_3D('',#3770,#3771,#3772);
#2560=EDGE_LOOP('',(#3773,#3774,#3775,#3776));
#2561=AXIS2_PLACEMENT_3D('',#3777,#3778,#3779);
#2562=EDGE_LOOP('',(#3780,#3781,#3782,#3783));
#2563=AXIS2_PLACEMENT_3D('',#3784,#3785,#3786);
#2564=EDGE_LOOP('',(#3787,#3788,#3789,#3790));
#2565=AXIS2_PLACEMENT_3D('',#3791,#3792,#3793);
#2566=EDGE_LOOP('',(#3794,#3795,#3796,#3797));
#2567=AXIS2_PLACEMENT_3D('',#3798,#3799,#3800);
#2568=EDGE_LOOP('',(#3801,#3802,#3803,#3804));
#2569=AXIS2_PLACEMENT_3D('',#3805,#3806,#3807);
#2570=EDGE_LOOP('',(#3808,#3809,#3810,#3811));
#2571=AXIS2_PLACEMENT_3D('',#3812,#3813,#3814);
#2572=EDGE_LOOP('',(#3815,#3816,#3817,#3818,#3819,#3820,#3821,#3822));
#2573=AXIS2_PLACEMENT_3D('',#3823,#3824,#3825);
#2574=EDGE_LOOP('',(#3826,#3827,#3828,#3829));
#2575=AXIS2_PLACEMENT_3D('',#3830,#3831,#3832);
#2576=EDGE_LOOP('',(#3833,#3834,#3835,#3836));
#2577=AXIS2_PLACEMENT_3D('',#3837,#3838,#3839);
#2578=EDGE_LOOP('',(#3840,#3841,#3842,#3843));
#2579=AXIS2_PLACEMENT_3D('',#3844,#3845,#3846);
#2580=EDGE_LOOP('',(#3847,#3848,#3849,#3850));
#2581=AXIS2_PLACEMENT_3D('',#3851,#3852,#3853);
#2582=EDGE_LOOP('',(#3854,#3855,#3856,#3857));
#2583=AXIS2_PLACEMENT_3D('',#3858,#3859,#3860);
#2584=EDGE_LOOP('',(#3861,#3862,#3863,#3864));
#2585=AXIS2_PLACEMENT_3D('',#3865,#3866,#3867);
#2586=EDGE_LOOP('',(#3868,#3869,#3870,#3871));
#2587=AXIS2_PLACEMENT_3D('',#3872,#3873,#3874);
#2588=EDGE_LOOP('',(#3875,#3876,#3877,#3878));
#2589=AXIS2_PLACEMENT_3D('',#3879,#3880,#3881);
#2590=EDGE_LOOP('',(#3882,#3883,#3884,#3885));
#2591=AXIS2_PLACEMENT_3D('',#3886,#3887,#3888);
#2592=EDGE_LOOP('',(#3889,#3890,#3891,#3892));
#2593=AXIS2_PLACEMENT_3D('',#3893,#3894,#3895);
#2594=EDGE_LOOP('',(#3896,#3897,#3898,#3899));
#2595=AXIS2_PLACEMENT_3D('',#3900,#3901,#3902);
#2596=EDGE_LOOP('',(#3903,#3904,#3905,#3906,#3907,#3908,#3909,#3910));
#2597=AXIS2_PLACEMENT_3D('',#3911,#3912,#3913);
#2598=EDGE_LOOP('',(#3914,#3915,#3916,#3917));
#2599=AXIS2_PLACEMENT_3D('',#3918,#3919,#3920);
#2600=EDGE_LOOP('',(#3921,#3922,#3923,#3924,#3925,#3926,#3927,#3928));
#2601=AXIS2_PLACEMENT_3D('',#3929,#3930,#3931);
#2602=EDGE_LOOP('',(#3932,#3933,#3934,#3935));
#2603=AXIS2_PLACEMENT_3D('',#3936,#3937,#3938);
#2604=EDGE_LOOP('',(#3939,#3940,#3941,#3942));
#2605=AXIS2_PLACEMENT_3D('',#3943,#3944,#3945);
#2606=EDGE_LOOP('',(#3946,#3947,#3948,#3949));
#2607=AXIS2_PLACEMENT_3D('',#3950,#3951,#3952);
#2608=EDGE_LOOP('',(#3953,#3954,#3955,#3956));
#2609=AXIS2_PLACEMENT_3D('',#3957,#3958,#3959);
#2610=EDGE_LOOP('',(#3960,#3961,#3962,#3963));
#2611=AXIS2_PLACEMENT_3D('',#3964,#3965,#3966);
#2612=FILL_AREA_STYLE('',(#3967));
#2613=EDGE_CURVE('',#3968,#3969,#3970,.T.);
#2614=EDGE_CURVE('',#3971,#3968,#3972,.T.);
#2615=EDGE_CURVE('',#3971,#3973,#3974,.T.);
#2616=EDGE_CURVE('',#3973,#3969,#3975,.T.);
#2617=FILL_AREA_STYLE('',(#3976));
#2618=EDGE_CURVE('',#3977,#3969,#3978,.T.);
#2619=EDGE_CURVE('',#3979,#3977,#3980,.T.);
#2620=EDGE_CURVE('',#3968,#3979,#3981,.T.);
#2621=FILL_AREA_STYLE('',(#3982));
#2622=EDGE_CURVE('',#3983,#3984,#3985,.T.);
#2623=EDGE_CURVE('',#3986,#3984,#3987,.T.);
#2624=EDGE_CURVE('',#3986,#3971,#3988,.T.);
#2625=EDGE_CURVE('',#3989,#3979,#3990,.T.);
#2626=EDGE_CURVE('',#3989,#3991,#3992,.T.);
#2627=EDGE_CURVE('',#3991,#3993,#3994,.T.);
#2628=EDGE_CURVE('',#3993,#3995,#3996,.T.);
#2629=EDGE_CURVE('',#3995,#3997,#3998,.T.);
#2630=EDGE_CURVE('',#3997,#3999,#4000,.T.);
#2631=EDGE_CURVE('',#3999,#4001,#4002,.T.);
#2632=EDGE_CURVE('',#4003,#4001,#4004,.T.);
#2633=EDGE_CURVE('',#4003,#4005,#4006,.T.);
#2634=EDGE_CURVE('',#4005,#4007,#4008,.T.);
#2635=EDGE_CURVE('',#4007,#4009,#4010,.T.);
#2636=EDGE_CURVE('',#4009,#4011,#4012,.T.);
#2637=EDGE_CURVE('',#4011,#4013,#4014,.T.);
#2638=EDGE_CURVE('',#4013,#4015,#4016,.T.);
#2639=EDGE_CURVE('',#4015,#3983,#4017,.T.);
#2640=FILL_AREA_STYLE('',(#4018));
#2641=EDGE_CURVE('',#4019,#3983,#4020,.T.);
#2642=EDGE_CURVE('',#4021,#4019,#4022,.T.);
#2643=EDGE_CURVE('',#4021,#3984,#4023,.T.);
#2644=FILL_AREA_STYLE('',(#4024));
#2645=EDGE_CURVE('',#4025,#4021,#4026,.T.);
#2646=EDGE_CURVE('',#3986,#4025,#4027,.T.);
#2647=FILL_AREA_STYLE('',(#4028));
#2648=EDGE_CURVE('',#4029,#4019,#4030,.T.);
#2649=EDGE_CURVE('',#4029,#4031,#4032,.T.);
#2650=EDGE_CURVE('',#4033,#4031,#4034,.T.);
#2651=EDGE_CURVE('',#4033,#4035,#4036,.T.);
#2652=EDGE_CURVE('',#4037,#4035,#4038,.T.);
#2653=EDGE_CURVE('',#4037,#4039,#4040,.T.);
#2654=EDGE_CURVE('',#4041,#4039,#4042,.T.);
#2655=EDGE_CURVE('',#4043,#4041,#4044,.T.);
#2656=EDGE_CURVE('',#4045,#4043,#4046,.T.);
#2657=EDGE_CURVE('',#4045,#4047,#4048,.T.);
#2658=EDGE_CURVE('',#4049,#4047,#4050,.T.);
#2659=EDGE_CURVE('',#4049,#4051,#4052,.T.);
#2660=EDGE_CURVE('',#4053,#4051,#4054,.T.);
#2661=EDGE_CURVE('',#4053,#4055,#4056,.T.);
#2662=EDGE_CURVE('',#4055,#3977,#4057,.T.);
#2663=EDGE_CURVE('',#4025,#3973,#4058,.T.);
#2664=FILL_AREA_STYLE('',(#4059));
#2665=EDGE_CURVE('',#3989,#4055,#4060,.T.);
#2666=FILL_AREA_STYLE('',(#4061));
#2667=EDGE_CURVE('',#3991,#4053,#4062,.T.);
#2668=FILL_AREA_STYLE('',(#4063));
#2669=EDGE_CURVE('',#4051,#3993,#4064,.T.);
#2670=FILL_AREA_STYLE('',(#4065));
#2671=EDGE_CURVE('',#4049,#3995,#4066,.T.);
#2672=FILL_AREA_STYLE('',(#4067));
#2673=EDGE_CURVE('',#3997,#4047,#4068,.T.);
#2674=FILL_AREA_STYLE('',(#4069));
#2675=EDGE_CURVE('',#3999,#4045,#4070,.T.);
#2676=FILL_AREA_STYLE('',(#4071));
#2677=EDGE_CURVE('',#4043,#4072,#4073,.T.);
#2678=EDGE_CURVE('',#4072,#4074,#4075,.T.);
#2679=EDGE_CURVE('',#4074,#4001,#4076,.T.);
#2680=FILL_AREA_STYLE('',(#4077));
#2681=EDGE_CURVE('',#4078,#4074,#4079,.T.);
#2682=EDGE_CURVE('',#4003,#4078,#4080,.T.);
#2683=FILL_AREA_STYLE('',(#4081));
#2684=EDGE_CURVE('',#4082,#4041,#4083,.T.);
#2685=EDGE_CURVE('',#4039,#4005,#4084,.T.);
#2686=EDGE_CURVE('',#4082,#4078,#4085,.T.);
#2687=FILL_AREA_STYLE('',(#4086));
#2688=EDGE_CURVE('',#4072,#4082,#4087,.T.);
#2689=FILL_AREA_STYLE('',(#4088));
#2690=FILL_AREA_STYLE('',(#4089));
#2691=EDGE_CURVE('',#4037,#4007,#4090,.T.);
#2692=FILL_AREA_STYLE('',(#4091));
#2693=EDGE_CURVE('',#4009,#4035,#4092,.T.);
#2694=FILL_AREA_STYLE('',(#4093));
#2695=EDGE_CURVE('',#4011,#4033,#4094,.T.);
#2696=FILL_AREA_STYLE('',(#4095));
#2697=EDGE_CURVE('',#4031,#4013,#4096,.T.);
#2698=FILL_AREA_STYLE('',(#4097));
#2699=EDGE_CURVE('',#4029,#4015,#4098,.T.);
#2700=FILL_AREA_STYLE('',(#4099));
#2701=FILL_AREA_STYLE('',(#4100));
#2702=EDGE_LOOP('',(#4101,#4102,#4103,#4104,#4105,#4106,#4107,#4108,#4109,#4110,#4111,#4112));
#2703=AXIS2_PLACEMENT_3D('',#4113,#4114,#4115);
#2704=EDGE_LOOP('',(#4116,#4117,#4118,#4119));
#2705=CARTESIAN_POINT('',(1.06791326047357,-3.24871920015678,0.949999559269551));
#2706=CARTESIAN_POINT('',(1.47208673952642,-3.24871920015678,0.949999559269551));
#2707=CARTESIAN_POINT('',(1.06791326047357,-3.29808186345616,0.950040216369726));
#2708=CARTESIAN_POINT('',(1.47208673952642,-3.29808186345616,0.950040216369726));
#2709=CARTESIAN_POINT('',(1.06791326047357,-3.39400903233196,0.945518860340504));
#2710=CARTESIAN_POINT('',(1.47208673952642,-3.39400903233196,0.945518860340504));
#2711=CARTESIAN_POINT('',(1.06791326047357,-3.519849523722,0.9197843081199));
#2712=CARTESIAN_POINT('',(1.47208673952642,-3.519849523722,0.9197843081199));
#2713=CARTESIAN_POINT('',(1.06791326047357,-3.61666651457264,0.865066299420219));
#2714=CARTESIAN_POINT('',(1.47208673952642,-3.61666651457264,0.865066299420219));
#2715=CARTESIAN_POINT('',(1.06791326047357,-3.65044134398913,0.798432647991806));
#2716=CARTESIAN_POINT('',(1.47208673952642,-3.65044134398913,0.798432647991806));
#2717=CARTESIAN_POINT('',(1.06791326047357,-3.65000280407814,0.748712145942774));
#2718=CARTESIAN_POINT('',(1.47208673952642,-3.65000280407814,0.748712145942774));
#2719=EDGE_LOOP('',(#4120,#4121,#4122,#4123,#4124,#4125,#4126,#4127,#4128,#4129,#4130,#4131,#4132,#4133,#4134,#4135,#4136,#4137,#4138,#4139,#4140,#4141,#4142,#4143));
#2720=AXIS2_PLACEMENT_3D('',#4144,#4145,#4146);
#2721=EDGE_LOOP('',(#4147,#4148,#4149,#4150));
#2722=AXIS2_PLACEMENT_3D('',#4151,#4152,#4153);
#2723=EDGE_LOOP('',(#4154,#4155,#4156,#4157));
#2724=AXIS2_PLACEMENT_3D('',#4158,#4159,#4160);
#2725=EDGE_LOOP('',(#4161,#4162,#4163,#4164));
#2726=AXIS2_PLACEMENT_3D('',#4165,#4166,#4167);
#2727=EDGE_LOOP('',(#4168,#4169,#4170,#4171));
#2728=AXIS2_PLACEMENT_3D('',#4172,#4173,#4174);
#2729=EDGE_LOOP('',(#4175,#4176,#4177,#4178));
#2730=AXIS2_PLACEMENT_3D('',#4179,#4180,#4181);
#2731=EDGE_LOOP('',(#4182,#4183,#4184,#4185,#4186,#4187,#4188,#4189,#4190,#4191,#4192,#4193));
#2732=AXIS2_PLACEMENT_3D('',#4194,#4195,#4196);
#2733=EDGE_LOOP('',(#4197,#4198,#4199,#4200));
#2734=CARTESIAN_POINT('',(1.47208673952643,-3.24871920015678,-0.969999559269535));
#2735=CARTESIAN_POINT('',(1.06791326047357,-3.24871920015678,-0.969999559269535));
#2736=CARTESIAN_POINT('',(1.47208673952643,-3.29808186345616,-0.970040216369667));
#2737=CARTESIAN_POINT('',(1.06791326047357,-3.29808186345616,-0.970040216369667));
#2738=CARTESIAN_POINT('',(1.47208673952643,-3.39400903233196,-0.965518860340228));
#2739=CARTESIAN_POINT('',(1.06791326047357,-3.39400903233196,-0.965518860340228));
#2740=CARTESIAN_POINT('',(1.47208673952643,-3.519849523722,-0.93978430812));
#2741=CARTESIAN_POINT('',(1.06791326047357,-3.519849523722,-0.93978430812));
#2742=CARTESIAN_POINT('',(1.47208673952643,-3.61666651457263,-0.885066299420175));
#2743=CARTESIAN_POINT('',(1.06791326047357,-3.61666651457263,-0.885066299420175));
#2744=CARTESIAN_POINT('',(1.47208673952643,-3.65044134398912,-0.818432647992209));
#2745=CARTESIAN_POINT('',(1.06791326047357,-3.65044134398912,-0.818432647992209));
#2746=CARTESIAN_POINT('',(1.47208673952643,-3.65000280407814,-0.768712145942766));
#2747=CARTESIAN_POINT('',(1.06791326047357,-3.65000280407814,-0.768712145942766));
#2748=EDGE_LOOP('',(#4201,#4202,#4203,#4204,#4205,#4206,#4207,#4208,#4209,#4210,#4211,#4212,#4213,#4214,#4215,#4216,#4217,#4218,#4219,#4220,#4221,#4222,#4223,#4224));
#2749=AXIS2_PLACEMENT_3D('',#4225,#4226,#4227);
#2750=EDGE_LOOP('',(#4228,#4229,#4230,#4231));
#2751=AXIS2_PLACEMENT_3D('',#4232,#4233,#4234);
#2752=EDGE_LOOP('',(#4235,#4236,#4237,#4238));
#2753=AXIS2_PLACEMENT_3D('',#4239,#4240,#4241);
#2754=EDGE_LOOP('',(#4242,#4243,#4244,#4245));
#2755=AXIS2_PLACEMENT_3D('',#4246,#4247,#4248);
#2756=EDGE_LOOP('',(#4249,#4250,#4251,#4252));
#2757=AXIS2_PLACEMENT_3D('',#4253,#4254,#4255);
#2758=EDGE_LOOP('',(#4256,#4257,#4258,#4259));
#2759=AXIS2_PLACEMENT_3D('',#4260,#4261,#4262);
#2760=EDGE_LOOP('',(#4263,#4264,#4265,#4266));
#2761=AXIS2_PLACEMENT_3D('',#4267,#4268,#4269);
#2762=EDGE_LOOP('',(#4270,#4271,#4272,#4273));
#2763=AXIS2_PLACEMENT_3D('',#4274,#4275,#4276);
#2764=EDGE_LOOP('',(#4277,#4278,#4279,#4280));
#2765=AXIS2_PLACEMENT_3D('',#4281,#4282,#4283);
#2766=EDGE_LOOP('',(#4284,#4285,#4286,#4287));
#2767=AXIS2_PLACEMENT_3D('',#4288,#4289,#4290);
#2768=EDGE_LOOP('',(#4291,#4292,#4293,#4294));
#2769=AXIS2_PLACEMENT_3D('',#4295,#4296,#4297);
#2770=EDGE_LOOP('',(#4298,#4299,#4300,#4301));
#2771=AXIS2_PLACEMENT_3D('',#4302,#4303,#4304);
#2772=EDGE_LOOP('',(#4305,#4306,#4307,#4308));
#2773=AXIS2_PLACEMENT_3D('',#4309,#4310,#4311);
#2774=EDGE_LOOP('',(#4312,#4313,#4314,#4315));
#2775=AXIS2_PLACEMENT_3D('',#4316,#4317,#4318);
#2776=EDGE_LOOP('',(#4319,#4320,#4321,#4322));
#2777=AXIS2_PLACEMENT_3D('',#4323,#4324,#4325);
#2778=EDGE_LOOP('',(#4326,#4327,#4328,#4329));
#2779=AXIS2_PLACEMENT_3D('',#4330,#4331,#4332);
#2780=EDGE_LOOP('',(#4333,#4334,#4335,#4336));
#2781=AXIS2_PLACEMENT_3D('',#4337,#4338,#4339);
#2782=EDGE_LOOP('',(#4340,#4341,#4342,#4343));
#2783=AXIS2_PLACEMENT_3D('',#4344,#4345,#4346);
#2784=EDGE_LOOP('',(#4347,#4348,#4349,#4350));
#2785=AXIS2_PLACEMENT_3D('',#4351,#4352,#4353);
#2786=EDGE_LOOP('',(#4354,#4355,#4356,#4357));
#2787=AXIS2_PLACEMENT_3D('',#4358,#4359,#4360);
#2788=EDGE_LOOP('',(#4361,#4362,#4363,#4364));
#2789=EDGE_LOOP('',(#4365,#4366,#4367,#4368));
#2790=AXIS2_PLACEMENT_3D('',#4369,#4370,#4371);
#2791=EDGE_LOOP('',(#4372,#4373,#4374,#4375));
#2792=AXIS2_PLACEMENT_3D('',#4376,#4377,#4378);
#2793=EDGE_LOOP('',(#4379,#4380,#4381,#4382));
#2794=AXIS2_PLACEMENT_3D('',#4383,#4384,#4385);
#2795=EDGE_LOOP('',(#4386,#4387,#4388,#4389));
#2796=AXIS2_PLACEMENT_3D('',#4390,#4391,#4392);
#2797=FILL_AREA_STYLE('',(#4393));
#2798=EDGE_CURVE('',#4394,#4395,#4396,.T.);
#2799=EDGE_CURVE('',#4397,#4394,#4398,.T.);
#2800=EDGE_CURVE('',#4397,#4399,#4400,.T.);
#2801=EDGE_CURVE('',#4399,#4395,#4401,.T.);
#2802=FILL_AREA_STYLE('',(#4402));
#2803=EDGE_CURVE('',#4403,#4395,#4404,.T.);
#2804=EDGE_CURVE('',#4405,#4403,#4406,.T.);
#2805=EDGE_CURVE('',#4394,#4405,#4407,.T.);
#2806=FILL_AREA_STYLE('',(#4408));
#2807=EDGE_CURVE('',#4409,#4410,#4411,.T.);
#2808=EDGE_CURVE('',#4412,#4410,#4413,.T.);
#2809=EDGE_CURVE('',#4412,#4397,#4414,.T.);
#2810=EDGE_CURVE('',#4415,#4405,#4416,.T.);
#2811=EDGE_CURVE('',#4415,#4417,#4418,.T.);
#2812=EDGE_CURVE('',#4417,#4419,#4420,.T.);
#2813=EDGE_CURVE('',#4419,#4421,#4422,.T.);
#2814=EDGE_CURVE('',#4421,#4423,#4424,.T.);
#2815=EDGE_CURVE('',#4423,#4425,#4426,.T.);
#2816=EDGE_CURVE('',#4425,#4427,#4428,.T.);
#2817=EDGE_CURVE('',#4429,#4427,#4430,.T.);
#2818=EDGE_CURVE('',#4429,#4431,#4432,.T.);
#2819=EDGE_CURVE('',#4431,#4433,#4434,.T.);
#2820=EDGE_CURVE('',#4433,#4435,#4436,.T.);
#2821=EDGE_CURVE('',#4435,#4437,#4438,.T.);
#2822=EDGE_CURVE('',#4437,#4439,#4440,.T.);
#2823=EDGE_CURVE('',#4439,#4441,#4442,.T.);
#2824=EDGE_CURVE('',#4441,#4409,#4443,.T.);
#2825=FILL_AREA_STYLE('',(#4444));
#2826=EDGE_CURVE('',#4445,#4409,#4446,.T.);
#2827=EDGE_CURVE('',#4447,#4445,#4448,.T.);
#2828=EDGE_CURVE('',#4447,#4410,#4449,.T.);
#2829=FILL_AREA_STYLE('',(#4450));
#2830=EDGE_CURVE('',#4451,#4447,#4452,.T.);
#2831=EDGE_CURVE('',#4412,#4451,#4453,.T.);
#2832=FILL_AREA_STYLE('',(#4454));
#2833=EDGE_CURVE('',#4455,#4445,#4456,.T.);
#2834=EDGE_CURVE('',#4455,#4457,#4458,.T.);
#2835=EDGE_CURVE('',#4459,#4457,#4460,.T.);
#2836=EDGE_CURVE('',#4459,#4461,#4462,.T.);
#2837=EDGE_CURVE('',#4463,#4461,#4464,.T.);
#2838=EDGE_CURVE('',#4463,#4465,#4466,.T.);
#2839=EDGE_CURVE('',#4467,#4465,#4468,.T.);
#2840=EDGE_CURVE('',#4469,#4467,#4470,.T.);
#2841=EDGE_CURVE('',#4471,#4469,#4472,.T.);
#2842=EDGE_CURVE('',#4471,#4473,#4474,.T.);
#2843=EDGE_CURVE('',#4475,#4473,#4476,.T.);
#2844=EDGE_CURVE('',#4475,#4477,#4478,.T.);
#2845=EDGE_CURVE('',#4479,#4477,#4480,.T.);
#2846=EDGE_CURVE('',#4479,#4481,#4482,.T.);
#2847=EDGE_CURVE('',#4481,#4403,#4483,.T.);
#2848=EDGE_CURVE('',#4451,#4399,#4484,.T.);
#2849=FILL_AREA_STYLE('',(#4485));
#2850=EDGE_CURVE('',#4415,#4481,#4486,.T.);
#2851=FILL_AREA_STYLE('',(#4487));
#2852=EDGE_CURVE('',#4417,#4479,#4488,.T.);
#2853=FILL_AREA_STYLE('',(#4489));
#2854=EDGE_CURVE('',#4477,#4419,#4490,.T.);
#2855=FILL_AREA_STYLE('',(#4491));
#2856=EDGE_CURVE('',#4475,#4421,#4492,.T.);
#2857=FILL_AREA_STYLE('',(#4493));
#2858=EDGE_CURVE('',#4423,#4473,#4494,.T.);
#2859=FILL_AREA_STYLE('',(#4495));
#2860=EDGE_CURVE('',#4425,#4471,#4496,.T.);
#2861=FILL_AREA_STYLE('',(#4497));
#2862=EDGE_CURVE('',#4469,#4498,#4499,.T.);
#2863=EDGE_CURVE('',#4498,#4500,#4501,.T.);
#2864=EDGE_CURVE('',#4500,#4427,#4502,.T.);
#2865=FILL_AREA_STYLE('',(#4503));
#2866=EDGE_CURVE('',#4504,#4500,#4505,.T.);
#2867=EDGE_CURVE('',#4429,#4504,#4506,.T.);
#2868=FILL_AREA_STYLE('',(#4507));
#2869=EDGE_CURVE('',#4508,#4467,#4509,.T.);
#2870=EDGE_CURVE('',#4465,#4431,#4510,.T.);
#2871=EDGE_CURVE('',#4508,#4504,#4511,.T.);
#2872=FILL_AREA_STYLE('',(#4512));
#2873=EDGE_CURVE('',#4498,#4508,#4513,.T.);
#2874=FILL_AREA_STYLE('',(#4514));
#2875=FILL_AREA_STYLE('',(#4515));
#2876=EDGE_CURVE('',#4463,#4433,#4516,.T.);
#2877=FILL_AREA_STYLE('',(#4517));
#2878=EDGE_CURVE('',#4435,#4461,#4518,.T.);
#2879=FILL_AREA_STYLE('',(#4519));
#2880=EDGE_CURVE('',#4437,#4459,#4520,.T.);
#2881=FILL_AREA_STYLE('',(#4521));
#2882=EDGE_CURVE('',#4457,#4439,#4522,.T.);
#2883=FILL_AREA_STYLE('',(#4523));
#2884=EDGE_CURVE('',#4455,#4441,#4524,.T.);
#2885=FILL_AREA_STYLE('',(#4525));
#2886=FILL_AREA_STYLE('',(#4526));
#2887=EDGE_LOOP('',(#4527,#4528,#4529,#4530,#4531,#4532,#4533,#4534,#4535,#4536,#4537,#4538));
#2888=AXIS2_PLACEMENT_3D('',#4539,#4540,#4541);
#2889=EDGE_LOOP('',(#4542,#4543,#4544,#4545));
#2890=CARTESIAN_POINT('',(1.06791326047357,-3.24871920015678,3.48999955926955));
#2891=CARTESIAN_POINT('',(1.47208673952642,-3.24871920015678,3.48999955926955));
#2892=CARTESIAN_POINT('',(1.06791326047357,-3.29808186345616,3.49004021636973));
#2893=CARTESIAN_POINT('',(1.47208673952642,-3.29808186345616,3.49004021636973));
#2894=CARTESIAN_POINT('',(1.06791326047357,-3.39400903233196,3.4855188603405));
#2895=CARTESIAN_POINT('',(1.47208673952642,-3.39400903233196,3.4855188603405));
#2896=CARTESIAN_POINT('',(1.06791326047357,-3.519849523722,3.4597843081199));
#2897=CARTESIAN_POINT('',(1.47208673952642,-3.519849523722,3.4597843081199));
#2898=CARTESIAN_POINT('',(1.06791326047357,-3.61666651457264,3.40506629942022));
#2899=CARTESIAN_POINT('',(1.47208673952642,-3.61666651457264,3.40506629942022));
#2900=CARTESIAN_POINT('',(1.06791326047357,-3.65044134398913,3.33843264799181));
#2901=CARTESIAN_POINT('',(1.47208673952642,-3.65044134398913,3.33843264799181));
#2902=CARTESIAN_POINT('',(1.06791326047357,-3.65000280407814,3.28871214594277));
#2903=CARTESIAN_POINT('',(1.47208673952642,-3.65000280407814,3.28871214594277));
#2904=EDGE_LOOP('',(#4546,#4547,#4548,#4549,#4550,#4551,#4552,#4553,#4554,#4555,#4556,#4557,#4558,#4559,#4560,#4561,#4562,#4563,#4564,#4565,#4566,#4567,#4568,#4569));
#2905=AXIS2_PLACEMENT_3D('',#4570,#4571,#4572);
#2906=EDGE_LOOP('',(#4573,#4574,#4575,#4576));
#2907=AXIS2_PLACEMENT_3D('',#4577,#4578,#4579);
#2908=EDGE_LOOP('',(#4580,#4581,#4582,#4583));
#2909=AXIS2_PLACEMENT_3D('',#4584,#4585,#4586);
#2910=EDGE_LOOP('',(#4587,#4588,#4589,#4590));
#2911=AXIS2_PLACEMENT_3D('',#4591,#4592,#4593);
#2912=EDGE_LOOP('',(#4594,#4595,#4596,#4597));
#2913=AXIS2_PLACEMENT_3D('',#4598,#4599,#4600);
#2914=EDGE_LOOP('',(#4601,#4602,#4603,#4604));
#2915=AXIS2_PLACEMENT_3D('',#4605,#4606,#4607);
#2916=EDGE_LOOP('',(#4608,#4609,#4610,#4611,#4612,#4613,#4614,#4615,#4616,#4617,#4618,#4619));
#2917=AXIS2_PLACEMENT_3D('',#4620,#4621,#4622);
#2918=EDGE_LOOP('',(#4623,#4624,#4625,#4626));
#2919=CARTESIAN_POINT('',(1.47208673952643,-3.24871920015678,1.57000044073047));
#2920=CARTESIAN_POINT('',(1.06791326047357,-3.24871920015678,1.57000044073047));
#2921=CARTESIAN_POINT('',(1.47208673952643,-3.29808186345616,1.56995978363033));
#2922=CARTESIAN_POINT('',(1.06791326047357,-3.29808186345616,1.56995978363033));
#2923=CARTESIAN_POINT('',(1.47208673952643,-3.39400903233196,1.57448113965977));
#2924=CARTESIAN_POINT('',(1.06791326047357,-3.39400903233196,1.57448113965977));
#2925=CARTESIAN_POINT('',(1.47208673952643,-3.519849523722,1.60021569188));
#2926=CARTESIAN_POINT('',(1.06791326047357,-3.519849523722,1.60021569188));
#2927=CARTESIAN_POINT('',(1.47208673952643,-3.61666651457263,1.65493370057983));
#2928=CARTESIAN_POINT('',(1.06791326047357,-3.61666651457263,1.65493370057983));
#2929=CARTESIAN_POINT('',(1.47208673952643,-3.65044134398912,1.72156735200779));
#2930=CARTESIAN_POINT('',(1.06791326047357,-3.65044134398912,1.72156735200779));
#2931=CARTESIAN_POINT('',(1.47208673952643,-3.65000280407814,1.77128785405723));
#2932=CARTESIAN_POINT('',(1.06791326047357,-3.65000280407814,1.77128785405723));
#2933=EDGE_LOOP('',(#4627,#4628,#4629,#4630,#4631,#4632,#4633,#4634,#4635,#4636,#4637,#4638,#4639,#4640,#4641,#4642,#4643,#4644,#4645,#4646,#4647,#4648,#4649,#4650));
#2934=AXIS2_PLACEMENT_3D('',#4651,#4652,#4653);
#2935=EDGE_LOOP('',(#4654,#4655,#4656,#4657));
#2936=AXIS2_PLACEMENT_3D('',#4658,#4659,#4660);
#2937=EDGE_LOOP('',(#4661,#4662,#4663,#4664));
#2938=AXIS2_PLACEMENT_3D('',#4665,#4666,#4667);
#2939=EDGE_LOOP('',(#4668,#4669,#4670,#4671));
#2940=AXIS2_PLACEMENT_3D('',#4672,#4673,#4674);
#2941=EDGE_LOOP('',(#4675,#4676,#4677,#4678));
#2942=AXIS2_PLACEMENT_3D('',#4679,#4680,#4681);
#2943=EDGE_LOOP('',(#4682,#4683,#4684,#4685));
#2944=AXIS2_PLACEMENT_3D('',#4686,#4687,#4688);
#2945=EDGE_LOOP('',(#4689,#4690,#4691,#4692));
#2946=AXIS2_PLACEMENT_3D('',#4693,#4694,#4695);
#2947=EDGE_LOOP('',(#4696,#4697,#4698,#4699));
#2948=AXIS2_PLACEMENT_3D('',#4700,#4701,#4702);
#2949=EDGE_LOOP('',(#4703,#4704,#4705,#4706));
#2950=AXIS2_PLACEMENT_3D('',#4707,#4708,#4709);
#2951=EDGE_LOOP('',(#4710,#4711,#4712,#4713));
#2952=AXIS2_PLACEMENT_3D('',#4714,#4715,#4716);
#2953=EDGE_LOOP('',(#4717,#4718,#4719,#4720));
#2954=AXIS2_PLACEMENT_3D('',#4721,#4722,#4723);
#2955=EDGE_LOOP('',(#4724,#4725,#4726,#4727));
#2956=AXIS2_PLACEMENT_3D('',#4728,#4729,#4730);
#2957=EDGE_LOOP('',(#4731,#4732,#4733,#4734));
#2958=AXIS2_PLACEMENT_3D('',#4735,#4736,#4737);
#2959=EDGE_LOOP('',(#4738,#4739,#4740,#4741));
#2960=AXIS2_PLACEMENT_3D('',#4742,#4743,#4744);
#2961=EDGE_LOOP('',(#4745,#4746,#4747,#4748));
#2962=AXIS2_PLACEMENT_3D('',#4749,#4750,#4751);
#2963=EDGE_LOOP('',(#4752,#4753,#4754,#4755));
#2964=AXIS2_PLACEMENT_3D('',#4756,#4757,#4758);
#2965=EDGE_LOOP('',(#4759,#4760,#4761,#4762));
#2966=AXIS2_PLACEMENT_3D('',#4763,#4764,#4765);
#2967=EDGE_LOOP('',(#4766,#4767,#4768,#4769));
#2968=AXIS2_PLACEMENT_3D('',#4770,#4771,#4772);
#2969=EDGE_LOOP('',(#4773,#4774,#4775,#4776));
#2970=AXIS2_PLACEMENT_3D('',#4777,#4778,#4779);
#2971=EDGE_LOOP('',(#4780,#4781,#4782,#4783));
#2972=AXIS2_PLACEMENT_3D('',#4784,#4785,#4786);
#2973=EDGE_LOOP('',(#4787,#4788,#4789,#4790));
#2974=EDGE_LOOP('',(#4791,#4792,#4793,#4794));
#2975=AXIS2_PLACEMENT_3D('',#4795,#4796,#4797);
#2976=EDGE_LOOP('',(#4798,#4799,#4800,#4801));
#2977=AXIS2_PLACEMENT_3D('',#4802,#4803,#4804);
#2978=EDGE_LOOP('',(#4805,#4806,#4807,#4808));
#2979=AXIS2_PLACEMENT_3D('',#4809,#4810,#4811);
#2980=EDGE_LOOP('',(#4812,#4813,#4814,#4815));
#2981=AXIS2_PLACEMENT_3D('',#4816,#4817,#4818);
#2982=FILL_AREA_STYLE('',(#4819));
#2983=EDGE_CURVE('',#4820,#4821,#4822,.T.);
#2984=EDGE_CURVE('',#4823,#4820,#4824,.T.);
#2985=EDGE_CURVE('',#4823,#4825,#4826,.T.);
#2986=EDGE_CURVE('',#4825,#4821,#4827,.T.);
#2987=FILL_AREA_STYLE('',(#4828));
#2988=EDGE_CURVE('',#4829,#4821,#4830,.T.);
#2989=EDGE_CURVE('',#4831,#4829,#4832,.T.);
#2990=EDGE_CURVE('',#4820,#4831,#4833,.T.);
#2991=FILL_AREA_STYLE('',(#4834));
#2992=EDGE_CURVE('',#4835,#4836,#4837,.T.);
#2993=EDGE_CURVE('',#4838,#4836,#4839,.T.);
#2994=EDGE_CURVE('',#4838,#4823,#4840,.T.);
#2995=EDGE_CURVE('',#4831,#4841,#4842,.T.);
#2996=EDGE_CURVE('',#4841,#4843,#4844,.T.);
#2997=EDGE_CURVE('',#4843,#4845,#4846,.T.);
#2998=EDGE_CURVE('',#4845,#4847,#4848,.T.);
#2999=EDGE_CURVE('',#4847,#4849,#4850,.T.);
#3000=EDGE_CURVE('',#4849,#4851,#4852,.T.);
#3001=EDGE_CURVE('',#4851,#4853,#4854,.T.);
#3002=EDGE_CURVE('',#4855,#4853,#4856,.T.);
#3003=EDGE_CURVE('',#4855,#4857,#4858,.T.);
#3004=EDGE_CURVE('',#4857,#4859,#4860,.T.);
#3005=EDGE_CURVE('',#4859,#4861,#4862,.T.);
#3006=EDGE_CURVE('',#4861,#4863,#4864,.T.);
#3007=EDGE_CURVE('',#4863,#4865,#4866,.T.);
#3008=EDGE_CURVE('',#4865,#4867,#4868,.T.);
#3009=EDGE_CURVE('',#4867,#4835,#4869,.T.);
#3010=FILL_AREA_STYLE('',(#4870));
#3011=EDGE_CURVE('',#4871,#4835,#4872,.T.);
#3012=EDGE_CURVE('',#4873,#4871,#4874,.T.);
#3013=EDGE_CURVE('',#4873,#4836,#4875,.T.);
#3014=FILL_AREA_STYLE('',(#4876));
#3015=EDGE_CURVE('',#4877,#4873,#4878,.T.);
#3016=EDGE_CURVE('',#4838,#4877,#4879,.T.);
#3017=FILL_AREA_STYLE('',(#4880));
#3018=EDGE_CURVE('',#4871,#4881,#4882,.T.);
#3019=EDGE_CURVE('',#4881,#4883,#4884,.T.);
#3020=EDGE_CURVE('',#4883,#4885,#4886,.T.);
#3021=EDGE_CURVE('',#4885,#4887,#4888,.T.);
#3022=EDGE_CURVE('',#4889,#4887,#4890,.T.);
#3023=EDGE_CURVE('',#4889,#4891,#4892,.T.);
#3024=EDGE_CURVE('',#4893,#4891,#4894,.T.);
#3025=EDGE_CURVE('',#4895,#4893,#4896,.T.);
#3026=EDGE_CURVE('',#4897,#4895,#4898,.T.);
#3027=EDGE_CURVE('',#4897,#4899,#4900,.T.);
#3028=EDGE_CURVE('',#4901,#4899,#4902,.T.);
#3029=EDGE_CURVE('',#4901,#4903,#4904,.T.);
#3030=EDGE_CURVE('',#4905,#4903,#4906,.T.);
#3031=EDGE_CURVE('',#4905,#4907,#4908,.T.);
#3032=EDGE_CURVE('',#4829,#4907,#4909,.T.);
#3033=EDGE_CURVE('',#4877,#4825,#4910,.T.);
#3034=FILL_AREA_STYLE('',(#4911));
#3035=EDGE_CURVE('',#4841,#4907,#4912,.T.);
#3036=FILL_AREA_STYLE('',(#4913));
#3037=EDGE_CURVE('',#4843,#4905,#4914,.T.);
#3038=FILL_AREA_STYLE('',(#4915));
#3039=EDGE_CURVE('',#4903,#4845,#4916,.T.);
#3040=FILL_AREA_STYLE('',(#4917));
#3041=EDGE_CURVE('',#4901,#4847,#4918,.T.);
#3042=FILL_AREA_STYLE('',(#4919));
#3043=EDGE_CURVE('',#4849,#4899,#4920,.T.);
#3044=FILL_AREA_STYLE('',(#4921));
#3045=EDGE_CURVE('',#4851,#4897,#4922,.T.);
#3046=FILL_AREA_STYLE('',(#4923));
#3047=EDGE_CURVE('',#4895,#4924,#4925,.T.);
#3048=EDGE_CURVE('',#4924,#4926,#4927,.T.);
#3049=EDGE_CURVE('',#4926,#4853,#4928,.T.);
#3050=FILL_AREA_STYLE('',(#4929));
#3051=EDGE_CURVE('',#4930,#4926,#4931,.T.);
#3052=EDGE_CURVE('',#4855,#4930,#4932,.T.);
#3053=FILL_AREA_STYLE('',(#4933));
#3054=EDGE_CURVE('',#4934,#4893,#4935,.T.);
#3055=EDGE_CURVE('',#4891,#4857,#4936,.T.);
#3056=EDGE_CURVE('',#4934,#4930,#4937,.T.);
#3057=FILL_AREA_STYLE('',(#4938));
#3058=EDGE_CURVE('',#4924,#4934,#4939,.T.);
#3059=FILL_AREA_STYLE('',(#4940));
#3060=FILL_AREA_STYLE('',(#4941));
#3061=EDGE_CURVE('',#4889,#4859,#4942,.T.);
#3062=FILL_AREA_STYLE('',(#4943));
#3063=EDGE_CURVE('',#4861,#4887,#4944,.T.);
#3064=FILL_AREA_STYLE('',(#4945));
#3065=EDGE_CURVE('',#4863,#4885,#4946,.T.);
#3066=FILL_AREA_STYLE('',(#4947));
#3067=EDGE_CURVE('',#4883,#4865,#4948,.T.);
#3068=FILL_AREA_STYLE('',(#4949));
#3069=EDGE_CURVE('',#4881,#4867,#4950,.T.);
#3070=FILL_AREA_STYLE('',(#4951));
#3071=FILL_AREA_STYLE('',(#4952));
#3072=EDGE_LOOP('',(#4953,#4954,#4955,#4956,#4957,#4958,#4959,#4960,#4961,#4962,#4963,#4964));
#3073=AXIS2_PLACEMENT_3D('',#4965,#4966,#4967);
#3074=EDGE_LOOP('',(#4968,#4969,#4970,#4971));
#3075=CARTESIAN_POINT('',(-1.47207523226371,-3.24871712954624,0.950001233519));
#3076=CARTESIAN_POINT('',(-1.06792476773629,-3.24871712954624,0.950001233519));
#3077=CARTESIAN_POINT('',(-1.4720752322637,-3.34930926145071,0.950128208837272));
#3078=CARTESIAN_POINT('',(-1.06792476773629,-3.34930926145071,0.950128208837272));
#3079=CARTESIAN_POINT('',(-1.47207523226371,-3.48850172377228,0.937386818404989));
#3080=CARTESIAN_POINT('',(-1.06792476773629,-3.48850172377228,0.937386818404989));
#3081=CARTESIAN_POINT('',(-1.47207523226371,-3.61689587273135,0.864919664105692));
#3082=CARTESIAN_POINT('',(-1.06792476773629,-3.61689587273135,0.864919664105692));
#3083=CARTESIAN_POINT('',(-1.47207523226371,-3.65049143026408,0.79811907496707));
#3084=CARTESIAN_POINT('',(-1.06792476773629,-3.65049143026408,0.79811907496707));
#3085=CARTESIAN_POINT('',(-1.47207523226371,-3.65000924016523,0.748709434363309));
#3086=CARTESIAN_POINT('',(-1.06792476773629,-3.65000924016523,0.748709434363309));
#3087=EDGE_LOOP('',(#4972,#4973,#4974,#4975,#4976,#4977,#4978,#4979,#4980,#4981,#4982,#4983,#4984,#4985,#4986,#4987,#4988,#4989,#4990,#4991,#4992,#4993,#4994,#4995));
#3088=AXIS2_PLACEMENT_3D('',#4996,#4997,#4998);
#3089=EDGE_LOOP('',(#4999,#5000,#5001,#5002));
#3090=CARTESIAN_POINT('',(-1.06792476773629,-3.24871712954624,-0.970001233519195));
#3091=CARTESIAN_POINT('',(-1.4720752322637,-3.24871712954624,-0.970001233519195));
#3092=CARTESIAN_POINT('',(-1.06792476773629,-3.34930926145071,-0.970128208837281));
#3093=CARTESIAN_POINT('',(-1.4720752322637,-3.34930926145071,-0.970128208837281));
#3094=CARTESIAN_POINT('',(-1.06792476773629,-3.48850172377228,-0.957386818404586));
#3095=CARTESIAN_POINT('',(-1.47207523226371,-3.48850172377228,-0.957386818404586));
#3096=CARTESIAN_POINT('',(-1.06792476773629,-3.61689587273142,-0.884919664105795));
#3097=CARTESIAN_POINT('',(-1.47207523226371,-3.61689587273142,-0.884919664105795));
#3098=CARTESIAN_POINT('',(-1.06792476773629,-3.65049143026416,-0.81811907496693));
#3099=CARTESIAN_POINT('',(-1.47207523226371,-3.65049143026416,-0.81811907496693));
#3100=CARTESIAN_POINT('',(-1.06792476773629,-3.65000924016523,-0.768709434363316));
#3101=CARTESIAN_POINT('',(-1.47207523226371,-3.65000924016523,-0.768709434363316));
#3102=EDGE_LOOP('',(#5003,#5004,#5005,#5006,#5007,#5008,#5009,#5010,#5011,#5012,#5013,#5014));
#3103=AXIS2_PLACEMENT_3D('',#5015,#5016,#5017);
#3104=EDGE_LOOP('',(#5018,#5019,#5020,#5021));
#3105=AXIS2_PLACEMENT_3D('',#5022,#5023,#5024);
#3106=EDGE_LOOP('',(#5025,#5026,#5027,#5028));
#3107=AXIS2_PLACEMENT_3D('',#5029,#5030,#5031);
#3108=EDGE_LOOP('',(#5032,#5033,#5034,#5035));
#3109=AXIS2_PLACEMENT_3D('',#5036,#5037,#5038);
#3110=EDGE_LOOP('',(#5039,#5040,#5041,#5042));
#3111=AXIS2_PLACEMENT_3D('',#5043,#5044,#5045);
#3112=EDGE_LOOP('',(#5046,#5047,#5048,#5049));
#3113=AXIS2_PLACEMENT_3D('',#5050,#5051,#5052);
#3114=EDGE_LOOP('',(#5053,#5054,#5055,#5056));
#3115=AXIS2_PLACEMENT_3D('',#5057,#5058,#5059);
#3116=EDGE_LOOP('',(#5060,#5061,#5062,#5063));
#3117=AXIS2_PLACEMENT_3D('',#5064,#5065,#5066);
#3118=EDGE_LOOP('',(#5067,#5068,#5069,#5070));
#3119=AXIS2_PLACEMENT_3D('',#5071,#5072,#5073);
#3120=EDGE_LOOP('',(#5074,#5075,#5076,#5077));
#3121=AXIS2_PLACEMENT_3D('',#5078,#5079,#5080);
#3122=EDGE_LOOP('',(#5081,#5082,#5083,#5084));
#3123=AXIS2_PLACEMENT_3D('',#5085,#5086,#5087);
#3124=EDGE_LOOP('',(#5088,#5089,#5090,#5091));
#3125=AXIS2_PLACEMENT_3D('',#5092,#5093,#5094);
#3126=EDGE_LOOP('',(#5095,#5096,#5097,#5098,#5099,#5100,#5101,#5102,#5103,#5104,#5105,#5106,#5107,#5108,#5109,#5110,#5111,#5112,#5113,#5114,#5115,#5116,#5117,#5118));
#3127=AXIS2_PLACEMENT_3D('',#5119,#5120,#5121);
#3128=EDGE_LOOP('',(#5122,#5123,#5124,#5125));
#3129=AXIS2_PLACEMENT_3D('',#5126,#5127,#5128);
#3130=EDGE_LOOP('',(#5129,#5130,#5131,#5132));
#3131=AXIS2_PLACEMENT_3D('',#5133,#5134,#5135);
#3132=EDGE_LOOP('',(#5136,#5137,#5138,#5139));
#3133=AXIS2_PLACEMENT_3D('',#5140,#5141,#5142);
#3134=EDGE_LOOP('',(#5143,#5144,#5145,#5146));
#3135=AXIS2_PLACEMENT_3D('',#5147,#5148,#5149);
#3136=EDGE_LOOP('',(#5150,#5151,#5152,#5153));
#3137=AXIS2_PLACEMENT_3D('',#5154,#5155,#5156);
#3138=EDGE_LOOP('',(#5157,#5158,#5159,#5160));
#3139=AXIS2_PLACEMENT_3D('',#5161,#5162,#5163);
#3140=EDGE_LOOP('',(#5164,#5165,#5166,#5167));
#3141=AXIS2_PLACEMENT_3D('',#5168,#5169,#5170);
#3142=EDGE_LOOP('',(#5171,#5172,#5173,#5174));
#3143=AXIS2_PLACEMENT_3D('',#5175,#5176,#5177);
#3144=EDGE_LOOP('',(#5178,#5179,#5180,#5181));
#3145=AXIS2_PLACEMENT_3D('',#5182,#5183,#5184);
#3146=EDGE_LOOP('',(#5185,#5186,#5187,#5188));
#3147=AXIS2_PLACEMENT_3D('',#5189,#5190,#5191);
#3148=EDGE_LOOP('',(#5192,#5193,#5194,#5195));
#3149=AXIS2_PLACEMENT_3D('',#5196,#5197,#5198);
#3150=EDGE_LOOP('',(#5199,#5200,#5201,#5202));
#3151=AXIS2_PLACEMENT_3D('',#5203,#5204,#5205);
#3152=EDGE_LOOP('',(#5206,#5207,#5208,#5209));
#3153=AXIS2_PLACEMENT_3D('',#5210,#5211,#5212);
#3154=EDGE_LOOP('',(#5213,#5214,#5215,#5216));
#3155=AXIS2_PLACEMENT_3D('',#5217,#5218,#5219);
#3156=EDGE_LOOP('',(#5220,#5221,#5222,#5223));
#3157=AXIS2_PLACEMENT_3D('',#5224,#5225,#5226);
#3158=EDGE_LOOP('',(#5227,#5228,#5229,#5230));
#3159=AXIS2_PLACEMENT_3D('',#5231,#5232,#5233);
#3160=EDGE_LOOP('',(#5234,#5235,#5236,#5237));
#3161=EDGE_LOOP('',(#5238,#5239,#5240,#5241));
#3162=AXIS2_PLACEMENT_3D('',#5242,#5243,#5244);
#3163=FILL_AREA_STYLE('',(#5245));
#3164=EDGE_CURVE('',#5246,#5247,#5248,.T.);
#3165=EDGE_CURVE('',#5249,#5246,#5250,.T.);
#3166=EDGE_CURVE('',#5249,#5251,#5252,.T.);
#3167=EDGE_CURVE('',#5251,#5247,#5253,.T.);
#3168=FILL_AREA_STYLE('',(#5254));
#3169=EDGE_CURVE('',#5255,#5247,#5256,.T.);
#3170=EDGE_CURVE('',#5257,#5255,#5258,.T.);
#3171=EDGE_CURVE('',#5246,#5257,#5259,.T.);
#3172=FILL_AREA_STYLE('',(#5260));
#3173=EDGE_CURVE('',#5261,#5262,#5263,.T.);
#3174=EDGE_CURVE('',#5264,#5262,#5265,.T.);
#3175=EDGE_CURVE('',#5264,#5249,#5266,.T.);
#3176=EDGE_CURVE('',#5257,#5267,#5268,.T.);
#3177=EDGE_CURVE('',#5267,#5269,#5270,.T.);
#3178=EDGE_CURVE('',#5269,#5271,#5272,.T.);
#3179=EDGE_CURVE('',#5271,#5273,#5274,.T.);
#3180=EDGE_CURVE('',#5273,#5275,#5276,.T.);
#3181=EDGE_CURVE('',#5275,#5277,#5278,.T.);
#3182=EDGE_CURVE('',#5277,#5279,#5280,.T.);
#3183=EDGE_CURVE('',#5281,#5279,#5282,.T.);
#3184=EDGE_CURVE('',#5281,#5283,#5284,.T.);
#3185=EDGE_CURVE('',#5283,#5285,#5286,.T.);
#3186=EDGE_CURVE('',#5285,#5287,#5288,.T.);
#3187=EDGE_CURVE('',#5287,#5289,#5290,.T.);
#3188=EDGE_CURVE('',#5289,#5291,#5292,.T.);
#3189=EDGE_CURVE('',#5291,#5293,#5294,.T.);
#3190=EDGE_CURVE('',#5293,#5261,#5295,.T.);
#3191=FILL_AREA_STYLE('',(#5296));
#3192=EDGE_CURVE('',#5297,#5261,#5298,.T.);
#3193=EDGE_CURVE('',#5299,#5297,#5300,.T.);
#3194=EDGE_CURVE('',#5299,#5262,#5301,.T.);
#3195=FILL_AREA_STYLE('',(#5302));
#3196=EDGE_CURVE('',#5303,#5299,#5304,.T.);
#3197=EDGE_CURVE('',#5264,#5303,#5305,.T.);
#3198=FILL_AREA_STYLE('',(#5306));
#3199=EDGE_CURVE('',#5297,#5307,#5308,.T.);
#3200=EDGE_CURVE('',#5307,#5309,#5310,.T.);
#3201=EDGE_CURVE('',#5309,#5311,#5312,.T.);
#3202=EDGE_CURVE('',#5311,#5313,#5314,.T.);
#3203=EDGE_CURVE('',#5315,#5313,#5316,.T.);
#3204=EDGE_CURVE('',#5315,#5317,#5318,.T.);
#3205=EDGE_CURVE('',#5319,#5317,#5320,.T.);
#3206=EDGE_CURVE('',#5321,#5319,#5322,.T.);
#3207=EDGE_CURVE('',#5323,#5321,#5324,.T.);
#3208=EDGE_CURVE('',#5323,#5325,#5326,.T.);
#3209=EDGE_CURVE('',#5327,#5325,#5328,.T.);
#3210=EDGE_CURVE('',#5327,#5329,#5330,.T.);
#3211=EDGE_CURVE('',#5331,#5329,#5332,.T.);
#3212=EDGE_CURVE('',#5331,#5333,#5334,.T.);
#3213=EDGE_CURVE('',#5255,#5333,#5335,.T.);
#3214=EDGE_CURVE('',#5303,#5251,#5336,.T.);
#3215=FILL_AREA_STYLE('',(#5337));
#3216=EDGE_CURVE('',#5267,#5333,#5338,.T.);
#3217=FILL_AREA_STYLE('',(#5339));
#3218=EDGE_CURVE('',#5269,#5331,#5340,.T.);
#3219=FILL_AREA_STYLE('',(#5341));
#3220=EDGE_CURVE('',#5329,#5271,#5342,.T.);
#3221=FILL_AREA_STYLE('',(#5343));
#3222=EDGE_CURVE('',#5327,#5273,#5344,.T.);
#3223=FILL_AREA_STYLE('',(#5345));
#3224=EDGE_CURVE('',#5275,#5325,#5346,.T.);
#3225=FILL_AREA_STYLE('',(#5347));
#3226=EDGE_CURVE('',#5277,#5323,#5348,.T.);
#3227=FILL_AREA_STYLE('',(#5349));
#3228=EDGE_CURVE('',#5321,#5350,#5351,.T.);
#3229=EDGE_CURVE('',#5350,#5352,#5353,.T.);
#3230=EDGE_CURVE('',#5352,#5279,#5354,.T.);
#3231=FILL_AREA_STYLE('',(#5355));
#3232=EDGE_CURVE('',#5356,#5352,#5357,.T.);
#3233=EDGE_CURVE('',#5281,#5356,#5358,.T.);
#3234=FILL_AREA_STYLE('',(#5359));
#3235=EDGE_CURVE('',#5360,#5319,#5361,.T.);
#3236=EDGE_CURVE('',#5317,#5283,#5362,.T.);
#3237=EDGE_CURVE('',#5360,#5356,#5363,.T.);
#3238=FILL_AREA_STYLE('',(#5364));
#3239=EDGE_CURVE('',#5350,#5360,#5365,.T.);
#3240=FILL_AREA_STYLE('',(#5366));
#3241=FILL_AREA_STYLE('',(#5367));
#3242=EDGE_CURVE('',#5315,#5285,#5368,.T.);
#3243=FILL_AREA_STYLE('',(#5369));
#3244=EDGE_CURVE('',#5287,#5313,#5370,.T.);
#3245=FILL_AREA_STYLE('',(#5371));
#3246=EDGE_CURVE('',#5289,#5311,#5372,.T.);
#3247=FILL_AREA_STYLE('',(#5373));
#3248=EDGE_CURVE('',#5309,#5291,#5374,.T.);
#3249=FILL_AREA_STYLE('',(#5375));
#3250=EDGE_CURVE('',#5307,#5293,#5376,.T.);
#3251=FILL_AREA_STYLE('',(#5377));
#3252=FILL_AREA_STYLE('',(#5378));
#3253=EDGE_LOOP('',(#5379,#5380,#5381,#5382,#5383,#5384,#5385,#5386,#5387,#5388,#5389,#5390));
#3254=AXIS2_PLACEMENT_3D('',#5391,#5392,#5393);
#3255=EDGE_LOOP('',(#5394,#5395,#5396,#5397));
#3256=CARTESIAN_POINT('',(-1.47207523226371,-3.24871712954624,3.490001233519));
#3257=CARTESIAN_POINT('',(-1.06792476773629,-3.24871712954624,3.490001233519));
#3258=CARTESIAN_POINT('',(-1.4720752322637,-3.34930926145071,3.49012820883727));
#3259=CARTESIAN_POINT('',(-1.06792476773629,-3.34930926145071,3.49012820883727));
#3260=CARTESIAN_POINT('',(-1.47207523226371,-3.48850172377228,3.47738681840499));
#3261=CARTESIAN_POINT('',(-1.06792476773629,-3.48850172377228,3.47738681840499));
#3262=CARTESIAN_POINT('',(-1.47207523226371,-3.61689587273135,3.40491966410569));
#3263=CARTESIAN_POINT('',(-1.06792476773629,-3.61689587273135,3.40491966410569));
#3264=CARTESIAN_POINT('',(-1.47207523226371,-3.65049143026408,3.33811907496707));
#3265=CARTESIAN_POINT('',(-1.06792476773629,-3.65049143026408,3.33811907496707));
#3266=CARTESIAN_POINT('',(-1.47207523226371,-3.65000924016523,3.28870943436331));
#3267=CARTESIAN_POINT('',(-1.06792476773629,-3.65000924016523,3.28870943436331));
#3268=EDGE_LOOP('',(#5398,#5399,#5400,#5401,#5402,#5403,#5404,#5405,#5406,#5407,#5408,#5409,#5410,#5411,#5412,#5413,#5414,#5415,#5416,#5417,#5418,#5419,#5420,#5421));
#3269=AXIS2_PLACEMENT_3D('',#5422,#5423,#5424);
#3270=EDGE_LOOP('',(#5425,#5426,#5427,#5428));
#3271=CARTESIAN_POINT('',(-1.06792476773629,-3.24871712954624,1.56999876648081));
#3272=CARTESIAN_POINT('',(-1.4720752322637,-3.24871712954624,1.56999876648081));
#3273=CARTESIAN_POINT('',(-1.06792476773629,-3.34930926145071,1.56987179116272));
#3274=CARTESIAN_POINT('',(-1.4720752322637,-3.34930926145071,1.56987179116272));
#3275=CARTESIAN_POINT('',(-1.06792476773629,-3.48850172377228,1.58261318159541));
#3276=CARTESIAN_POINT('',(-1.47207523226371,-3.48850172377228,1.58261318159541));
#3277=CARTESIAN_POINT('',(-1.06792476773629,-3.61689587273142,1.65508033589421));
#3278=CARTESIAN_POINT('',(-1.47207523226371,-3.61689587273142,1.65508033589421));
#3279=CARTESIAN_POINT('',(-1.06792476773629,-3.65049143026416,1.72188092503307));
#3280=CARTESIAN_POINT('',(-1.47207523226371,-3.65049143026416,1.72188092503307));
#3281=CARTESIAN_POINT('',(-1.06792476773629,-3.65000924016523,1.77129056563668));
#3282=CARTESIAN_POINT('',(-1.47207523226371,-3.65000924016523,1.77129056563668));
#3283=EDGE_LOOP('',(#5429,#5430,#5431,#5432,#5433,#5434,#5435,#5436,#5437,#5438,#5439,#5440));
#3284=AXIS2_PLACEMENT_3D('',#5441,#5442,#5443);
#3285=EDGE_LOOP('',(#5444,#5445,#5446,#5447));
#3286=AXIS2_PLACEMENT_3D('',#5448,#5449,#5450);
#3287=EDGE_LOOP('',(#5451,#5452,#5453,#5454));
#3288=AXIS2_PLACEMENT_3D('',#5455,#5456,#5457);
#3289=EDGE_LOOP('',(#5458,#5459,#5460,#5461));
#3290=AXIS2_PLACEMENT_3D('',#5462,#5463,#5464);
#3291=EDGE_LOOP('',(#5465,#5466,#5467,#5468));
#3292=AXIS2_PLACEMENT_3D('',#5469,#5470,#5471);
#3293=EDGE_LOOP('',(#5472,#5473,#5474,#5475));
#3294=AXIS2_PLACEMENT_3D('',#5476,#5477,#5478);
#3295=EDGE_LOOP('',(#5479,#5480,#5481,#5482));
#3296=AXIS2_PLACEMENT_3D('',#5483,#5484,#5485);
#3297=EDGE_LOOP('',(#5486,#5487,#5488,#5489));
#3298=AXIS2_PLACEMENT_3D('',#5490,#5491,#5492);
#3299=EDGE_LOOP('',(#5493,#5494,#5495,#5496));
#3300=AXIS2_PLACEMENT_3D('',#5497,#5498,#5499);
#3301=EDGE_LOOP('',(#5500,#5501,#5502,#5503));
#3302=AXIS2_PLACEMENT_3D('',#5504,#5505,#5506);
#3303=EDGE_LOOP('',(#5507,#5508,#5509,#5510));
#3304=AXIS2_PLACEMENT_3D('',#5511,#5512,#5513);
#3305=EDGE_LOOP('',(#5514,#5515,#5516,#5517));
#3306=AXIS2_PLACEMENT_3D('',#5518,#5519,#5520);
#3307=EDGE_LOOP('',(#5521,#5522,#5523,#5524,#5525,#5526,#5527,#5528,#5529,#5530,#5531,#5532,#5533,#5534,#5535,#5536,#5537,#5538,#5539,#5540,#5541,#5542,#5543,#5544));
#3308=AXIS2_PLACEMENT_3D('',#5545,#5546,#5547);
#3309=EDGE_LOOP('',(#5548,#5549,#5550,#5551));
#3310=AXIS2_PLACEMENT_3D('',#5552,#5553,#5554);
#3311=EDGE_LOOP('',(#5555,#5556,#5557,#5558));
#3312=AXIS2_PLACEMENT_3D('',#5559,#5560,#5561);
#3313=EDGE_LOOP('',(#5562,#5563,#5564,#5565));
#3314=AXIS2_PLACEMENT_3D('',#5566,#5567,#5568);
#3315=EDGE_LOOP('',(#5569,#5570,#5571,#5572));
#3316=AXIS2_PLACEMENT_3D('',#5573,#5574,#5575);
#3317=EDGE_LOOP('',(#5576,#5577,#5578,#5579));
#3318=AXIS2_PLACEMENT_3D('',#5580,#5581,#5582);
#3319=EDGE_LOOP('',(#5583,#5584,#5585,#5586));
#3320=AXIS2_PLACEMENT_3D('',#5587,#5588,#5589);
#3321=EDGE_LOOP('',(#5590,#5591,#5592,#5593));
#3322=AXIS2_PLACEMENT_3D('',#5594,#5595,#5596);
#3323=EDGE_LOOP('',(#5597,#5598,#5599,#5600));
#3324=AXIS2_PLACEMENT_3D('',#5601,#5602,#5603);
#3325=EDGE_LOOP('',(#5604,#5605,#5606,#5607));
#3326=AXIS2_PLACEMENT_3D('',#5608,#5609,#5610);
#3327=EDGE_LOOP('',(#5611,#5612,#5613,#5614));
#3328=AXIS2_PLACEMENT_3D('',#5615,#5616,#5617);
#3329=EDGE_LOOP('',(#5618,#5619,#5620,#5621));
#3330=AXIS2_PLACEMENT_3D('',#5622,#5623,#5624);
#3331=EDGE_LOOP('',(#5625,#5626,#5627,#5628));
#3332=AXIS2_PLACEMENT_3D('',#5629,#5630,#5631);
#3333=EDGE_LOOP('',(#5632,#5633,#5634,#5635));
#3334=AXIS2_PLACEMENT_3D('',#5636,#5637,#5638);
#3335=EDGE_LOOP('',(#5639,#5640,#5641,#5642));
#3336=AXIS2_PLACEMENT_3D('',#5643,#5644,#5645);
#3337=EDGE_LOOP('',(#5646,#5647,#5648,#5649));
#3338=AXIS2_PLACEMENT_3D('',#5650,#5651,#5652);
#3339=EDGE_LOOP('',(#5653,#5654,#5655,#5656));
#3340=AXIS2_PLACEMENT_3D('',#5657,#5658,#5659);
#3341=EDGE_LOOP('',(#5660,#5661,#5662,#5663));
#3342=EDGE_LOOP('',(#5664,#5665,#5666,#5667));
#3343=AXIS2_PLACEMENT_3D('',#5668,#5669,#5670);
#3344=FILL_AREA_STYLE_COLOUR('',#5671);
#3345=ORIENTED_EDGE('',*,*,#5672,.F.);
#3346=ORIENTED_EDGE('',*,*,#5673,.T.);
#3347=ORIENTED_EDGE('',*,*,#5674,.T.);
#3348=ORIENTED_EDGE('',*,*,#5675,.F.);
#3349=CARTESIAN_POINT('',(-2.5,0.0,0.0));
#3350=DIRECTION('',(1.0,0.0,0.0));
#3351=DIRECTION('',(0.0,1.0,0.0));
#3352=ORIENTED_EDGE('',*,*,#5676,.T.);
#3353=ORIENTED_EDGE('',*,*,#5677,.T.);
#3354=ORIENTED_EDGE('',*,*,#5672,.T.);
#3355=ORIENTED_EDGE('',*,*,#5678,.T.);
#3356=ORIENTED_EDGE('',*,*,#5679,.T.);
#3357=ORIENTED_EDGE('',*,*,#5680,.T.);
#3358=ORIENTED_EDGE('',*,*,#5681,.T.);
#3359=ORIENTED_EDGE('',*,*,#5682,.T.);
#3360=ORIENTED_EDGE('',*,*,#5683,.T.);
#3361=ORIENTED_EDGE('',*,*,#5684,.T.);
#3362=ORIENTED_EDGE('',*,*,#5685,.T.);
#3363=ORIENTED_EDGE('',*,*,#5686,.T.);
#3364=ORIENTED_EDGE('',*,*,#5687,.T.);
#3365=ORIENTED_EDGE('',*,*,#5688,.T.);
#3366=ORIENTED_EDGE('',*,*,#5689,.T.);
#3367=ORIENTED_EDGE('',*,*,#5690,.T.);
#3368=ORIENTED_EDGE('',*,*,#5691,.T.);
#3369=ORIENTED_EDGE('',*,*,#5692,.T.);
#3370=ORIENTED_EDGE('',*,*,#5693,.T.);
#3371=ORIENTED_EDGE('',*,*,#5694,.T.);
#3372=CARTESIAN_POINT('',(-2.5,4.25,-1.27));
#3373=DIRECTION('',(-0.0,1.0,0.0));
#3374=DIRECTION('',(1.0,0.0,0.0));
#3375=ORIENTED_EDGE('',*,*,#5695,.T.);
#3376=ORIENTED_EDGE('',*,*,#5696,.T.);
#3377=ORIENTED_EDGE('',*,*,#5691,.F.);
#3378=ORIENTED_EDGE('',*,*,#5697,.F.);
#3379=CARTESIAN_POINT('',(-1.27,4.05,-0.65));
#3380=DIRECTION('',(0.0,0.707106781186548,0.707106781186548));
#3381=DIRECTION('',(1.0,0.0,-0.0));
#3382=ORIENTED_EDGE('',*,*,#5698,.F.);
#3383=ORIENTED_EDGE('',*,*,#5699,.F.);
#3384=ORIENTED_EDGE('',*,*,#5695,.F.);
#3385=ORIENTED_EDGE('',*,*,#5700,.T.);
#3386=ORIENTED_EDGE('',*,*,#5701,.F.);
#3387=ORIENTED_EDGE('',*,*,#5702,.T.);
#3388=ORIENTED_EDGE('',*,*,#5703,.F.);
#3389=ORIENTED_EDGE('',*,*,#5704,.F.);
#3390=CARTESIAN_POINT('',(-0.82,4.25,-0.45));
#3391=DIRECTION('',(0.0,0.0,-1.0));
#3392=DIRECTION('',(0.0,-1.0,0.0));
#3393=ORIENTED_EDGE('',*,*,#5705,.T.);
#3394=ORIENTED_EDGE('',*,*,#5706,.T.);
#3395=ORIENTED_EDGE('',*,*,#5707,.F.);
#3396=ORIENTED_EDGE('',*,*,#5708,.F.);
#3397=ORIENTED_EDGE('',*,*,#5709,.T.);
#3398=ORIENTED_EDGE('',*,*,#5710,.T.);
#3399=ORIENTED_EDGE('',*,*,#5711,.F.);
#3400=ORIENTED_EDGE('',*,*,#5712,.F.);
#3401=ORIENTED_EDGE('',*,*,#5713,.F.);
#3402=ORIENTED_EDGE('',*,*,#5714,.T.);
#3403=ORIENTED_EDGE('',*,*,#5715,.T.);
#3404=ORIENTED_EDGE('',*,*,#5698,.T.);
#3405=ORIENTED_EDGE('',*,*,#5716,.F.);
#3406=ORIENTED_EDGE('',*,*,#5717,.F.);
#3407=ORIENTED_EDGE('',*,*,#5718,.F.);
#3408=ORIENTED_EDGE('',*,*,#5701,.T.);
#3409=ORIENTED_EDGE('',*,*,#5719,.T.);
#3410=ORIENTED_EDGE('',*,*,#5720,.T.);
#3411=ORIENTED_EDGE('',*,*,#5721,.F.);
#3412=ORIENTED_EDGE('',*,*,#5722,.F.);
#3413=ORIENTED_EDGE('',*,*,#5723,.F.);
#3414=ORIENTED_EDGE('',*,*,#5724,.T.);
#3415=ORIENTED_EDGE('',*,*,#5725,.T.);
#3416=ORIENTED_EDGE('',*,*,#5726,.T.);
#3417=ORIENTED_EDGE('',*,*,#5727,.F.);
#3418=ORIENTED_EDGE('',*,*,#5728,.F.);
#3419=ORIENTED_EDGE('',*,*,#5729,.F.);
#3420=ORIENTED_EDGE('',*,*,#5730,.T.);
#3421=ORIENTED_EDGE('',*,*,#5731,.T.);
#3422=ORIENTED_EDGE('',*,*,#5732,.T.);
#3423=ORIENTED_EDGE('',*,*,#5733,.F.);
#3424=ORIENTED_EDGE('',*,*,#5734,.F.);
#3425=ORIENTED_EDGE('',*,*,#5735,.F.);
#3426=ORIENTED_EDGE('',*,*,#5736,.T.);
#3427=ORIENTED_EDGE('',*,*,#5737,.T.);
#3428=ORIENTED_EDGE('',*,*,#5738,.T.);
#3429=ORIENTED_EDGE('',*,*,#5739,.F.);
#3430=ORIENTED_EDGE('',*,*,#5740,.F.);
#3431=ORIENTED_EDGE('',*,*,#5741,.F.);
#3432=ORIENTED_EDGE('',*,*,#5742,.T.);
#3433=ORIENTED_EDGE('',*,*,#5743,.T.);
#3434=ORIENTED_EDGE('',*,*,#5744,.T.);
#3435=ORIENTED_EDGE('',*,*,#5745,.F.);
#3436=ORIENTED_EDGE('',*,*,#5746,.F.);
#3437=ORIENTED_EDGE('',*,*,#5747,.F.);
#3438=ORIENTED_EDGE('',*,*,#5748,.T.);
#3439=ORIENTED_EDGE('',*,*,#5749,.T.);
#3440=ORIENTED_EDGE('',*,*,#5750,.T.);
#3441=ORIENTED_EDGE('',*,*,#5751,.F.);
#3442=ORIENTED_EDGE('',*,*,#5752,.F.);
#3443=ORIENTED_EDGE('',*,*,#5753,.F.);
#3444=ORIENTED_EDGE('',*,*,#5754,.T.);
#3445=CARTESIAN_POINT('',(-2.1,-3.65,-1.395));
#3446=DIRECTION('',(-0.0,1.0,0.0));
#3447=DIRECTION('',(1.0,0.0,0.0));
#3448=ORIENTED_EDGE('',*,*,#5705,.F.);
#3449=ORIENTED_EDGE('',*,*,#5755,.F.);
#3450=ORIENTED_EDGE('',*,*,#5756,.T.);
#3451=ORIENTED_EDGE('',*,*,#5673,.F.);
#3452=ORIENTED_EDGE('',*,*,#5677,.F.);
#3453=ORIENTED_EDGE('',*,*,#5757,.T.);
#3454=ORIENTED_EDGE('',*,*,#5758,.T.);
#3455=ORIENTED_EDGE('',*,*,#5759,.T.);
#3456=CARTESIAN_POINT('',(2.5,4.25,-1.395));
#3457=DIRECTION('',(0.0,0.0,-1.0));
#3458=DIRECTION('',(0.0,-1.0,0.0));
#3459=ORIENTED_EDGE('',*,*,#5760,.F.);
#3460=ORIENTED_EDGE('',*,*,#5761,.T.);
#3461=ORIENTED_EDGE('',*,*,#5706,.F.);
#3462=ORIENTED_EDGE('',*,*,#5759,.F.);
#3463=CARTESIAN_POINT('',(2.1,-3.65,-1.395));
#3464=DIRECTION('',(1.0,0.0,0.0));
#3465=DIRECTION('',(0.0,1.0,0.0));
#3466=ORIENTED_EDGE('',*,*,#5760,.T.);
#3467=ORIENTED_EDGE('',*,*,#5758,.F.);
#3468=ORIENTED_EDGE('',*,*,#5762,.F.);
#3469=ORIENTED_EDGE('',*,*,#5763,.F.);
#3470=CARTESIAN_POINT('',(-2.5,-4.25,1.27));
#3471=DIRECTION('',(0.0,-1.0,0.0));
#3472=DIRECTION('',(0.0,0.0,-1.0));
#3473=ORIENTED_EDGE('',*,*,#5764,.F.);
#3474=ORIENTED_EDGE('',*,*,#5765,.F.);
#3475=ORIENTED_EDGE('',*,*,#5674,.F.);
#3476=ORIENTED_EDGE('',*,*,#5756,.F.);
#3477=CARTESIAN_POINT('',(-2.5,-4.25,1.27));
#3478=DIRECTION('',(0.0,-1.0,0.0));
#3479=DIRECTION('',(0.0,0.0,-1.0));
#3480=ORIENTED_EDGE('',*,*,#5707,.T.);
#3481=ORIENTED_EDGE('',*,*,#5761,.F.);
#3482=ORIENTED_EDGE('',*,*,#5763,.T.);
#3483=ORIENTED_EDGE('',*,*,#5766,.F.);
#3484=ORIENTED_EDGE('',*,*,#5678,.F.);
#3485=ORIENTED_EDGE('',*,*,#5675,.T.);
#3486=ORIENTED_EDGE('',*,*,#5765,.T.);
#3487=ORIENTED_EDGE('',*,*,#5767,.T.);
#3488=CARTESIAN_POINT('',(-2.5,4.25,3.935));
#3489=DIRECTION('',(0.0,0.0,1.0));
#3490=DIRECTION('',(1.0,0.0,0.0));
#3491=ORIENTED_EDGE('',*,*,#5764,.T.);
#3492=ORIENTED_EDGE('',*,*,#5755,.T.);
#3493=ORIENTED_EDGE('',*,*,#5708,.T.);
#3494=ORIENTED_EDGE('',*,*,#5767,.F.);
#3495=CARTESIAN_POINT('',(-2.1,-4.25,-1.395));
#3496=DIRECTION('',(-1.0,0.0,0.0));
#3497=DIRECTION('',(0.0,0.0,1.0));
#3498=ORIENTED_EDGE('',*,*,#5762,.T.);
#3499=ORIENTED_EDGE('',*,*,#5757,.F.);
#3500=ORIENTED_EDGE('',*,*,#5676,.F.);
#3501=ORIENTED_EDGE('',*,*,#5766,.T.);
#3502=CARTESIAN_POINT('',(2.5,0.0,0.0));
#3503=DIRECTION('',(1.0,0.0,0.0));
#3504=DIRECTION('',(0.0,1.0,0.0));
#3505=ORIENTED_EDGE('',*,*,#5709,.F.);
#3506=ORIENTED_EDGE('',*,*,#5700,.F.);
#3507=ORIENTED_EDGE('',*,*,#5768,.F.);
#3508=ORIENTED_EDGE('',*,*,#5769,.T.);
#3509=CARTESIAN_POINT('',(-1.72,4.25,-0.45));
#3510=DIRECTION('',(-1.0,0.0,0.0));
#3511=DIRECTION('',(0.0,0.0,1.0));
#3512=ORIENTED_EDGE('',*,*,#5710,.F.);
#3513=ORIENTED_EDGE('',*,*,#5769,.F.);
#3514=ORIENTED_EDGE('',*,*,#5770,.F.);
#3515=ORIENTED_EDGE('',*,*,#5771,.T.);
#3516=ORIENTED_EDGE('',*,*,#5714,.F.);
#3517=ORIENTED_EDGE('',*,*,#5772,.T.);
#3518=ORIENTED_EDGE('',*,*,#5773,.T.);
#3519=ORIENTED_EDGE('',*,*,#5774,.F.);
#3520=CARTESIAN_POINT('',(-1.72,4.25,0.45));
#3521=DIRECTION('',(0.0,0.0,1.0));
#3522=DIRECTION('',(1.0,0.0,0.0));
#3523=ORIENTED_EDGE('',*,*,#5711,.T.);
#3524=ORIENTED_EDGE('',*,*,#5774,.T.);
#3525=ORIENTED_EDGE('',*,*,#5775,.F.);
#3526=ORIENTED_EDGE('',*,*,#5776,.F.);
#3527=CARTESIAN_POINT('',(-1.47,-4.25,0.95));
#3528=DIRECTION('',(-1.0,0.0,0.0));
#3529=DIRECTION('',(0.0,0.0,1.0));
#3530=ORIENTED_EDGE('',*,*,#5718,.T.);
#3531=ORIENTED_EDGE('',*,*,#5777,.T.);
#3532=ORIENTED_EDGE('',*,*,#5778,.F.);
#3533=ORIENTED_EDGE('',*,*,#5702,.F.);
#3534=CARTESIAN_POINT('',(-1.47,-4.25,0.95));
#3535=DIRECTION('',(-1.0,0.0,0.0));
#3536=DIRECTION('',(0.0,0.0,1.0));
#3537=ORIENTED_EDGE('',*,*,#5712,.T.);
#3538=ORIENTED_EDGE('',*,*,#5776,.T.);
#3539=ORIENTED_EDGE('',*,*,#5779,.F.);
#3540=ORIENTED_EDGE('',*,*,#5780,.F.);
#3541=CARTESIAN_POINT('',(-1.07,-4.25,0.95));
#3542=DIRECTION('',(0.0,0.0,1.0));
#3543=DIRECTION('',(1.0,0.0,0.0));
#3544=ORIENTED_EDGE('',*,*,#5716,.T.);
#3545=ORIENTED_EDGE('',*,*,#5704,.T.);
#3546=ORIENTED_EDGE('',*,*,#5781,.F.);
#3547=ORIENTED_EDGE('',*,*,#5782,.F.);
#3548=CARTESIAN_POINT('',(-1.07,-4.25,-0.95));
#3549=DIRECTION('',(1.0,0.0,0.0));
#3550=DIRECTION('',(0.0,1.0,0.0));
#3551=ORIENTED_EDGE('',*,*,#5713,.T.);
#3552=ORIENTED_EDGE('',*,*,#5780,.T.);
#3553=ORIENTED_EDGE('',*,*,#5783,.F.);
#3554=ORIENTED_EDGE('',*,*,#5772,.F.);
#3555=CARTESIAN_POINT('',(-1.07,-4.25,-0.95));
#3556=DIRECTION('',(1.0,0.0,0.0));
#3557=DIRECTION('',(0.0,1.0,0.0));
#3558=ORIENTED_EDGE('',*,*,#5717,.T.);
#3559=ORIENTED_EDGE('',*,*,#5782,.T.);
#3560=ORIENTED_EDGE('',*,*,#5784,.F.);
#3561=ORIENTED_EDGE('',*,*,#5777,.F.);
#3562=CARTESIAN_POINT('',(-1.47,-4.25,-0.95));
#3563=DIRECTION('',(0.0,0.0,-1.0));
#3564=DIRECTION('',(0.0,-1.0,0.0));
#3565=ORIENTED_EDGE('',*,*,#5773,.F.);
#3566=ORIENTED_EDGE('',*,*,#5783,.T.);
#3567=ORIENTED_EDGE('',*,*,#5779,.T.);
#3568=ORIENTED_EDGE('',*,*,#5775,.T.);
#3569=CARTESIAN_POINT('',(0.0,2.75,0.0));
#3570=DIRECTION('',(0.0,-1.0,0.0));
#3571=DIRECTION('',(0.0,0.0,-1.0));
#3572=ORIENTED_EDGE('',*,*,#5703,.T.);
#3573=ORIENTED_EDGE('',*,*,#5778,.T.);
#3574=ORIENTED_EDGE('',*,*,#5784,.T.);
#3575=ORIENTED_EDGE('',*,*,#5781,.T.);
#3576=CARTESIAN_POINT('',(0.0,2.75,0.0));
#3577=DIRECTION('',(0.0,-1.0,0.0));
#3578=DIRECTION('',(0.0,0.0,-1.0));
#3579=ORIENTED_EDGE('',*,*,#5785,.F.);
#3580=ORIENTED_EDGE('',*,*,#5786,.T.);
#3581=ORIENTED_EDGE('',*,*,#5787,.T.);
#3582=ORIENTED_EDGE('',*,*,#5788,.T.);
#3583=CARTESIAN_POINT('',(0.0,2.75,0.0));
#3584=DIRECTION('',(0.0,-1.0,0.0));
#3585=DIRECTION('',(0.0,0.0,-1.0));
#3586=ORIENTED_EDGE('',*,*,#5789,.T.);
#3587=ORIENTED_EDGE('',*,*,#5790,.T.);
#3588=ORIENTED_EDGE('',*,*,#5791,.T.);
#3589=ORIENTED_EDGE('',*,*,#5792,.T.);
#3590=CARTESIAN_POINT('',(0.0,2.75,0.0));
#3591=DIRECTION('',(0.0,-1.0,0.0));
#3592=DIRECTION('',(0.0,0.0,-1.0));
#3593=ORIENTED_EDGE('',*,*,#5720,.F.);
#3594=ORIENTED_EDGE('',*,*,#5793,.F.);
#3595=ORIENTED_EDGE('',*,*,#5794,.F.);
#3596=ORIENTED_EDGE('',*,*,#5795,.T.);
#3597=ORIENTED_EDGE('',*,*,#5724,.F.);
#3598=ORIENTED_EDGE('',*,*,#5796,.F.);
#3599=ORIENTED_EDGE('',*,*,#5785,.T.);
#3600=ORIENTED_EDGE('',*,*,#5797,.T.);
#3601=CARTESIAN_POINT('',(1.72,4.25,-0.45));
#3602=DIRECTION('',(0.0,0.0,-1.0));
#3603=DIRECTION('',(0.0,-1.0,0.0));
#3604=ORIENTED_EDGE('',*,*,#5721,.T.);
#3605=ORIENTED_EDGE('',*,*,#5797,.F.);
#3606=ORIENTED_EDGE('',*,*,#5788,.F.);
#3607=ORIENTED_EDGE('',*,*,#5798,.F.);
#3608=CARTESIAN_POINT('',(1.47,-4.25,-0.95));
#3609=DIRECTION('',(1.0,0.0,0.0));
#3610=DIRECTION('',(0.0,1.0,0.0));
#3611=ORIENTED_EDGE('',*,*,#5729,.T.);
#3612=ORIENTED_EDGE('',*,*,#5799,.T.);
#3613=ORIENTED_EDGE('',*,*,#5790,.F.);
#3614=ORIENTED_EDGE('',*,*,#5800,.T.);
#3615=CARTESIAN_POINT('',(1.47,-4.25,-0.95));
#3616=DIRECTION('',(1.0,0.0,0.0));
#3617=DIRECTION('',(0.0,1.0,0.0));
#3618=ORIENTED_EDGE('',*,*,#5722,.T.);
#3619=ORIENTED_EDGE('',*,*,#5798,.T.);
#3620=ORIENTED_EDGE('',*,*,#5787,.F.);
#3621=ORIENTED_EDGE('',*,*,#5801,.F.);
#3622=CARTESIAN_POINT('',(1.07,-4.25,-0.95));
#3623=DIRECTION('',(0.0,0.0,-1.0));
#3624=DIRECTION('',(0.0,-1.0,0.0));
#3625=ORIENTED_EDGE('',*,*,#5727,.T.);
#3626=ORIENTED_EDGE('',*,*,#5802,.F.);
#3627=ORIENTED_EDGE('',*,*,#5792,.F.);
#3628=ORIENTED_EDGE('',*,*,#5803,.F.);
#3629=CARTESIAN_POINT('',(1.07,-4.25,0.95));
#3630=DIRECTION('',(-1.0,0.0,0.0));
#3631=DIRECTION('',(0.0,0.0,1.0));
#3632=ORIENTED_EDGE('',*,*,#5723,.T.);
#3633=ORIENTED_EDGE('',*,*,#5801,.T.);
#3634=ORIENTED_EDGE('',*,*,#5786,.F.);
#3635=ORIENTED_EDGE('',*,*,#5796,.T.);
#3636=CARTESIAN_POINT('',(1.07,-4.25,0.95));
#3637=DIRECTION('',(-1.0,0.0,0.0));
#3638=DIRECTION('',(0.0,0.0,1.0));
#3639=ORIENTED_EDGE('',*,*,#5728,.T.);
#3640=ORIENTED_EDGE('',*,*,#5803,.T.);
#3641=ORIENTED_EDGE('',*,*,#5791,.F.);
#3642=ORIENTED_EDGE('',*,*,#5799,.F.);
#3643=CARTESIAN_POINT('',(1.47,-4.25,0.95));
#3644=DIRECTION('',(0.0,0.0,1.0));
#3645=DIRECTION('',(1.0,0.0,0.0));
#3646=ORIENTED_EDGE('',*,*,#5726,.F.);
#3647=ORIENTED_EDGE('',*,*,#5804,.F.);
#3648=ORIENTED_EDGE('',*,*,#5805,.F.);
#3649=ORIENTED_EDGE('',*,*,#5806,.T.);
#3650=ORIENTED_EDGE('',*,*,#5730,.F.);
#3651=ORIENTED_EDGE('',*,*,#5800,.F.);
#3652=ORIENTED_EDGE('',*,*,#5789,.F.);
#3653=ORIENTED_EDGE('',*,*,#5802,.T.);
#3654=CARTESIAN_POINT('',(0.82,4.25,0.45));
#3655=DIRECTION('',(0.0,0.0,1.0));
#3656=DIRECTION('',(1.0,0.0,0.0));
#3657=ORIENTED_EDGE('',*,*,#5719,.F.);
#3658=ORIENTED_EDGE('',*,*,#5806,.F.);
#3659=ORIENTED_EDGE('',*,*,#5807,.F.);
#3660=ORIENTED_EDGE('',*,*,#5793,.T.);
#3661=CARTESIAN_POINT('',(1.72,4.25,0.45));
#3662=DIRECTION('',(1.0,0.0,0.0));
#3663=DIRECTION('',(0.0,1.0,0.0));
#3664=ORIENTED_EDGE('',*,*,#5807,.T.);
#3665=ORIENTED_EDGE('',*,*,#5808,.T.);
#3666=ORIENTED_EDGE('',*,*,#5681,.F.);
#3667=ORIENTED_EDGE('',*,*,#5809,.F.);
#3668=CARTESIAN_POINT('',(1.92,4.05,0.0));
#3669=DIRECTION('',(-0.707106781186548,0.707106781186548,0.0));
#3670=DIRECTION('',(0.0,0.0,1.0));
#3671=ORIENTED_EDGE('',*,*,#5680,.F.);
#3672=ORIENTED_EDGE('',*,*,#5810,.F.);
#3673=ORIENTED_EDGE('',*,*,#5794,.T.);
#3674=ORIENTED_EDGE('',*,*,#5809,.T.);
#3675=CARTESIAN_POINT('',(1.27,4.05,-0.65));
#3676=DIRECTION('',(0.0,0.707106781186548,0.707106781186548));
#3677=DIRECTION('',(1.0,0.0,-0.0));
#3678=ORIENTED_EDGE('',*,*,#5679,.F.);
#3679=ORIENTED_EDGE('',*,*,#5811,.F.);
#3680=ORIENTED_EDGE('',*,*,#5812,.T.);
#3681=ORIENTED_EDGE('',*,*,#5810,.T.);
#3682=CARTESIAN_POINT('',(0.62,4.05,0.0));
#3683=DIRECTION('',(0.707106781186548,0.707106781186548,0.0));
#3684=DIRECTION('',(0.0,0.0,-1.0));
#3685=ORIENTED_EDGE('',*,*,#5725,.F.);
#3686=ORIENTED_EDGE('',*,*,#5795,.F.);
#3687=ORIENTED_EDGE('',*,*,#5812,.F.);
#3688=ORIENTED_EDGE('',*,*,#5804,.T.);
#3689=CARTESIAN_POINT('',(0.82,4.25,-0.45));
#3690=DIRECTION('',(-1.0,0.0,0.0));
#3691=DIRECTION('',(0.0,0.0,1.0));
#3692=ORIENTED_EDGE('',*,*,#5805,.T.);
#3693=ORIENTED_EDGE('',*,*,#5811,.T.);
#3694=ORIENTED_EDGE('',*,*,#5682,.F.);
#3695=ORIENTED_EDGE('',*,*,#5808,.F.);
#3696=CARTESIAN_POINT('',(1.27,4.05,0.65));
#3697=DIRECTION('',(0.0,0.707106781186548,-0.707106781186548));
#3698=DIRECTION('',(-1.0,0.0,0.0));
#3699=ORIENTED_EDGE('',*,*,#5715,.F.);
#3700=ORIENTED_EDGE('',*,*,#5771,.F.);
#3701=ORIENTED_EDGE('',*,*,#5813,.F.);
#3702=ORIENTED_EDGE('',*,*,#5699,.T.);
#3703=CARTESIAN_POINT('',(-0.82,4.25,0.45));
#3704=DIRECTION('',(1.0,0.0,0.0));
#3705=DIRECTION('',(0.0,1.0,0.0));
#3706=ORIENTED_EDGE('',*,*,#5692,.F.);
#3707=ORIENTED_EDGE('',*,*,#5696,.F.);
#3708=ORIENTED_EDGE('',*,*,#5813,.T.);
#3709=ORIENTED_EDGE('',*,*,#5814,.T.);
#3710=CARTESIAN_POINT('',(-0.62,4.05,0.0));
#3711=DIRECTION('',(-0.707106781186548,0.707106781186548,0.0));
#3712=DIRECTION('',(0.0,0.0,1.0));
#3713=ORIENTED_EDGE('',*,*,#5693,.F.);
#3714=ORIENTED_EDGE('',*,*,#5814,.F.);
#3715=ORIENTED_EDGE('',*,*,#5770,.T.);
#3716=ORIENTED_EDGE('',*,*,#5815,.T.);
#3717=CARTESIAN_POINT('',(-1.27,4.05,0.65));
#3718=DIRECTION('',(0.0,0.707106781186548,-0.707106781186548));
#3719=DIRECTION('',(-1.0,0.0,0.0));
#3720=ORIENTED_EDGE('',*,*,#5768,.T.);
#3721=ORIENTED_EDGE('',*,*,#5697,.T.);
#3722=ORIENTED_EDGE('',*,*,#5694,.F.);
#3723=ORIENTED_EDGE('',*,*,#5815,.F.);
#3724=CARTESIAN_POINT('',(-1.92,4.05,0.0));
#3725=DIRECTION('',(0.707106781186548,0.707106781186548,0.0));
#3726=DIRECTION('',(0.0,0.0,-1.0));
#3727=ORIENTED_EDGE('',*,*,#5731,.F.);
#3728=ORIENTED_EDGE('',*,*,#5816,.F.);
#3729=ORIENTED_EDGE('',*,*,#5817,.F.);
#3730=ORIENTED_EDGE('',*,*,#5818,.T.);
#3731=CARTESIAN_POINT('',(-1.72,4.25,2.09));
#3732=DIRECTION('',(-1.0,0.0,0.0));
#3733=DIRECTION('',(0.0,0.0,1.0));
#3734=ORIENTED_EDGE('',*,*,#5732,.F.);
#3735=ORIENTED_EDGE('',*,*,#5818,.F.);
#3736=ORIENTED_EDGE('',*,*,#5819,.F.);
#3737=ORIENTED_EDGE('',*,*,#5820,.T.);
#3738=ORIENTED_EDGE('',*,*,#5736,.F.);
#3739=ORIENTED_EDGE('',*,*,#5821,.T.);
#3740=ORIENTED_EDGE('',*,*,#5822,.T.);
#3741=ORIENTED_EDGE('',*,*,#5823,.F.);
#3742=CARTESIAN_POINT('',(-1.72,4.25,2.99));
#3743=DIRECTION('',(0.0,0.0,1.0));
#3744=DIRECTION('',(1.0,0.0,0.0));
#3745=ORIENTED_EDGE('',*,*,#5733,.T.);
#3746=ORIENTED_EDGE('',*,*,#5823,.T.);
#3747=ORIENTED_EDGE('',*,*,#5824,.F.);
#3748=ORIENTED_EDGE('',*,*,#5825,.F.);
#3749=CARTESIAN_POINT('',(-1.47,-4.25,3.49));
#3750=DIRECTION('',(-1.0,0.0,0.0));
#3751=DIRECTION('',(0.0,0.0,1.0));
#3752=ORIENTED_EDGE('',*,*,#5741,.T.);
#3753=ORIENTED_EDGE('',*,*,#5826,.T.);
#3754=ORIENTED_EDGE('',*,*,#5827,.F.);
#3755=ORIENTED_EDGE('',*,*,#5828,.F.);
#3756=CARTESIAN_POINT('',(-1.47,-4.25,3.49));
#3757=DIRECTION('',(-1.0,0.0,0.0));
#3758=DIRECTION('',(0.0,0.0,1.0));
#3759=ORIENTED_EDGE('',*,*,#5734,.T.);
#3760=ORIENTED_EDGE('',*,*,#5825,.T.);
#3761=ORIENTED_EDGE('',*,*,#5829,.F.);
#3762=ORIENTED_EDGE('',*,*,#5830,.F.);
#3763=CARTESIAN_POINT('',(-1.07,-4.25,3.49));
#3764=DIRECTION('',(0.0,0.0,1.0));
#3765=DIRECTION('',(1.0,0.0,0.0));
#3766=ORIENTED_EDGE('',*,*,#5739,.T.);
#3767=ORIENTED_EDGE('',*,*,#5831,.T.);
#3768=ORIENTED_EDGE('',*,*,#5832,.F.);
#3769=ORIENTED_EDGE('',*,*,#5833,.F.);
#3770=CARTESIAN_POINT('',(-1.07,-4.25,1.59));
#3771=DIRECTION('',(1.0,0.0,0.0));
#3772=DIRECTION('',(0.0,1.0,0.0));
#3773=ORIENTED_EDGE('',*,*,#5735,.T.);
#3774=ORIENTED_EDGE('',*,*,#5830,.T.);
#3775=ORIENTED_EDGE('',*,*,#5834,.F.);
#3776=ORIENTED_EDGE('',*,*,#5821,.F.);
#3777=CARTESIAN_POINT('',(-1.07,-4.25,1.59));
#3778=DIRECTION('',(1.0,0.0,0.0));
#3779=DIRECTION('',(0.0,1.0,0.0));
#3780=ORIENTED_EDGE('',*,*,#5740,.T.);
#3781=ORIENTED_EDGE('',*,*,#5833,.T.);
#3782=ORIENTED_EDGE('',*,*,#5835,.F.);
#3783=ORIENTED_EDGE('',*,*,#5826,.F.);
#3784=CARTESIAN_POINT('',(-1.47,-4.25,1.59));
#3785=DIRECTION('',(0.0,0.0,-1.0));
#3786=DIRECTION('',(0.0,-1.0,0.0));
#3787=ORIENTED_EDGE('',*,*,#5824,.T.);
#3788=ORIENTED_EDGE('',*,*,#5822,.F.);
#3789=ORIENTED_EDGE('',*,*,#5834,.T.);
#3790=ORIENTED_EDGE('',*,*,#5829,.T.);
#3791=CARTESIAN_POINT('',(0.0,2.75,2.54));
#3792=DIRECTION('',(0.0,-1.0,0.0));
#3793=DIRECTION('',(0.0,0.0,-1.0));
#3794=ORIENTED_EDGE('',*,*,#5827,.T.);
#3795=ORIENTED_EDGE('',*,*,#5835,.T.);
#3796=ORIENTED_EDGE('',*,*,#5832,.T.);
#3797=ORIENTED_EDGE('',*,*,#5836,.T.);
#3798=CARTESIAN_POINT('',(0.0,2.75,2.54));
#3799=DIRECTION('',(0.0,-1.0,0.0));
#3800=DIRECTION('',(0.0,0.0,-1.0));
#3801=ORIENTED_EDGE('',*,*,#5837,.T.);
#3802=ORIENTED_EDGE('',*,*,#5838,.F.);
#3803=ORIENTED_EDGE('',*,*,#5839,.T.);
#3804=ORIENTED_EDGE('',*,*,#5840,.T.);
#3805=CARTESIAN_POINT('',(0.0,2.75,2.54));
#3806=DIRECTION('',(0.0,-1.0,0.0));
#3807=DIRECTION('',(0.0,0.0,-1.0));
#3808=ORIENTED_EDGE('',*,*,#5841,.T.);
#3809=ORIENTED_EDGE('',*,*,#5842,.T.);
#3810=ORIENTED_EDGE('',*,*,#5843,.T.);
#3811=ORIENTED_EDGE('',*,*,#5844,.T.);
#3812=CARTESIAN_POINT('',(0.0,2.75,2.54));
#3813=DIRECTION('',(0.0,-1.0,0.0));
#3814=DIRECTION('',(0.0,0.0,-1.0));
#3815=ORIENTED_EDGE('',*,*,#5738,.F.);
#3816=ORIENTED_EDGE('',*,*,#5845,.F.);
#3817=ORIENTED_EDGE('',*,*,#5846,.F.);
#3818=ORIENTED_EDGE('',*,*,#5816,.T.);
#3819=ORIENTED_EDGE('',*,*,#5742,.F.);
#3820=ORIENTED_EDGE('',*,*,#5828,.T.);
#3821=ORIENTED_EDGE('',*,*,#5836,.F.);
#3822=ORIENTED_EDGE('',*,*,#5831,.F.);
#3823=CARTESIAN_POINT('',(-0.82,4.25,2.09));
#3824=DIRECTION('',(0.0,0.0,-1.0));
#3825=DIRECTION('',(0.0,-1.0,0.0));
#3826=ORIENTED_EDGE('',*,*,#5846,.T.);
#3827=ORIENTED_EDGE('',*,*,#5847,.T.);
#3828=ORIENTED_EDGE('',*,*,#5683,.F.);
#3829=ORIENTED_EDGE('',*,*,#5848,.F.);
#3830=CARTESIAN_POINT('',(-1.27,4.05,1.89));
#3831=DIRECTION('',(0.0,0.707106781186548,0.707106781186548));
#3832=DIRECTION('',(1.0,0.0,-0.0));
#3833=ORIENTED_EDGE('',*,*,#5817,.T.);
#3834=ORIENTED_EDGE('',*,*,#5848,.T.);
#3835=ORIENTED_EDGE('',*,*,#5686,.F.);
#3836=ORIENTED_EDGE('',*,*,#5849,.F.);
#3837=CARTESIAN_POINT('',(-1.92,4.05,2.54));
#3838=DIRECTION('',(0.707106781186548,0.707106781186548,0.0));
#3839=DIRECTION('',(0.0,0.0,-1.0));
#3840=ORIENTED_EDGE('',*,*,#5685,.F.);
#3841=ORIENTED_EDGE('',*,*,#5850,.F.);
#3842=ORIENTED_EDGE('',*,*,#5819,.T.);
#3843=ORIENTED_EDGE('',*,*,#5849,.T.);
#3844=CARTESIAN_POINT('',(-1.27,4.05,3.19));
#3845=DIRECTION('',(0.0,0.707106781186548,-0.707106781186548));
#3846=DIRECTION('',(-1.0,0.0,0.0));
#3847=ORIENTED_EDGE('',*,*,#5684,.F.);
#3848=ORIENTED_EDGE('',*,*,#5847,.F.);
#3849=ORIENTED_EDGE('',*,*,#5851,.T.);
#3850=ORIENTED_EDGE('',*,*,#5850,.T.);
#3851=CARTESIAN_POINT('',(-0.62,4.05,2.54));
#3852=DIRECTION('',(-0.707106781186548,0.707106781186548,0.0));
#3853=DIRECTION('',(0.0,0.0,1.0));
#3854=ORIENTED_EDGE('',*,*,#5737,.F.);
#3855=ORIENTED_EDGE('',*,*,#5820,.F.);
#3856=ORIENTED_EDGE('',*,*,#5851,.F.);
#3857=ORIENTED_EDGE('',*,*,#5845,.T.);
#3858=CARTESIAN_POINT('',(-0.82,4.25,2.99));
#3859=DIRECTION('',(1.0,0.0,0.0));
#3860=DIRECTION('',(0.0,1.0,0.0));
#3861=ORIENTED_EDGE('',*,*,#5745,.T.);
#3862=ORIENTED_EDGE('',*,*,#5852,.T.);
#3863=ORIENTED_EDGE('',*,*,#5837,.F.);
#3864=ORIENTED_EDGE('',*,*,#5853,.F.);
#3865=CARTESIAN_POINT('',(1.47,-4.25,1.59));
#3866=DIRECTION('',(1.0,0.0,0.0));
#3867=DIRECTION('',(0.0,1.0,0.0));
#3868=ORIENTED_EDGE('',*,*,#5753,.T.);
#3869=ORIENTED_EDGE('',*,*,#5854,.T.);
#3870=ORIENTED_EDGE('',*,*,#5841,.F.);
#3871=ORIENTED_EDGE('',*,*,#5855,.F.);
#3872=CARTESIAN_POINT('',(1.47,-4.25,1.59));
#3873=DIRECTION('',(1.0,0.0,0.0));
#3874=DIRECTION('',(0.0,1.0,0.0));
#3875=ORIENTED_EDGE('',*,*,#5746,.T.);
#3876=ORIENTED_EDGE('',*,*,#5853,.T.);
#3877=ORIENTED_EDGE('',*,*,#5840,.F.);
#3878=ORIENTED_EDGE('',*,*,#5856,.F.);
#3879=CARTESIAN_POINT('',(1.07,-4.25,1.59));
#3880=DIRECTION('',(0.0,0.0,-1.0));
#3881=DIRECTION('',(0.0,-1.0,0.0));
#3882=ORIENTED_EDGE('',*,*,#5751,.T.);
#3883=ORIENTED_EDGE('',*,*,#5857,.T.);
#3884=ORIENTED_EDGE('',*,*,#5843,.F.);
#3885=ORIENTED_EDGE('',*,*,#5858,.F.);
#3886=CARTESIAN_POINT('',(1.07,-4.25,3.49));
#3887=DIRECTION('',(-1.0,0.0,0.0));
#3888=DIRECTION('',(0.0,0.0,1.0));
#3889=ORIENTED_EDGE('',*,*,#5747,.T.);
#3890=ORIENTED_EDGE('',*,*,#5856,.T.);
#3891=ORIENTED_EDGE('',*,*,#5839,.F.);
#3892=ORIENTED_EDGE('',*,*,#5859,.F.);
#3893=CARTESIAN_POINT('',(1.07,-4.25,3.49));
#3894=DIRECTION('',(-1.0,0.0,0.0));
#3895=DIRECTION('',(0.0,0.0,1.0));
#3896=ORIENTED_EDGE('',*,*,#5752,.T.);
#3897=ORIENTED_EDGE('',*,*,#5858,.T.);
#3898=ORIENTED_EDGE('',*,*,#5842,.F.);
#3899=ORIENTED_EDGE('',*,*,#5854,.F.);
#3900=CARTESIAN_POINT('',(1.47,-4.25,3.49));
#3901=DIRECTION('',(0.0,0.0,1.0));
#3902=DIRECTION('',(1.0,0.0,0.0));
#3903=ORIENTED_EDGE('',*,*,#5750,.F.);
#3904=ORIENTED_EDGE('',*,*,#5860,.F.);
#3905=ORIENTED_EDGE('',*,*,#5861,.F.);
#3906=ORIENTED_EDGE('',*,*,#5862,.T.);
#3907=ORIENTED_EDGE('',*,*,#5754,.F.);
#3908=ORIENTED_EDGE('',*,*,#5855,.T.);
#3909=ORIENTED_EDGE('',*,*,#5844,.F.);
#3910=ORIENTED_EDGE('',*,*,#5857,.F.);
#3911=CARTESIAN_POINT('',(0.82,4.25,2.99));
#3912=DIRECTION('',(0.0,0.0,1.0));
#3913=DIRECTION('',(1.0,0.0,0.0));
#3914=ORIENTED_EDGE('',*,*,#5743,.F.);
#3915=ORIENTED_EDGE('',*,*,#5862,.F.);
#3916=ORIENTED_EDGE('',*,*,#5863,.F.);
#3917=ORIENTED_EDGE('',*,*,#5864,.T.);
#3918=CARTESIAN_POINT('',(1.72,4.25,2.99));
#3919=DIRECTION('',(1.0,0.0,0.0));
#3920=DIRECTION('',(0.0,1.0,0.0));
#3921=ORIENTED_EDGE('',*,*,#5744,.F.);
#3922=ORIENTED_EDGE('',*,*,#5864,.F.);
#3923=ORIENTED_EDGE('',*,*,#5865,.F.);
#3924=ORIENTED_EDGE('',*,*,#5866,.T.);
#3925=ORIENTED_EDGE('',*,*,#5748,.F.);
#3926=ORIENTED_EDGE('',*,*,#5859,.T.);
#3927=ORIENTED_EDGE('',*,*,#5838,.T.);
#3928=ORIENTED_EDGE('',*,*,#5852,.F.);
#3929=CARTESIAN_POINT('',(1.72,4.25,2.09));
#3930=DIRECTION('',(0.0,0.0,-1.0));
#3931=DIRECTION('',(0.0,-1.0,0.0));
#3932=ORIENTED_EDGE('',*,*,#5749,.F.);
#3933=ORIENTED_EDGE('',*,*,#5866,.F.);
#3934=ORIENTED_EDGE('',*,*,#5867,.F.);
#3935=ORIENTED_EDGE('',*,*,#5860,.T.);
#3936=CARTESIAN_POINT('',(0.82,4.25,2.09));
#3937=DIRECTION('',(-1.0,0.0,0.0));
#3938=DIRECTION('',(0.0,0.0,1.0));
#3939=ORIENTED_EDGE('',*,*,#5687,.F.);
#3940=ORIENTED_EDGE('',*,*,#5868,.F.);
#3941=ORIENTED_EDGE('',*,*,#5867,.T.);
#3942=ORIENTED_EDGE('',*,*,#5869,.T.);
#3943=CARTESIAN_POINT('',(0.62,4.05,2.54));
#3944=DIRECTION('',(0.707106781186548,0.707106781186548,0.0));
#3945=DIRECTION('',(0.0,0.0,-1.0));
#3946=ORIENTED_EDGE('',*,*,#5688,.F.);
#3947=ORIENTED_EDGE('',*,*,#5869,.F.);
#3948=ORIENTED_EDGE('',*,*,#5865,.T.);
#3949=ORIENTED_EDGE('',*,*,#5870,.T.);
#3950=CARTESIAN_POINT('',(1.27,4.05,1.89));
#3951=DIRECTION('',(0.0,0.707106781186548,0.707106781186548));
#3952=DIRECTION('',(1.0,0.0,-0.0));
#3953=ORIENTED_EDGE('',*,*,#5863,.T.);
#3954=ORIENTED_EDGE('',*,*,#5871,.T.);
#3955=ORIENTED_EDGE('',*,*,#5689,.F.);
#3956=ORIENTED_EDGE('',*,*,#5870,.F.);
#3957=CARTESIAN_POINT('',(1.92,4.05,2.54));
#3958=DIRECTION('',(-0.707106781186548,0.707106781186548,0.0));
#3959=DIRECTION('',(0.0,0.0,1.0));
#3960=ORIENTED_EDGE('',*,*,#5861,.T.);
#3961=ORIENTED_EDGE('',*,*,#5868,.T.);
#3962=ORIENTED_EDGE('',*,*,#5690,.F.);
#3963=ORIENTED_EDGE('',*,*,#5871,.F.);
#3964=CARTESIAN_POINT('',(1.27,4.05,3.19));
#3965=DIRECTION('',(0.0,0.707106781186548,-0.707106781186548));
#3966=DIRECTION('',(-1.0,0.0,0.0));
#3967=FILL_AREA_STYLE_COLOUR('',#5872);
#3968=VERTEX_POINT('',#5873);
#3969=VERTEX_POINT('',#5874);
#3970=LINE('',#5875,#5876);
#3971=VERTEX_POINT('',#5877);
#3972=LINE('',#5878,#5879);
#3973=VERTEX_POINT('',#5880);
#3974=LINE('',#5881,#5882);
#3975=LINE('',#5883,#5884);
#3976=FILL_AREA_STYLE_COLOUR('',#5885);
#3977=VERTEX_POINT('',#5886);
#3978=CIRCLE('',#5887,0.25);
#3979=VERTEX_POINT('',#5888);
#3980=LINE('',#5889,#5890);
#3981=CIRCLE('',#5891,0.25);
#3982=FILL_AREA_STYLE_COLOUR('',#5892);
#3983=VERTEX_POINT('',#5893);
#3984=VERTEX_POINT('',#5894);
#3985=CIRCLE('',#5895,0.5);
#3986=VERTEX_POINT('',#5896);
#3987=LINE('',#5897,#5898);
#3988=LINE('',#5899,#5900);
#3989=VERTEX_POINT('',#5901);
#3990=LINE('',#5902,#5903);
#3991=VERTEX_POINT('',#5904);
#3992=CIRCLE('',#5905,0.5);
#3993=VERTEX_POINT('',#5906);
#3994=LINE('',#5907,#5908);
#3995=VERTEX_POINT('',#5909);
#3996=CIRCLE('',#5910,0.25);
#3997=VERTEX_POINT('',#5911);
#3998=LINE('',#5912,#5913);
#3999=VERTEX_POINT('',#5914);
#4000=CIRCLE('',#5915,0.5);
#4001=VERTEX_POINT('',#5916);
#4002=LINE('',#5917,#5918);
#4003=VERTEX_POINT('',#5919);
#4004=LINE('',#5920,#5921);
#4005=VERTEX_POINT('',#5922);
#4006=LINE('',#5923,#5924);
#4007=VERTEX_POINT('',#5925);
#4008=CIRCLE('',#5926,0.25);
#4009=VERTEX_POINT('',#5927);
#4010=LINE('',#5928,#5929);
#4011=VERTEX_POINT('',#5930);
#4012=CIRCLE('',#5931,0.5);
#4013=VERTEX_POINT('',#5932);
#4014=LINE('',#5933,#5934);
#4015=VERTEX_POINT('',#5935);
#4016=CIRCLE('',#5936,0.25);
#4017=LINE('',#5937,#5938);
#4018=FILL_AREA_STYLE_COLOUR('',#5939);
#4019=VERTEX_POINT('',#5940);
#4020=LINE('',#5941,#5942);
#4021=VERTEX_POINT('',#5943);
#4022=CIRCLE('',#5944,0.5);
#4023=LINE('',#5945,#5946);
#4024=FILL_AREA_STYLE_COLOUR('',#5947);
#4025=VERTEX_POINT('',#5948);
#4026=LINE('',#5949,#5950);
#4027=LINE('',#5951,#5952);
#4028=FILL_AREA_STYLE_COLOUR('',#5953);
#4029=VERTEX_POINT('',#5954);
#4030=LINE('',#5955,#5956);
#4031=VERTEX_POINT('',#5957);
#4032=CIRCLE('',#5958,0.25);
#4033=VERTEX_POINT('',#5959);
#4034=LINE('',#5960,#5961);
#4035=VERTEX_POINT('',#5962);
#4036=CIRCLE('',#5963,0.5);
#4037=VERTEX_POINT('',#5964);
#4038=LINE('',#5965,#5966);
#4039=VERTEX_POINT('',#5967);
#4040=CIRCLE('',#5968,0.25);
#4041=VERTEX_POINT('',#5969);
#4042=LINE('',#5970,#5971);
#4043=VERTEX_POINT('',#5972);
#4044=LINE('',#5973,#5974);
#4045=VERTEX_POINT('',#5975);
#4046=LINE('',#5976,#5977);
#4047=VERTEX_POINT('',#5978);
#4048=CIRCLE('',#5979,0.5);
#4049=VERTEX_POINT('',#5980);
#4050=LINE('',#5981,#5982);
#4051=VERTEX_POINT('',#5983);
#4052=CIRCLE('',#5984,0.25);
#4053=VERTEX_POINT('',#5985);
#4054=LINE('',#5986,#5987);
#4055=VERTEX_POINT('',#5988);
#4056=CIRCLE('',#5989,0.5);
#4057=LINE('',#5990,#5991);
#4058=LINE('',#5992,#5993);
#4059=FILL_AREA_STYLE_COLOUR('',#5994);
#4060=LINE('',#5995,#5996);
#4061=FILL_AREA_STYLE_COLOUR('',#5997);
#4062=LINE('',#5998,#5999);
#4063=FILL_AREA_STYLE_COLOUR('',#6000);
#4064=LINE('',#6001,#6002);
#4065=FILL_AREA_STYLE_COLOUR('',#6003);
#4066=LINE('',#6004,#6005);
#4067=FILL_AREA_STYLE_COLOUR('',#6006);
#4068=LINE('',#6007,#6008);
#4069=FILL_AREA_STYLE_COLOUR('',#6009);
#4070=LINE('',#6010,#6011);
#4071=FILL_AREA_STYLE_COLOUR('',#6012);
#4072=VERTEX_POINT('',#6013);
#4073=CIRCLE('',#6014,0.2);
#4074=VERTEX_POINT('',#6015);
#4075=LINE('',#6016,#6017);
#4076=CIRCLE('',#6018,0.2);
#4077=FILL_AREA_STYLE_COLOUR('',#6019);
#4078=VERTEX_POINT('',#6020);
#4079=LINE('',#6021,#6022);
#4080=CIRCLE('',#6023,0.2);
#4081=FILL_AREA_STYLE_COLOUR('',#6024);
#4082=VERTEX_POINT('',#6025);
#4083=CIRCLE('',#6026,0.2);
#4084=LINE('',#6027,#6028);
#4085=LINE('',#6029,#6030);
#4086=FILL_AREA_STYLE_COLOUR('',#6031);
#4087=LINE('',#6032,#6033);
#4088=FILL_AREA_STYLE_COLOUR('',#6034);
#4089=FILL_AREA_STYLE_COLOUR('',#6035);
#4090=LINE('',#6036,#6037);
#4091=FILL_AREA_STYLE_COLOUR('',#6038);
#4092=LINE('',#6039,#6040);
#4093=FILL_AREA_STYLE_COLOUR('',#6041);
#4094=LINE('',#6042,#6043);
#4095=FILL_AREA_STYLE_COLOUR('',#6044);
#4096=LINE('',#6045,#6046);
#4097=FILL_AREA_STYLE_COLOUR('',#6047);
#4098=LINE('',#6048,#6049);
#4099=FILL_AREA_STYLE_COLOUR('',#6050);
#4100=FILL_AREA_STYLE_COLOUR('',#6051);
#4101=ORIENTED_EDGE('',*,*,#6052,.T.);
#4102=ORIENTED_EDGE('',*,*,#6053,.F.);
#4103=ORIENTED_EDGE('',*,*,#6054,.T.);
#4104=ORIENTED_EDGE('',*,*,#6055,.F.);
#4105=ORIENTED_EDGE('',*,*,#6056,.T.);
#4106=ORIENTED_EDGE('',*,*,#6057,.F.);
#4107=ORIENTED_EDGE('',*,*,#6058,.T.);
#4108=ORIENTED_EDGE('',*,*,#6059,.F.);
#4109=ORIENTED_EDGE('',*,*,#6060,.T.);
#4110=ORIENTED_EDGE('',*,*,#6061,.F.);
#4111=ORIENTED_EDGE('',*,*,#6062,.T.);
#4112=ORIENTED_EDGE('',*,*,#6063,.F.);
#4113=CARTESIAN_POINT('',(2.5,-7.45,0.95));
#4114=DIRECTION('',(0.0,0.0,-1.0));
#4115=DIRECTION('',(-1.0,0.0,0.0));
#4116=ORIENTED_EDGE('',*,*,#6064,.F.);
#4117=ORIENTED_EDGE('',*,*,#6052,.F.);
#4118=ORIENTED_EDGE('',*,*,#6065,.F.);
#4119=ORIENTED_EDGE('',*,*,#6066,.T.);
#4120=ORIENTED_EDGE('',*,*,#6067,.F.);
#4121=ORIENTED_EDGE('',*,*,#6068,.F.);
#4122=ORIENTED_EDGE('',*,*,#6069,.T.);
#4123=ORIENTED_EDGE('',*,*,#6070,.F.);
#4124=ORIENTED_EDGE('',*,*,#6071,.F.);
#4125=ORIENTED_EDGE('',*,*,#6072,.T.);
#4126=ORIENTED_EDGE('',*,*,#6073,.T.);
#4127=ORIENTED_EDGE('',*,*,#6074,.T.);
#4128=ORIENTED_EDGE('',*,*,#6075,.T.);
#4129=ORIENTED_EDGE('',*,*,#6076,.T.);
#4130=ORIENTED_EDGE('',*,*,#6077,.F.);
#4131=ORIENTED_EDGE('',*,*,#6078,.F.);
#4132=ORIENTED_EDGE('',*,*,#6079,.T.);
#4133=ORIENTED_EDGE('',*,*,#6057,.T.);
#4134=ORIENTED_EDGE('',*,*,#6080,.F.);
#4135=ORIENTED_EDGE('',*,*,#6081,.F.);
#4136=ORIENTED_EDGE('',*,*,#6082,.F.);
#4137=ORIENTED_EDGE('',*,*,#6053,.T.);
#4138=ORIENTED_EDGE('',*,*,#6064,.T.);
#4139=ORIENTED_EDGE('',*,*,#6083,.T.);
#4140=ORIENTED_EDGE('',*,*,#6084,.T.);
#4141=ORIENTED_EDGE('',*,*,#6085,.F.);
#4142=ORIENTED_EDGE('',*,*,#6086,.F.);
#4143=ORIENTED_EDGE('',*,*,#6087,.T.);
#4144=CARTESIAN_POINT('',(1.47,2.63,0.95));
#4145=DIRECTION('',(1.0,0.0,0.0));
#4146=DIRECTION('',(0.0,-1.0,-0.0));
#4147=ORIENTED_EDGE('',*,*,#6088,.T.);
#4148=ORIENTED_EDGE('',*,*,#6089,.F.);
#4149=ORIENTED_EDGE('',*,*,#6090,.F.);
#4150=ORIENTED_EDGE('',*,*,#6067,.T.);
#4151=CARTESIAN_POINT('',(1.57,-2.243794974447,-3.472912));
#4152=DIRECTION('',(0.0,0.0,-1.0));
#4153=DIRECTION('',(-1.0,0.0,0.0));
#4154=ORIENTED_EDGE('',*,*,#6091,.F.);
#4155=ORIENTED_EDGE('',*,*,#6080,.T.);
#4156=ORIENTED_EDGE('',*,*,#6056,.F.);
#4157=ORIENTED_EDGE('',*,*,#6092,.F.);
#4158=CARTESIAN_POINT('',(1.57,-2.243794974447,-3.472912));
#4159=DIRECTION('',(0.0,0.0,-1.0));
#4160=DIRECTION('',(-1.0,0.0,0.0));
#4161=ORIENTED_EDGE('',*,*,#6087,.F.);
#4162=ORIENTED_EDGE('',*,*,#6093,.T.);
#4163=ORIENTED_EDGE('',*,*,#6094,.F.);
#4164=ORIENTED_EDGE('',*,*,#6088,.F.);
#4165=CARTESIAN_POINT('',(1.47,-3.65,-0.81));
#4166=DIRECTION('',(0.0,0.0,-1.0));
#4167=DIRECTION('',(-1.0,0.0,0.0));
#4168=ORIENTED_EDGE('',*,*,#6094,.T.);
#4169=ORIENTED_EDGE('',*,*,#6095,.T.);
#4170=ORIENTED_EDGE('',*,*,#6096,.F.);
#4171=ORIENTED_EDGE('',*,*,#6089,.T.);
#4172=CARTESIAN_POINT('',(1.31387505004,-2.4,-0.97));
#4173=DIRECTION('',(-0.0,0.0,1.0));
#4174=DIRECTION('',(0.0,-1.0,0.0));
#4175=ORIENTED_EDGE('',*,*,#6097,.F.);
#4176=ORIENTED_EDGE('',*,*,#6092,.T.);
#4177=ORIENTED_EDGE('',*,*,#6055,.T.);
#4178=ORIENTED_EDGE('',*,*,#6098,.T.);
#4179=CARTESIAN_POINT('',(1.31387505004,-2.4,-0.97));
#4180=DIRECTION('',(-0.0,0.0,1.0));
#4181=DIRECTION('',(0.0,-1.0,0.0));
#4182=ORIENTED_EDGE('',*,*,#6099,.T.);
#4183=ORIENTED_EDGE('',*,*,#6100,.T.);
#4184=ORIENTED_EDGE('',*,*,#6101,.T.);
#4185=ORIENTED_EDGE('',*,*,#6102,.T.);
#4186=ORIENTED_EDGE('',*,*,#6103,.T.);
#4187=ORIENTED_EDGE('',*,*,#6104,.T.);
#4188=ORIENTED_EDGE('',*,*,#6105,.F.);
#4189=ORIENTED_EDGE('',*,*,#6068,.T.);
#4190=ORIENTED_EDGE('',*,*,#6090,.T.);
#4191=ORIENTED_EDGE('',*,*,#6096,.T.);
#4192=ORIENTED_EDGE('',*,*,#6106,.T.);
#4193=ORIENTED_EDGE('',*,*,#6085,.T.);
#4194=CARTESIAN_POINT('',(2.5,-7.45,-0.97));
#4195=DIRECTION('',(0.0,0.0,-1.0));
#4196=DIRECTION('',(-1.0,0.0,0.0));
#4197=ORIENTED_EDGE('',*,*,#6107,.F.);
#4198=ORIENTED_EDGE('',*,*,#6099,.F.);
#4199=ORIENTED_EDGE('',*,*,#6084,.F.);
#4200=ORIENTED_EDGE('',*,*,#6108,.T.);
#4201=ORIENTED_EDGE('',*,*,#6109,.F.);
#4202=ORIENTED_EDGE('',*,*,#6100,.F.);
#4203=ORIENTED_EDGE('',*,*,#6107,.T.);
#4204=ORIENTED_EDGE('',*,*,#6110,.T.);
#4205=ORIENTED_EDGE('',*,*,#6065,.T.);
#4206=ORIENTED_EDGE('',*,*,#6063,.T.);
#4207=ORIENTED_EDGE('',*,*,#6111,.F.);
#4208=ORIENTED_EDGE('',*,*,#6112,.T.);
#4209=ORIENTED_EDGE('',*,*,#6113,.F.);
#4210=ORIENTED_EDGE('',*,*,#6059,.T.);
#4211=ORIENTED_EDGE('',*,*,#6114,.F.);
#4212=ORIENTED_EDGE('',*,*,#6115,.T.);
#4213=ORIENTED_EDGE('',*,*,#6116,.T.);
#4214=ORIENTED_EDGE('',*,*,#6117,.F.);
#4215=ORIENTED_EDGE('',*,*,#6118,.F.);
#4216=ORIENTED_EDGE('',*,*,#6119,.F.);
#4217=ORIENTED_EDGE('',*,*,#6120,.F.);
#4218=ORIENTED_EDGE('',*,*,#6121,.F.);
#4219=ORIENTED_EDGE('',*,*,#6122,.T.);
#4220=ORIENTED_EDGE('',*,*,#6123,.T.);
#4221=ORIENTED_EDGE('',*,*,#6124,.F.);
#4222=ORIENTED_EDGE('',*,*,#6104,.F.);
#4223=ORIENTED_EDGE('',*,*,#6125,.F.);
#4224=ORIENTED_EDGE('',*,*,#6126,.F.);
#4225=CARTESIAN_POINT('',(1.07,-4.52,0.95));
#4226=DIRECTION('',(-1.0,0.0,0.0));
#4227=DIRECTION('',(0.0,0.0,-1.0));
#4228=ORIENTED_EDGE('',*,*,#6127,.F.);
#4229=ORIENTED_EDGE('',*,*,#6111,.T.);
#4230=ORIENTED_EDGE('',*,*,#6062,.F.);
#4231=ORIENTED_EDGE('',*,*,#6128,.F.);
#4232=CARTESIAN_POINT('',(0.97,-2.556205025553,-3.472912));
#4233=DIRECTION('',(0.0,0.0,-1.0));
#4234=DIRECTION('',(1.0,0.0,0.0));
#4235=ORIENTED_EDGE('',*,*,#6129,.T.);
#4236=ORIENTED_EDGE('',*,*,#6130,.F.);
#4237=ORIENTED_EDGE('',*,*,#6101,.F.);
#4238=ORIENTED_EDGE('',*,*,#6109,.T.);
#4239=CARTESIAN_POINT('',(0.97,-2.556205025553,-3.472912));
#4240=DIRECTION('',(0.0,0.0,-1.0));
#4241=DIRECTION('',(1.0,0.0,0.0));
#4242=ORIENTED_EDGE('',*,*,#6112,.F.);
#4243=ORIENTED_EDGE('',*,*,#6127,.T.);
#4244=ORIENTED_EDGE('',*,*,#6131,.T.);
#4245=ORIENTED_EDGE('',*,*,#6132,.F.);
#4246=CARTESIAN_POINT('',(1.07,-3.65,0.79));
#4247=DIRECTION('',(0.0,-0.0,1.0));
#4248=DIRECTION('',(0.0,1.0,0.0));
#4249=ORIENTED_EDGE('',*,*,#6132,.T.);
#4250=ORIENTED_EDGE('',*,*,#6133,.F.);
#4251=ORIENTED_EDGE('',*,*,#6060,.F.);
#4252=ORIENTED_EDGE('',*,*,#6113,.T.);
#4253=CARTESIAN_POINT('',(0.97,-2.243794974447,3.452912));
#4254=DIRECTION('',(0.0,-0.0,1.0));
#4255=DIRECTION('',(1.0,0.0,0.0));
#4256=ORIENTED_EDGE('',*,*,#6134,.F.);
#4257=ORIENTED_EDGE('',*,*,#6125,.T.);
#4258=ORIENTED_EDGE('',*,*,#6103,.F.);
#4259=ORIENTED_EDGE('',*,*,#6135,.F.);
#4260=CARTESIAN_POINT('',(0.97,-2.243794974447,3.452912));
#4261=DIRECTION('',(0.0,-0.0,1.0));
#4262=DIRECTION('',(1.0,0.0,0.0));
#4263=ORIENTED_EDGE('',*,*,#6131,.F.);
#4264=ORIENTED_EDGE('',*,*,#6128,.T.);
#4265=ORIENTED_EDGE('',*,*,#6061,.T.);
#4266=ORIENTED_EDGE('',*,*,#6133,.T.);
#4267=CARTESIAN_POINT('',(1.22612494996,-2.4,-0.97));
#4268=DIRECTION('',(-0.0,0.0,1.0));
#4269=DIRECTION('',(0.0,-1.0,0.0));
#4270=ORIENTED_EDGE('',*,*,#6136,.T.);
#4271=ORIENTED_EDGE('',*,*,#6135,.T.);
#4272=ORIENTED_EDGE('',*,*,#6102,.F.);
#4273=ORIENTED_EDGE('',*,*,#6130,.T.);
#4274=CARTESIAN_POINT('',(1.22612494996,-2.4,-0.97));
#4275=DIRECTION('',(-0.0,0.0,1.0));
#4276=DIRECTION('',(0.0,-1.0,0.0));
#4277=ORIENTED_EDGE('',*,*,#6126,.T.);
#4278=ORIENTED_EDGE('',*,*,#6134,.T.);
#4279=ORIENTED_EDGE('',*,*,#6136,.F.);
#4280=ORIENTED_EDGE('',*,*,#6129,.F.);
#4281=CARTESIAN_POINT('',(0.995,-3.65,-0.81));
#4282=DIRECTION('',(0.0,0.0,-1.0));
#4283=DIRECTION('',(-1.0,0.0,0.0));
#4284=ORIENTED_EDGE('',*,*,#6105,.T.);
#4285=ORIENTED_EDGE('',*,*,#6124,.T.);
#4286=ORIENTED_EDGE('',*,*,#6137,.T.);
#4287=ORIENTED_EDGE('',*,*,#6069,.F.);
#4288=CARTESIAN_POINT('',(1.07,-1.82,-0.97));
#4289=DIRECTION('',(0.0,-0.0237758707178706,0.999717314030125));
#4290=DIRECTION('',(0.0,0.999717314030125,0.0237758707178706));
#4291=ORIENTED_EDGE('',*,*,#6115,.F.);
#4292=ORIENTED_EDGE('',*,*,#6138,.T.);
#4293=ORIENTED_EDGE('',*,*,#6078,.T.);
#4294=ORIENTED_EDGE('',*,*,#6139,.T.);
#4295=CARTESIAN_POINT('',(1.07,2.63,0.95));
#4296=DIRECTION('',(0.0,1.0,0.0));
#4297=DIRECTION('',(0.0,0.0,-1.0));
#4298=ORIENTED_EDGE('',*,*,#6123,.F.);
#4299=ORIENTED_EDGE('',*,*,#6140,.F.);
#4300=ORIENTED_EDGE('',*,*,#6070,.T.);
#4301=ORIENTED_EDGE('',*,*,#6137,.F.);
#4302=CARTESIAN_POINT('',(1.07,2.63,0.95));
#4303=DIRECTION('',(0.0,1.0,0.0));
#4304=DIRECTION('',(0.0,0.0,-1.0));
#4305=ORIENTED_EDGE('',*,*,#6116,.F.);
#4306=ORIENTED_EDGE('',*,*,#6139,.F.);
#4307=ORIENTED_EDGE('',*,*,#6077,.T.);
#4308=ORIENTED_EDGE('',*,*,#6141,.F.);
#4309=CARTESIAN_POINT('',(1.07,1.229765502911,2.222223252765));
#4310=DIRECTION('',(1.0,0.0,-0.0));
#4311=DIRECTION('',(0.0,0.0,1.0));
#4312=ORIENTED_EDGE('',*,*,#6117,.T.);
#4313=ORIENTED_EDGE('',*,*,#6141,.T.);
#4314=ORIENTED_EDGE('',*,*,#6076,.F.);
#4315=ORIENTED_EDGE('',*,*,#6142,.F.);
#4316=CARTESIAN_POINT('',(1.07,1.33,-0.01));
#4317=DIRECTION('',(1.0,0.0,-0.0));
#4318=DIRECTION('',(0.0,0.0,1.0));
#4319=ORIENTED_EDGE('',*,*,#6118,.T.);
#4320=ORIENTED_EDGE('',*,*,#6142,.T.);
#4321=ORIENTED_EDGE('',*,*,#6075,.F.);
#4322=ORIENTED_EDGE('',*,*,#6143,.F.);
#4323=CARTESIAN_POINT('',(1.07,-1.82,0.365));
#4324=DIRECTION('',(0.0,0.0237758707178706,0.999717314030125));
#4325=DIRECTION('',(-1.0,0.0,0.0));
#4326=ORIENTED_EDGE('',*,*,#6119,.T.);
#4327=ORIENTED_EDGE('',*,*,#6143,.T.);
#4328=ORIENTED_EDGE('',*,*,#6074,.F.);
#4329=ORIENTED_EDGE('',*,*,#6144,.F.);
#4330=CARTESIAN_POINT('',(1.07,-1.82,-0.01));
#4331=DIRECTION('',(1.0,0.0,-0.0));
#4332=DIRECTION('',(0.0,0.0,1.0));
#4333=ORIENTED_EDGE('',*,*,#6120,.T.);
#4334=ORIENTED_EDGE('',*,*,#6144,.T.);
#4335=ORIENTED_EDGE('',*,*,#6073,.F.);
#4336=ORIENTED_EDGE('',*,*,#6145,.F.);
#4337=CARTESIAN_POINT('',(1.07,1.337132761215,-0.309915194209));
#4338=DIRECTION('',(0.0,0.0237758707178706,-0.999717314030125));
#4339=DIRECTION('',(1.0,0.0,0.0));
#4340=ORIENTED_EDGE('',*,*,#6121,.T.);
#4341=ORIENTED_EDGE('',*,*,#6145,.T.);
#4342=ORIENTED_EDGE('',*,*,#6072,.F.);
#4343=ORIENTED_EDGE('',*,*,#6146,.F.);
#4344=CARTESIAN_POINT('',(1.07,1.33,-0.01));
#4345=DIRECTION('',(1.0,0.0,-0.0));
#4346=DIRECTION('',(0.0,0.0,1.0));
#4347=ORIENTED_EDGE('',*,*,#6122,.F.);
#4348=ORIENTED_EDGE('',*,*,#6146,.T.);
#4349=ORIENTED_EDGE('',*,*,#6071,.T.);
#4350=ORIENTED_EDGE('',*,*,#6140,.T.);
#4351=CARTESIAN_POINT('',(1.07,1.229765502911,-2.242223252765));
#4352=DIRECTION('',(1.0,0.0,-0.0));
#4353=DIRECTION('',(0.0,0.0,1.0));
#4354=ORIENTED_EDGE('',*,*,#6058,.F.);
#4355=ORIENTED_EDGE('',*,*,#6079,.F.);
#4356=ORIENTED_EDGE('',*,*,#6138,.F.);
#4357=ORIENTED_EDGE('',*,*,#6114,.T.);
#4358=CARTESIAN_POINT('',(1.07,2.63,0.8441674579307));
#4359=DIRECTION('',(0.0,-0.0237758707178706,-0.999717314030125));
#4360=DIRECTION('',(1.0,0.0,0.0));
#4361=ORIENTED_EDGE('',*,*,#6066,.F.);
#4362=ORIENTED_EDGE('',*,*,#6110,.F.);
#4363=ORIENTED_EDGE('',*,*,#6108,.F.);
#4364=ORIENTED_EDGE('',*,*,#6083,.F.);
#4365=ORIENTED_EDGE('',*,*,#2615,.F.);
#4366=ORIENTED_EDGE('',*,*,#2624,.F.);
#4367=ORIENTED_EDGE('',*,*,#2646,.T.);
#4368=ORIENTED_EDGE('',*,*,#2663,.T.);
#4369=CARTESIAN_POINT('',(1.07,-3.65,-0.33));
#4370=DIRECTION('',(0.0,1.0,0.0));
#4371=DIRECTION('',(0.0,0.0,-1.0));
#4372=ORIENTED_EDGE('',*,*,#6093,.F.);
#4373=ORIENTED_EDGE('',*,*,#6086,.T.);
#4374=ORIENTED_EDGE('',*,*,#6106,.F.);
#4375=ORIENTED_EDGE('',*,*,#6095,.F.);
#4376=CARTESIAN_POINT('',(1.57,-2.556205025553,3.452912));
#4377=DIRECTION('',(0.0,0.0,1.0));
#4378=DIRECTION('',(-1.0,0.0,0.0));
#4379=ORIENTED_EDGE('',*,*,#6147,.T.);
#4380=ORIENTED_EDGE('',*,*,#6098,.F.);
#4381=ORIENTED_EDGE('',*,*,#6054,.F.);
#4382=ORIENTED_EDGE('',*,*,#6082,.T.);
#4383=CARTESIAN_POINT('',(1.57,-2.556205025553,3.452912));
#4384=DIRECTION('',(0.0,0.0,1.0));
#4385=DIRECTION('',(-1.0,0.0,0.0));
#4386=ORIENTED_EDGE('',*,*,#6081,.T.);
#4387=ORIENTED_EDGE('',*,*,#6091,.T.);
#4388=ORIENTED_EDGE('',*,*,#6097,.T.);
#4389=ORIENTED_EDGE('',*,*,#6147,.F.);
#4390=CARTESIAN_POINT('',(1.545,-3.65,0.79));
#4391=DIRECTION('',(0.0,-0.0,1.0));
#4392=DIRECTION('',(0.0,1.0,0.0));
#4393=FILL_AREA_STYLE_COLOUR('',#6148);
#4394=VERTEX_POINT('',#6149);
#4395=VERTEX_POINT('',#6150);
#4396=LINE('',#6151,#6152);
#4397=VERTEX_POINT('',#6153);
#4398=LINE('',#6154,#6155);
#4399=VERTEX_POINT('',#6156);
#4400=LINE('',#6157,#6158);
#4401=LINE('',#6159,#6160);
#4402=FILL_AREA_STYLE_COLOUR('',#6161);
#4403=VERTEX_POINT('',#6162);
#4404=CIRCLE('',#6163,0.25);
#4405=VERTEX_POINT('',#6164);
#4406=LINE('',#6165,#6166);
#4407=CIRCLE('',#6167,0.25);
#4408=FILL_AREA_STYLE_COLOUR('',#6168);
#4409=VERTEX_POINT('',#6169);
#4410=VERTEX_POINT('',#6170);
#4411=CIRCLE('',#6171,0.5);
#4412=VERTEX_POINT('',#6172);
#4413=LINE('',#6173,#6174);
#4414=LINE('',#6175,#6176);
#4415=VERTEX_POINT('',#6177);
#4416=LINE('',#6178,#6179);
#4417=VERTEX_POINT('',#6180);
#4418=CIRCLE('',#6181,0.5);
#4419=VERTEX_POINT('',#6182);
#4420=LINE('',#6183,#6184);
#4421=VERTEX_POINT('',#6185);
#4422=CIRCLE('',#6186,0.25);
#4423=VERTEX_POINT('',#6187);
#4424=LINE('',#6188,#6189);
#4425=VERTEX_POINT('',#6190);
#4426=CIRCLE('',#6191,0.5);
#4427=VERTEX_POINT('',#6192);
#4428=LINE('',#6193,#6194);
#4429=VERTEX_POINT('',#6195);
#4430=LINE('',#6196,#6197);
#4431=VERTEX_POINT('',#6198);
#4432=LINE('',#6199,#6200);
#4433=VERTEX_POINT('',#6201);
#4434=CIRCLE('',#6202,0.25);
#4435=VERTEX_POINT('',#6203);
#4436=LINE('',#6204,#6205);
#4437=VERTEX_POINT('',#6206);
#4438=CIRCLE('',#6207,0.5);
#4439=VERTEX_POINT('',#6208);
#4440=LINE('',#6209,#6210);
#4441=VERTEX_POINT('',#6211);
#4442=CIRCLE('',#6212,0.25);
#4443=LINE('',#6213,#6214);
#4444=FILL_AREA_STYLE_COLOUR('',#6215);
#4445=VERTEX_POINT('',#6216);
#4446=LINE('',#6217,#6218);
#4447=VERTEX_POINT('',#6219);
#4448=CIRCLE('',#6220,0.5);
#4449=LINE('',#6221,#6222);
#4450=FILL_AREA_STYLE_COLOUR('',#6223);
#4451=VERTEX_POINT('',#6224);
#4452=LINE('',#6225,#6226);
#4453=LINE('',#6227,#6228);
#4454=FILL_AREA_STYLE_COLOUR('',#6229);
#4455=VERTEX_POINT('',#6230);
#4456=LINE('',#6231,#6232);
#4457=VERTEX_POINT('',#6233);
#4458=CIRCLE('',#6234,0.25);
#4459=VERTEX_POINT('',#6235);
#4460=LINE('',#6236,#6237);
#4461=VERTEX_POINT('',#6238);
#4462=CIRCLE('',#6239,0.5);
#4463=VERTEX_POINT('',#6240);
#4464=LINE('',#6241,#6242);
#4465=VERTEX_POINT('',#6243);
#4466=CIRCLE('',#6244,0.25);
#4467=VERTEX_POINT('',#6245);
#4468=LINE('',#6246,#6247);
#4469=VERTEX_POINT('',#6248);
#4470=LINE('',#6249,#6250);
#4471=VERTEX_POINT('',#6251);
#4472=LINE('',#6252,#6253);
#4473=VERTEX_POINT('',#6254);
#4474=CIRCLE('',#6255,0.5);
#4475=VERTEX_POINT('',#6256);
#4476=LINE('',#6257,#6258);
#4477=VERTEX_POINT('',#6259);
#4478=CIRCLE('',#6260,0.25);
#4479=VERTEX_POINT('',#6261);
#4480=LINE('',#6262,#6263);
#4481=VERTEX_POINT('',#6264);
#4482=CIRCLE('',#6265,0.5);
#4483=LINE('',#6266,#6267);
#4484=LINE('',#6268,#6269);
#4485=FILL_AREA_STYLE_COLOUR('',#6270);
#4486=LINE('',#6271,#6272);
#4487=FILL_AREA_STYLE_COLOUR('',#6273);
#4488=LINE('',#6274,#6275);
#4489=FILL_AREA_STYLE_COLOUR('',#6276);
#4490=LINE('',#6277,#6278);
#4491=FILL_AREA_STYLE_COLOUR('',#6279);
#4492=LINE('',#6280,#6281);
#4493=FILL_AREA_STYLE_COLOUR('',#6282);
#4494=LINE('',#6283,#6284);
#4495=FILL_AREA_STYLE_COLOUR('',#6285);
#4496=LINE('',#6286,#6287);
#4497=FILL_AREA_STYLE_COLOUR('',#6288);
#4498=VERTEX_POINT('',#6289);
#4499=CIRCLE('',#6290,0.2);
#4500=VERTEX_POINT('',#6291);
#4501=LINE('',#6292,#6293);
#4502=CIRCLE('',#6294,0.2);
#4503=FILL_AREA_STYLE_COLOUR('',#6295);
#4504=VERTEX_POINT('',#6296);
#4505=LINE('',#6297,#6298);
#4506=CIRCLE('',#6299,0.2);
#4507=FILL_AREA_STYLE_COLOUR('',#6300);
#4508=VERTEX_POINT('',#6301);
#4509=CIRCLE('',#6302,0.2);
#4510=LINE('',#6303,#6304);
#4511=LINE('',#6305,#6306);
#4512=FILL_AREA_STYLE_COLOUR('',#6307);
#4513=LINE('',#6308,#6309);
#4514=FILL_AREA_STYLE_COLOUR('',#6310);
#4515=FILL_AREA_STYLE_COLOUR('',#6311);
#4516=LINE('',#6312,#6313);
#4517=FILL_AREA_STYLE_COLOUR('',#6314);
#4518=LINE('',#6315,#6316);
#4519=FILL_AREA_STYLE_COLOUR('',#6317);
#4520=LINE('',#6318,#6319);
#4521=FILL_AREA_STYLE_COLOUR('',#6320);
#4522=LINE('',#6321,#6322);
#4523=FILL_AREA_STYLE_COLOUR('',#6323);
#4524=LINE('',#6324,#6325);
#4525=FILL_AREA_STYLE_COLOUR('',#6326);
#4526=FILL_AREA_STYLE_COLOUR('',#6327);
#4527=ORIENTED_EDGE('',*,*,#6328,.T.);
#4528=ORIENTED_EDGE('',*,*,#6329,.F.);
#4529=ORIENTED_EDGE('',*,*,#6330,.T.);
#4530=ORIENTED_EDGE('',*,*,#6331,.F.);
#4531=ORIENTED_EDGE('',*,*,#6332,.T.);
#4532=ORIENTED_EDGE('',*,*,#6333,.F.);
#4533=ORIENTED_EDGE('',*,*,#6334,.T.);
#4534=ORIENTED_EDGE('',*,*,#6335,.F.);
#4535=ORIENTED_EDGE('',*,*,#6336,.T.);
#4536=ORIENTED_EDGE('',*,*,#6337,.F.);
#4537=ORIENTED_EDGE('',*,*,#6338,.T.);
#4538=ORIENTED_EDGE('',*,*,#6339,.F.);
#4539=CARTESIAN_POINT('',(2.5,-7.45,3.49));
#4540=DIRECTION('',(0.0,0.0,-1.0));
#4541=DIRECTION('',(-1.0,0.0,0.0));
#4542=ORIENTED_EDGE('',*,*,#6340,.F.);
#4543=ORIENTED_EDGE('',*,*,#6328,.F.);
#4544=ORIENTED_EDGE('',*,*,#6341,.F.);
#4545=ORIENTED_EDGE('',*,*,#6342,.T.);
#4546=ORIENTED_EDGE('',*,*,#6343,.F.);
#4547=ORIENTED_EDGE('',*,*,#6344,.F.);
#4548=ORIENTED_EDGE('',*,*,#6345,.T.);
#4549=ORIENTED_EDGE('',*,*,#6346,.F.);
#4550=ORIENTED_EDGE('',*,*,#6347,.F.);
#4551=ORIENTED_EDGE('',*,*,#6348,.T.);
#4552=ORIENTED_EDGE('',*,*,#6349,.T.);
#4553=ORIENTED_EDGE('',*,*,#6350,.T.);
#4554=ORIENTED_EDGE('',*,*,#6351,.T.);
#4555=ORIENTED_EDGE('',*,*,#6352,.T.);
#4556=ORIENTED_EDGE('',*,*,#6353,.F.);
#4557=ORIENTED_EDGE('',*,*,#6354,.F.);
#4558=ORIENTED_EDGE('',*,*,#6355,.T.);
#4559=ORIENTED_EDGE('',*,*,#6333,.T.);
#4560=ORIENTED_EDGE('',*,*,#6356,.F.);
#4561=ORIENTED_EDGE('',*,*,#6357,.F.);
#4562=ORIENTED_EDGE('',*,*,#6358,.F.);
#4563=ORIENTED_EDGE('',*,*,#6329,.T.);
#4564=ORIENTED_EDGE('',*,*,#6340,.T.);
#4565=ORIENTED_EDGE('',*,*,#6359,.T.);
#4566=ORIENTED_EDGE('',*,*,#6360,.T.);
#4567=ORIENTED_EDGE('',*,*,#6361,.F.);
#4568=ORIENTED_EDGE('',*,*,#6362,.F.);
#4569=ORIENTED_EDGE('',*,*,#6363,.T.);
#4570=CARTESIAN_POINT('',(1.47,2.63,3.49));
#4571=DIRECTION('',(1.0,0.0,0.0));
#4572=DIRECTION('',(0.0,-1.0,-0.0));
#4573=ORIENTED_EDGE('',*,*,#6364,.T.);
#4574=ORIENTED_EDGE('',*,*,#6365,.F.);
#4575=ORIENTED_EDGE('',*,*,#6366,.F.);
#4576=ORIENTED_EDGE('',*,*,#6343,.T.);
#4577=CARTESIAN_POINT('',(1.57,-2.243794974447,-0.932912));
#4578=DIRECTION('',(0.0,0.0,-1.0));
#4579=DIRECTION('',(-1.0,0.0,0.0));
#4580=ORIENTED_EDGE('',*,*,#6367,.F.);
#4581=ORIENTED_EDGE('',*,*,#6356,.T.);
#4582=ORIENTED_EDGE('',*,*,#6332,.F.);
#4583=ORIENTED_EDGE('',*,*,#6368,.F.);
#4584=CARTESIAN_POINT('',(1.57,-2.243794974447,-0.932912));
#4585=DIRECTION('',(0.0,0.0,-1.0));
#4586=DIRECTION('',(-1.0,0.0,0.0));
#4587=ORIENTED_EDGE('',*,*,#6363,.F.);
#4588=ORIENTED_EDGE('',*,*,#6369,.T.);
#4589=ORIENTED_EDGE('',*,*,#6370,.F.);
#4590=ORIENTED_EDGE('',*,*,#6364,.F.);
#4591=CARTESIAN_POINT('',(1.47,-3.65,1.73));
#4592=DIRECTION('',(0.0,0.0,-1.0));
#4593=DIRECTION('',(-1.0,0.0,0.0));
#4594=ORIENTED_EDGE('',*,*,#6370,.T.);
#4595=ORIENTED_EDGE('',*,*,#6371,.T.);
#4596=ORIENTED_EDGE('',*,*,#6372,.F.);
#4597=ORIENTED_EDGE('',*,*,#6365,.T.);
#4598=CARTESIAN_POINT('',(1.31387505004,-2.4,1.57));
#4599=DIRECTION('',(-0.0,0.0,1.0));
#4600=DIRECTION('',(0.0,-1.0,0.0));
#4601=ORIENTED_EDGE('',*,*,#6373,.F.);
#4602=ORIENTED_EDGE('',*,*,#6368,.T.);
#4603=ORIENTED_EDGE('',*,*,#6331,.T.);
#4604=ORIENTED_EDGE('',*,*,#6374,.T.);
#4605=CARTESIAN_POINT('',(1.31387505004,-2.4,1.57));
#4606=DIRECTION('',(-0.0,0.0,1.0));
#4607=DIRECTION('',(0.0,-1.0,0.0));
#4608=ORIENTED_EDGE('',*,*,#6375,.T.);
#4609=ORIENTED_EDGE('',*,*,#6376,.T.);
#4610=ORIENTED_EDGE('',*,*,#6377,.T.);
#4611=ORIENTED_EDGE('',*,*,#6378,.T.);
#4612=ORIENTED_EDGE('',*,*,#6379,.T.);
#4613=ORIENTED_EDGE('',*,*,#6380,.T.);
#4614=ORIENTED_EDGE('',*,*,#6381,.F.);
#4615=ORIENTED_EDGE('',*,*,#6344,.T.);
#4616=ORIENTED_EDGE('',*,*,#6366,.T.);
#4617=ORIENTED_EDGE('',*,*,#6372,.T.);
#4618=ORIENTED_EDGE('',*,*,#6382,.T.);
#4619=ORIENTED_EDGE('',*,*,#6361,.T.);
#4620=CARTESIAN_POINT('',(2.5,-7.45,1.57));
#4621=DIRECTION('',(0.0,0.0,-1.0));
#4622=DIRECTION('',(-1.0,0.0,0.0));
#4623=ORIENTED_EDGE('',*,*,#6383,.F.);
#4624=ORIENTED_EDGE('',*,*,#6375,.F.);
#4625=ORIENTED_EDGE('',*,*,#6360,.F.);
#4626=ORIENTED_EDGE('',*,*,#6384,.T.);
#4627=ORIENTED_EDGE('',*,*,#6385,.F.);
#4628=ORIENTED_EDGE('',*,*,#6376,.F.);
#4629=ORIENTED_EDGE('',*,*,#6383,.T.);
#4630=ORIENTED_EDGE('',*,*,#6386,.T.);
#4631=ORIENTED_EDGE('',*,*,#6341,.T.);
#4632=ORIENTED_EDGE('',*,*,#6339,.T.);
#4633=ORIENTED_EDGE('',*,*,#6387,.F.);
#4634=ORIENTED_EDGE('',*,*,#6388,.T.);
#4635=ORIENTED_EDGE('',*,*,#6389,.F.);
#4636=ORIENTED_EDGE('',*,*,#6335,.T.);
#4637=ORIENTED_EDGE('',*,*,#6390,.F.);
#4638=ORIENTED_EDGE('',*,*,#6391,.T.);
#4639=ORIENTED_EDGE('',*,*,#6392,.T.);
#4640=ORIENTED_EDGE('',*,*,#6393,.F.);
#4641=ORIENTED_EDGE('',*,*,#6394,.F.);
#4642=ORIENTED_EDGE('',*,*,#6395,.F.);
#4643=ORIENTED_EDGE('',*,*,#6396,.F.);
#4644=ORIENTED_EDGE('',*,*,#6397,.F.);
#4645=ORIENTED_EDGE('',*,*,#6398,.T.);
#4646=ORIENTED_EDGE('',*,*,#6399,.T.);
#4647=ORIENTED_EDGE('',*,*,#6400,.F.);
#4648=ORIENTED_EDGE('',*,*,#6380,.F.);
#4649=ORIENTED_EDGE('',*,*,#6401,.F.);
#4650=ORIENTED_EDGE('',*,*,#6402,.F.);
#4651=CARTESIAN_POINT('',(1.07,-4.52,3.49));
#4652=DIRECTION('',(-1.0,0.0,0.0));
#4653=DIRECTION('',(0.0,0.0,-1.0));
#4654=ORIENTED_EDGE('',*,*,#6403,.F.);
#4655=ORIENTED_EDGE('',*,*,#6387,.T.);
#4656=ORIENTED_EDGE('',*,*,#6338,.F.);
#4657=ORIENTED_EDGE('',*,*,#6404,.F.);
#4658=CARTESIAN_POINT('',(0.97,-2.556205025553,-0.932912));
#4659=DIRECTION('',(0.0,0.0,-1.0));
#4660=DIRECTION('',(1.0,0.0,0.0));
#4661=ORIENTED_EDGE('',*,*,#6405,.T.);
#4662=ORIENTED_EDGE('',*,*,#6406,.F.);
#4663=ORIENTED_EDGE('',*,*,#6377,.F.);
#4664=ORIENTED_EDGE('',*,*,#6385,.T.);
#4665=CARTESIAN_POINT('',(0.97,-2.556205025553,-0.932912));
#4666=DIRECTION('',(0.0,0.0,-1.0));
#4667=DIRECTION('',(1.0,0.0,0.0));
#4668=ORIENTED_EDGE('',*,*,#6388,.F.);
#4669=ORIENTED_EDGE('',*,*,#6403,.T.);
#4670=ORIENTED_EDGE('',*,*,#6407,.T.);
#4671=ORIENTED_EDGE('',*,*,#6408,.F.);
#4672=CARTESIAN_POINT('',(1.07,-3.65,3.33));
#4673=DIRECTION('',(0.0,-0.0,1.0));
#4674=DIRECTION('',(0.0,1.0,0.0));
#4675=ORIENTED_EDGE('',*,*,#6408,.T.);
#4676=ORIENTED_EDGE('',*,*,#6409,.F.);
#4677=ORIENTED_EDGE('',*,*,#6336,.F.);
#4678=ORIENTED_EDGE('',*,*,#6389,.T.);
#4679=CARTESIAN_POINT('',(0.97,-2.243794974447,5.992912));
#4680=DIRECTION('',(0.0,-0.0,1.0));
#4681=DIRECTION('',(1.0,0.0,0.0));
#4682=ORIENTED_EDGE('',*,*,#6410,.F.);
#4683=ORIENTED_EDGE('',*,*,#6401,.T.);
#4684=ORIENTED_EDGE('',*,*,#6379,.F.);
#4685=ORIENTED_EDGE('',*,*,#6411,.F.);
#4686=CARTESIAN_POINT('',(0.97,-2.243794974447,5.992912));
#4687=DIRECTION('',(0.0,-0.0,1.0));
#4688=DIRECTION('',(1.0,0.0,0.0));
#4689=ORIENTED_EDGE('',*,*,#6407,.F.);
#4690=ORIENTED_EDGE('',*,*,#6404,.T.);
#4691=ORIENTED_EDGE('',*,*,#6337,.T.);
#4692=ORIENTED_EDGE('',*,*,#6409,.T.);
#4693=CARTESIAN_POINT('',(1.22612494996,-2.4,1.57));
#4694=DIRECTION('',(-0.0,0.0,1.0));
#4695=DIRECTION('',(0.0,-1.0,0.0));
#4696=ORIENTED_EDGE('',*,*,#6412,.T.);
#4697=ORIENTED_EDGE('',*,*,#6411,.T.);
#4698=ORIENTED_EDGE('',*,*,#6378,.F.);
#4699=ORIENTED_EDGE('',*,*,#6406,.T.);
#4700=CARTESIAN_POINT('',(1.22612494996,-2.4,1.57));
#4701=DIRECTION('',(-0.0,0.0,1.0));
#4702=DIRECTION('',(0.0,-1.0,0.0));
#4703=ORIENTED_EDGE('',*,*,#6402,.T.);
#4704=ORIENTED_EDGE('',*,*,#6410,.T.);
#4705=ORIENTED_EDGE('',*,*,#6412,.F.);
#4706=ORIENTED_EDGE('',*,*,#6405,.F.);
#4707=CARTESIAN_POINT('',(0.995,-3.65,1.73));
#4708=DIRECTION('',(0.0,0.0,-1.0));
#4709=DIRECTION('',(-1.0,0.0,0.0));
#4710=ORIENTED_EDGE('',*,*,#6381,.T.);
#4711=ORIENTED_EDGE('',*,*,#6400,.T.);
#4712=ORIENTED_EDGE('',*,*,#6413,.T.);
#4713=ORIENTED_EDGE('',*,*,#6345,.F.);
#4714=CARTESIAN_POINT('',(1.07,-1.82,1.57));
#4715=DIRECTION('',(0.0,-0.0237758707178706,0.999717314030125));
#4716=DIRECTION('',(0.0,0.999717314030125,0.0237758707178706));
#4717=ORIENTED_EDGE('',*,*,#6391,.F.);
#4718=ORIENTED_EDGE('',*,*,#6414,.T.);
#4719=ORIENTED_EDGE('',*,*,#6354,.T.);
#4720=ORIENTED_EDGE('',*,*,#6415,.T.);
#4721=CARTESIAN_POINT('',(1.07,2.63,3.49));
#4722=DIRECTION('',(0.0,1.0,0.0));
#4723=DIRECTION('',(0.0,0.0,-1.0));
#4724=ORIENTED_EDGE('',*,*,#6399,.F.);
#4725=ORIENTED_EDGE('',*,*,#6416,.F.);
#4726=ORIENTED_EDGE('',*,*,#6346,.T.);
#4727=ORIENTED_EDGE('',*,*,#6413,.F.);
#4728=CARTESIAN_POINT('',(1.07,2.63,3.49));
#4729=DIRECTION('',(0.0,1.0,0.0));
#4730=DIRECTION('',(0.0,0.0,-1.0));
#4731=ORIENTED_EDGE('',*,*,#6392,.F.);
#4732=ORIENTED_EDGE('',*,*,#6415,.F.);
#4733=ORIENTED_EDGE('',*,*,#6353,.T.);
#4734=ORIENTED_EDGE('',*,*,#6417,.F.);
#4735=CARTESIAN_POINT('',(1.07,1.229765502911,4.762223252765));
#4736=DIRECTION('',(1.0,0.0,-0.0));
#4737=DIRECTION('',(0.0,0.0,1.0));
#4738=ORIENTED_EDGE('',*,*,#6393,.T.);
#4739=ORIENTED_EDGE('',*,*,#6417,.T.);
#4740=ORIENTED_EDGE('',*,*,#6352,.F.);
#4741=ORIENTED_EDGE('',*,*,#6418,.F.);
#4742=CARTESIAN_POINT('',(1.07,1.33,2.53));
#4743=DIRECTION('',(1.0,0.0,-0.0));
#4744=DIRECTION('',(0.0,0.0,1.0));
#4745=ORIENTED_EDGE('',*,*,#6394,.T.);
#4746=ORIENTED_EDGE('',*,*,#6418,.T.);
#4747=ORIENTED_EDGE('',*,*,#6351,.F.);
#4748=ORIENTED_EDGE('',*,*,#6419,.F.);
#4749=CARTESIAN_POINT('',(1.07,-1.82,2.905));
#4750=DIRECTION('',(0.0,0.0237758707178706,0.999717314030125));
#4751=DIRECTION('',(-1.0,0.0,0.0));
#4752=ORIENTED_EDGE('',*,*,#6395,.T.);
#4753=ORIENTED_EDGE('',*,*,#6419,.T.);
#4754=ORIENTED_EDGE('',*,*,#6350,.F.);
#4755=ORIENTED_EDGE('',*,*,#6420,.F.);
#4756=CARTESIAN_POINT('',(1.07,-1.82,2.53));
#4757=DIRECTION('',(1.0,0.0,-0.0));
#4758=DIRECTION('',(0.0,0.0,1.0));
#4759=ORIENTED_EDGE('',*,*,#6396,.T.);
#4760=ORIENTED_EDGE('',*,*,#6420,.T.);
#4761=ORIENTED_EDGE('',*,*,#6349,.F.);
#4762=ORIENTED_EDGE('',*,*,#6421,.F.);
#4763=CARTESIAN_POINT('',(1.07,1.337132761215,2.230084805791));
#4764=DIRECTION('',(0.0,0.0237758707178706,-0.999717314030125));
#4765=DIRECTION('',(1.0,0.0,0.0));
#4766=ORIENTED_EDGE('',*,*,#6397,.T.);
#4767=ORIENTED_EDGE('',*,*,#6421,.T.);
#4768=ORIENTED_EDGE('',*,*,#6348,.F.);
#4769=ORIENTED_EDGE('',*,*,#6422,.F.);
#4770=CARTESIAN_POINT('',(1.07,1.33,2.53));
#4771=DIRECTION('',(1.0,0.0,-0.0));
#4772=DIRECTION('',(0.0,0.0,1.0));
#4773=ORIENTED_EDGE('',*,*,#6398,.F.);
#4774=ORIENTED_EDGE('',*,*,#6422,.T.);
#4775=ORIENTED_EDGE('',*,*,#6347,.T.);
#4776=ORIENTED_EDGE('',*,*,#6416,.T.);
#4777=CARTESIAN_POINT('',(1.07,1.229765502911,0.297776747235));
#4778=DIRECTION('',(1.0,0.0,-0.0));
#4779=DIRECTION('',(0.0,0.0,1.0));
#4780=ORIENTED_EDGE('',*,*,#6334,.F.);
#4781=ORIENTED_EDGE('',*,*,#6355,.F.);
#4782=ORIENTED_EDGE('',*,*,#6414,.F.);
#4783=ORIENTED_EDGE('',*,*,#6390,.T.);
#4784=CARTESIAN_POINT('',(1.07,2.63,3.3841674579307));
#4785=DIRECTION('',(0.0,-0.0237758707178706,-0.999717314030125));
#4786=DIRECTION('',(1.0,0.0,0.0));
#4787=ORIENTED_EDGE('',*,*,#6342,.F.);
#4788=ORIENTED_EDGE('',*,*,#6386,.F.);
#4789=ORIENTED_EDGE('',*,*,#6384,.F.);
#4790=ORIENTED_EDGE('',*,*,#6359,.F.);
#4791=ORIENTED_EDGE('',*,*,#2800,.F.);
#4792=ORIENTED_EDGE('',*,*,#2809,.F.);
#4793=ORIENTED_EDGE('',*,*,#2831,.T.);
#4794=ORIENTED_EDGE('',*,*,#2848,.T.);
#4795=CARTESIAN_POINT('',(1.07,-3.65,2.21));
#4796=DIRECTION('',(0.0,1.0,0.0));
#4797=DIRECTION('',(0.0,0.0,-1.0));
#4798=ORIENTED_EDGE('',*,*,#6369,.F.);
#4799=ORIENTED_EDGE('',*,*,#6362,.T.);
#4800=ORIENTED_EDGE('',*,*,#6382,.F.);
#4801=ORIENTED_EDGE('',*,*,#6371,.F.);
#4802=CARTESIAN_POINT('',(1.57,-2.556205025553,5.992912));
#4803=DIRECTION('',(0.0,0.0,1.0));
#4804=DIRECTION('',(-1.0,0.0,0.0));
#4805=ORIENTED_EDGE('',*,*,#6423,.T.);
#4806=ORIENTED_EDGE('',*,*,#6374,.F.);
#4807=ORIENTED_EDGE('',*,*,#6330,.F.);
#4808=ORIENTED_EDGE('',*,*,#6358,.T.);
#4809=CARTESIAN_POINT('',(1.57,-2.556205025553,5.992912));
#4810=DIRECTION('',(0.0,0.0,1.0));
#4811=DIRECTION('',(-1.0,0.0,0.0));
#4812=ORIENTED_EDGE('',*,*,#6357,.T.);
#4813=ORIENTED_EDGE('',*,*,#6367,.T.);
#4814=ORIENTED_EDGE('',*,*,#6373,.T.);
#4815=ORIENTED_EDGE('',*,*,#6423,.F.);
#4816=CARTESIAN_POINT('',(1.545,-3.65,3.33));
#4817=DIRECTION('',(0.0,-0.0,1.0));
#4818=DIRECTION('',(0.0,1.0,0.0));
#4819=FILL_AREA_STYLE_COLOUR('',#6424);
#4820=VERTEX_POINT('',#6425);
#4821=VERTEX_POINT('',#6426);
#4822=LINE('',#6427,#6428);
#4823=VERTEX_POINT('',#6429);
#4824=LINE('',#6430,#6431);
#4825=VERTEX_POINT('',#6432);
#4826=LINE('',#6433,#6434);
#4827=LINE('',#6435,#6436);
#4828=FILL_AREA_STYLE_COLOUR('',#6437);
#4829=VERTEX_POINT('',#6438);
#4830=CIRCLE('',#6439,0.25);
#4831=VERTEX_POINT('',#6440);
#4832=LINE('',#6441,#6442);
#4833=CIRCLE('',#6443,0.25);
#4834=FILL_AREA_STYLE_COLOUR('',#6444);
#4835=VERTEX_POINT('',#6445);
#4836=VERTEX_POINT('',#6446);
#4837=CIRCLE('',#6447,0.5);
#4838=VERTEX_POINT('',#6448);
#4839=LINE('',#6449,#6450);
#4840=LINE('',#6451,#6452);
#4841=VERTEX_POINT('',#6453);
#4842=LINE('',#6454,#6455);
#4843=VERTEX_POINT('',#6456);
#4844=CIRCLE('',#6457,0.5);
#4845=VERTEX_POINT('',#6458);
#4846=LINE('',#6459,#6460);
#4847=VERTEX_POINT('',#6461);
#4848=CIRCLE('',#6462,0.25);
#4849=VERTEX_POINT('',#6463);
#4850=LINE('',#6464,#6465);
#4851=VERTEX_POINT('',#6466);
#4852=CIRCLE('',#6467,0.5);
#4853=VERTEX_POINT('',#6468);
#4854=LINE('',#6469,#6470);
#4855=VERTEX_POINT('',#6471);
#4856=LINE('',#6472,#6473);
#4857=VERTEX_POINT('',#6474);
#4858=LINE('',#6475,#6476);
#4859=VERTEX_POINT('',#6477);
#4860=CIRCLE('',#6478,0.25);
#4861=VERTEX_POINT('',#6479);
#4862=LINE('',#6480,#6481);
#4863=VERTEX_POINT('',#6482);
#4864=CIRCLE('',#6483,0.5);
#4865=VERTEX_POINT('',#6484);
#4866=LINE('',#6485,#6486);
#4867=VERTEX_POINT('',#6487);
#4868=CIRCLE('',#6488,0.25);
#4869=LINE('',#6489,#6490);
#4870=FILL_AREA_STYLE_COLOUR('',#6491);
#4871=VERTEX_POINT('',#6492);
#4872=LINE('',#6493,#6494);
#4873=VERTEX_POINT('',#6495);
#4874=CIRCLE('',#6496,0.5);
#4875=LINE('',#6497,#6498);
#4876=FILL_AREA_STYLE_COLOUR('',#6499);
#4877=VERTEX_POINT('',#6500);
#4878=LINE('',#6501,#6502);
#4879=LINE('',#6503,#6504);
#4880=FILL_AREA_STYLE_COLOUR('',#6505);
#4881=VERTEX_POINT('',#6506);
#4882=LINE('',#6507,#6508);
#4883=VERTEX_POINT('',#6509);
#4884=CIRCLE('',#6510,0.25);
#4885=VERTEX_POINT('',#6511);
#4886=LINE('',#6512,#6513);
#4887=VERTEX_POINT('',#6514);
#4888=CIRCLE('',#6515,0.5);
#4889=VERTEX_POINT('',#6516);
#4890=LINE('',#6517,#6518);
#4891=VERTEX_POINT('',#6519);
#4892=CIRCLE('',#6520,0.25);
#4893=VERTEX_POINT('',#6521);
#4894=LINE('',#6522,#6523);
#4895=VERTEX_POINT('',#6524);
#4896=LINE('',#6525,#6526);
#4897=VERTEX_POINT('',#6527);
#4898=LINE('',#6528,#6529);
#4899=VERTEX_POINT('',#6530);
#4900=CIRCLE('',#6531,0.5);
#4901=VERTEX_POINT('',#6532);
#4902=LINE('',#6533,#6534);
#4903=VERTEX_POINT('',#6535);
#4904=CIRCLE('',#6536,0.25);
#4905=VERTEX_POINT('',#6537);
#4906=LINE('',#6538,#6539);
#4907=VERTEX_POINT('',#6540);
#4908=CIRCLE('',#6541,0.5);
#4909=LINE('',#6542,#6543);
#4910=LINE('',#6544,#6545);
#4911=FILL_AREA_STYLE_COLOUR('',#6546);
#4912=LINE('',#6547,#6548);
#4913=FILL_AREA_STYLE_COLOUR('',#6549);
#4914=LINE('',#6550,#6551);
#4915=FILL_AREA_STYLE_COLOUR('',#6552);
#4916=LINE('',#6553,#6554);
#4917=FILL_AREA_STYLE_COLOUR('',#6555);
#4918=LINE('',#6556,#6557);
#4919=FILL_AREA_STYLE_COLOUR('',#6558);
#4920=LINE('',#6559,#6560);
#4921=FILL_AREA_STYLE_COLOUR('',#6561);
#4922=LINE('',#6562,#6563);
#4923=FILL_AREA_STYLE_COLOUR('',#6564);
#4924=VERTEX_POINT('',#6565);
#4925=CIRCLE('',#6566,0.25);
#4926=VERTEX_POINT('',#6567);
#4927=LINE('',#6568,#6569);
#4928=CIRCLE('',#6570,0.25);
#4929=FILL_AREA_STYLE_COLOUR('',#6571);
#4930=VERTEX_POINT('',#6572);
#4931=LINE('',#6573,#6574);
#4932=CIRCLE('',#6575,0.25);
#4933=FILL_AREA_STYLE_COLOUR('',#6576);
#4934=VERTEX_POINT('',#6577);
#4935=CIRCLE('',#6578,0.25);
#4936=LINE('',#6579,#6580);
#4937=LINE('',#6581,#6582);
#4938=FILL_AREA_STYLE_COLOUR('',#6583);
#4939=LINE('',#6584,#6585);
#4940=FILL_AREA_STYLE_COLOUR('',#6586);
#4941=FILL_AREA_STYLE_COLOUR('',#6587);
#4942=LINE('',#6588,#6589);
#4943=FILL_AREA_STYLE_COLOUR('',#6590);
#4944=LINE('',#6591,#6592);
#4945=FILL_AREA_STYLE_COLOUR('',#6593);
#4946=LINE('',#6594,#6595);
#4947=FILL_AREA_STYLE_COLOUR('',#6596);
#4948=LINE('',#6597,#6598);
#4949=FILL_AREA_STYLE_COLOUR('',#6599);
#4950=LINE('',#6600,#6601);
#4951=FILL_AREA_STYLE_COLOUR('',#6602);
#4952=FILL_AREA_STYLE_COLOUR('',#6603);
#4953=ORIENTED_EDGE('',*,*,#6604,.T.);
#4954=ORIENTED_EDGE('',*,*,#6605,.F.);
#4955=ORIENTED_EDGE('',*,*,#6606,.T.);
#4956=ORIENTED_EDGE('',*,*,#6607,.F.);
#4957=ORIENTED_EDGE('',*,*,#6608,.T.);
#4958=ORIENTED_EDGE('',*,*,#6609,.F.);
#4959=ORIENTED_EDGE('',*,*,#6610,.T.);
#4960=ORIENTED_EDGE('',*,*,#6611,.F.);
#4961=ORIENTED_EDGE('',*,*,#6612,.T.);
#4962=ORIENTED_EDGE('',*,*,#6613,.F.);
#4963=ORIENTED_EDGE('',*,*,#6614,.T.);
#4964=ORIENTED_EDGE('',*,*,#6615,.F.);
#4965=CARTESIAN_POINT('',(2.5,-11.15,0.95));
#4966=DIRECTION('',(0.0,0.0,-1.0));
#4967=DIRECTION('',(-1.0,0.0,0.0));
#4968=ORIENTED_EDGE('',*,*,#6604,.F.);
#4969=ORIENTED_EDGE('',*,*,#6616,.F.);
#4970=ORIENTED_EDGE('',*,*,#6617,.T.);
#4971=ORIENTED_EDGE('',*,*,#6618,.F.);
#4972=ORIENTED_EDGE('',*,*,#6619,.T.);
#4973=ORIENTED_EDGE('',*,*,#6620,.F.);
#4974=ORIENTED_EDGE('',*,*,#6621,.F.);
#4975=ORIENTED_EDGE('',*,*,#6622,.T.);
#4976=ORIENTED_EDGE('',*,*,#6623,.F.);
#4977=ORIENTED_EDGE('',*,*,#6624,.F.);
#4978=ORIENTED_EDGE('',*,*,#6625,.T.);
#4979=ORIENTED_EDGE('',*,*,#6626,.F.);
#4980=ORIENTED_EDGE('',*,*,#6627,.F.);
#4981=ORIENTED_EDGE('',*,*,#6628,.T.);
#4982=ORIENTED_EDGE('',*,*,#6629,.T.);
#4983=ORIENTED_EDGE('',*,*,#6630,.T.);
#4984=ORIENTED_EDGE('',*,*,#6631,.T.);
#4985=ORIENTED_EDGE('',*,*,#6632,.T.);
#4986=ORIENTED_EDGE('',*,*,#6633,.F.);
#4987=ORIENTED_EDGE('',*,*,#6634,.F.);
#4988=ORIENTED_EDGE('',*,*,#6635,.T.);
#4989=ORIENTED_EDGE('',*,*,#6609,.T.);
#4990=ORIENTED_EDGE('',*,*,#6636,.F.);
#4991=ORIENTED_EDGE('',*,*,#6637,.F.);
#4992=ORIENTED_EDGE('',*,*,#6638,.F.);
#4993=ORIENTED_EDGE('',*,*,#6605,.T.);
#4994=ORIENTED_EDGE('',*,*,#6618,.T.);
#4995=ORIENTED_EDGE('',*,*,#6639,.T.);
#4996=CARTESIAN_POINT('',(-1.07,2.68,0.95));
#4997=DIRECTION('',(1.0,0.0,0.0));
#4998=DIRECTION('',(0.0,-1.0,-0.0));
#4999=ORIENTED_EDGE('',*,*,#6640,.F.);
#5000=ORIENTED_EDGE('',*,*,#6619,.F.);
#5001=ORIENTED_EDGE('',*,*,#6641,.T.);
#5002=ORIENTED_EDGE('',*,*,#6642,.F.);
#5003=ORIENTED_EDGE('',*,*,#6640,.T.);
#5004=ORIENTED_EDGE('',*,*,#6643,.T.);
#5005=ORIENTED_EDGE('',*,*,#6644,.T.);
#5006=ORIENTED_EDGE('',*,*,#6645,.T.);
#5007=ORIENTED_EDGE('',*,*,#6646,.T.);
#5008=ORIENTED_EDGE('',*,*,#6647,.T.);
#5009=ORIENTED_EDGE('',*,*,#6648,.F.);
#5010=ORIENTED_EDGE('',*,*,#6624,.T.);
#5011=ORIENTED_EDGE('',*,*,#6649,.T.);
#5012=ORIENTED_EDGE('',*,*,#6650,.T.);
#5013=ORIENTED_EDGE('',*,*,#6651,.T.);
#5014=ORIENTED_EDGE('',*,*,#6620,.T.);
#5015=CARTESIAN_POINT('',(2.5,-11.15,-0.97));
#5016=DIRECTION('',(0.0,0.0,-1.0));
#5017=DIRECTION('',(-1.0,0.0,0.0));
#5018=ORIENTED_EDGE('',*,*,#6652,.F.);
#5019=ORIENTED_EDGE('',*,*,#6621,.T.);
#5020=ORIENTED_EDGE('',*,*,#6651,.F.);
#5021=ORIENTED_EDGE('',*,*,#6653,.F.);
#5022=CARTESIAN_POINT('',(-0.97,-2.923745860882,3.452912));
#5023=DIRECTION('',(0.0,0.0,1.0));
#5024=DIRECTION('',(-1.0,0.0,0.0));
#5025=ORIENTED_EDGE('',*,*,#6654,.T.);
#5026=ORIENTED_EDGE('',*,*,#6655,.F.);
#5027=ORIENTED_EDGE('',*,*,#6606,.F.);
#5028=ORIENTED_EDGE('',*,*,#6638,.T.);
#5029=CARTESIAN_POINT('',(-0.97,-2.923745860882,3.452912));
#5030=DIRECTION('',(0.0,0.0,1.0));
#5031=DIRECTION('',(-1.0,0.0,0.0));
#5032=ORIENTED_EDGE('',*,*,#6656,.T.);
#5033=ORIENTED_EDGE('',*,*,#6657,.F.);
#5034=ORIENTED_EDGE('',*,*,#6622,.F.);
#5035=ORIENTED_EDGE('',*,*,#6652,.T.);
#5036=CARTESIAN_POINT('',(-1.07,-3.65,-0.81));
#5037=DIRECTION('',(0.0,0.0,-1.0));
#5038=DIRECTION('',(-1.0,0.0,0.0));
#5039=ORIENTED_EDGE('',*,*,#6656,.F.);
#5040=ORIENTED_EDGE('',*,*,#6653,.T.);
#5041=ORIENTED_EDGE('',*,*,#6650,.F.);
#5042=ORIENTED_EDGE('',*,*,#6658,.T.);
#5043=CARTESIAN_POINT('',(-1.17,-2.735,-0.97));
#5044=DIRECTION('',(-0.0,0.0,1.0));
#5045=DIRECTION('',(0.0,-1.0,0.0));
#5046=ORIENTED_EDGE('',*,*,#6659,.F.);
#5047=ORIENTED_EDGE('',*,*,#6660,.T.);
#5048=ORIENTED_EDGE('',*,*,#6607,.T.);
#5049=ORIENTED_EDGE('',*,*,#6655,.T.);
#5050=CARTESIAN_POINT('',(-1.17,-2.735,-0.97));
#5051=DIRECTION('',(-0.0,0.0,1.0));
#5052=DIRECTION('',(0.0,-1.0,0.0));
#5053=ORIENTED_EDGE('',*,*,#6657,.T.);
#5054=ORIENTED_EDGE('',*,*,#6658,.F.);
#5055=ORIENTED_EDGE('',*,*,#6649,.F.);
#5056=ORIENTED_EDGE('',*,*,#6623,.T.);
#5057=CARTESIAN_POINT('',(-0.97,-2.546254139118,-3.472912));
#5058=DIRECTION('',(0.0,0.0,-1.0));
#5059=DIRECTION('',(-1.0,1.7763568394E-14,0.0));
#5060=ORIENTED_EDGE('',*,*,#6661,.F.);
#5061=ORIENTED_EDGE('',*,*,#6636,.T.);
#5062=ORIENTED_EDGE('',*,*,#6608,.F.);
#5063=ORIENTED_EDGE('',*,*,#6660,.F.);
#5064=CARTESIAN_POINT('',(-0.97,-2.546254139118,-3.472912));
#5065=DIRECTION('',(0.0,0.0,-1.0));
#5066=DIRECTION('',(-1.0,1.7763568394E-14,0.0));
#5067=ORIENTED_EDGE('',*,*,#6659,.T.);
#5068=ORIENTED_EDGE('',*,*,#6654,.F.);
#5069=ORIENTED_EDGE('',*,*,#6637,.T.);
#5070=ORIENTED_EDGE('',*,*,#6661,.T.);
#5071=CARTESIAN_POINT('',(-0.995,-3.65,0.79));
#5072=DIRECTION('',(0.0,-0.0,1.0));
#5073=DIRECTION('',(0.0,1.0,0.0));
#5074=ORIENTED_EDGE('',*,*,#6648,.T.);
#5075=ORIENTED_EDGE('',*,*,#6662,.T.);
#5076=ORIENTED_EDGE('',*,*,#6663,.T.);
#5077=ORIENTED_EDGE('',*,*,#6625,.F.);
#5078=CARTESIAN_POINT('',(-1.47,-1.82,-0.97));
#5079=DIRECTION('',(0.0,-0.0234053972072094,0.999726056168175));
#5080=DIRECTION('',(0.0,0.999726056168175,0.0234053972072094));
#5081=ORIENTED_EDGE('',*,*,#6664,.F.);
#5082=ORIENTED_EDGE('',*,*,#6665,.T.);
#5083=ORIENTED_EDGE('',*,*,#6634,.T.);
#5084=ORIENTED_EDGE('',*,*,#6666,.T.);
#5085=CARTESIAN_POINT('',(-1.47,2.68,0.95));
#5086=DIRECTION('',(0.0,1.0,0.0));
#5087=DIRECTION('',(0.0,0.0,-1.0));
#5088=ORIENTED_EDGE('',*,*,#6667,.F.);
#5089=ORIENTED_EDGE('',*,*,#6668,.F.);
#5090=ORIENTED_EDGE('',*,*,#6626,.T.);
#5091=ORIENTED_EDGE('',*,*,#6663,.F.);
#5092=CARTESIAN_POINT('',(-1.47,2.68,0.95));
#5093=DIRECTION('',(0.0,1.0,0.0));
#5094=DIRECTION('',(0.0,0.0,-1.0));
#5095=ORIENTED_EDGE('',*,*,#6642,.T.);
#5096=ORIENTED_EDGE('',*,*,#6669,.T.);
#5097=ORIENTED_EDGE('',*,*,#6616,.T.);
#5098=ORIENTED_EDGE('',*,*,#6615,.T.);
#5099=ORIENTED_EDGE('',*,*,#6670,.F.);
#5100=ORIENTED_EDGE('',*,*,#6671,.T.);
#5101=ORIENTED_EDGE('',*,*,#6672,.F.);
#5102=ORIENTED_EDGE('',*,*,#6611,.T.);
#5103=ORIENTED_EDGE('',*,*,#6673,.F.);
#5104=ORIENTED_EDGE('',*,*,#6664,.T.);
#5105=ORIENTED_EDGE('',*,*,#6674,.T.);
#5106=ORIENTED_EDGE('',*,*,#6675,.F.);
#5107=ORIENTED_EDGE('',*,*,#6676,.F.);
#5108=ORIENTED_EDGE('',*,*,#6677,.F.);
#5109=ORIENTED_EDGE('',*,*,#6678,.F.);
#5110=ORIENTED_EDGE('',*,*,#6679,.F.);
#5111=ORIENTED_EDGE('',*,*,#6680,.T.);
#5112=ORIENTED_EDGE('',*,*,#6667,.T.);
#5113=ORIENTED_EDGE('',*,*,#6662,.F.);
#5114=ORIENTED_EDGE('',*,*,#6647,.F.);
#5115=ORIENTED_EDGE('',*,*,#6681,.F.);
#5116=ORIENTED_EDGE('',*,*,#6682,.F.);
#5117=ORIENTED_EDGE('',*,*,#6683,.F.);
#5118=ORIENTED_EDGE('',*,*,#6643,.F.);
#5119=CARTESIAN_POINT('',(-1.47,-4.63,0.95));
#5120=DIRECTION('',(-1.0,0.0,0.0));
#5121=DIRECTION('',(0.0,0.0,-1.0));
#5122=ORIENTED_EDGE('',*,*,#6684,.F.);
#5123=ORIENTED_EDGE('',*,*,#6670,.T.);
#5124=ORIENTED_EDGE('',*,*,#6614,.F.);
#5125=ORIENTED_EDGE('',*,*,#6685,.F.);
#5126=CARTESIAN_POINT('',(-1.57,-2.923745860882,-3.472912));
#5127=DIRECTION('',(0.0,0.0,-1.0));
#5128=DIRECTION('',(1.0,0.0,0.0));
#5129=ORIENTED_EDGE('',*,*,#6686,.T.);
#5130=ORIENTED_EDGE('',*,*,#6687,.F.);
#5131=ORIENTED_EDGE('',*,*,#6644,.F.);
#5132=ORIENTED_EDGE('',*,*,#6683,.T.);
#5133=CARTESIAN_POINT('',(-1.57,-2.923745860882,-3.472912));
#5134=DIRECTION('',(0.0,0.0,-1.0));
#5135=DIRECTION('',(1.0,0.0,0.0));
#5136=ORIENTED_EDGE('',*,*,#6688,.T.);
#5137=ORIENTED_EDGE('',*,*,#6689,.F.);
#5138=ORIENTED_EDGE('',*,*,#6671,.F.);
#5139=ORIENTED_EDGE('',*,*,#6684,.T.);
#5140=CARTESIAN_POINT('',(-1.47,-3.65,0.79));
#5141=DIRECTION('',(0.0,-0.0,1.0));
#5142=DIRECTION('',(0.0,1.0,0.0));
#5143=ORIENTED_EDGE('',*,*,#6688,.F.);
#5144=ORIENTED_EDGE('',*,*,#6685,.T.);
#5145=ORIENTED_EDGE('',*,*,#6613,.T.);
#5146=ORIENTED_EDGE('',*,*,#6690,.T.);
#5147=CARTESIAN_POINT('',(-1.37,-2.735,-0.97));
#5148=DIRECTION('',(-0.0,0.0,1.0));
#5149=DIRECTION('',(0.0,-1.0,0.0));
#5150=ORIENTED_EDGE('',*,*,#6691,.F.);
#5151=ORIENTED_EDGE('',*,*,#6692,.T.);
#5152=ORIENTED_EDGE('',*,*,#6645,.F.);
#5153=ORIENTED_EDGE('',*,*,#6687,.T.);
#5154=CARTESIAN_POINT('',(-1.37,-2.735,-0.97));
#5155=DIRECTION('',(-0.0,0.0,1.0));
#5156=DIRECTION('',(0.0,-1.0,0.0));
#5157=ORIENTED_EDGE('',*,*,#6689,.T.);
#5158=ORIENTED_EDGE('',*,*,#6690,.F.);
#5159=ORIENTED_EDGE('',*,*,#6612,.F.);
#5160=ORIENTED_EDGE('',*,*,#6672,.T.);
#5161=CARTESIAN_POINT('',(-1.57,-2.546254139118,3.452912));
#5162=DIRECTION('',(0.0,-0.0,1.0));
#5163=DIRECTION('',(1.0,-1.7763568394E-14,-0.0));
#5164=ORIENTED_EDGE('',*,*,#6693,.F.);
#5165=ORIENTED_EDGE('',*,*,#6681,.T.);
#5166=ORIENTED_EDGE('',*,*,#6646,.F.);
#5167=ORIENTED_EDGE('',*,*,#6692,.F.);
#5168=CARTESIAN_POINT('',(-1.57,-2.546254139118,3.452912));
#5169=DIRECTION('',(0.0,-0.0,1.0));
#5170=DIRECTION('',(1.0,-1.7763568394E-14,-0.0));
#5171=ORIENTED_EDGE('',*,*,#6691,.T.);
#5172=ORIENTED_EDGE('',*,*,#6686,.F.);
#5173=ORIENTED_EDGE('',*,*,#6682,.T.);
#5174=ORIENTED_EDGE('',*,*,#6693,.T.);
#5175=CARTESIAN_POINT('',(-1.545,-3.65,-0.81));
#5176=DIRECTION('',(0.0,0.0,-1.0));
#5177=DIRECTION('',(-1.0,0.0,0.0));
#5178=ORIENTED_EDGE('',*,*,#6680,.F.);
#5179=ORIENTED_EDGE('',*,*,#6694,.T.);
#5180=ORIENTED_EDGE('',*,*,#6627,.T.);
#5181=ORIENTED_EDGE('',*,*,#6668,.T.);
#5182=CARTESIAN_POINT('',(-1.47,1.27919920222,-2.242147158181));
#5183=DIRECTION('',(1.0,0.0,-0.0));
#5184=DIRECTION('',(0.0,0.0,1.0));
#5185=ORIENTED_EDGE('',*,*,#6679,.T.);
#5186=ORIENTED_EDGE('',*,*,#6695,.T.);
#5187=ORIENTED_EDGE('',*,*,#6628,.F.);
#5188=ORIENTED_EDGE('',*,*,#6694,.F.);
#5189=CARTESIAN_POINT('',(-1.47,1.38,-0.01));
#5190=DIRECTION('',(1.0,0.0,-0.0));
#5191=DIRECTION('',(0.0,0.0,1.0));
#5192=ORIENTED_EDGE('',*,*,#6678,.T.);
#5193=ORIENTED_EDGE('',*,*,#6696,.T.);
#5194=ORIENTED_EDGE('',*,*,#6629,.F.);
#5195=ORIENTED_EDGE('',*,*,#6695,.F.);
#5196=CARTESIAN_POINT('',(-1.47,1.38702161916,-0.30991781685));
#5197=DIRECTION('',(0.0,0.0234053972072094,-0.999726056168175));
#5198=DIRECTION('',(1.0,0.0,0.0));
#5199=ORIENTED_EDGE('',*,*,#6677,.T.);
#5200=ORIENTED_EDGE('',*,*,#6697,.T.);
#5201=ORIENTED_EDGE('',*,*,#6630,.F.);
#5202=ORIENTED_EDGE('',*,*,#6696,.F.);
#5203=CARTESIAN_POINT('',(-1.47,-1.82,-0.01));
#5204=DIRECTION('',(1.0,0.0,-0.0));
#5205=DIRECTION('',(0.0,0.0,1.0));
#5206=ORIENTED_EDGE('',*,*,#6676,.T.);
#5207=ORIENTED_EDGE('',*,*,#6698,.T.);
#5208=ORIENTED_EDGE('',*,*,#6631,.F.);
#5209=ORIENTED_EDGE('',*,*,#6697,.F.);
#5210=CARTESIAN_POINT('',(-1.47,-1.82,0.365));
#5211=DIRECTION('',(0.0,0.0234053972072094,0.999726056168175));
#5212=DIRECTION('',(-1.0,0.0,0.0));
#5213=ORIENTED_EDGE('',*,*,#6675,.T.);
#5214=ORIENTED_EDGE('',*,*,#6699,.T.);
#5215=ORIENTED_EDGE('',*,*,#6632,.F.);
#5216=ORIENTED_EDGE('',*,*,#6698,.F.);
#5217=CARTESIAN_POINT('',(-1.47,1.38,-0.01));
#5218=DIRECTION('',(1.0,0.0,-0.0));
#5219=DIRECTION('',(0.0,0.0,1.0));
#5220=ORIENTED_EDGE('',*,*,#6674,.F.);
#5221=ORIENTED_EDGE('',*,*,#6666,.F.);
#5222=ORIENTED_EDGE('',*,*,#6633,.T.);
#5223=ORIENTED_EDGE('',*,*,#6699,.F.);
#5224=CARTESIAN_POINT('',(-1.47,1.27919920222,2.222147158181));
#5225=DIRECTION('',(1.0,0.0,-0.0));
#5226=DIRECTION('',(0.0,0.0,1.0));
#5227=ORIENTED_EDGE('',*,*,#6610,.F.);
#5228=ORIENTED_EDGE('',*,*,#6635,.F.);
#5229=ORIENTED_EDGE('',*,*,#6665,.F.);
#5230=ORIENTED_EDGE('',*,*,#6673,.T.);
#5231=CARTESIAN_POINT('',(-1.47,2.68,0.8446468517224));
#5232=DIRECTION('',(0.0,-0.0234053972072094,-0.999726056168175));
#5233=DIRECTION('',(1.0,0.0,0.0));
#5234=ORIENTED_EDGE('',*,*,#6641,.F.);
#5235=ORIENTED_EDGE('',*,*,#6639,.F.);
#5236=ORIENTED_EDGE('',*,*,#6617,.F.);
#5237=ORIENTED_EDGE('',*,*,#6669,.F.);
#5238=ORIENTED_EDGE('',*,*,#2985,.F.);
#5239=ORIENTED_EDGE('',*,*,#2994,.F.);
#5240=ORIENTED_EDGE('',*,*,#3016,.T.);
#5241=ORIENTED_EDGE('',*,*,#3033,.T.);
#5242=CARTESIAN_POINT('',(-1.47,-3.65,-0.33));
#5243=DIRECTION('',(0.0,1.0,0.0));
#5244=DIRECTION('',(0.0,0.0,-1.0));
#5245=FILL_AREA_STYLE_COLOUR('',#6700);
#5246=VERTEX_POINT('',#6701);
#5247=VERTEX_POINT('',#6702);
#5248=LINE('',#6703,#6704);
#5249=VERTEX_POINT('',#6705);
#5250=LINE('',#6706,#6707);
#5251=VERTEX_POINT('',#6708);
#5252=LINE('',#6709,#6710);
#5253=LINE('',#6711,#6712);
#5254=FILL_AREA_STYLE_COLOUR('',#6713);
#5255=VERTEX_POINT('',#6714);
#5256=CIRCLE('',#6715,0.25);
#5257=VERTEX_POINT('',#6716);
#5258=LINE('',#6717,#6718);
#5259=CIRCLE('',#6719,0.25);
#5260=FILL_AREA_STYLE_COLOUR('',#6720);
#5261=VERTEX_POINT('',#6721);
#5262=VERTEX_POINT('',#6722);
#5263=CIRCLE('',#6723,0.5);
#5264=VERTEX_POINT('',#6724);
#5265=LINE('',#6725,#6726);
#5266=LINE('',#6727,#6728);
#5267=VERTEX_POINT('',#6729);
#5268=LINE('',#6730,#6731);
#5269=VERTEX_POINT('',#6732);
#5270=CIRCLE('',#6733,0.5);
#5271=VERTEX_POINT('',#6734);
#5272=LINE('',#6735,#6736);
#5273=VERTEX_POINT('',#6737);
#5274=CIRCLE('',#6738,0.25);
#5275=VERTEX_POINT('',#6739);
#5276=LINE('',#6740,#6741);
#5277=VERTEX_POINT('',#6742);
#5278=CIRCLE('',#6743,0.5);
#5279=VERTEX_POINT('',#6744);
#5280=LINE('',#6745,#6746);
#5281=VERTEX_POINT('',#6747);
#5282=LINE('',#6748,#6749);
#5283=VERTEX_POINT('',#6750);
#5284=LINE('',#6751,#6752);
#5285=VERTEX_POINT('',#6753);
#5286=CIRCLE('',#6754,0.25);
#5287=VERTEX_POINT('',#6755);
#5288=LINE('',#6756,#6757);
#5289=VERTEX_POINT('',#6758);
#5290=CIRCLE('',#6759,0.5);
#5291=VERTEX_POINT('',#6760);
#5292=LINE('',#6761,#6762);
#5293=VERTEX_POINT('',#6763);
#5294=CIRCLE('',#6764,0.25);
#5295=LINE('',#6765,#6766);
#5296=FILL_AREA_STYLE_COLOUR('',#6767);
#5297=VERTEX_POINT('',#6768);
#5298=LINE('',#6769,#6770);
#5299=VERTEX_POINT('',#6771);
#5300=CIRCLE('',#6772,0.5);
#5301=LINE('',#6773,#6774);
#5302=FILL_AREA_STYLE_COLOUR('',#6775);
#5303=VERTEX_POINT('',#6776);
#5304=LINE('',#6777,#6778);
#5305=LINE('',#6779,#6780);
#5306=FILL_AREA_STYLE_COLOUR('',#6781);
#5307=VERTEX_POINT('',#6782);
#5308=LINE('',#6783,#6784);
#5309=VERTEX_POINT('',#6785);
#5310=CIRCLE('',#6786,0.25);
#5311=VERTEX_POINT('',#6787);
#5312=LINE('',#6788,#6789);
#5313=VERTEX_POINT('',#6790);
#5314=CIRCLE('',#6791,0.5);
#5315=VERTEX_POINT('',#6792);
#5316=LINE('',#6793,#6794);
#5317=VERTEX_POINT('',#6795);
#5318=CIRCLE('',#6796,0.25);
#5319=VERTEX_POINT('',#6797);
#5320=LINE('',#6798,#6799);
#5321=VERTEX_POINT('',#6800);
#5322=LINE('',#6801,#6802);
#5323=VERTEX_POINT('',#6803);
#5324=LINE('',#6804,#6805);
#5325=VERTEX_POINT('',#6806);
#5326=CIRCLE('',#6807,0.5);
#5327=VERTEX_POINT('',#6808);
#5328=LINE('',#6809,#6810);
#5329=VERTEX_POINT('',#6811);
#5330=CIRCLE('',#6812,0.25);
#5331=VERTEX_POINT('',#6813);
#5332=LINE('',#6814,#6815);
#5333=VERTEX_POINT('',#6816);
#5334=CIRCLE('',#6817,0.5);
#5335=LINE('',#6818,#6819);
#5336=LINE('',#6820,#6821);
#5337=FILL_AREA_STYLE_COLOUR('',#6822);
#5338=LINE('',#6823,#6824);
#5339=FILL_AREA_STYLE_COLOUR('',#6825);
#5340=LINE('',#6826,#6827);
#5341=FILL_AREA_STYLE_COLOUR('',#6828);
#5342=LINE('',#6829,#6830);
#5343=FILL_AREA_STYLE_COLOUR('',#6831);
#5344=LINE('',#6832,#6833);
#5345=FILL_AREA_STYLE_COLOUR('',#6834);
#5346=LINE('',#6835,#6836);
#5347=FILL_AREA_STYLE_COLOUR('',#6837);
#5348=LINE('',#6838,#6839);
#5349=FILL_AREA_STYLE_COLOUR('',#6840);
#5350=VERTEX_POINT('',#6841);
#5351=CIRCLE('',#6842,0.25);
#5352=VERTEX_POINT('',#6843);
#5353=LINE('',#6844,#6845);
#5354=CIRCLE('',#6846,0.25);
#5355=FILL_AREA_STYLE_COLOUR('',#6847);
#5356=VERTEX_POINT('',#6848);
#5357=LINE('',#6849,#6850);
#5358=CIRCLE('',#6851,0.25);
#5359=FILL_AREA_STYLE_COLOUR('',#6852);
#5360=VERTEX_POINT('',#6853);
#5361=CIRCLE('',#6854,0.25);
#5362=LINE('',#6855,#6856);
#5363=LINE('',#6857,#6858);
#5364=FILL_AREA_STYLE_COLOUR('',#6859);
#5365=LINE('',#6860,#6861);
#5366=FILL_AREA_STYLE_COLOUR('',#6862);
#5367=FILL_AREA_STYLE_COLOUR('',#6863);
#5368=LINE('',#6864,#6865);
#5369=FILL_AREA_STYLE_COLOUR('',#6866);
#5370=LINE('',#6867,#6868);
#5371=FILL_AREA_STYLE_COLOUR('',#6869);
#5372=LINE('',#6870,#6871);
#5373=FILL_AREA_STYLE_COLOUR('',#6872);
#5374=LINE('',#6873,#6874);
#5375=FILL_AREA_STYLE_COLOUR('',#6875);
#5376=LINE('',#6876,#6877);
#5377=FILL_AREA_STYLE_COLOUR('',#6878);
#5378=FILL_AREA_STYLE_COLOUR('',#6879);
#5379=ORIENTED_EDGE('',*,*,#6880,.T.);
#5380=ORIENTED_EDGE('',*,*,#6881,.F.);
#5381=ORIENTED_EDGE('',*,*,#6882,.T.);
#5382=ORIENTED_EDGE('',*,*,#6883,.F.);
#5383=ORIENTED_EDGE('',*,*,#6884,.T.);
#5384=ORIENTED_EDGE('',*,*,#6885,.F.);
#5385=ORIENTED_EDGE('',*,*,#6886,.T.);
#5386=ORIENTED_EDGE('',*,*,#6887,.F.);
#5387=ORIENTED_EDGE('',*,*,#6888,.T.);
#5388=ORIENTED_EDGE('',*,*,#6889,.F.);
#5389=ORIENTED_EDGE('',*,*,#6890,.T.);
#5390=ORIENTED_EDGE('',*,*,#6891,.F.);
#5391=CARTESIAN_POINT('',(2.5,-11.15,3.49));
#5392=DIRECTION('',(0.0,0.0,-1.0));
#5393=DIRECTION('',(-1.0,0.0,0.0));
#5394=ORIENTED_EDGE('',*,*,#6880,.F.);
#5395=ORIENTED_EDGE('',*,*,#6892,.F.);
#5396=ORIENTED_EDGE('',*,*,#6893,.T.);
#5397=ORIENTED_EDGE('',*,*,#6894,.F.);
#5398=ORIENTED_EDGE('',*,*,#6895,.T.);
#5399=ORIENTED_EDGE('',*,*,#6896,.F.);
#5400=ORIENTED_EDGE('',*,*,#6897,.F.);
#5401=ORIENTED_EDGE('',*,*,#6898,.T.);
#5402=ORIENTED_EDGE('',*,*,#6899,.F.);
#5403=ORIENTED_EDGE('',*,*,#6900,.F.);
#5404=ORIENTED_EDGE('',*,*,#6901,.T.);
#5405=ORIENTED_EDGE('',*,*,#6902,.F.);
#5406=ORIENTED_EDGE('',*,*,#6903,.F.);
#5407=ORIENTED_EDGE('',*,*,#6904,.T.);
#5408=ORIENTED_EDGE('',*,*,#6905,.T.);
#5409=ORIENTED_EDGE('',*,*,#6906,.T.);
#5410=ORIENTED_EDGE('',*,*,#6907,.T.);
#5411=ORIENTED_EDGE('',*,*,#6908,.T.);
#5412=ORIENTED_EDGE('',*,*,#6909,.F.);
#5413=ORIENTED_EDGE('',*,*,#6910,.F.);
#5414=ORIENTED_EDGE('',*,*,#6911,.T.);
#5415=ORIENTED_EDGE('',*,*,#6885,.T.);
#5416=ORIENTED_EDGE('',*,*,#6912,.F.);
#5417=ORIENTED_EDGE('',*,*,#6913,.F.);
#5418=ORIENTED_EDGE('',*,*,#6914,.F.);
#5419=ORIENTED_EDGE('',*,*,#6881,.T.);
#5420=ORIENTED_EDGE('',*,*,#6894,.T.);
#5421=ORIENTED_EDGE('',*,*,#6915,.T.);
#5422=CARTESIAN_POINT('',(-1.07,2.68,3.49));
#5423=DIRECTION('',(1.0,0.0,0.0));
#5424=DIRECTION('',(0.0,-1.0,-0.0));
#5425=ORIENTED_EDGE('',*,*,#6916,.F.);
#5426=ORIENTED_EDGE('',*,*,#6895,.F.);
#5427=ORIENTED_EDGE('',*,*,#6917,.T.);
#5428=ORIENTED_EDGE('',*,*,#6918,.F.);
#5429=ORIENTED_EDGE('',*,*,#6916,.T.);
#5430=ORIENTED_EDGE('',*,*,#6919,.T.);
#5431=ORIENTED_EDGE('',*,*,#6920,.T.);
#5432=ORIENTED_EDGE('',*,*,#6921,.T.);
#5433=ORIENTED_EDGE('',*,*,#6922,.T.);
#5434=ORIENTED_EDGE('',*,*,#6923,.T.);
#5435=ORIENTED_EDGE('',*,*,#6924,.F.);
#5436=ORIENTED_EDGE('',*,*,#6900,.T.);
#5437=ORIENTED_EDGE('',*,*,#6925,.T.);
#5438=ORIENTED_EDGE('',*,*,#6926,.T.);
#5439=ORIENTED_EDGE('',*,*,#6927,.T.);
#5440=ORIENTED_EDGE('',*,*,#6896,.T.);
#5441=CARTESIAN_POINT('',(2.5,-11.15,1.57));
#5442=DIRECTION('',(0.0,0.0,-1.0));
#5443=DIRECTION('',(-1.0,0.0,0.0));
#5444=ORIENTED_EDGE('',*,*,#6928,.F.);
#5445=ORIENTED_EDGE('',*,*,#6897,.T.);
#5446=ORIENTED_EDGE('',*,*,#6927,.F.);
#5447=ORIENTED_EDGE('',*,*,#6929,.F.);
#5448=CARTESIAN_POINT('',(-0.97,-2.923745860882,5.992912));
#5449=DIRECTION('',(0.0,0.0,1.0));
#5450=DIRECTION('',(-1.0,0.0,0.0));
#5451=ORIENTED_EDGE('',*,*,#6930,.T.);
#5452=ORIENTED_EDGE('',*,*,#6931,.F.);
#5453=ORIENTED_EDGE('',*,*,#6882,.F.);
#5454=ORIENTED_EDGE('',*,*,#6914,.T.);
#5455=CARTESIAN_POINT('',(-0.97,-2.923745860882,5.992912));
#5456=DIRECTION('',(0.0,0.0,1.0));
#5457=DIRECTION('',(-1.0,0.0,0.0));
#5458=ORIENTED_EDGE('',*,*,#6932,.T.);
#5459=ORIENTED_EDGE('',*,*,#6933,.F.);
#5460=ORIENTED_EDGE('',*,*,#6898,.F.);
#5461=ORIENTED_EDGE('',*,*,#6928,.T.);
#5462=CARTESIAN_POINT('',(-1.07,-3.65,1.73));
#5463=DIRECTION('',(0.0,0.0,-1.0));
#5464=DIRECTION('',(-1.0,0.0,0.0));
#5465=ORIENTED_EDGE('',*,*,#6932,.F.);
#5466=ORIENTED_EDGE('',*,*,#6929,.T.);
#5467=ORIENTED_EDGE('',*,*,#6926,.F.);
#5468=ORIENTED_EDGE('',*,*,#6934,.T.);
#5469=CARTESIAN_POINT('',(-1.17,-2.735,1.57));
#5470=DIRECTION('',(-0.0,0.0,1.0));
#5471=DIRECTION('',(0.0,-1.0,0.0));
#5472=ORIENTED_EDGE('',*,*,#6935,.F.);
#5473=ORIENTED_EDGE('',*,*,#6936,.T.);
#5474=ORIENTED_EDGE('',*,*,#6883,.T.);
#5475=ORIENTED_EDGE('',*,*,#6931,.T.);
#5476=CARTESIAN_POINT('',(-1.17,-2.735,1.57));
#5477=DIRECTION('',(-0.0,0.0,1.0));
#5478=DIRECTION('',(0.0,-1.0,0.0));
#5479=ORIENTED_EDGE('',*,*,#6933,.T.);
#5480=ORIENTED_EDGE('',*,*,#6934,.F.);
#5481=ORIENTED_EDGE('',*,*,#6925,.F.);
#5482=ORIENTED_EDGE('',*,*,#6899,.T.);
#5483=CARTESIAN_POINT('',(-0.97,-2.546254139118,-0.932912));
#5484=DIRECTION('',(0.0,0.0,-1.0));
#5485=DIRECTION('',(-1.0,1.7763568394E-14,0.0));
#5486=ORIENTED_EDGE('',*,*,#6937,.F.);
#5487=ORIENTED_EDGE('',*,*,#6912,.T.);
#5488=ORIENTED_EDGE('',*,*,#6884,.F.);
#5489=ORIENTED_EDGE('',*,*,#6936,.F.);
#5490=CARTESIAN_POINT('',(-0.97,-2.546254139118,-0.932912));
#5491=DIRECTION('',(0.0,0.0,-1.0));
#5492=DIRECTION('',(-1.0,1.7763568394E-14,0.0));
#5493=ORIENTED_EDGE('',*,*,#6935,.T.);
#5494=ORIENTED_EDGE('',*,*,#6930,.F.);
#5495=ORIENTED_EDGE('',*,*,#6913,.T.);
#5496=ORIENTED_EDGE('',*,*,#6937,.T.);
#5497=CARTESIAN_POINT('',(-0.995,-3.65,3.33));
#5498=DIRECTION('',(0.0,-0.0,1.0));
#5499=DIRECTION('',(0.0,1.0,0.0));
#5500=ORIENTED_EDGE('',*,*,#6924,.T.);
#5501=ORIENTED_EDGE('',*,*,#6938,.T.);
#5502=ORIENTED_EDGE('',*,*,#6939,.T.);
#5503=ORIENTED_EDGE('',*,*,#6901,.F.);
#5504=CARTESIAN_POINT('',(-1.47,-1.82,1.57));
#5505=DIRECTION('',(0.0,-0.0234053972072094,0.999726056168175));
#5506=DIRECTION('',(0.0,0.999726056168175,0.0234053972072094));
#5507=ORIENTED_EDGE('',*,*,#6940,.F.);
#5508=ORIENTED_EDGE('',*,*,#6941,.T.);
#5509=ORIENTED_EDGE('',*,*,#6910,.T.);
#5510=ORIENTED_EDGE('',*,*,#6942,.T.);
#5511=CARTESIAN_POINT('',(-1.47,2.68,3.49));
#5512=DIRECTION('',(0.0,1.0,0.0));
#5513=DIRECTION('',(0.0,0.0,-1.0));
#5514=ORIENTED_EDGE('',*,*,#6943,.F.);
#5515=ORIENTED_EDGE('',*,*,#6944,.F.);
#5516=ORIENTED_EDGE('',*,*,#6902,.T.);
#5517=ORIENTED_EDGE('',*,*,#6939,.F.);
#5518=CARTESIAN_POINT('',(-1.47,2.68,3.49));
#5519=DIRECTION('',(0.0,1.0,0.0));
#5520=DIRECTION('',(0.0,0.0,-1.0));
#5521=ORIENTED_EDGE('',*,*,#6918,.T.);
#5522=ORIENTED_EDGE('',*,*,#6945,.T.);
#5523=ORIENTED_EDGE('',*,*,#6892,.T.);
#5524=ORIENTED_EDGE('',*,*,#6891,.T.);
#5525=ORIENTED_EDGE('',*,*,#6946,.F.);
#5526=ORIENTED_EDGE('',*,*,#6947,.T.);
#5527=ORIENTED_EDGE('',*,*,#6948,.F.);
#5528=ORIENTED_EDGE('',*,*,#6887,.T.);
#5529=ORIENTED_EDGE('',*,*,#6949,.F.);
#5530=ORIENTED_EDGE('',*,*,#6940,.T.);
#5531=ORIENTED_EDGE('',*,*,#6950,.T.);
#5532=ORIENTED_EDGE('',*,*,#6951,.F.);
#5533=ORIENTED_EDGE('',*,*,#6952,.F.);
#5534=ORIENTED_EDGE('',*,*,#6953,.F.);
#5535=ORIENTED_EDGE('',*,*,#6954,.F.);
#5536=ORIENTED_EDGE('',*,*,#6955,.F.);
#5537=ORIENTED_EDGE('',*,*,#6956,.T.);
#5538=ORIENTED_EDGE('',*,*,#6943,.T.);
#5539=ORIENTED_EDGE('',*,*,#6938,.F.);
#5540=ORIENTED_EDGE('',*,*,#6923,.F.);
#5541=ORIENTED_EDGE('',*,*,#6957,.F.);
#5542=ORIENTED_EDGE('',*,*,#6958,.F.);
#5543=ORIENTED_EDGE('',*,*,#6959,.F.);
#5544=ORIENTED_EDGE('',*,*,#6919,.F.);
#5545=CARTESIAN_POINT('',(-1.47,-4.63,3.49));
#5546=DIRECTION('',(-1.0,0.0,0.0));
#5547=DIRECTION('',(0.0,0.0,-1.0));
#5548=ORIENTED_EDGE('',*,*,#6960,.F.);
#5549=ORIENTED_EDGE('',*,*,#6946,.T.);
#5550=ORIENTED_EDGE('',*,*,#6890,.F.);
#5551=ORIENTED_EDGE('',*,*,#6961,.F.);
#5552=CARTESIAN_POINT('',(-1.57,-2.923745860882,-0.932912));
#5553=DIRECTION('',(0.0,0.0,-1.0));
#5554=DIRECTION('',(1.0,0.0,0.0));
#5555=ORIENTED_EDGE('',*,*,#6962,.T.);
#5556=ORIENTED_EDGE('',*,*,#6963,.F.);
#5557=ORIENTED_EDGE('',*,*,#6920,.F.);
#5558=ORIENTED_EDGE('',*,*,#6959,.T.);
#5559=CARTESIAN_POINT('',(-1.57,-2.923745860882,-0.932912));
#5560=DIRECTION('',(0.0,0.0,-1.0));
#5561=DIRECTION('',(1.0,0.0,0.0));
#5562=ORIENTED_EDGE('',*,*,#6964,.T.);
#5563=ORIENTED_EDGE('',*,*,#6965,.F.);
#5564=ORIENTED_EDGE('',*,*,#6947,.F.);
#5565=ORIENTED_EDGE('',*,*,#6960,.T.);
#5566=CARTESIAN_POINT('',(-1.47,-3.65,3.33));
#5567=DIRECTION('',(0.0,-0.0,1.0));
#5568=DIRECTION('',(0.0,1.0,0.0));
#5569=ORIENTED_EDGE('',*,*,#6964,.F.);
#5570=ORIENTED_EDGE('',*,*,#6961,.T.);
#5571=ORIENTED_EDGE('',*,*,#6889,.T.);
#5572=ORIENTED_EDGE('',*,*,#6966,.T.);
#5573=CARTESIAN_POINT('',(-1.37,-2.735,1.57));
#5574=DIRECTION('',(-0.0,0.0,1.0));
#5575=DIRECTION('',(0.0,-1.0,0.0));
#5576=ORIENTED_EDGE('',*,*,#6967,.F.);
#5577=ORIENTED_EDGE('',*,*,#6968,.T.);
#5578=ORIENTED_EDGE('',*,*,#6921,.F.);
#5579=ORIENTED_EDGE('',*,*,#6963,.T.);
#5580=CARTESIAN_POINT('',(-1.37,-2.735,1.57));
#5581=DIRECTION('',(-0.0,0.0,1.0));
#5582=DIRECTION('',(0.0,-1.0,0.0));
#5583=ORIENTED_EDGE('',*,*,#6965,.T.);
#5584=ORIENTED_EDGE('',*,*,#6966,.F.);
#5585=ORIENTED_EDGE('',*,*,#6888,.F.);
#5586=ORIENTED_EDGE('',*,*,#6948,.T.);
#5587=CARTESIAN_POINT('',(-1.57,-2.546254139118,5.992912));
#5588=DIRECTION('',(0.0,-0.0,1.0));
#5589=DIRECTION('',(1.0,-1.7763568394E-14,-0.0));
#5590=ORIENTED_EDGE('',*,*,#6969,.F.);
#5591=ORIENTED_EDGE('',*,*,#6957,.T.);
#5592=ORIENTED_EDGE('',*,*,#6922,.F.);
#5593=ORIENTED_EDGE('',*,*,#6968,.F.);
#5594=CARTESIAN_POINT('',(-1.57,-2.546254139118,5.992912));
#5595=DIRECTION('',(0.0,-0.0,1.0));
#5596=DIRECTION('',(1.0,-1.7763568394E-14,-0.0));
#5597=ORIENTED_EDGE('',*,*,#6967,.T.);
#5598=ORIENTED_EDGE('',*,*,#6962,.F.);
#5599=ORIENTED_EDGE('',*,*,#6958,.T.);
#5600=ORIENTED_EDGE('',*,*,#6969,.T.);
#5601=CARTESIAN_POINT('',(-1.545,-3.65,1.73));
#5602=DIRECTION('',(0.0,0.0,-1.0));
#5603=DIRECTION('',(-1.0,0.0,0.0));
#5604=ORIENTED_EDGE('',*,*,#6956,.F.);
#5605=ORIENTED_EDGE('',*,*,#6970,.T.);
#5606=ORIENTED_EDGE('',*,*,#6903,.T.);
#5607=ORIENTED_EDGE('',*,*,#6944,.T.);
#5608=CARTESIAN_POINT('',(-1.47,1.27919920222,0.297852841819));
#5609=DIRECTION('',(1.0,0.0,-0.0));
#5610=DIRECTION('',(0.0,0.0,1.0));
#5611=ORIENTED_EDGE('',*,*,#6955,.T.);
#5612=ORIENTED_EDGE('',*,*,#6971,.T.);
#5613=ORIENTED_EDGE('',*,*,#6904,.F.);
#5614=ORIENTED_EDGE('',*,*,#6970,.F.);
#5615=CARTESIAN_POINT('',(-1.47,1.38,2.53));
#5616=DIRECTION('',(1.0,0.0,-0.0));
#5617=DIRECTION('',(0.0,0.0,1.0));
#5618=ORIENTED_EDGE('',*,*,#6954,.T.);
#5619=ORIENTED_EDGE('',*,*,#6972,.T.);
#5620=ORIENTED_EDGE('',*,*,#6905,.F.);
#5621=ORIENTED_EDGE('',*,*,#6971,.F.);
#5622=CARTESIAN_POINT('',(-1.47,1.38702161916,2.23008218315));
#5623=DIRECTION('',(0.0,0.0234053972072094,-0.999726056168175));
#5624=DIRECTION('',(1.0,0.0,0.0));
#5625=ORIENTED_EDGE('',*,*,#6953,.T.);
#5626=ORIENTED_EDGE('',*,*,#6973,.T.);
#5627=ORIENTED_EDGE('',*,*,#6906,.F.);
#5628=ORIENTED_EDGE('',*,*,#6972,.F.);
#5629=CARTESIAN_POINT('',(-1.47,-1.82,2.53));
#5630=DIRECTION('',(1.0,0.0,-0.0));
#5631=DIRECTION('',(0.0,0.0,1.0));
#5632=ORIENTED_EDGE('',*,*,#6952,.T.);
#5633=ORIENTED_EDGE('',*,*,#6974,.T.);
#5634=ORIENTED_EDGE('',*,*,#6907,.F.);
#5635=ORIENTED_EDGE('',*,*,#6973,.F.);
#5636=CARTESIAN_POINT('',(-1.47,-1.82,2.905));
#5637=DIRECTION('',(0.0,0.0234053972072094,0.999726056168175));
#5638=DIRECTION('',(-1.0,0.0,0.0));
#5639=ORIENTED_EDGE('',*,*,#6951,.T.);
#5640=ORIENTED_EDGE('',*,*,#6975,.T.);
#5641=ORIENTED_EDGE('',*,*,#6908,.F.);
#5642=ORIENTED_EDGE('',*,*,#6974,.F.);
#5643=CARTESIAN_POINT('',(-1.47,1.38,2.53));
#5644=DIRECTION('',(1.0,0.0,-0.0));
#5645=DIRECTION('',(0.0,0.0,1.0));
#5646=ORIENTED_EDGE('',*,*,#6950,.F.);
#5647=ORIENTED_EDGE('',*,*,#6942,.F.);
#5648=ORIENTED_EDGE('',*,*,#6909,.T.);
#5649=ORIENTED_EDGE('',*,*,#6975,.F.);
#5650=CARTESIAN_POINT('',(-1.47,1.27919920222,4.762147158181));
#5651=DIRECTION('',(1.0,0.0,-0.0));
#5652=DIRECTION('',(0.0,0.0,1.0));
#5653=ORIENTED_EDGE('',*,*,#6886,.F.);
#5654=ORIENTED_EDGE('',*,*,#6911,.F.);
#5655=ORIENTED_EDGE('',*,*,#6941,.F.);
#5656=ORIENTED_EDGE('',*,*,#6949,.T.);
#5657=CARTESIAN_POINT('',(-1.47,2.68,3.3846468517224));
#5658=DIRECTION('',(0.0,-0.0234053972072094,-0.999726056168175));
#5659=DIRECTION('',(1.0,0.0,0.0));
#5660=ORIENTED_EDGE('',*,*,#6917,.F.);
#5661=ORIENTED_EDGE('',*,*,#6915,.F.);
#5662=ORIENTED_EDGE('',*,*,#6893,.F.);
#5663=ORIENTED_EDGE('',*,*,#6945,.F.);
#5664=ORIENTED_EDGE('',*,*,#3166,.F.);
#5665=ORIENTED_EDGE('',*,*,#3175,.F.);
#5666=ORIENTED_EDGE('',*,*,#3197,.T.);
#5667=ORIENTED_EDGE('',*,*,#3214,.T.);
#5668=CARTESIAN_POINT('',(-1.47,-3.65,2.21));
#5669=DIRECTION('',(0.0,1.0,0.0));
#5670=DIRECTION('',(0.0,0.0,-1.0));
#5671=COLOUR_RGB('',0.129411771893501,0.129411771893501,0.129411771893501);
#5672=EDGE_CURVE('',#6976,#6977,#6978,.T.);
#5673=EDGE_CURVE('',#6976,#6979,#6980,.T.);
#5674=EDGE_CURVE('',#6979,#6981,#6982,.T.);
#5675=EDGE_CURVE('',#6977,#6981,#6983,.T.);
#5676=EDGE_CURVE('',#6984,#6985,#6986,.T.);
#5677=EDGE_CURVE('',#6985,#6976,#6987,.T.);
#5678=EDGE_CURVE('',#6977,#6984,#6988,.T.);
#5679=EDGE_CURVE('',#6989,#6990,#6991,.T.);
#5680=EDGE_CURVE('',#6990,#6992,#6993,.T.);
#5681=EDGE_CURVE('',#6992,#6994,#6995,.T.);
#5682=EDGE_CURVE('',#6994,#6989,#6996,.T.);
#5683=EDGE_CURVE('',#6997,#6998,#6999,.T.);
#5684=EDGE_CURVE('',#6998,#7000,#7001,.T.);
#5685=EDGE_CURVE('',#7000,#7002,#7003,.T.);
#5686=EDGE_CURVE('',#7002,#6997,#7004,.T.);
#5687=EDGE_CURVE('',#7005,#7006,#7007,.T.);
#5688=EDGE_CURVE('',#7006,#7008,#7009,.T.);
#5689=EDGE_CURVE('',#7008,#7010,#7011,.T.);
#5690=EDGE_CURVE('',#7010,#7005,#7012,.T.);
#5691=EDGE_CURVE('',#7013,#7014,#7015,.T.);
#5692=EDGE_CURVE('',#7014,#7016,#7017,.T.);
#5693=EDGE_CURVE('',#7016,#7018,#7019,.T.);
#5694=EDGE_CURVE('',#7018,#7013,#7020,.T.);
#5695=EDGE_CURVE('',#7021,#7022,#7023,.T.);
#5696=EDGE_CURVE('',#7022,#7014,#7024,.T.);
#5697=EDGE_CURVE('',#7021,#7013,#7025,.T.);
#5698=EDGE_CURVE('',#7026,#7027,#7028,.T.);
#5699=EDGE_CURVE('',#7022,#7026,#7029,.T.);
#5700=EDGE_CURVE('',#7021,#7030,#7031,.T.);
#5701=EDGE_CURVE('',#7032,#7030,#7033,.T.);
#5702=EDGE_CURVE('',#7032,#7034,#7035,.T.);
#5703=EDGE_CURVE('',#7036,#7034,#7037,.T.);
#5704=EDGE_CURVE('',#7027,#7036,#7038,.T.);
#5705=EDGE_CURVE('',#7039,#7040,#7041,.T.);
#5706=EDGE_CURVE('',#7040,#7042,#7043,.T.);
#5707=EDGE_CURVE('',#7044,#7042,#7045,.T.);
#5708=EDGE_CURVE('',#7039,#7044,#7046,.T.);
#5709=EDGE_CURVE('',#7030,#7047,#7048,.T.);
#5710=EDGE_CURVE('',#7047,#7049,#7050,.T.);
#5711=EDGE_CURVE('',#7051,#7049,#7052,.T.);
#5712=EDGE_CURVE('',#7053,#7051,#7054,.T.);
#5713=EDGE_CURVE('',#7055,#7053,#7056,.T.);
#5714=EDGE_CURVE('',#7055,#7057,#7058,.T.);
#5715=EDGE_CURVE('',#7057,#7026,#7059,.T.);
#5716=EDGE_CURVE('',#7060,#7027,#7061,.T.);
#5717=EDGE_CURVE('',#7062,#7060,#7063,.T.);
#5718=EDGE_CURVE('',#7032,#7062,#7064,.T.);
#5719=EDGE_CURVE('',#7065,#7066,#7067,.T.);
#5720=EDGE_CURVE('',#7066,#7068,#7069,.T.);
#5721=EDGE_CURVE('',#7070,#7068,#7071,.T.);
#5722=EDGE_CURVE('',#7072,#7070,#7073,.T.);
#5723=EDGE_CURVE('',#7074,#7072,#7075,.T.);
#5724=EDGE_CURVE('',#7074,#7076,#7077,.T.);
#5725=EDGE_CURVE('',#7076,#7078,#7079,.T.);
#5726=EDGE_CURVE('',#7078,#7080,#7081,.T.);
#5727=EDGE_CURVE('',#7082,#7080,#7083,.T.);
#5728=EDGE_CURVE('',#7084,#7082,#7085,.T.);
#5729=EDGE_CURVE('',#7086,#7084,#7087,.T.);
#5730=EDGE_CURVE('',#7086,#7065,#7088,.T.);
#5731=EDGE_CURVE('',#7089,#7090,#7091,.T.);
#5732=EDGE_CURVE('',#7090,#7092,#7093,.T.);
#5733=EDGE_CURVE('',#7094,#7092,#7095,.T.);
#5734=EDGE_CURVE('',#7096,#7094,#7097,.T.);
#5735=EDGE_CURVE('',#7098,#7096,#7099,.T.);
#5736=EDGE_CURVE('',#7098,#7100,#7101,.T.);
#5737=EDGE_CURVE('',#7100,#7102,#7103,.T.);
#5738=EDGE_CURVE('',#7102,#7104,#7105,.T.);
#5739=EDGE_CURVE('',#7106,#7104,#7107,.T.);
#5740=EDGE_CURVE('',#7108,#7106,#7109,.T.);
#5741=EDGE_CURVE('',#7110,#7108,#7111,.T.);
#5742=EDGE_CURVE('',#7110,#7089,#7112,.T.);
#5743=EDGE_CURVE('',#7113,#7114,#7115,.T.);
#5744=EDGE_CURVE('',#7114,#7116,#7117,.T.);
#5745=EDGE_CURVE('',#7118,#7116,#7119,.T.);
#5746=EDGE_CURVE('',#7120,#7118,#7121,.T.);
#5747=EDGE_CURVE('',#7122,#7120,#7123,.T.);
#5748=EDGE_CURVE('',#7122,#7124,#7125,.T.);
#5749=EDGE_CURVE('',#7124,#7126,#7127,.T.);
#5750=EDGE_CURVE('',#7126,#7128,#7129,.T.);
#5751=EDGE_CURVE('',#7130,#7128,#7131,.T.);
#5752=EDGE_CURVE('',#7132,#7130,#7133,.T.);
#5753=EDGE_CURVE('',#7134,#7132,#7135,.T.);
#5754=EDGE_CURVE('',#7134,#7113,#7136,.T.);
#5755=EDGE_CURVE('',#7137,#7039,#7138,.T.);
#5756=EDGE_CURVE('',#7137,#6979,#7139,.T.);
#5757=EDGE_CURVE('',#6985,#7140,#7141,.T.);
#5758=EDGE_CURVE('',#7140,#7142,#7143,.T.);
#5759=EDGE_CURVE('',#7142,#7040,#7144,.T.);
#5760=EDGE_CURVE('',#7145,#7142,#7146,.T.);
#5761=EDGE_CURVE('',#7145,#7042,#7147,.T.);
#5762=EDGE_CURVE('',#7148,#7140,#7149,.T.);
#5763=EDGE_CURVE('',#7145,#7148,#7150,.T.);
#5764=EDGE_CURVE('',#7151,#7137,#7152,.T.);
#5765=EDGE_CURVE('',#6981,#7151,#7153,.T.);
#5766=EDGE_CURVE('',#6984,#7148,#7154,.T.);
#5767=EDGE_CURVE('',#7151,#7044,#7155,.T.);
#5768=EDGE_CURVE('',#7156,#7021,#7157,.T.);
#5769=EDGE_CURVE('',#7156,#7047,#7158,.T.);
#5770=EDGE_CURVE('',#7159,#7156,#7160,.T.);
#5771=EDGE_CURVE('',#7159,#7057,#7161,.T.);
#5772=EDGE_CURVE('',#7055,#7162,#7163,.T.);
#5773=EDGE_CURVE('',#7162,#7164,#7165,.T.);
#5774=EDGE_CURVE('',#7049,#7164,#7166,.T.);
#5775=EDGE_CURVE('',#7167,#7164,#7168,.T.);
#5776=EDGE_CURVE('',#7051,#7167,#7169,.T.);
#5777=EDGE_CURVE('',#7062,#7170,#7171,.T.);
#5778=EDGE_CURVE('',#7034,#7170,#7172,.T.);
#5779=EDGE_CURVE('',#7173,#7167,#7174,.T.);
#5780=EDGE_CURVE('',#7053,#7173,#7175,.T.);
#5781=EDGE_CURVE('',#7176,#7036,#7177,.T.);
#5782=EDGE_CURVE('',#7060,#7176,#7178,.T.);
#5783=EDGE_CURVE('',#7162,#7173,#7179,.T.);
#5784=EDGE_CURVE('',#7170,#7176,#7180,.T.);
#5785=EDGE_CURVE('',#7181,#7182,#7183,.T.);
#5786=EDGE_CURVE('',#7181,#7184,#7185,.T.);
#5787=EDGE_CURVE('',#7184,#7186,#7187,.T.);
#5788=EDGE_CURVE('',#7186,#7182,#7188,.T.);
#5789=EDGE_CURVE('',#7189,#7190,#7191,.T.);
#5790=EDGE_CURVE('',#7190,#7192,#7193,.T.);
#5791=EDGE_CURVE('',#7192,#7194,#7195,.T.);
#5792=EDGE_CURVE('',#7194,#7189,#7196,.T.);
#5793=EDGE_CURVE('',#7197,#7066,#7198,.T.);
#5794=EDGE_CURVE('',#7199,#7197,#7200,.T.);
#5795=EDGE_CURVE('',#7199,#7076,#7201,.T.);
#5796=EDGE_CURVE('',#7181,#7074,#7202,.T.);
#5797=EDGE_CURVE('',#7182,#7068,#7203,.T.);
#5798=EDGE_CURVE('',#7070,#7186,#7204,.T.);
#5799=EDGE_CURVE('',#7084,#7192,#7205,.T.);
#5800=EDGE_CURVE('',#7190,#7086,#7206,.T.);
#5801=EDGE_CURVE('',#7072,#7184,#7207,.T.);
#5802=EDGE_CURVE('',#7189,#7080,#7208,.T.);
#5803=EDGE_CURVE('',#7082,#7194,#7209,.T.);
#5804=EDGE_CURVE('',#7210,#7078,#7211,.T.);
#5805=EDGE_CURVE('',#7212,#7210,#7213,.T.);
#5806=EDGE_CURVE('',#7212,#7065,#7214,.T.);
#5807=EDGE_CURVE('',#7197,#7212,#7215,.T.);
#5808=EDGE_CURVE('',#7212,#6994,#7216,.T.);
#5809=EDGE_CURVE('',#7197,#6992,#7217,.T.);
#5810=EDGE_CURVE('',#7199,#6990,#7218,.T.);
#5811=EDGE_CURVE('',#7210,#6989,#7219,.T.);
#5812=EDGE_CURVE('',#7210,#7199,#7220,.T.);
#5813=EDGE_CURVE('',#7022,#7159,#7221,.T.);
#5814=EDGE_CURVE('',#7159,#7016,#7222,.T.);
#5815=EDGE_CURVE('',#7156,#7018,#7223,.T.);
#5816=EDGE_CURVE('',#7224,#7089,#7225,.T.);
#5817=EDGE_CURVE('',#7226,#7224,#7227,.T.);
#5818=EDGE_CURVE('',#7226,#7090,#7228,.T.);
#5819=EDGE_CURVE('',#7229,#7226,#7230,.T.);
#5820=EDGE_CURVE('',#7229,#7100,#7231,.T.);
#5821=EDGE_CURVE('',#7098,#7232,#7233,.T.);
#5822=EDGE_CURVE('',#7232,#7234,#7235,.T.);
#5823=EDGE_CURVE('',#7092,#7234,#7236,.T.);
#5824=EDGE_CURVE('',#7237,#7234,#7238,.T.);
#5825=EDGE_CURVE('',#7094,#7237,#7239,.T.);
#5826=EDGE_CURVE('',#7108,#7240,#7241,.T.);
#5827=EDGE_CURVE('',#7242,#7240,#7243,.T.);
#5828=EDGE_CURVE('',#7110,#7242,#7244,.T.);
#5829=EDGE_CURVE('',#7245,#7237,#7246,.T.);
#5830=EDGE_CURVE('',#7096,#7245,#7247,.T.);
#5831=EDGE_CURVE('',#7104,#7248,#7249,.T.);
#5832=EDGE_CURVE('',#7250,#7248,#7251,.T.);
#5833=EDGE_CURVE('',#7106,#7250,#7252,.T.);
#5834=EDGE_CURVE('',#7232,#7245,#7253,.T.);
#5835=EDGE_CURVE('',#7240,#7250,#7254,.T.);
#5836=EDGE_CURVE('',#7248,#7242,#7255,.T.);
#5837=EDGE_CURVE('',#7256,#7257,#7258,.T.);
#5838=EDGE_CURVE('',#7259,#7257,#7260,.T.);
#5839=EDGE_CURVE('',#7259,#7261,#7262,.T.);
#5840=EDGE_CURVE('',#7261,#7256,#7263,.T.);
#5841=EDGE_CURVE('',#7264,#7265,#7266,.T.);
#5842=EDGE_CURVE('',#7265,#7267,#7268,.T.);
#5843=EDGE_CURVE('',#7267,#7269,#7270,.T.);
#5844=EDGE_CURVE('',#7269,#7264,#7271,.T.);
#5845=EDGE_CURVE('',#7272,#7102,#7273,.T.);
#5846=EDGE_CURVE('',#7224,#7272,#7274,.T.);
#5847=EDGE_CURVE('',#7272,#6998,#7275,.T.);
#5848=EDGE_CURVE('',#7224,#6997,#7276,.T.);
#5849=EDGE_CURVE('',#7226,#7002,#7277,.T.);
#5850=EDGE_CURVE('',#7229,#7000,#7278,.T.);
#5851=EDGE_CURVE('',#7272,#7229,#7279,.T.);
#5852=EDGE_CURVE('',#7116,#7257,#7280,.T.);
#5853=EDGE_CURVE('',#7118,#7256,#7281,.T.);
#5854=EDGE_CURVE('',#7132,#7265,#7282,.T.);
#5855=EDGE_CURVE('',#7134,#7264,#7283,.T.);
#5856=EDGE_CURVE('',#7120,#7261,#7284,.T.);
#5857=EDGE_CURVE('',#7128,#7269,#7285,.T.);
#5858=EDGE_CURVE('',#7130,#7267,#7286,.T.);
#5859=EDGE_CURVE('',#7122,#7259,#7287,.T.);
#5860=EDGE_CURVE('',#7288,#7126,#7289,.T.);
#5861=EDGE_CURVE('',#7290,#7288,#7291,.T.);
#5862=EDGE_CURVE('',#7290,#7113,#7292,.T.);
#5863=EDGE_CURVE('',#7293,#7290,#7294,.T.);
#5864=EDGE_CURVE('',#7293,#7114,#7295,.T.);
#5865=EDGE_CURVE('',#7296,#7293,#7297,.T.);
#5866=EDGE_CURVE('',#7296,#7124,#7298,.T.);
#5867=EDGE_CURVE('',#7288,#7296,#7299,.T.);
#5868=EDGE_CURVE('',#7288,#7005,#7300,.T.);
#5869=EDGE_CURVE('',#7296,#7006,#7301,.T.);
#5870=EDGE_CURVE('',#7293,#7008,#7302,.T.);
#5871=EDGE_CURVE('',#7290,#7010,#7303,.T.);
#5872=COLOUR_RGB('',0.925490200519562,0.925490200519562,0.925490200519562);
#5873=CARTESIAN_POINT('',(1.467,-4.245025,-0.33));
#5874=CARTESIAN_POINT('',(1.467,-4.245025,0.31));
#5875=CARTESIAN_POINT('',(1.467,-4.245025,-0.33));
#5876=VECTOR('',#7304,0.64);
#5877=CARTESIAN_POINT('',(1.467,-3.65,-0.33));
#5878=CARTESIAN_POINT('',(1.467,-3.65,-0.33));
#5879=VECTOR('',#7305,0.595025);
#5880=CARTESIAN_POINT('',(1.467,-3.65,0.31));
#5881=CARTESIAN_POINT('',(1.467,-3.65,-0.33));
#5882=VECTOR('',#7306,0.64);
#5883=CARTESIAN_POINT('',(1.467,-3.65,0.31));
#5884=VECTOR('',#7307,0.595025);
#5885=COLOUR_RGB('',0.925490200519562,0.925490200519562,0.925490200519562);
#5886=CARTESIAN_POINT('',(1.5434955002647,-4.425014412388,0.31));
#5887=AXIS2_PLACEMENT_3D('',#7308,#7309,#7310);
#5888=CARTESIAN_POINT('',(1.5434955002647,-4.425014412388,-0.33));
#5889=CARTESIAN_POINT('',(1.5434955002647,-4.425014412388,-0.33));
#5890=VECTOR('',#7311,0.64);
#5891=AXIS2_PLACEMENT_3D('',#7312,#7313,#7314);
#5892=COLOUR_RGB('',0.925490200519562,0.925490200519562,0.925490200519562);
#5893=CARTESIAN_POINT('',(1.225991000529,-4.67037073654,-0.33));
#5894=CARTESIAN_POINT('',(1.073,-4.310391911765,-0.33));
#5895=AXIS2_PLACEMENT_3D('',#7315,#7316,#7317);
#5896=CARTESIAN_POINT('',(1.073,-3.65,-0.33));
#5897=CARTESIAN_POINT('',(1.073,-3.65,-0.33));
#5898=VECTOR('',#7318,0.6603919117647);
#5899=CARTESIAN_POINT('',(1.073,-3.65,-0.33));
#5900=VECTOR('',#7319,0.394);
#5901=CARTESIAN_POINT('',(1.7470089994706,-4.621195439931,-0.33));
#5902=CARTESIAN_POINT('',(1.7470089994706,-4.621195439931,-0.33));
#5903=VECTOR('',#7320,0.282674264705887);
#5904=CARTESIAN_POINT('',(1.9,-4.981174264706,-0.33));
#5905=AXIS2_PLACEMENT_3D('',#7321,#7322,#7323);
#5906=CARTESIAN_POINT('',(1.9,-5.896446609407,-0.33));
#5907=CARTESIAN_POINT('',(1.9,-4.981174264706,-0.33));
#5908=VECTOR('',#7324,0.9152723447008);
#5909=CARTESIAN_POINT('',(1.9732233047034,-6.073223304703,-0.33));
#5910=AXIS2_PLACEMENT_3D('',#7325,#7326,#7327);
#5911=CARTESIAN_POINT('',(2.3535533905933,-6.4535533905933,-0.33));
#5912=CARTESIAN_POINT('',(1.9732233047034,-6.073223304703,-0.33));
#5913=VECTOR('',#7328,0.537867965643964);
#5914=CARTESIAN_POINT('',(2.5,-6.8071067811865,-0.33));
#5915=AXIS2_PLACEMENT_3D('',#7329,#7330,#7331);
#5916=CARTESIAN_POINT('',(2.5,-7.25,-0.33));
#5917=CARTESIAN_POINT('',(2.5,-6.8071067811865,-0.33));
#5918=VECTOR('',#7332,0.4428932188135);
#5919=CARTESIAN_POINT('',(2.1,-7.25,-0.33));
#5920=CARTESIAN_POINT('',(2.1,-7.25,-0.33));
#5921=VECTOR('',#7333,0.4);
#5922=CARTESIAN_POINT('',(2.1,-6.8692388155425,-0.33));
#5923=CARTESIAN_POINT('',(2.1,-7.25,-0.33));
#5924=VECTOR('',#7334,0.3807611844575);
#5925=CARTESIAN_POINT('',(2.0267766952966,-6.6924621202459,-0.33));
#5926=AXIS2_PLACEMENT_3D('',#7335,#7336,#7337);
#5927=CARTESIAN_POINT('',(1.6464466094067,-6.312132034356,-0.33));
#5928=CARTESIAN_POINT('',(2.0267766952966,-6.6924621202459,-0.33));
#5929=VECTOR('',#7338,0.537867965643964);
#5930=CARTESIAN_POINT('',(1.5,-5.958578643763,-0.33));
#5931=AXIS2_PLACEMENT_3D('',#7339,#7340,#7341);
#5932=CARTESIAN_POINT('',(1.5,-5.040757352941,-0.33));
#5933=CARTESIAN_POINT('',(1.5,-5.958578643763,-0.33));
#5934=VECTOR('',#7342,0.9178212908215);
#5935=CARTESIAN_POINT('',(1.423504499735,-4.860767940554,-0.33));
#5936=AXIS2_PLACEMENT_3D('',#7343,#7344,#7345);
#5937=CARTESIAN_POINT('',(1.423504499735,-4.860767940554,-0.33));
#5938=VECTOR('',#7346,0.274340441176487);
#5939=COLOUR_RGB('',0.925490200519562,0.925490200519562,0.925490200519562);
#5940=CARTESIAN_POINT('',(1.225991000529,-4.67037073654,0.31));
#5941=CARTESIAN_POINT('',(1.225991000529,-4.67037073654,0.31));
#5942=VECTOR('',#7347,0.64);
#5943=CARTESIAN_POINT('',(1.073,-4.310391911765,0.31));
#5944=AXIS2_PLACEMENT_3D('',#7348,#7349,#7350);
#5945=CARTESIAN_POINT('',(1.073,-4.310391911765,0.31));
#5946=VECTOR('',#7351,0.64);
#5947=COLOUR_RGB('',0.925490200519562,0.925490200519562,0.925490200519562);
#5948=CARTESIAN_POINT('',(1.073,-3.65,0.31));
#5949=CARTESIAN_POINT('',(1.073,-3.65,0.31));
#5950=VECTOR('',#7352,0.6603919117647);
#5951=CARTESIAN_POINT('',(1.073,-3.65,-0.33));
#5952=VECTOR('',#7353,0.64);
#5953=COLOUR_RGB('',0.925490200519562,0.925490200519562,0.925490200519562);
#5954=CARTESIAN_POINT('',(1.423504499735,-4.860767940554,0.31));
#5955=CARTESIAN_POINT('',(1.423504499735,-4.860767940554,0.31));
#5956=VECTOR('',#7354,0.274340441176487);
#5957=CARTESIAN_POINT('',(1.5,-5.040757352941,0.31));
#5958=AXIS2_PLACEMENT_3D('',#7355,#7356,#7357);
#5959=CARTESIAN_POINT('',(1.5,-5.958578643763,0.31));
#5960=CARTESIAN_POINT('',(1.5,-5.958578643763,0.31));
#5961=VECTOR('',#7358,0.9178212908215);
#5962=CARTESIAN_POINT('',(1.6464466094067,-6.312132034356,0.31));
#5963=AXIS2_PLACEMENT_3D('',#7359,#7360,#7361);
#5964=CARTESIAN_POINT('',(2.0267766952966,-6.6924621202459,0.31));
#5965=CARTESIAN_POINT('',(2.0267766952966,-6.6924621202459,0.31));
#5966=VECTOR('',#7362,0.537867965643964);
#5967=CARTESIAN_POINT('',(2.1,-6.8692388155425,0.31));
#5968=AXIS2_PLACEMENT_3D('',#7363,#7364,#7365);
#5969=CARTESIAN_POINT('',(2.1,-7.25,0.31));
#5970=CARTESIAN_POINT('',(2.1,-7.25,0.31));
#5971=VECTOR('',#7366,0.3807611844575);
#5972=CARTESIAN_POINT('',(2.5,-7.25,0.31));
#5973=CARTESIAN_POINT('',(2.5,-7.25,0.31));
#5974=VECTOR('',#7367,0.4);
#5975=CARTESIAN_POINT('',(2.5,-6.8071067811865,0.31));
#5976=CARTESIAN_POINT('',(2.5,-6.8071067811865,0.31));
#5977=VECTOR('',#7368,0.4428932188135);
#5978=CARTESIAN_POINT('',(2.3535533905933,-6.4535533905933,0.31));
#5979=AXIS2_PLACEMENT_3D('',#7369,#7370,#7371);
#5980=CARTESIAN_POINT('',(1.9732233047034,-6.073223304703,0.31));
#5981=CARTESIAN_POINT('',(1.9732233047034,-6.073223304703,0.31));
#5982=VECTOR('',#7372,0.537867965643964);
#5983=CARTESIAN_POINT('',(1.9,-5.896446609407,0.31));
#5984=AXIS2_PLACEMENT_3D('',#7373,#7374,#7375);
#5985=CARTESIAN_POINT('',(1.9,-4.981174264706,0.31));
#5986=CARTESIAN_POINT('',(1.9,-4.981174264706,0.31));
#5987=VECTOR('',#7376,0.9152723447008);
#5988=CARTESIAN_POINT('',(1.7470089994706,-4.621195439931,0.31));
#5989=AXIS2_PLACEMENT_3D('',#7377,#7378,#7379);
#5990=CARTESIAN_POINT('',(1.7470089994706,-4.621195439931,0.31));
#5991=VECTOR('',#7380,0.282674264705887);
#5992=CARTESIAN_POINT('',(1.073,-3.65,0.31));
#5993=VECTOR('',#7381,0.394);
#5994=COLOUR_RGB('',0.925490200519562,0.925490200519562,0.925490200519562);
#5995=CARTESIAN_POINT('',(1.7470089994706,-4.621195439931,-0.33));
#5996=VECTOR('',#7382,0.64);
#5997=COLOUR_RGB('',0.925490200519562,0.925490200519562,0.925490200519562);
#5998=CARTESIAN_POINT('',(1.9,-4.981174264706,-0.33));
#5999=VECTOR('',#7383,0.64);
#6000=COLOUR_RGB('',0.925490200519562,0.925490200519562,0.925490200519562);
#6001=CARTESIAN_POINT('',(1.9,-5.896446609407,0.31));
#6002=VECTOR('',#7384,0.64);
#6003=COLOUR_RGB('',0.925490200519562,0.925490200519562,0.925490200519562);
#6004=CARTESIAN_POINT('',(1.9732233047034,-6.073223304703,0.31));
#6005=VECTOR('',#7385,0.64);
#6006=COLOUR_RGB('',0.925490200519562,0.925490200519562,0.925490200519562);
#6007=CARTESIAN_POINT('',(2.3535533905933,-6.4535533905933,-0.33));
#6008=VECTOR('',#7386,0.64);
#6009=COLOUR_RGB('',0.925490200519562,0.925490200519562,0.925490200519562);
#6010=CARTESIAN_POINT('',(2.5,-6.8071067811865,-0.33));
#6011=VECTOR('',#7387,0.64);
#6012=COLOUR_RGB('',0.925490200519562,0.925490200519562,0.925490200519562);
#6013=CARTESIAN_POINT('',(2.5,-7.45,0.11));
#6014=AXIS2_PLACEMENT_3D('',#7388,#7389,#7390);
#6015=CARTESIAN_POINT('',(2.5,-7.45,-0.13));
#6016=CARTESIAN_POINT('',(2.5,-7.45,0.11));
#6017=VECTOR('',#7391,0.24);
#6018=AXIS2_PLACEMENT_3D('',#7392,#7393,#7394);
#6019=COLOUR_RGB('',0.925490200519562,0.925490200519562,0.925490200519562);
#6020=CARTESIAN_POINT('',(2.1,-7.45,-0.13));
#6021=CARTESIAN_POINT('',(2.1,-7.45,-0.13));
#6022=VECTOR('',#7395,0.4);
#6023=AXIS2_PLACEMENT_3D('',#7396,#7397,#7398);
#6024=COLOUR_RGB('',0.925490200519562,0.925490200519562,0.925490200519562);
#6025=CARTESIAN_POINT('',(2.1,-7.45,0.11));
#6026=AXIS2_PLACEMENT_3D('',#7399,#7400,#7401);
#6027=CARTESIAN_POINT('',(2.1,-6.8692388155425,0.31));
#6028=VECTOR('',#7402,0.64);
#6029=CARTESIAN_POINT('',(2.1,-7.45,0.11));
#6030=VECTOR('',#7403,0.24);
#6031=COLOUR_RGB('',0.925490200519562,0.925490200519562,0.925490200519562);
#6032=CARTESIAN_POINT('',(2.5,-7.45,0.11));
#6033=VECTOR('',#7404,0.4);
#6034=COLOUR_RGB('',0.925490200519562,0.925490200519562,0.925490200519562);
#6035=COLOUR_RGB('',0.925490200519562,0.925490200519562,0.925490200519562);
#6036=CARTESIAN_POINT('',(2.0267766952966,-6.6924621202459,0.31));
#6037=VECTOR('',#7405,0.64);
#6038=COLOUR_RGB('',0.925490200519562,0.925490200519562,0.925490200519562);
#6039=CARTESIAN_POINT('',(1.6464466094067,-6.312132034356,-0.33));
#6040=VECTOR('',#7406,0.64);
#6041=COLOUR_RGB('',0.925490200519562,0.925490200519562,0.925490200519562);
#6042=CARTESIAN_POINT('',(1.5,-5.958578643763,-0.33));
#6043=VECTOR('',#7407,0.64);
#6044=COLOUR_RGB('',0.925490200519562,0.925490200519562,0.925490200519562);
#6045=CARTESIAN_POINT('',(1.5,-5.040757352941,0.31));
#6046=VECTOR('',#7408,0.64);
#6047=COLOUR_RGB('',0.925490200519562,0.925490200519562,0.925490200519562);
#6048=CARTESIAN_POINT('',(1.423504499735,-4.860767940554,0.31));
#6049=VECTOR('',#7409,0.64);
#6050=COLOUR_RGB('',0.925490200519562,0.925490200519562,0.925490200519562);
#6051=COLOUR_RGB('',1.0,0.807843148708344,0.458823531866074);
#6052=EDGE_CURVE('',#7410,#7411,#7412,.T.);
#6053=EDGE_CURVE('',#7413,#7411,#7414,.T.);
#6054=EDGE_CURVE('',#7413,#7415,#7416,.T.);
#6055=EDGE_CURVE('',#7417,#7415,#7418,.T.);
#6056=EDGE_CURVE('',#7417,#7419,#7420,.T.);
#6057=EDGE_CURVE('',#7421,#7419,#7422,.T.);
#6058=EDGE_CURVE('',#7421,#7423,#7424,.T.);
#6059=EDGE_CURVE('',#7425,#7423,#7426,.T.);
#6060=EDGE_CURVE('',#7425,#7427,#7428,.T.);
#6061=EDGE_CURVE('',#7429,#7427,#7430,.T.);
#6062=EDGE_CURVE('',#7429,#7431,#7432,.T.);
#6063=EDGE_CURVE('',#7410,#7431,#7433,.T.);
#6064=EDGE_CURVE('',#7411,#7434,#7435,.T.);
#6065=EDGE_CURVE('',#7436,#7410,#7437,.T.);
#6066=EDGE_CURVE('',#7436,#7434,#7438,.T.);
#6067=EDGE_CURVE('',#7439,#7440,#7441,.T.);
#6068=EDGE_CURVE('',#7442,#7439,#7443,.T.);
#6069=EDGE_CURVE('',#7442,#7444,#7445,.T.);
#6070=EDGE_CURVE('',#7446,#7444,#7447,.T.);
#6071=EDGE_CURVE('',#7448,#7446,#7449,.T.);
#6072=EDGE_CURVE('',#7448,#7450,#7451,.T.);
#6073=EDGE_CURVE('',#7450,#7452,#7453,.T.);
#6074=EDGE_CURVE('',#7452,#7454,#7455,.T.);
#6075=EDGE_CURVE('',#7454,#7456,#7457,.T.);
#6076=EDGE_CURVE('',#7456,#7458,#7459,.T.);
#6077=EDGE_CURVE('',#7460,#7458,#7461,.T.);
#6078=EDGE_CURVE('',#7462,#7460,#7463,.T.);
#6079=EDGE_CURVE('',#7462,#7421,#7464,.T.);
#6080=EDGE_CURVE('',#7465,#7419,#7466,.T.);
#6081=EDGE_CURVE('',#7467,#7465,#7468,.T.);
#6082=EDGE_CURVE('',#7413,#7467,#7469,.T.);
#6083=EDGE_CURVE('',#7434,#7470,#7471,.T.);
#6084=EDGE_CURVE('',#7470,#7472,#7473,.T.);
#6085=EDGE_CURVE('',#7474,#7472,#7475,.T.);
#6086=EDGE_CURVE('',#7476,#7474,#7477,.T.);
#6087=EDGE_CURVE('',#7476,#7440,#7478,.T.);
#6088=EDGE_CURVE('',#7440,#7479,#7480,.T.);
#6089=EDGE_CURVE('',#7481,#7479,#7482,.T.);
#6090=EDGE_CURVE('',#7439,#7481,#7483,.T.);
#6091=EDGE_CURVE('',#7465,#7484,#7485,.T.);
#6092=EDGE_CURVE('',#7484,#7417,#7486,.T.);
#6093=EDGE_CURVE('',#7476,#7487,#7488,.T.);
#6094=EDGE_CURVE('',#7479,#7487,#7489,.T.);
#6095=EDGE_CURVE('',#7487,#7490,#7491,.T.);
#6096=EDGE_CURVE('',#7481,#7490,#7492,.T.);
#6097=EDGE_CURVE('',#7484,#7493,#7494,.T.);
#6098=EDGE_CURVE('',#7415,#7493,#7495,.T.);
#6099=EDGE_CURVE('',#7472,#7496,#7497,.T.);
#6100=EDGE_CURVE('',#7496,#7498,#7499,.T.);
#6101=EDGE_CURVE('',#7498,#7500,#7501,.T.);
#6102=EDGE_CURVE('',#7500,#7502,#7503,.T.);
#6103=EDGE_CURVE('',#7502,#7504,#7505,.T.);
#6104=EDGE_CURVE('',#7504,#7506,#7507,.T.);
#6105=EDGE_CURVE('',#7442,#7506,#7508,.T.);
#6106=EDGE_CURVE('',#7490,#7474,#7509,.T.);
#6107=EDGE_CURVE('',#7496,#7510,#7511,.T.);
#6108=EDGE_CURVE('',#7470,#7510,#7512,.T.);
#6109=EDGE_CURVE('',#7498,#7513,#7514,.T.);
#6110=EDGE_CURVE('',#7510,#7436,#7515,.T.);
#6111=EDGE_CURVE('',#7516,#7431,#7517,.T.);
#6112=EDGE_CURVE('',#7516,#7518,#7519,.T.);
#6113=EDGE_CURVE('',#7425,#7518,#7520,.T.);
#6114=EDGE_CURVE('',#7521,#7423,#7522,.T.);
#6115=EDGE_CURVE('',#7521,#7523,#7524,.T.);
#6116=EDGE_CURVE('',#7523,#7525,#7526,.T.);
#6117=EDGE_CURVE('',#7527,#7525,#7528,.T.);
#6118=EDGE_CURVE('',#7529,#7527,#7530,.T.);
#6119=EDGE_CURVE('',#7531,#7529,#7532,.T.);
#6120=EDGE_CURVE('',#7533,#7531,#7534,.T.);
#6121=EDGE_CURVE('',#7535,#7533,#7536,.T.);
#6122=EDGE_CURVE('',#7535,#7537,#7538,.T.);
#6123=EDGE_CURVE('',#7537,#7539,#7540,.T.);
#6124=EDGE_CURVE('',#7506,#7539,#7541,.T.);
#6125=EDGE_CURVE('',#7542,#7504,#7543,.T.);
#6126=EDGE_CURVE('',#7513,#7542,#7544,.T.);
#6127=EDGE_CURVE('',#7516,#7545,#7546,.T.);
#6128=EDGE_CURVE('',#7545,#7429,#7547,.T.);
#6129=EDGE_CURVE('',#7513,#7548,#7549,.T.);
#6130=EDGE_CURVE('',#7500,#7548,#7550,.T.);
#6131=EDGE_CURVE('',#7545,#7551,#7552,.T.);
#6132=EDGE_CURVE('',#7518,#7551,#7553,.T.);
#6133=EDGE_CURVE('',#7427,#7551,#7554,.T.);
#6134=EDGE_CURVE('',#7542,#7555,#7556,.T.);
#6135=EDGE_CURVE('',#7555,#7502,#7557,.T.);
#6136=EDGE_CURVE('',#7548,#7555,#7558,.T.);
#6137=EDGE_CURVE('',#7539,#7444,#7559,.T.);
#6138=EDGE_CURVE('',#7521,#7462,#7560,.T.);
#6139=EDGE_CURVE('',#7460,#7523,#7561,.T.);
#6140=EDGE_CURVE('',#7446,#7537,#7562,.T.);
#6141=EDGE_CURVE('',#7525,#7458,#7563,.T.);
#6142=EDGE_CURVE('',#7527,#7456,#7564,.T.);
#6143=EDGE_CURVE('',#7529,#7454,#7565,.T.);
#6144=EDGE_CURVE('',#7531,#7452,#7566,.T.);
#6145=EDGE_CURVE('',#7533,#7450,#7567,.T.);
#6146=EDGE_CURVE('',#7535,#7448,#7568,.T.);
#6147=EDGE_CURVE('',#7467,#7493,#7569,.T.);
#6148=COLOUR_RGB('',0.925490200519562,0.925490200519562,0.925490200519562);
#6149=CARTESIAN_POINT('',(1.467,-4.245025,2.21));
#6150=CARTESIAN_POINT('',(1.467,-4.245025,2.85));
#6151=CARTESIAN_POINT('',(1.467,-4.245025,2.21));
#6152=VECTOR('',#7570,0.64);
#6153=CARTESIAN_POINT('',(1.467,-3.65,2.21));
#6154=CARTESIAN_POINT('',(1.467,-3.65,2.21));
#6155=VECTOR('',#7571,0.595025);
#6156=CARTESIAN_POINT('',(1.467,-3.65,2.85));
#6157=CARTESIAN_POINT('',(1.467,-3.65,2.21));
#6158=VECTOR('',#7572,0.64);
#6159=CARTESIAN_POINT('',(1.467,-3.65,2.85));
#6160=VECTOR('',#7573,0.595025);
#6161=COLOUR_RGB('',0.925490200519562,0.925490200519562,0.925490200519562);
#6162=CARTESIAN_POINT('',(1.5434955002647,-4.425014412388,2.85));
#6163=AXIS2_PLACEMENT_3D('',#7574,#7575,#7576);
#6164=CARTESIAN_POINT('',(1.5434955002647,-4.425014412388,2.21));
#6165=CARTESIAN_POINT('',(1.5434955002647,-4.425014412388,2.21));
#6166=VECTOR('',#7577,0.64);
#6167=AXIS2_PLACEMENT_3D('',#7578,#7579,#7580);
#6168=COLOUR_RGB('',0.925490200519562,0.925490200519562,0.925490200519562);
#6169=CARTESIAN_POINT('',(1.225991000529,-4.67037073654,2.21));
#6170=CARTESIAN_POINT('',(1.073,-4.310391911765,2.21));
#6171=AXIS2_PLACEMENT_3D('',#7581,#7582,#7583);
#6172=CARTESIAN_POINT('',(1.073,-3.65,2.21));
#6173=CARTESIAN_POINT('',(1.073,-3.65,2.21));
#6174=VECTOR('',#7584,0.6603919117647);
#6175=CARTESIAN_POINT('',(1.073,-3.65,2.21));
#6176=VECTOR('',#7585,0.394);
#6177=CARTESIAN_POINT('',(1.7470089994706,-4.621195439931,2.21));
#6178=CARTESIAN_POINT('',(1.7470089994706,-4.621195439931,2.21));
#6179=VECTOR('',#7586,0.282674264705887);
#6180=CARTESIAN_POINT('',(1.9,-4.981174264706,2.21));
#6181=AXIS2_PLACEMENT_3D('',#7587,#7588,#7589);
#6182=CARTESIAN_POINT('',(1.9,-5.896446609407,2.21));
#6183=CARTESIAN_POINT('',(1.9,-4.981174264706,2.21));
#6184=VECTOR('',#7590,0.9152723447008);
#6185=CARTESIAN_POINT('',(1.9732233047034,-6.073223304703,2.21));
#6186=AXIS2_PLACEMENT_3D('',#7591,#7592,#7593);
#6187=CARTESIAN_POINT('',(2.3535533905933,-6.4535533905933,2.21));
#6188=CARTESIAN_POINT('',(1.9732233047034,-6.073223304703,2.21));
#6189=VECTOR('',#7594,0.537867965643964);
#6190=CARTESIAN_POINT('',(2.5,-6.8071067811865,2.21));
#6191=AXIS2_PLACEMENT_3D('',#7595,#7596,#7597);
#6192=CARTESIAN_POINT('',(2.5,-7.25,2.21));
#6193=CARTESIAN_POINT('',(2.5,-6.8071067811865,2.21));
#6194=VECTOR('',#7598,0.4428932188135);
#6195=CARTESIAN_POINT('',(2.1,-7.25,2.21));
#6196=CARTESIAN_POINT('',(2.1,-7.25,2.21));
#6197=VECTOR('',#7599,0.4);
#6198=CARTESIAN_POINT('',(2.1,-6.8692388155425,2.21));
#6199=CARTESIAN_POINT('',(2.1,-7.25,2.21));
#6200=VECTOR('',#7600,0.3807611844575);
#6201=CARTESIAN_POINT('',(2.0267766952966,-6.6924621202459,2.21));
#6202=AXIS2_PLACEMENT_3D('',#7601,#7602,#7603);
#6203=CARTESIAN_POINT('',(1.6464466094067,-6.312132034356,2.21));
#6204=CARTESIAN_POINT('',(2.0267766952966,-6.6924621202459,2.21));
#6205=VECTOR('',#7604,0.537867965643964);
#6206=CARTESIAN_POINT('',(1.5,-5.958578643763,2.21));
#6207=AXIS2_PLACEMENT_3D('',#7605,#7606,#7607);
#6208=CARTESIAN_POINT('',(1.5,-5.040757352941,2.21));
#6209=CARTESIAN_POINT('',(1.5,-5.958578643763,2.21));
#6210=VECTOR('',#7608,0.9178212908215);
#6211=CARTESIAN_POINT('',(1.423504499735,-4.860767940554,2.21));
#6212=AXIS2_PLACEMENT_3D('',#7609,#7610,#7611);
#6213=CARTESIAN_POINT('',(1.423504499735,-4.860767940554,2.21));
#6214=VECTOR('',#7612,0.274340441176487);
#6215=COLOUR_RGB('',0.925490200519562,0.925490200519562,0.925490200519562);
#6216=CARTESIAN_POINT('',(1.225991000529,-4.67037073654,2.85));
#6217=CARTESIAN_POINT('',(1.225991000529,-4.67037073654,2.85));
#6218=VECTOR('',#7613,0.64);
#6219=CARTESIAN_POINT('',(1.073,-4.310391911765,2.85));
#6220=AXIS2_PLACEMENT_3D('',#7614,#7615,#7616);
#6221=CARTESIAN_POINT('',(1.073,-4.310391911765,2.85));
#6222=VECTOR('',#7617,0.64);
#6223=COLOUR_RGB('',0.925490200519562,0.925490200519562,0.925490200519562);
#6224=CARTESIAN_POINT('',(1.073,-3.65,2.85));
#6225=CARTESIAN_POINT('',(1.073,-3.65,2.85));
#6226=VECTOR('',#7618,0.6603919117647);
#6227=CARTESIAN_POINT('',(1.073,-3.65,2.21));
#6228=VECTOR('',#7619,0.64);
#6229=COLOUR_RGB('',0.925490200519562,0.925490200519562,0.925490200519562);
#6230=CARTESIAN_POINT('',(1.423504499735,-4.860767940554,2.85));
#6231=CARTESIAN_POINT('',(1.423504499735,-4.860767940554,2.85));
#6232=VECTOR('',#7620,0.274340441176487);
#6233=CARTESIAN_POINT('',(1.5,-5.040757352941,2.85));
#6234=AXIS2_PLACEMENT_3D('',#7621,#7622,#7623);
#6235=CARTESIAN_POINT('',(1.5,-5.958578643763,2.85));
#6236=CARTESIAN_POINT('',(1.5,-5.958578643763,2.85));
#6237=VECTOR('',#7624,0.9178212908215);
#6238=CARTESIAN_POINT('',(1.6464466094067,-6.312132034356,2.85));
#6239=AXIS2_PLACEMENT_3D('',#7625,#7626,#7627);
#6240=CARTESIAN_POINT('',(2.0267766952966,-6.6924621202459,2.85));
#6241=CARTESIAN_POINT('',(2.0267766952966,-6.6924621202459,2.85));
#6242=VECTOR('',#7628,0.537867965643964);
#6243=CARTESIAN_POINT('',(2.1,-6.8692388155425,2.85));
#6244=AXIS2_PLACEMENT_3D('',#7629,#7630,#7631);
#6245=CARTESIAN_POINT('',(2.1,-7.25,2.85));
#6246=CARTESIAN_POINT('',(2.1,-7.25,2.85));
#6247=VECTOR('',#7632,0.3807611844575);
#6248=CARTESIAN_POINT('',(2.5,-7.25,2.85));
#6249=CARTESIAN_POINT('',(2.5,-7.25,2.85));
#6250=VECTOR('',#7633,0.4);
#6251=CARTESIAN_POINT('',(2.5,-6.8071067811865,2.85));
#6252=CARTESIAN_POINT('',(2.5,-6.8071067811865,2.85));
#6253=VECTOR('',#7634,0.4428932188135);
#6254=CARTESIAN_POINT('',(2.3535533905933,-6.4535533905933,2.85));
#6255=AXIS2_PLACEMENT_3D('',#7635,#7636,#7637);
#6256=CARTESIAN_POINT('',(1.9732233047034,-6.073223304703,2.85));
#6257=CARTESIAN_POINT('',(1.9732233047034,-6.073223304703,2.85));
#6258=VECTOR('',#7638,0.537867965643964);
#6259=CARTESIAN_POINT('',(1.9,-5.896446609407,2.85));
#6260=AXIS2_PLACEMENT_3D('',#7639,#7640,#7641);
#6261=CARTESIAN_POINT('',(1.9,-4.981174264706,2.85));
#6262=CARTESIAN_POINT('',(1.9,-4.981174264706,2.85));
#6263=VECTOR('',#7642,0.9152723447008);
#6264=CARTESIAN_POINT('',(1.7470089994706,-4.621195439931,2.85));
#6265=AXIS2_PLACEMENT_3D('',#7643,#7644,#7645);
#6266=CARTESIAN_POINT('',(1.7470089994706,-4.621195439931,2.85));
#6267=VECTOR('',#7646,0.282674264705887);
#6268=CARTESIAN_POINT('',(1.073,-3.65,2.85));
#6269=VECTOR('',#7647,0.394);
#6270=COLOUR_RGB('',0.925490200519562,0.925490200519562,0.925490200519562);
#6271=CARTESIAN_POINT('',(1.7470089994706,-4.621195439931,2.21));
#6272=VECTOR('',#7648,0.64);
#6273=COLOUR_RGB('',0.925490200519562,0.925490200519562,0.925490200519562);
#6274=CARTESIAN_POINT('',(1.9,-4.981174264706,2.21));
#6275=VECTOR('',#7649,0.64);
#6276=COLOUR_RGB('',0.925490200519562,0.925490200519562,0.925490200519562);
#6277=CARTESIAN_POINT('',(1.9,-5.896446609407,2.85));
#6278=VECTOR('',#7650,0.64);
#6279=COLOUR_RGB('',0.925490200519562,0.925490200519562,0.925490200519562);
#6280=CARTESIAN_POINT('',(1.9732233047034,-6.073223304703,2.85));
#6281=VECTOR('',#7651,0.64);
#6282=COLOUR_RGB('',0.925490200519562,0.925490200519562,0.925490200519562);
#6283=CARTESIAN_POINT('',(2.3535533905933,-6.4535533905933,2.21));
#6284=VECTOR('',#7652,0.64);
#6285=COLOUR_RGB('',0.925490200519562,0.925490200519562,0.925490200519562);
#6286=CARTESIAN_POINT('',(2.5,-6.8071067811865,2.21));
#6287=VECTOR('',#7653,0.64);
#6288=COLOUR_RGB('',0.925490200519562,0.925490200519562,0.925490200519562);
#6289=CARTESIAN_POINT('',(2.5,-7.45,2.65));
#6290=AXIS2_PLACEMENT_3D('',#7654,#7655,#7656);
#6291=CARTESIAN_POINT('',(2.5,-7.45,2.41));
#6292=CARTESIAN_POINT('',(2.5,-7.45,2.65));
#6293=VECTOR('',#7657,0.24);
#6294=AXIS2_PLACEMENT_3D('',#7658,#7659,#7660);
#6295=COLOUR_RGB('',0.925490200519562,0.925490200519562,0.925490200519562);
#6296=CARTESIAN_POINT('',(2.1,-7.45,2.41));
#6297=CARTESIAN_POINT('',(2.1,-7.45,2.41));
#6298=VECTOR('',#7661,0.4);
#6299=AXIS2_PLACEMENT_3D('',#7662,#7663,#7664);
#6300=COLOUR_RGB('',0.925490200519562,0.925490200519562,0.925490200519562);
#6301=CARTESIAN_POINT('',(2.1,-7.45,2.65));
#6302=AXIS2_PLACEMENT_3D('',#7665,#7666,#7667);
#6303=CARTESIAN_POINT('',(2.1,-6.8692388155425,2.85));
#6304=VECTOR('',#7668,0.64);
#6305=CARTESIAN_POINT('',(2.1,-7.45,2.65));
#6306=VECTOR('',#7669,0.24);
#6307=COLOUR_RGB('',0.925490200519562,0.925490200519562,0.925490200519562);
#6308=CARTESIAN_POINT('',(2.5,-7.45,2.65));
#6309=VECTOR('',#7670,0.4);
#6310=COLOUR_RGB('',0.925490200519562,0.925490200519562,0.925490200519562);
#6311=COLOUR_RGB('',0.925490200519562,0.925490200519562,0.925490200519562);
#6312=CARTESIAN_POINT('',(2.0267766952966,-6.6924621202459,2.85));
#6313=VECTOR('',#7671,0.64);
#6314=COLOUR_RGB('',0.925490200519562,0.925490200519562,0.925490200519562);
#6315=CARTESIAN_POINT('',(1.6464466094067,-6.312132034356,2.21));
#6316=VECTOR('',#7672,0.64);
#6317=COLOUR_RGB('',0.925490200519562,0.925490200519562,0.925490200519562);
#6318=CARTESIAN_POINT('',(1.5,-5.958578643763,2.21));
#6319=VECTOR('',#7673,0.64);
#6320=COLOUR_RGB('',0.925490200519562,0.925490200519562,0.925490200519562);
#6321=CARTESIAN_POINT('',(1.5,-5.040757352941,2.85));
#6322=VECTOR('',#7674,0.64);
#6323=COLOUR_RGB('',0.925490200519562,0.925490200519562,0.925490200519562);
#6324=CARTESIAN_POINT('',(1.423504499735,-4.860767940554,2.85));
#6325=VECTOR('',#7675,0.64);
#6326=COLOUR_RGB('',0.925490200519562,0.925490200519562,0.925490200519562);
#6327=COLOUR_RGB('',1.0,0.807843148708344,0.458823531866074);
#6328=EDGE_CURVE('',#7676,#7677,#7678,.T.);
#6329=EDGE_CURVE('',#7679,#7677,#7680,.T.);
#6330=EDGE_CURVE('',#7679,#7681,#7682,.T.);
#6331=EDGE_CURVE('',#7683,#7681,#7684,.T.);
#6332=EDGE_CURVE('',#7683,#7685,#7686,.T.);
#6333=EDGE_CURVE('',#7687,#7685,#7688,.T.);
#6334=EDGE_CURVE('',#7687,#7689,#7690,.T.);
#6335=EDGE_CURVE('',#7691,#7689,#7692,.T.);
#6336=EDGE_CURVE('',#7691,#7693,#7694,.T.);
#6337=EDGE_CURVE('',#7695,#7693,#7696,.T.);
#6338=EDGE_CURVE('',#7695,#7697,#7698,.T.);
#6339=EDGE_CURVE('',#7676,#7697,#7699,.T.);
#6340=EDGE_CURVE('',#7677,#7700,#7701,.T.);
#6341=EDGE_CURVE('',#7702,#7676,#7703,.T.);
#6342=EDGE_CURVE('',#7702,#7700,#7704,.T.);
#6343=EDGE_CURVE('',#7705,#7706,#7707,.T.);
#6344=EDGE_CURVE('',#7708,#7705,#7709,.T.);
#6345=EDGE_CURVE('',#7708,#7710,#7711,.T.);
#6346=EDGE_CURVE('',#7712,#7710,#7713,.T.);
#6347=EDGE_CURVE('',#7714,#7712,#7715,.T.);
#6348=EDGE_CURVE('',#7714,#7716,#7717,.T.);
#6349=EDGE_CURVE('',#7716,#7718,#7719,.T.);
#6350=EDGE_CURVE('',#7718,#7720,#7721,.T.);
#6351=EDGE_CURVE('',#7720,#7722,#7723,.T.);
#6352=EDGE_CURVE('',#7722,#7724,#7725,.T.);
#6353=EDGE_CURVE('',#7726,#7724,#7727,.T.);
#6354=EDGE_CURVE('',#7728,#7726,#7729,.T.);
#6355=EDGE_CURVE('',#7728,#7687,#7730,.T.);
#6356=EDGE_CURVE('',#7731,#7685,#7732,.T.);
#6357=EDGE_CURVE('',#7733,#7731,#7734,.T.);
#6358=EDGE_CURVE('',#7679,#7733,#7735,.T.);
#6359=EDGE_CURVE('',#7700,#7736,#7737,.T.);
#6360=EDGE_CURVE('',#7736,#7738,#7739,.T.);
#6361=EDGE_CURVE('',#7740,#7738,#7741,.T.);
#6362=EDGE_CURVE('',#7742,#7740,#7743,.T.);
#6363=EDGE_CURVE('',#7742,#7706,#7744,.T.);
#6364=EDGE_CURVE('',#7706,#7745,#7746,.T.);
#6365=EDGE_CURVE('',#7747,#7745,#7748,.T.);
#6366=EDGE_CURVE('',#7705,#7747,#7749,.T.);
#6367=EDGE_CURVE('',#7731,#7750,#7751,.T.);
#6368=EDGE_CURVE('',#7750,#7683,#7752,.T.);
#6369=EDGE_CURVE('',#7742,#7753,#7754,.T.);
#6370=EDGE_CURVE('',#7745,#7753,#7755,.T.);
#6371=EDGE_CURVE('',#7753,#7756,#7757,.T.);
#6372=EDGE_CURVE('',#7747,#7756,#7758,.T.);
#6373=EDGE_CURVE('',#7750,#7759,#7760,.T.);
#6374=EDGE_CURVE('',#7681,#7759,#7761,.T.);
#6375=EDGE_CURVE('',#7738,#7762,#7763,.T.);
#6376=EDGE_CURVE('',#7762,#7764,#7765,.T.);
#6377=EDGE_CURVE('',#7764,#7766,#7767,.T.);
#6378=EDGE_CURVE('',#7766,#7768,#7769,.T.);
#6379=EDGE_CURVE('',#7768,#7770,#7771,.T.);
#6380=EDGE_CURVE('',#7770,#7772,#7773,.T.);
#6381=EDGE_CURVE('',#7708,#7772,#7774,.T.);
#6382=EDGE_CURVE('',#7756,#7740,#7775,.T.);
#6383=EDGE_CURVE('',#7762,#7776,#7777,.T.);
#6384=EDGE_CURVE('',#7736,#7776,#7778,.T.);
#6385=EDGE_CURVE('',#7764,#7779,#7780,.T.);
#6386=EDGE_CURVE('',#7776,#7702,#7781,.T.);
#6387=EDGE_CURVE('',#7782,#7697,#7783,.T.);
#6388=EDGE_CURVE('',#7782,#7784,#7785,.T.);
#6389=EDGE_CURVE('',#7691,#7784,#7786,.T.);
#6390=EDGE_CURVE('',#7787,#7689,#7788,.T.);
#6391=EDGE_CURVE('',#7787,#7789,#7790,.T.);
#6392=EDGE_CURVE('',#7789,#7791,#7792,.T.);
#6393=EDGE_CURVE('',#7793,#7791,#7794,.T.);
#6394=EDGE_CURVE('',#7795,#7793,#7796,.T.);
#6395=EDGE_CURVE('',#7797,#7795,#7798,.T.);
#6396=EDGE_CURVE('',#7799,#7797,#7800,.T.);
#6397=EDGE_CURVE('',#7801,#7799,#7802,.T.);
#6398=EDGE_CURVE('',#7801,#7803,#7804,.T.);
#6399=EDGE_CURVE('',#7803,#7805,#7806,.T.);
#6400=EDGE_CURVE('',#7772,#7805,#7807,.T.);
#6401=EDGE_CURVE('',#7808,#7770,#7809,.T.);
#6402=EDGE_CURVE('',#7779,#7808,#7810,.T.);
#6403=EDGE_CURVE('',#7782,#7811,#7812,.T.);
#6404=EDGE_CURVE('',#7811,#7695,#7813,.T.);
#6405=EDGE_CURVE('',#7779,#7814,#7815,.T.);
#6406=EDGE_CURVE('',#7766,#7814,#7816,.T.);
#6407=EDGE_CURVE('',#7811,#7817,#7818,.T.);
#6408=EDGE_CURVE('',#7784,#7817,#7819,.T.);
#6409=EDGE_CURVE('',#7693,#7817,#7820,.T.);
#6410=EDGE_CURVE('',#7808,#7821,#7822,.T.);
#6411=EDGE_CURVE('',#7821,#7768,#7823,.T.);
#6412=EDGE_CURVE('',#7814,#7821,#7824,.T.);
#6413=EDGE_CURVE('',#7805,#7710,#7825,.T.);
#6414=EDGE_CURVE('',#7787,#7728,#7826,.T.);
#6415=EDGE_CURVE('',#7726,#7789,#7827,.T.);
#6416=EDGE_CURVE('',#7712,#7803,#7828,.T.);
#6417=EDGE_CURVE('',#7791,#7724,#7829,.T.);
#6418=EDGE_CURVE('',#7793,#7722,#7830,.T.);
#6419=EDGE_CURVE('',#7795,#7720,#7831,.T.);
#6420=EDGE_CURVE('',#7797,#7718,#7832,.T.);
#6421=EDGE_CURVE('',#7799,#7716,#7833,.T.);
#6422=EDGE_CURVE('',#7801,#7714,#7834,.T.);
#6423=EDGE_CURVE('',#7733,#7759,#7835,.T.);
#6424=COLOUR_RGB('',0.925490200519562,0.925490200519562,0.925490200519562);
#6425=CARTESIAN_POINT('',(-1.075,-4.291056305656,-0.33));
#6426=CARTESIAN_POINT('',(-1.075,-4.291056305656,0.31));
#6427=CARTESIAN_POINT('',(-1.075,-4.291056305656,-0.33));
#6428=VECTOR('',#7836,0.64);
#6429=CARTESIAN_POINT('',(-1.075,-3.65,-0.33));
#6430=CARTESIAN_POINT('',(-1.075,-3.65,-0.33));
#6431=VECTOR('',#7837,0.6410563056556);
#6432=CARTESIAN_POINT('',(-1.075,-3.65,0.31));
#6433=CARTESIAN_POINT('',(-1.075,-3.65,-0.33));
#6434=VECTOR('',#7838,0.64);
#6435=CARTESIAN_POINT('',(-1.075,-3.65,0.31));
#6436=VECTOR('',#7839,0.6410563056556);
#6437=COLOUR_RGB('',0.925490200519562,0.925490200519562,0.925490200519562);
#6438=CARTESIAN_POINT('',(-0.969870543618,-4.494802534067,0.31));
#6439=AXIS2_PLACEMENT_3D('',#7840,#7841,#7842);
#6440=CARTESIAN_POINT('',(-0.969870543618,-4.494802534067,-0.33));
#6441=CARTESIAN_POINT('',(-0.969870543618,-4.494802534067,-0.33));
#6442=VECTOR('',#7843,0.64);
#6443=AXIS2_PLACEMENT_3D('',#7844,#7845,#7846);
#6444=COLOUR_RGB('',0.925490200519562,0.925490200519562,0.925490200519562);
#6445=CARTESIAN_POINT('',(-1.254741087236,-4.783056456328,-0.33));
#6446=CARTESIAN_POINT('',(-1.465,-4.375563999505,-0.33));
#6447=AXIS2_PLACEMENT_3D('',#7847,#7848,#7849);
#6448=CARTESIAN_POINT('',(-1.465,-3.65,-0.33));
#6449=CARTESIAN_POINT('',(-1.465,-3.65,-0.33));
#6450=VECTOR('',#7850,0.7255639995047);
#6451=CARTESIAN_POINT('',(-1.465,-3.65,-0.33));
#6452=VECTOR('',#7851,0.39);
#6453=CARTESIAN_POINT('',(-0.610258912764,-4.750498714847,-0.33));
#6454=CARTESIAN_POINT('',(-0.969870543618,-4.494802534067,-0.33));
#6455=VECTOR('',#7852,0.441249432759281);
#6456=CARTESIAN_POINT('',(-0.4,-5.157991171669,-0.33));
#6457=AXIS2_PLACEMENT_3D('',#7853,#7854,#7855);
#6458=CARTESIAN_POINT('',(-0.4,-7.296446609407,-0.33));
#6459=CARTESIAN_POINT('',(-0.4,-5.157991171669,-0.33));
#6460=VECTOR('',#7856,2.138455437737);
#6461=CARTESIAN_POINT('',(-0.326776695297,-7.473223304703,-0.33));
#6462=AXIS2_PLACEMENT_3D('',#7857,#7858,#7859);
#6463=CARTESIAN_POINT('',(2.3535533905933,-10.1535533905933,-0.33));
#6464=CARTESIAN_POINT('',(-0.326776695297,-7.473223304703,-0.33));
#6465=VECTOR('',#7860,3.79055915910175);
#6466=CARTESIAN_POINT('',(2.5,-10.5071067811865,-0.33));
#6467=AXIS2_PLACEMENT_3D('',#7861,#7862,#7863);
#6468=CARTESIAN_POINT('',(2.5,-10.9,-0.33));
#6469=CARTESIAN_POINT('',(2.5,-10.5071067811865,-0.33));
#6470=VECTOR('',#7864,0.3928932188135);
#6471=CARTESIAN_POINT('',(2.1,-10.9,-0.33));
#6472=CARTESIAN_POINT('',(2.1,-10.9,-0.33));
#6473=VECTOR('',#7865,0.4);
#6474=CARTESIAN_POINT('',(2.1,-10.5692388155425,-0.33));
#6475=CARTESIAN_POINT('',(2.1,-10.9,-0.33));
#6476=VECTOR('',#7866,0.3307611844575);
#6477=CARTESIAN_POINT('',(2.0267766952966,-10.3924621202459,-0.33));
#6478=AXIS2_PLACEMENT_3D('',#7867,#7868,#7869);
#6479=CARTESIAN_POINT('',(-0.653553390593,-7.712132034356,-0.33));
#6480=CARTESIAN_POINT('',(2.0267766952966,-10.3924621202459,-0.33));
#6481=VECTOR('',#7870,3.79055915910175);
#6482=CARTESIAN_POINT('',(-0.8,-7.358578643763,-0.33));
#6483=AXIS2_PLACEMENT_3D('',#7871,#7872,#7873);
#6484=CARTESIAN_POINT('',(-0.8,-5.23538852317,-0.33));
#6485=CARTESIAN_POINT('',(-0.8,-7.358578643763,-0.33));
#6486=VECTOR('',#7874,2.123190120592);
#6487=CARTESIAN_POINT('',(-0.905129456382,-5.031642294759,-0.33));
#6488=AXIS2_PLACEMENT_3D('',#7875,#7876,#7877);
#6489=CARTESIAN_POINT('',(-0.905129456382,-5.031642294759,-0.33));
#6490=VECTOR('',#7878,0.428979266977581);
#6491=COLOUR_RGB('',0.925490200519562,0.925490200519562,0.925490200519562);
#6492=CARTESIAN_POINT('',(-1.254741087236,-4.783056456328,0.31));
#6493=CARTESIAN_POINT('',(-1.254741087236,-4.783056456328,0.31));
#6494=VECTOR('',#7879,0.64);
#6495=CARTESIAN_POINT('',(-1.465,-4.375563999505,0.31));
#6496=AXIS2_PLACEMENT_3D('',#7880,#7881,#7882);
#6497=CARTESIAN_POINT('',(-1.465,-4.375563999505,0.31));
#6498=VECTOR('',#7883,0.64);
#6499=COLOUR_RGB('',0.925490200519562,0.925490200519562,0.925490200519562);
#6500=CARTESIAN_POINT('',(-1.465,-3.65,0.31));
#6501=CARTESIAN_POINT('',(-1.465,-3.65,0.31));
#6502=VECTOR('',#7884,0.7255639995047);
#6503=CARTESIAN_POINT('',(-1.465,-3.65,-0.33));
#6504=VECTOR('',#7885,0.64);
#6505=COLOUR_RGB('',0.925490200519562,0.925490200519562,0.925490200519562);
#6506=CARTESIAN_POINT('',(-0.905129456382,-5.031642294759,0.31));
#6507=CARTESIAN_POINT('',(-1.254741087236,-4.783056456328,0.31));
#6508=VECTOR('',#7886,0.428979266977581);
#6509=CARTESIAN_POINT('',(-0.8,-5.23538852317,0.31));
#6510=AXIS2_PLACEMENT_3D('',#7887,#7888,#7889);
#6511=CARTESIAN_POINT('',(-0.8,-7.358578643763,0.31));
#6512=CARTESIAN_POINT('',(-0.8,-5.23538852317,0.31));
#6513=VECTOR('',#7890,2.123190120592);
#6514=CARTESIAN_POINT('',(-0.653553390593,-7.712132034356,0.31));
#6515=AXIS2_PLACEMENT_3D('',#7891,#7892,#7893);
#6516=CARTESIAN_POINT('',(2.0267766952966,-10.3924621202459,0.31));
#6517=CARTESIAN_POINT('',(2.0267766952966,-10.3924621202459,0.31));
#6518=VECTOR('',#7894,3.79055915910175);
#6519=CARTESIAN_POINT('',(2.1,-10.5692388155425,0.31));
#6520=AXIS2_PLACEMENT_3D('',#7895,#7896,#7897);
#6521=CARTESIAN_POINT('',(2.1,-10.9,0.31));
#6522=CARTESIAN_POINT('',(2.1,-10.9,0.31));
#6523=VECTOR('',#7898,0.3307611844575);
#6524=CARTESIAN_POINT('',(2.5,-10.9,0.31));
#6525=CARTESIAN_POINT('',(2.5,-10.9,0.31));
#6526=VECTOR('',#7899,0.4);
#6527=CARTESIAN_POINT('',(2.5,-10.5071067811865,0.31));
#6528=CARTESIAN_POINT('',(2.5,-10.5071067811865,0.31));
#6529=VECTOR('',#7900,0.3928932188135);
#6530=CARTESIAN_POINT('',(2.3535533905933,-10.1535533905933,0.31));
#6531=AXIS2_PLACEMENT_3D('',#7901,#7902,#7903);
#6532=CARTESIAN_POINT('',(-0.326776695297,-7.473223304703,0.31));
#6533=CARTESIAN_POINT('',(-0.326776695297,-7.473223304703,0.31));
#6534=VECTOR('',#7904,3.79055915910175);
#6535=CARTESIAN_POINT('',(-0.4,-7.296446609407,0.31));
#6536=AXIS2_PLACEMENT_3D('',#7905,#7906,#7907);
#6537=CARTESIAN_POINT('',(-0.4,-5.157991171669,0.31));
#6538=CARTESIAN_POINT('',(-0.4,-5.157991171669,0.31));
#6539=VECTOR('',#7908,2.138455437737);
#6540=CARTESIAN_POINT('',(-0.610258912764,-4.750498714847,0.31));
#6541=AXIS2_PLACEMENT_3D('',#7909,#7910,#7911);
#6542=CARTESIAN_POINT('',(-0.969870543618,-4.494802534067,0.31));
#6543=VECTOR('',#7912,0.441249432759281);
#6544=CARTESIAN_POINT('',(-1.465,-3.65,0.31));
#6545=VECTOR('',#7913,0.39);
#6546=COLOUR_RGB('',0.925490200519562,0.925490200519562,0.925490200519562);
#6547=CARTESIAN_POINT('',(-0.610258912764,-4.750498714847,-0.33));
#6548=VECTOR('',#7914,0.64);
#6549=COLOUR_RGB('',0.925490200519562,0.925490200519562,0.925490200519562);
#6550=CARTESIAN_POINT('',(-0.4,-5.157991171669,-0.33));
#6551=VECTOR('',#7915,0.64);
#6552=COLOUR_RGB('',0.925490200519562,0.925490200519562,0.925490200519562);
#6553=CARTESIAN_POINT('',(-0.4,-7.296446609407,0.31));
#6554=VECTOR('',#7916,0.64);
#6555=COLOUR_RGB('',0.925490200519562,0.925490200519562,0.925490200519562);
#6556=CARTESIAN_POINT('',(-0.326776695297,-7.473223304703,0.31));
#6557=VECTOR('',#7917,0.64);
#6558=COLOUR_RGB('',0.925490200519562,0.925490200519562,0.925490200519562);
#6559=CARTESIAN_POINT('',(2.3535533905933,-10.1535533905933,-0.33));
#6560=VECTOR('',#7918,0.64);
#6561=COLOUR_RGB('',0.925490200519562,0.925490200519562,0.925490200519562);
#6562=CARTESIAN_POINT('',(2.5,-10.5071067811865,-0.33));
#6563=VECTOR('',#7919,0.64);
#6564=COLOUR_RGB('',0.925490200519562,0.925490200519562,0.925490200519562);
#6565=CARTESIAN_POINT('',(2.5,-11.15,0.0599999999999999));
#6566=AXIS2_PLACEMENT_3D('',#7920,#7921,#7922);
#6567=CARTESIAN_POINT('',(2.5,-11.15,-0.0800000000000001));
#6568=CARTESIAN_POINT('',(2.5,-11.15,0.0599999999999999));
#6569=VECTOR('',#7923,0.14);
#6570=AXIS2_PLACEMENT_3D('',#7924,#7925,#7926);
#6571=COLOUR_RGB('',0.925490200519562,0.925490200519562,0.925490200519562);
#6572=CARTESIAN_POINT('',(2.1,-11.15,-0.0800000000000001));
#6573=CARTESIAN_POINT('',(2.1,-11.15,-0.0800000000000001));
#6574=VECTOR('',#7927,0.4);
#6575=AXIS2_PLACEMENT_3D('',#7928,#7929,#7930);
#6576=COLOUR_RGB('',0.925490200519562,0.925490200519562,0.925490200519562);
#6577=CARTESIAN_POINT('',(2.1,-11.15,0.0599999999999999));
#6578=AXIS2_PLACEMENT_3D('',#7931,#7932,#7933);
#6579=CARTESIAN_POINT('',(2.1,-10.5692388155425,0.31));
#6580=VECTOR('',#7934,0.64);
#6581=CARTESIAN_POINT('',(2.1,-11.15,0.0599999999999999));
#6582=VECTOR('',#7935,0.14);
#6583=COLOUR_RGB('',0.925490200519562,0.925490200519562,0.925490200519562);
#6584=CARTESIAN_POINT('',(2.5,-11.15,0.0599999999999999));
#6585=VECTOR('',#7936,0.4);
#6586=COLOUR_RGB('',0.925490200519562,0.925490200519562,0.925490200519562);
#6587=COLOUR_RGB('',0.925490200519562,0.925490200519562,0.925490200519562);
#6588=CARTESIAN_POINT('',(2.0267766952966,-10.3924621202459,0.31));
#6589=VECTOR('',#7937,0.64);
#6590=COLOUR_RGB('',0.925490200519562,0.925490200519562,0.925490200519562);
#6591=CARTESIAN_POINT('',(-0.653553390593,-7.712132034356,-0.33));
#6592=VECTOR('',#7938,0.64);
#6593=COLOUR_RGB('',0.925490200519562,0.925490200519562,0.925490200519562);
#6594=CARTESIAN_POINT('',(-0.8,-7.358578643763,-0.33));
#6595=VECTOR('',#7939,0.64);
#6596=COLOUR_RGB('',0.925490200519562,0.925490200519562,0.925490200519562);
#6597=CARTESIAN_POINT('',(-0.8,-5.23538852317,0.31));
#6598=VECTOR('',#7940,0.64);
#6599=COLOUR_RGB('',0.925490200519562,0.925490200519562,0.925490200519562);
#6600=CARTESIAN_POINT('',(-0.905129456382,-5.031642294759,0.31));
#6601=VECTOR('',#7941,0.64);
#6602=COLOUR_RGB('',0.925490200519562,0.925490200519562,0.925490200519562);
#6603=COLOUR_RGB('',1.0,0.807843148708344,0.458823531866074);
#6604=EDGE_CURVE('',#7942,#7943,#7944,.T.);
#6605=EDGE_CURVE('',#7945,#7943,#7946,.T.);
#6606=EDGE_CURVE('',#7945,#7947,#7948,.T.);
#6607=EDGE_CURVE('',#7949,#7947,#7950,.T.);
#6608=EDGE_CURVE('',#7949,#7951,#7952,.T.);
#6609=EDGE_CURVE('',#7953,#7951,#7954,.T.);
#6610=EDGE_CURVE('',#7953,#7955,#7956,.T.);
#6611=EDGE_CURVE('',#7957,#7955,#7958,.T.);
#6612=EDGE_CURVE('',#7957,#7959,#7960,.T.);
#6613=EDGE_CURVE('',#7961,#7959,#7962,.T.);
#6614=EDGE_CURVE('',#7961,#7963,#7964,.T.);
#6615=EDGE_CURVE('',#7942,#7963,#7965,.T.);
#6616=EDGE_CURVE('',#7966,#7942,#7967,.T.);
#6617=EDGE_CURVE('',#7966,#7968,#7969,.T.);
#6618=EDGE_CURVE('',#7943,#7968,#7970,.T.);
#6619=EDGE_CURVE('',#7971,#7972,#7973,.T.);
#6620=EDGE_CURVE('',#7974,#7972,#7975,.T.);
#6621=EDGE_CURVE('',#7976,#7974,#7977,.T.);
#6622=EDGE_CURVE('',#7976,#7978,#7979,.T.);
#6623=EDGE_CURVE('',#7980,#7978,#7981,.T.);
#6624=EDGE_CURVE('',#7982,#7980,#7983,.T.);
#6625=EDGE_CURVE('',#7982,#7984,#7985,.T.);
#6626=EDGE_CURVE('',#7986,#7984,#7987,.T.);
#6627=EDGE_CURVE('',#7988,#7986,#7989,.T.);
#6628=EDGE_CURVE('',#7988,#7990,#7991,.T.);
#6629=EDGE_CURVE('',#7990,#7992,#7993,.T.);
#6630=EDGE_CURVE('',#7992,#7994,#7995,.T.);
#6631=EDGE_CURVE('',#7994,#7996,#7997,.T.);
#6632=EDGE_CURVE('',#7996,#7998,#7999,.T.);
#6633=EDGE_CURVE('',#8000,#7998,#8001,.T.);
#6634=EDGE_CURVE('',#8002,#8000,#8003,.T.);
#6635=EDGE_CURVE('',#8002,#7953,#8004,.T.);
#6636=EDGE_CURVE('',#8005,#7951,#8006,.T.);
#6637=EDGE_CURVE('',#8007,#8005,#8008,.T.);
#6638=EDGE_CURVE('',#7945,#8007,#8009,.T.);
#6639=EDGE_CURVE('',#7968,#7971,#8010,.T.);
#6640=EDGE_CURVE('',#7972,#8011,#8012,.T.);
#6641=EDGE_CURVE('',#7971,#8013,#8014,.T.);
#6642=EDGE_CURVE('',#8011,#8013,#8015,.T.);
#6643=EDGE_CURVE('',#8011,#8016,#8017,.T.);
#6644=EDGE_CURVE('',#8016,#8018,#8019,.T.);
#6645=EDGE_CURVE('',#8018,#8020,#8021,.T.);
#6646=EDGE_CURVE('',#8020,#8022,#8023,.T.);
#6647=EDGE_CURVE('',#8022,#8024,#8025,.T.);
#6648=EDGE_CURVE('',#7982,#8024,#8026,.T.);
#6649=EDGE_CURVE('',#7980,#8027,#8028,.T.);
#6650=EDGE_CURVE('',#8027,#8029,#8030,.T.);
#6651=EDGE_CURVE('',#8029,#7974,#8031,.T.);
#6652=EDGE_CURVE('',#7976,#8032,#8033,.T.);
#6653=EDGE_CURVE('',#8032,#8029,#8034,.T.);
#6654=EDGE_CURVE('',#8007,#8035,#8036,.T.);
#6655=EDGE_CURVE('',#7947,#8035,#8037,.T.);
#6656=EDGE_CURVE('',#8032,#8038,#8039,.T.);
#6657=EDGE_CURVE('',#7978,#8038,#8040,.T.);
#6658=EDGE_CURVE('',#8027,#8038,#8041,.T.);
#6659=EDGE_CURVE('',#8042,#8035,#8043,.T.);
#6660=EDGE_CURVE('',#8042,#7949,#8044,.T.);
#6661=EDGE_CURVE('',#8005,#8042,#8045,.T.);
#6662=EDGE_CURVE('',#8024,#8046,#8047,.T.);
#6663=EDGE_CURVE('',#8046,#7984,#8048,.T.);
#6664=EDGE_CURVE('',#8049,#8050,#8051,.T.);
#6665=EDGE_CURVE('',#8049,#8002,#8052,.T.);
#6666=EDGE_CURVE('',#8000,#8050,#8053,.T.);
#6667=EDGE_CURVE('',#8054,#8046,#8055,.T.);
#6668=EDGE_CURVE('',#7986,#8054,#8056,.T.);
#6669=EDGE_CURVE('',#8013,#7966,#8057,.T.);
#6670=EDGE_CURVE('',#8058,#7963,#8059,.T.);
#6671=EDGE_CURVE('',#8058,#8060,#8061,.T.);
#6672=EDGE_CURVE('',#7957,#8060,#8062,.T.);
#6673=EDGE_CURVE('',#8049,#7955,#8063,.T.);
#6674=EDGE_CURVE('',#8050,#8064,#8065,.T.);
#6675=EDGE_CURVE('',#8066,#8064,#8067,.T.);
#6676=EDGE_CURVE('',#8068,#8066,#8069,.T.);
#6677=EDGE_CURVE('',#8070,#8068,#8071,.T.);
#6678=EDGE_CURVE('',#8072,#8070,#8073,.T.);
#6679=EDGE_CURVE('',#8074,#8072,#8075,.T.);
#6680=EDGE_CURVE('',#8074,#8054,#8076,.T.);
#6681=EDGE_CURVE('',#8077,#8022,#8078,.T.);
#6682=EDGE_CURVE('',#8079,#8077,#8080,.T.);
#6683=EDGE_CURVE('',#8016,#8079,#8081,.T.);
#6684=EDGE_CURVE('',#8058,#8082,#8083,.T.);
#6685=EDGE_CURVE('',#8082,#7961,#8084,.T.);
#6686=EDGE_CURVE('',#8079,#8085,#8086,.T.);
#6687=EDGE_CURVE('',#8018,#8085,#8087,.T.);
#6688=EDGE_CURVE('',#8082,#8088,#8089,.T.);
#6689=EDGE_CURVE('',#8060,#8088,#8090,.T.);
#6690=EDGE_CURVE('',#7959,#8088,#8091,.T.);
#6691=EDGE_CURVE('',#8092,#8085,#8093,.T.);
#6692=EDGE_CURVE('',#8092,#8020,#8094,.T.);
#6693=EDGE_CURVE('',#8077,#8092,#8095,.T.);
#6694=EDGE_CURVE('',#8074,#7988,#8096,.T.);
#6695=EDGE_CURVE('',#8072,#7990,#8097,.T.);
#6696=EDGE_CURVE('',#8070,#7992,#8098,.T.);
#6697=EDGE_CURVE('',#8068,#7994,#8099,.T.);
#6698=EDGE_CURVE('',#8066,#7996,#8100,.T.);
#6699=EDGE_CURVE('',#8064,#7998,#8101,.T.);
#6700=COLOUR_RGB('',0.925490200519562,0.925490200519562,0.925490200519562);
#6701=CARTESIAN_POINT('',(-1.075,-4.291056305656,2.21));
#6702=CARTESIAN_POINT('',(-1.075,-4.291056305656,2.85));
#6703=CARTESIAN_POINT('',(-1.075,-4.291056305656,2.21));
#6704=VECTOR('',#8102,0.64);
#6705=CARTESIAN_POINT('',(-1.075,-3.65,2.21));
#6706=CARTESIAN_POINT('',(-1.075,-3.65,2.21));
#6707=VECTOR('',#8103,0.6410563056556);
#6708=CARTESIAN_POINT('',(-1.075,-3.65,2.85));
#6709=CARTESIAN_POINT('',(-1.075,-3.65,2.21));
#6710=VECTOR('',#8104,0.64);
#6711=CARTESIAN_POINT('',(-1.075,-3.65,2.85));
#6712=VECTOR('',#8105,0.6410563056556);
#6713=COLOUR_RGB('',0.925490200519562,0.925490200519562,0.925490200519562);
#6714=CARTESIAN_POINT('',(-0.969870543618,-4.494802534067,2.85));
#6715=AXIS2_PLACEMENT_3D('',#8106,#8107,#8108);
#6716=CARTESIAN_POINT('',(-0.969870543618,-4.494802534067,2.21));
#6717=CARTESIAN_POINT('',(-0.969870543618,-4.494802534067,2.21));
#6718=VECTOR('',#8109,0.64);
#6719=AXIS2_PLACEMENT_3D('',#8110,#8111,#8112);
#6720=COLOUR_RGB('',0.925490200519562,0.925490200519562,0.925490200519562);
#6721=CARTESIAN_POINT('',(-1.254741087236,-4.783056456328,2.21));
#6722=CARTESIAN_POINT('',(-1.465,-4.375563999505,2.21));
#6723=AXIS2_PLACEMENT_3D('',#8113,#8114,#8115);
#6724=CARTESIAN_POINT('',(-1.465,-3.65,2.21));
#6725=CARTESIAN_POINT('',(-1.465,-3.65,2.21));
#6726=VECTOR('',#8116,0.7255639995047);
#6727=CARTESIAN_POINT('',(-1.465,-3.65,2.21));
#6728=VECTOR('',#8117,0.39);
#6729=CARTESIAN_POINT('',(-0.610258912764,-4.750498714847,2.21));
#6730=CARTESIAN_POINT('',(-0.969870543618,-4.494802534067,2.21));
#6731=VECTOR('',#8118,0.441249432759281);
#6732=CARTESIAN_POINT('',(-0.4,-5.157991171669,2.21));
#6733=AXIS2_PLACEMENT_3D('',#8119,#8120,#8121);
#6734=CARTESIAN_POINT('',(-0.4,-7.296446609407,2.21));
#6735=CARTESIAN_POINT('',(-0.4,-5.157991171669,2.21));
#6736=VECTOR('',#8122,2.138455437737);
#6737=CARTESIAN_POINT('',(-0.326776695297,-7.473223304703,2.21));
#6738=AXIS2_PLACEMENT_3D('',#8123,#8124,#8125);
#6739=CARTESIAN_POINT('',(2.3535533905933,-10.1535533905933,2.21));
#6740=CARTESIAN_POINT('',(-0.326776695297,-7.473223304703,2.21));
#6741=VECTOR('',#8126,3.79055915910175);
#6742=CARTESIAN_POINT('',(2.5,-10.5071067811865,2.21));
#6743=AXIS2_PLACEMENT_3D('',#8127,#8128,#8129);
#6744=CARTESIAN_POINT('',(2.5,-10.9,2.21));
#6745=CARTESIAN_POINT('',(2.5,-10.5071067811865,2.21));
#6746=VECTOR('',#8130,0.3928932188135);
#6747=CARTESIAN_POINT('',(2.1,-10.9,2.21));
#6748=CARTESIAN_POINT('',(2.1,-10.9,2.21));
#6749=VECTOR('',#8131,0.4);
#6750=CARTESIAN_POINT('',(2.1,-10.5692388155425,2.21));
#6751=CARTESIAN_POINT('',(2.1,-10.9,2.21));
#6752=VECTOR('',#8132,0.3307611844575);
#6753=CARTESIAN_POINT('',(2.0267766952966,-10.3924621202459,2.21));
#6754=AXIS2_PLACEMENT_3D('',#8133,#8134,#8135);
#6755=CARTESIAN_POINT('',(-0.653553390593,-7.712132034356,2.21));
#6756=CARTESIAN_POINT('',(2.0267766952966,-10.3924621202459,2.21));
#6757=VECTOR('',#8136,3.79055915910175);
#6758=CARTESIAN_POINT('',(-0.8,-7.358578643763,2.21));
#6759=AXIS2_PLACEMENT_3D('',#8137,#8138,#8139);
#6760=CARTESIAN_POINT('',(-0.8,-5.23538852317,2.21));
#6761=CARTESIAN_POINT('',(-0.8,-7.358578643763,2.21));
#6762=VECTOR('',#8140,2.123190120592);
#6763=CARTESIAN_POINT('',(-0.905129456382,-5.031642294759,2.21));
#6764=AXIS2_PLACEMENT_3D('',#8141,#8142,#8143);
#6765=CARTESIAN_POINT('',(-0.905129456382,-5.031642294759,2.21));
#6766=VECTOR('',#8144,0.428979266977581);
#6767=COLOUR_RGB('',0.925490200519562,0.925490200519562,0.925490200519562);
#6768=CARTESIAN_POINT('',(-1.254741087236,-4.783056456328,2.85));
#6769=CARTESIAN_POINT('',(-1.254741087236,-4.783056456328,2.85));
#6770=VECTOR('',#8145,0.64);
#6771=CARTESIAN_POINT('',(-1.465,-4.375563999505,2.85));
#6772=AXIS2_PLACEMENT_3D('',#8146,#8147,#8148);
#6773=CARTESIAN_POINT('',(-1.465,-4.375563999505,2.85));
#6774=VECTOR('',#8149,0.64);
#6775=COLOUR_RGB('',0.925490200519562,0.925490200519562,0.925490200519562);
#6776=CARTESIAN_POINT('',(-1.465,-3.65,2.85));
#6777=CARTESIAN_POINT('',(-1.465,-3.65,2.85));
#6778=VECTOR('',#8150,0.7255639995047);
#6779=CARTESIAN_POINT('',(-1.465,-3.65,2.21));
#6780=VECTOR('',#8151,0.64);
#6781=COLOUR_RGB('',0.925490200519562,0.925490200519562,0.925490200519562);
#6782=CARTESIAN_POINT('',(-0.905129456382,-5.031642294759,2.85));
#6783=CARTESIAN_POINT('',(-1.254741087236,-4.783056456328,2.85));
#6784=VECTOR('',#8152,0.428979266977581);
#6785=CARTESIAN_POINT('',(-0.8,-5.23538852317,2.85));
#6786=AXIS2_PLACEMENT_3D('',#8153,#8154,#8155);
#6787=CARTESIAN_POINT('',(-0.8,-7.358578643763,2.85));
#6788=CARTESIAN_POINT('',(-0.8,-5.23538852317,2.85));
#6789=VECTOR('',#8156,2.123190120592);
#6790=CARTESIAN_POINT('',(-0.653553390593,-7.712132034356,2.85));
#6791=AXIS2_PLACEMENT_3D('',#8157,#8158,#8159);
#6792=CARTESIAN_POINT('',(2.0267766952966,-10.3924621202459,2.85));
#6793=CARTESIAN_POINT('',(2.0267766952966,-10.3924621202459,2.85));
#6794=VECTOR('',#8160,3.79055915910175);
#6795=CARTESIAN_POINT('',(2.1,-10.5692388155425,2.85));
#6796=AXIS2_PLACEMENT_3D('',#8161,#8162,#8163);
#6797=CARTESIAN_POINT('',(2.1,-10.9,2.85));
#6798=CARTESIAN_POINT('',(2.1,-10.9,2.85));
#6799=VECTOR('',#8164,0.3307611844575);
#6800=CARTESIAN_POINT('',(2.5,-10.9,2.85));
#6801=CARTESIAN_POINT('',(2.5,-10.9,2.85));
#6802=VECTOR('',#8165,0.4);
#6803=CARTESIAN_POINT('',(2.5,-10.5071067811865,2.85));
#6804=CARTESIAN_POINT('',(2.5,-10.5071067811865,2.85));
#6805=VECTOR('',#8166,0.3928932188135);
#6806=CARTESIAN_POINT('',(2.3535533905933,-10.1535533905933,2.85));
#6807=AXIS2_PLACEMENT_3D('',#8167,#8168,#8169);
#6808=CARTESIAN_POINT('',(-0.326776695297,-7.473223304703,2.85));
#6809=CARTESIAN_POINT('',(-0.326776695297,-7.473223304703,2.85));
#6810=VECTOR('',#8170,3.79055915910175);
#6811=CARTESIAN_POINT('',(-0.4,-7.296446609407,2.85));
#6812=AXIS2_PLACEMENT_3D('',#8171,#8172,#8173);
#6813=CARTESIAN_POINT('',(-0.4,-5.157991171669,2.85));
#6814=CARTESIAN_POINT('',(-0.4,-5.157991171669,2.85));
#6815=VECTOR('',#8174,2.138455437737);
#6816=CARTESIAN_POINT('',(-0.610258912764,-4.750498714847,2.85));
#6817=AXIS2_PLACEMENT_3D('',#8175,#8176,#8177);
#6818=CARTESIAN_POINT('',(-0.969870543618,-4.494802534067,2.85));
#6819=VECTOR('',#8178,0.441249432759281);
#6820=CARTESIAN_POINT('',(-1.465,-3.65,2.85));
#6821=VECTOR('',#8179,0.39);
#6822=COLOUR_RGB('',0.925490200519562,0.925490200519562,0.925490200519562);
#6823=CARTESIAN_POINT('',(-0.610258912764,-4.750498714847,2.21));
#6824=VECTOR('',#8180,0.64);
#6825=COLOUR_RGB('',0.925490200519562,0.925490200519562,0.925490200519562);
#6826=CARTESIAN_POINT('',(-0.4,-5.157991171669,2.21));
#6827=VECTOR('',#8181,0.64);
#6828=COLOUR_RGB('',0.925490200519562,0.925490200519562,0.925490200519562);
#6829=CARTESIAN_POINT('',(-0.4,-7.296446609407,2.85));
#6830=VECTOR('',#8182,0.64);
#6831=COLOUR_RGB('',0.925490200519562,0.925490200519562,0.925490200519562);
#6832=CARTESIAN_POINT('',(-0.326776695297,-7.473223304703,2.85));
#6833=VECTOR('',#8183,0.64);
#6834=COLOUR_RGB('',0.925490200519562,0.925490200519562,0.925490200519562);
#6835=CARTESIAN_POINT('',(2.3535533905933,-10.1535533905933,2.21));
#6836=VECTOR('',#8184,0.64);
#6837=COLOUR_RGB('',0.925490200519562,0.925490200519562,0.925490200519562);
#6838=CARTESIAN_POINT('',(2.5,-10.5071067811865,2.21));
#6839=VECTOR('',#8185,0.64);
#6840=COLOUR_RGB('',0.925490200519562,0.925490200519562,0.925490200519562);
#6841=CARTESIAN_POINT('',(2.5,-11.15,2.6));
#6842=AXIS2_PLACEMENT_3D('',#8186,#8187,#8188);
#6843=CARTESIAN_POINT('',(2.5,-11.15,2.46));
#6844=CARTESIAN_POINT('',(2.5,-11.15,2.6));
#6845=VECTOR('',#8189,0.14);
#6846=AXIS2_PLACEMENT_3D('',#8190,#8191,#8192);
#6847=COLOUR_RGB('',0.925490200519562,0.925490200519562,0.925490200519562);
#6848=CARTESIAN_POINT('',(2.1,-11.15,2.46));
#6849=CARTESIAN_POINT('',(2.1,-11.15,2.46));
#6850=VECTOR('',#8193,0.4);
#6851=AXIS2_PLACEMENT_3D('',#8194,#8195,#8196);
#6852=COLOUR_RGB('',0.925490200519562,0.925490200519562,0.925490200519562);
#6853=CARTESIAN_POINT('',(2.1,-11.15,2.6));
#6854=AXIS2_PLACEMENT_3D('',#8197,#8198,#8199);
#6855=CARTESIAN_POINT('',(2.1,-10.5692388155425,2.85));
#6856=VECTOR('',#8200,0.64);
#6857=CARTESIAN_POINT('',(2.1,-11.15,2.6));
#6858=VECTOR('',#8201,0.14);
#6859=COLOUR_RGB('',0.925490200519562,0.925490200519562,0.925490200519562);
#6860=CARTESIAN_POINT('',(2.5,-11.15,2.6));
#6861=VECTOR('',#8202,0.4);
#6862=COLOUR_RGB('',0.925490200519562,0.925490200519562,0.925490200519562);
#6863=COLOUR_RGB('',0.925490200519562,0.925490200519562,0.925490200519562);
#6864=CARTESIAN_POINT('',(2.0267766952966,-10.3924621202459,2.85));
#6865=VECTOR('',#8203,0.64);
#6866=COLOUR_RGB('',0.925490200519562,0.925490200519562,0.925490200519562);
#6867=CARTESIAN_POINT('',(-0.653553390593,-7.712132034356,2.21));
#6868=VECTOR('',#8204,0.64);
#6869=COLOUR_RGB('',0.925490200519562,0.925490200519562,0.925490200519562);
#6870=CARTESIAN_POINT('',(-0.8,-7.358578643763,2.21));
#6871=VECTOR('',#8205,0.64);
#6872=COLOUR_RGB('',0.925490200519562,0.925490200519562,0.925490200519562);
#6873=CARTESIAN_POINT('',(-0.8,-5.23538852317,2.85));
#6874=VECTOR('',#8206,0.64);
#6875=COLOUR_RGB('',0.925490200519562,0.925490200519562,0.925490200519562);
#6876=CARTESIAN_POINT('',(-0.905129456382,-5.031642294759,2.85));
#6877=VECTOR('',#8207,0.64);
#6878=COLOUR_RGB('',0.925490200519562,0.925490200519562,0.925490200519562);
#6879=COLOUR_RGB('',1.0,0.807843148708344,0.458823531866074);
#6880=EDGE_CURVE('',#8208,#8209,#8210,.T.);
#6881=EDGE_CURVE('',#8211,#8209,#8212,.T.);
#6882=EDGE_CURVE('',#8211,#8213,#8214,.T.);
#6883=EDGE_CURVE('',#8215,#8213,#8216,.T.);
#6884=EDGE_CURVE('',#8215,#8217,#8218,.T.);
#6885=EDGE_CURVE('',#8219,#8217,#8220,.T.);
#6886=EDGE_CURVE('',#8219,#8221,#8222,.T.);
#6887=EDGE_CURVE('',#8223,#8221,#8224,.T.);
#6888=EDGE_CURVE('',#8223,#8225,#8226,.T.);
#6889=EDGE_CURVE('',#8227,#8225,#8228,.T.);
#6890=EDGE_CURVE('',#8227,#8229,#8230,.T.);
#6891=EDGE_CURVE('',#8208,#8229,#8231,.T.);
#6892=EDGE_CURVE('',#8232,#8208,#8233,.T.);
#6893=EDGE_CURVE('',#8232,#8234,#8235,.T.);
#6894=EDGE_CURVE('',#8209,#8234,#8236,.T.);
#6895=EDGE_CURVE('',#8237,#8238,#8239,.T.);
#6896=EDGE_CURVE('',#8240,#8238,#8241,.T.);
#6897=EDGE_CURVE('',#8242,#8240,#8243,.T.);
#6898=EDGE_CURVE('',#8242,#8244,#8245,.T.);
#6899=EDGE_CURVE('',#8246,#8244,#8247,.T.);
#6900=EDGE_CURVE('',#8248,#8246,#8249,.T.);
#6901=EDGE_CURVE('',#8248,#8250,#8251,.T.);
#6902=EDGE_CURVE('',#8252,#8250,#8253,.T.);
#6903=EDGE_CURVE('',#8254,#8252,#8255,.T.);
#6904=EDGE_CURVE('',#8254,#8256,#8257,.T.);
#6905=EDGE_CURVE('',#8256,#8258,#8259,.T.);
#6906=EDGE_CURVE('',#8258,#8260,#8261,.T.);
#6907=EDGE_CURVE('',#8260,#8262,#8263,.T.);
#6908=EDGE_CURVE('',#8262,#8264,#8265,.T.);
#6909=EDGE_CURVE('',#8266,#8264,#8267,.T.);
#6910=EDGE_CURVE('',#8268,#8266,#8269,.T.);
#6911=EDGE_CURVE('',#8268,#8219,#8270,.T.);
#6912=EDGE_CURVE('',#8271,#8217,#8272,.T.);
#6913=EDGE_CURVE('',#8273,#8271,#8274,.T.);
#6914=EDGE_CURVE('',#8211,#8273,#8275,.T.);
#6915=EDGE_CURVE('',#8234,#8237,#8276,.T.);
#6916=EDGE_CURVE('',#8238,#8277,#8278,.T.);
#6917=EDGE_CURVE('',#8237,#8279,#8280,.T.);
#6918=EDGE_CURVE('',#8277,#8279,#8281,.T.);
#6919=EDGE_CURVE('',#8277,#8282,#8283,.T.);
#6920=EDGE_CURVE('',#8282,#8284,#8285,.T.);
#6921=EDGE_CURVE('',#8284,#8286,#8287,.T.);
#6922=EDGE_CURVE('',#8286,#8288,#8289,.T.);
#6923=EDGE_CURVE('',#8288,#8290,#8291,.T.);
#6924=EDGE_CURVE('',#8248,#8290,#8292,.T.);
#6925=EDGE_CURVE('',#8246,#8293,#8294,.T.);
#6926=EDGE_CURVE('',#8293,#8295,#8296,.T.);
#6927=EDGE_CURVE('',#8295,#8240,#8297,.T.);
#6928=EDGE_CURVE('',#8242,#8298,#8299,.T.);
#6929=EDGE_CURVE('',#8298,#8295,#8300,.T.);
#6930=EDGE_CURVE('',#8273,#8301,#8302,.T.);
#6931=EDGE_CURVE('',#8213,#8301,#8303,.T.);
#6932=EDGE_CURVE('',#8298,#8304,#8305,.T.);
#6933=EDGE_CURVE('',#8244,#8304,#8306,.T.);
#6934=EDGE_CURVE('',#8293,#8304,#8307,.T.);
#6935=EDGE_CURVE('',#8308,#8301,#8309,.T.);
#6936=EDGE_CURVE('',#8308,#8215,#8310,.T.);
#6937=EDGE_CURVE('',#8271,#8308,#8311,.T.);
#6938=EDGE_CURVE('',#8290,#8312,#8313,.T.);
#6939=EDGE_CURVE('',#8312,#8250,#8314,.T.);
#6940=EDGE_CURVE('',#8315,#8316,#8317,.T.);
#6941=EDGE_CURVE('',#8315,#8268,#8318,.T.);
#6942=EDGE_CURVE('',#8266,#8316,#8319,.T.);
#6943=EDGE_CURVE('',#8320,#8312,#8321,.T.);
#6944=EDGE_CURVE('',#8252,#8320,#8322,.T.);
#6945=EDGE_CURVE('',#8279,#8232,#8323,.T.);
#6946=EDGE_CURVE('',#8324,#8229,#8325,.T.);
#6947=EDGE_CURVE('',#8324,#8326,#8327,.T.);
#6948=EDGE_CURVE('',#8223,#8326,#8328,.T.);
#6949=EDGE_CURVE('',#8315,#8221,#8329,.T.);
#6950=EDGE_CURVE('',#8316,#8330,#8331,.T.);
#6951=EDGE_CURVE('',#8332,#8330,#8333,.T.);
#6952=EDGE_CURVE('',#8334,#8332,#8335,.T.);
#6953=EDGE_CURVE('',#8336,#8334,#8337,.T.);
#6954=EDGE_CURVE('',#8338,#8336,#8339,.T.);
#6955=EDGE_CURVE('',#8340,#8338,#8341,.T.);
#6956=EDGE_CURVE('',#8340,#8320,#8342,.T.);
#6957=EDGE_CURVE('',#8343,#8288,#8344,.T.);
#6958=EDGE_CURVE('',#8345,#8343,#8346,.T.);
#6959=EDGE_CURVE('',#8282,#8345,#8347,.T.);
#6960=EDGE_CURVE('',#8324,#8348,#8349,.T.);
#6961=EDGE_CURVE('',#8348,#8227,#8350,.T.);
#6962=EDGE_CURVE('',#8345,#8351,#8352,.T.);
#6963=EDGE_CURVE('',#8284,#8351,#8353,.T.);
#6964=EDGE_CURVE('',#8348,#8354,#8355,.T.);
#6965=EDGE_CURVE('',#8326,#8354,#8356,.T.);
#6966=EDGE_CURVE('',#8225,#8354,#8357,.T.);
#6967=EDGE_CURVE('',#8358,#8351,#8359,.T.);
#6968=EDGE_CURVE('',#8358,#8286,#8360,.T.);
#6969=EDGE_CURVE('',#8343,#8358,#8361,.T.);
#6970=EDGE_CURVE('',#8340,#8254,#8362,.T.);
#6971=EDGE_CURVE('',#8338,#8256,#8363,.T.);
#6972=EDGE_CURVE('',#8336,#8258,#8364,.T.);
#6973=EDGE_CURVE('',#8334,#8260,#8365,.T.);
#6974=EDGE_CURVE('',#8332,#8262,#8366,.T.);
#6975=EDGE_CURVE('',#8330,#8264,#8367,.T.);
#6976=VERTEX_POINT('',#8368);
#6977=VERTEX_POINT('',#8369);
#6978=LINE('',#8370,#8371);
#6979=VERTEX_POINT('',#8372);
#6980=LINE('',#8373,#8374);
#6981=VERTEX_POINT('',#8375);
#6982=LINE('',#8376,#8377);
#6983=LINE('',#8378,#8379);
#6984=VERTEX_POINT('',#8380);
#6985=VERTEX_POINT('',#8381);
#6986=LINE('',#8382,#8383);
#6987=LINE('',#8384,#8385);
#6988=LINE('',#8386,#8387);
#6989=VERTEX_POINT('',#8388);
#6990=VERTEX_POINT('',#8389);
#6991=LINE('',#8390,#8391);
#6992=VERTEX_POINT('',#8392);
#6993=LINE('',#8393,#8394);
#6994=VERTEX_POINT('',#8395);
#6995=LINE('',#8396,#8397);
#6996=LINE('',#8398,#8399);
#6997=VERTEX_POINT('',#8400);
#6998=VERTEX_POINT('',#8401);
#6999=LINE('',#8402,#8403);
#7000=VERTEX_POINT('',#8404);
#7001=LINE('',#8405,#8406);
#7002=VERTEX_POINT('',#8407);
#7003=LINE('',#8408,#8409);
#7004=LINE('',#8410,#8411);
#7005=VERTEX_POINT('',#8412);
#7006=VERTEX_POINT('',#8413);
#7007=LINE('',#8414,#8415);
#7008=VERTEX_POINT('',#8416);
#7009=LINE('',#8417,#8418);
#7010=VERTEX_POINT('',#8419);
#7011=LINE('',#8420,#8421);
#7012=LINE('',#8422,#8423);
#7013=VERTEX_POINT('',#8424);
#7014=VERTEX_POINT('',#8425);
#7015=LINE('',#8426,#8427);
#7016=VERTEX_POINT('',#8428);
#7017=LINE('',#8429,#8430);
#7018=VERTEX_POINT('',#8431);
#7019=LINE('',#8432,#8433);
#7020=LINE('',#8434,#8435);
#7021=VERTEX_POINT('',#8436);
#7022=VERTEX_POINT('',#8437);
#7023=LINE('',#8438,#8439);
#7024=LINE('',#8440,#8441);
#7025=LINE('',#8442,#8443);
#7026=VERTEX_POINT('',#8444);
#7027=VERTEX_POINT('',#8445);
#7028=LINE('',#8446,#8447);
#7029=LINE('',#8448,#8449);
#7030=VERTEX_POINT('',#8450);
#7031=LINE('',#8451,#8452);
#7032=VERTEX_POINT('',#8453);
#7033=LINE('',#8454,#8455);
#7034=VERTEX_POINT('',#8456);
#7035=LINE('',#8457,#8458);
#7036=VERTEX_POINT('',#8459);
#7037=LINE('',#8460,#8461);
#7038=LINE('',#8462,#8463);
#7039=VERTEX_POINT('',#8464);
#7040=VERTEX_POINT('',#8465);
#7041=LINE('',#8466,#8467);
#7042=VERTEX_POINT('',#8468);
#7043=LINE('',#8469,#8470);
#7044=VERTEX_POINT('',#8471);
#7045=LINE('',#8472,#8473);
#7046=LINE('',#8474,#8475);
#7047=VERTEX_POINT('',#8476);
#7048=LINE('',#8477,#8478);
#7049=VERTEX_POINT('',#8479);
#7050=LINE('',#8480,#8481);
#7051=VERTEX_POINT('',#8482);
#7052=LINE('',#8483,#8484);
#7053=VERTEX_POINT('',#8485);
#7054=LINE('',#8486,#8487);
#7055=VERTEX_POINT('',#8488);
#7056=LINE('',#8489,#8490);
#7057=VERTEX_POINT('',#8491);
#7058=LINE('',#8492,#8493);
#7059=LINE('',#8494,#8495);
#7060=VERTEX_POINT('',#8496);
#7061=LINE('',#8497,#8498);
#7062=VERTEX_POINT('',#8499);
#7063=LINE('',#8500,#8501);
#7064=LINE('',#8502,#8503);
#7065=VERTEX_POINT('',#8504);
#7066=VERTEX_POINT('',#8505);
#7067=LINE('',#8506,#8507);
#7068=VERTEX_POINT('',#8508);
#7069=LINE('',#8509,#8510);
#7070=VERTEX_POINT('',#8511);
#7071=LINE('',#8512,#8513);
#7072=VERTEX_POINT('',#8514);
#7073=LINE('',#8515,#8516);
#7074=VERTEX_POINT('',#8517);
#7075=LINE('',#8518,#8519);
#7076=VERTEX_POINT('',#8520);
#7077=LINE('',#8521,#8522);
#7078=VERTEX_POINT('',#8523);
#7079=LINE('',#8524,#8525);
#7080=VERTEX_POINT('',#8526);
#7081=LINE('',#8527,#8528);
#7082=VERTEX_POINT('',#8529);
#7083=LINE('',#8530,#8531);
#7084=VERTEX_POINT('',#8532);
#7085=LINE('',#8533,#8534);
#7086=VERTEX_POINT('',#8535);
#7087=LINE('',#8536,#8537);
#7088=LINE('',#8538,#8539);
#7089=VERTEX_POINT('',#8540);
#7090=VERTEX_POINT('',#8541);
#7091=LINE('',#8542,#8543);
#7092=VERTEX_POINT('',#8544);
#7093=LINE('',#8545,#8546);
#7094=VERTEX_POINT('',#8547);
#7095=LINE('',#8548,#8549);
#7096=VERTEX_POINT('',#8550);
#7097=LINE('',#8551,#8552);
#7098=VERTEX_POINT('',#8553);
#7099=LINE('',#8554,#8555);
#7100=VERTEX_POINT('',#8556);
#7101=LINE('',#8557,#8558);
#7102=VERTEX_POINT('',#8559);
#7103=LINE('',#8560,#8561);
#7104=VERTEX_POINT('',#8562);
#7105=LINE('',#8563,#8564);
#7106=VERTEX_POINT('',#8565);
#7107=LINE('',#8566,#8567);
#7108=VERTEX_POINT('',#8568);
#7109=LINE('',#8569,#8570);
#7110=VERTEX_POINT('',#8571);
#7111=LINE('',#8572,#8573);
#7112=LINE('',#8574,#8575);
#7113=VERTEX_POINT('',#8576);
#7114=VERTEX_POINT('',#8577);
#7115=LINE('',#8578,#8579);
#7116=VERTEX_POINT('',#8580);
#7117=LINE('',#8581,#8582);
#7118=VERTEX_POINT('',#8583);
#7119=LINE('',#8584,#8585);
#7120=VERTEX_POINT('',#8586);
#7121=LINE('',#8587,#8588);
#7122=VERTEX_POINT('',#8589);
#7123=LINE('',#8590,#8591);
#7124=VERTEX_POINT('',#8592);
#7125=LINE('',#8593,#8594);
#7126=VERTEX_POINT('',#8595);
#7127=LINE('',#8596,#8597);
#7128=VERTEX_POINT('',#8598);
#7129=LINE('',#8599,#8600);
#7130=VERTEX_POINT('',#8601);
#7131=LINE('',#8602,#8603);
#7132=VERTEX_POINT('',#8604);
#7133=LINE('',#8605,#8606);
#7134=VERTEX_POINT('',#8607);
#7135=LINE('',#8608,#8609);
#7136=LINE('',#8610,#8611);
#7137=VERTEX_POINT('',#8612);
#7138=LINE('',#8613,#8614);
#7139=LINE('',#8615,#8616);
#7140=VERTEX_POINT('',#8617);
#7141=LINE('',#8618,#8619);
#7142=VERTEX_POINT('',#8620);
#7143=LINE('',#8621,#8622);
#7144=LINE('',#8623,#8624);
#7145=VERTEX_POINT('',#8625);
#7146=LINE('',#8626,#8627);
#7147=LINE('',#8628,#8629);
#7148=VERTEX_POINT('',#8630);
#7149=LINE('',#8631,#8632);
#7150=LINE('',#8633,#8634);
#7151=VERTEX_POINT('',#8635);
#7152=LINE('',#8636,#8637);
#7153=LINE('',#8638,#8639);
#7154=LINE('',#8640,#8641);
#7155=LINE('',#8642,#8643);
#7156=VERTEX_POINT('',#8644);
#7157=LINE('',#8645,#8646);
#7158=LINE('',#8647,#8648);
#7159=VERTEX_POINT('',#8649);
#7160=LINE('',#8650,#8651);
#7161=LINE('',#8652,#8653);
#7162=VERTEX_POINT('',#8654);
#7163=LINE('',#8655,#8656);
#7164=VERTEX_POINT('',#8657);
#7165=LINE('',#8658,#8659);
#7166=LINE('',#8660,#8661);
#7167=VERTEX_POINT('',#8662);
#7168=LINE('',#8663,#8664);
#7169=LINE('',#8665,#8666);
#7170=VERTEX_POINT('',#8667);
#7171=LINE('',#8668,#8669);
#7172=LINE('',#8670,#8671);
#7173=VERTEX_POINT('',#8672);
#7174=LINE('',#8673,#8674);
#7175=LINE('',#8675,#8676);
#7176=VERTEX_POINT('',#8677);
#7177=LINE('',#8678,#8679);
#7178=LINE('',#8680,#8681);
#7179=LINE('',#8682,#8683);
#7180=LINE('',#8684,#8685);
#7181=VERTEX_POINT('',#8686);
#7182=VERTEX_POINT('',#8687);
#7183=LINE('',#8688,#8689);
#7184=VERTEX_POINT('',#8690);
#7185=LINE('',#8691,#8692);
#7186=VERTEX_POINT('',#8693);
#7187=LINE('',#8694,#8695);
#7188=LINE('',#8696,#8697);
#7189=VERTEX_POINT('',#8698);
#7190=VERTEX_POINT('',#8699);
#7191=LINE('',#8700,#8701);
#7192=VERTEX_POINT('',#8702);
#7193=LINE('',#8703,#8704);
#7194=VERTEX_POINT('',#8705);
#7195=LINE('',#8706,#8707);
#7196=LINE('',#8708,#8709);
#7197=VERTEX_POINT('',#8710);
#7198=LINE('',#8711,#8712);
#7199=VERTEX_POINT('',#8713);
#7200=LINE('',#8714,#8715);
#7201=LINE('',#8716,#8717);
#7202=LINE('',#8718,#8719);
#7203=LINE('',#8720,#8721);
#7204=LINE('',#8722,#8723);
#7205=LINE('',#8724,#8725);
#7206=LINE('',#8726,#8727);
#7207=LINE('',#8728,#8729);
#7208=LINE('',#8730,#8731);
#7209=LINE('',#8732,#8733);
#7210=VERTEX_POINT('',#8734);
#7211=LINE('',#8735,#8736);
#7212=VERTEX_POINT('',#8737);
#7213=LINE('',#8738,#8739);
#7214=LINE('',#8740,#8741);
#7215=LINE('',#8742,#8743);
#7216=LINE('',#8744,#8745);
#7217=LINE('',#8746,#8747);
#7218=LINE('',#8748,#8749);
#7219=LINE('',#8750,#8751);
#7220=LINE('',#8752,#8753);
#7221=LINE('',#8754,#8755);
#7222=LINE('',#8756,#8757);
#7223=LINE('',#8758,#8759);
#7224=VERTEX_POINT('',#8760);
#7225=LINE('',#8761,#8762);
#7226=VERTEX_POINT('',#8763);
#7227=LINE('',#8764,#8765);
#7228=LINE('',#8766,#8767);
#7229=VERTEX_POINT('',#8768);
#7230=LINE('',#8769,#8770);
#7231=LINE('',#8771,#8772);
#7232=VERTEX_POINT('',#8773);
#7233=LINE('',#8774,#8775);
#7234=VERTEX_POINT('',#8776);
#7235=LINE('',#8777,#8778);
#7236=LINE('',#8779,#8780);
#7237=VERTEX_POINT('',#8781);
#7238=LINE('',#8782,#8783);
#7239=LINE('',#8784,#8785);
#7240=VERTEX_POINT('',#8786);
#7241=LINE('',#8787,#8788);
#7242=VERTEX_POINT('',#8789);
#7243=LINE('',#8790,#8791);
#7244=LINE('',#8792,#8793);
#7245=VERTEX_POINT('',#8794);
#7246=LINE('',#8795,#8796);
#7247=LINE('',#8797,#8798);
#7248=VERTEX_POINT('',#8799);
#7249=LINE('',#8800,#8801);
#7250=VERTEX_POINT('',#8802);
#7251=LINE('',#8803,#8804);
#7252=LINE('',#8805,#8806);
#7253=LINE('',#8807,#8808);
#7254=LINE('',#8809,#8810);
#7255=LINE('',#8811,#8812);
#7256=VERTEX_POINT('',#8813);
#7257=VERTEX_POINT('',#8814);
#7258=LINE('',#8815,#8816);
#7259=VERTEX_POINT('',#8817);
#7260=LINE('',#8818,#8819);
#7261=VERTEX_POINT('',#8820);
#7262=LINE('',#8821,#8822);
#7263=LINE('',#8823,#8824);
#7264=VERTEX_POINT('',#8825);
#7265=VERTEX_POINT('',#8826);
#7266=LINE('',#8827,#8828);
#7267=VERTEX_POINT('',#8829);
#7268=LINE('',#8830,#8831);
#7269=VERTEX_POINT('',#8832);
#7270=LINE('',#8833,#8834);
#7271=LINE('',#8835,#8836);
#7272=VERTEX_POINT('',#8837);
#7273=LINE('',#8838,#8839);
#7274=LINE('',#8840,#8841);
#7275=LINE('',#8842,#8843);
#7276=LINE('',#8844,#8845);
#7277=LINE('',#8846,#8847);
#7278=LINE('',#8848,#8849);
#7279=LINE('',#8850,#8851);
#7280=LINE('',#8852,#8853);
#7281=LINE('',#8854,#8855);
#7282=LINE('',#8856,#8857);
#7283=LINE('',#8858,#8859);
#7284=LINE('',#8860,#8861);
#7285=LINE('',#8862,#8863);
#7286=LINE('',#8864,#8865);
#7287=LINE('',#8866,#8867);
#7288=VERTEX_POINT('',#8868);
#7289=LINE('',#8869,#8870);
#7290=VERTEX_POINT('',#8871);
#7291=LINE('',#8872,#8873);
#7292=LINE('',#8874,#8875);
#7293=VERTEX_POINT('',#8876);
#7294=LINE('',#8877,#8878);
#7295=LINE('',#8879,#8880);
#7296=VERTEX_POINT('',#8881);
#7297=LINE('',#8882,#8883);
#7298=LINE('',#8884,#8885);
#7299=LINE('',#8886,#8887);
#7300=LINE('',#8888,#8889);
#7301=LINE('',#8890,#8891);
#7302=LINE('',#8892,#8893);
#7303=LINE('',#8894,#8895);
#7304=DIRECTION('',(0.0,0.0,1.0));
#7305=DIRECTION('',(0.0,-1.0,0.0));
#7306=DIRECTION('',(0.0,0.0,1.0));
#7307=DIRECTION('',(0.0,-1.0,0.0));
#7308=CARTESIAN_POINT('',(1.717,-4.245025,0.31));
#7309=DIRECTION('',(-0.0,0.0,-1.0));
#7310=DIRECTION('',(-0.694017998941232,-0.719957649550033,0.0));
#7311=DIRECTION('',(0.0,0.0,1.0));
#7312=CARTESIAN_POINT('',(1.717,-4.245025,-0.33));
#7313=DIRECTION('',(0.0,0.0,1.0));
#7314=DIRECTION('',(-1.0,0.0,0.0));
#7315=CARTESIAN_POINT('',(1.573,-4.310391911765,-0.33));
#7316=DIRECTION('',(-0.0,0.0,-1.0));
#7317=DIRECTION('',(-0.694017998941232,-0.719957649550033,0.0));
#7318=DIRECTION('',(0.0,-1.0,0.0));
#7319=DIRECTION('',(1.0,0.0,0.0));
#7320=DIRECTION('',(-0.719957649550033,0.694017998941232,0.0));
#7321=CARTESIAN_POINT('',(1.4,-4.981174264706,-0.33));
#7322=DIRECTION('',(0.0,0.0,-1.0));
#7323=DIRECTION('',(0.694017998941232,0.719957649550033,0.0));
#7324=DIRECTION('',(0.0,-1.0,0.0));
#7325=CARTESIAN_POINT('',(2.15,-5.896446609407,-0.33));
#7326=DIRECTION('',(0.0,0.0,1.0));
#7327=DIRECTION('',(-1.0,0.0,0.0));
#7328=DIRECTION('',(0.707106781186547,-0.707106781186547,-0.0));
#7329=CARTESIAN_POINT('',(2.0,-6.8071067811865,-0.33));
#7330=DIRECTION('',(0.0,0.0,-1.0));
#7331=DIRECTION('',(0.707106781186548,0.707106781186548,0.0));
#7332=DIRECTION('',(0.0,-1.0,0.0));
#7333=DIRECTION('',(1.0,0.0,0.0));
#7334=DIRECTION('',(0.0,1.0,0.0));
#7335=CARTESIAN_POINT('',(1.85,-6.8692388155425,-0.33));
#7336=DIRECTION('',(0.0,0.0,1.0));
#7337=DIRECTION('',(1.0,0.0,0.0));
#7338=DIRECTION('',(-0.707106781186547,0.707106781186547,0.0));
#7339=CARTESIAN_POINT('',(2.0,-5.958578643763,-0.33));
#7340=DIRECTION('',(-0.0,0.0,-1.0));
#7341=DIRECTION('',(-0.707106781186548,-0.707106781186548,0.0));
#7342=DIRECTION('',(0.0,1.0,0.0));
#7343=CARTESIAN_POINT('',(1.25,-5.040757352941,-0.33));
#7344=DIRECTION('',(0.0,0.0,1.0));
#7345=DIRECTION('',(1.0,0.0,0.0));
#7346=DIRECTION('',(-0.719957649550033,0.694017998941232,0.0));
#7347=DIRECTION('',(0.0,0.0,-1.0));
#7348=CARTESIAN_POINT('',(1.573,-4.310391911765,0.31));
#7349=DIRECTION('',(0.0,0.0,1.0));
#7350=DIRECTION('',(-1.0,0.0,0.0));
#7351=DIRECTION('',(0.0,0.0,-1.0));
#7352=DIRECTION('',(0.0,-1.0,0.0));
#7353=DIRECTION('',(0.0,0.0,1.0));
#7354=DIRECTION('',(-0.719957649550033,0.694017998941232,0.0));
#7355=CARTESIAN_POINT('',(1.25,-5.040757352941,0.31));
#7356=DIRECTION('',(0.0,0.0,-1.0));
#7357=DIRECTION('',(0.694017998941232,0.719957649550033,0.0));
#7358=DIRECTION('',(0.0,1.0,0.0));
#7359=CARTESIAN_POINT('',(2.0,-5.958578643763,0.31));
#7360=DIRECTION('',(0.0,0.0,1.0));
#7361=DIRECTION('',(-1.0,0.0,0.0));
#7362=DIRECTION('',(-0.707106781186547,0.707106781186547,0.0));
#7363=CARTESIAN_POINT('',(1.85,-6.8692388155425,0.31));
#7364=DIRECTION('',(0.0,0.0,-1.0));
#7365=DIRECTION('',(0.707106781186548,0.707106781186548,0.0));
#7366=DIRECTION('',(0.0,1.0,0.0));
#7367=DIRECTION('',(-1.0,0.0,0.0));
#7368=DIRECTION('',(0.0,-1.0,0.0));
#7369=CARTESIAN_POINT('',(2.0,-6.8071067811865,0.31));
#7370=DIRECTION('',(0.0,0.0,1.0));
#7371=DIRECTION('',(1.0,0.0,0.0));
#7372=DIRECTION('',(0.707106781186547,-0.707106781186547,-0.0));
#7373=CARTESIAN_POINT('',(2.15,-5.896446609407,0.31));
#7374=DIRECTION('',(-0.0,0.0,-1.0));
#7375=DIRECTION('',(-0.707106781186548,-0.707106781186548,0.0));
#7376=DIRECTION('',(0.0,-1.0,0.0));
#7377=CARTESIAN_POINT('',(1.4,-4.981174264706,0.31));
#7378=DIRECTION('',(0.0,0.0,1.0));
#7379=DIRECTION('',(1.0,0.0,0.0));
#7380=DIRECTION('',(-0.719957649550033,0.694017998941232,0.0));
#7381=DIRECTION('',(1.0,0.0,0.0));
#7382=DIRECTION('',(0.0,0.0,1.0));
#7383=DIRECTION('',(0.0,0.0,1.0));
#7384=DIRECTION('',(0.0,0.0,-1.0));
#7385=DIRECTION('',(0.0,0.0,-1.0));
#7386=DIRECTION('',(0.0,0.0,1.0));
#7387=DIRECTION('',(0.0,0.0,1.0));
#7388=CARTESIAN_POINT('',(2.5,-7.25,0.11));
#7389=DIRECTION('',(1.0,0.0,-0.0));
#7390=DIRECTION('',(0.0,0.0,1.0));
#7391=DIRECTION('',(0.0,0.0,-1.0));
#7392=CARTESIAN_POINT('',(2.5,-7.25,-0.13));
#7393=DIRECTION('',(1.0,0.0,0.0));
#7394=DIRECTION('',(0.0,-1.0,0.0));
#7395=DIRECTION('',(1.0,0.0,0.0));
#7396=CARTESIAN_POINT('',(2.1,-7.25,-0.13));
#7397=DIRECTION('',(-1.0,0.0,0.0));
#7398=DIRECTION('',(0.0,0.0,-1.0));
#7399=CARTESIAN_POINT('',(2.1,-7.25,0.11));
#7400=DIRECTION('',(-1.0,0.0,0.0));
#7401=DIRECTION('',(0.0,-1.0,0.0));
#7402=DIRECTION('',(0.0,0.0,-1.0));
#7403=DIRECTION('',(0.0,0.0,-1.0));
#7404=DIRECTION('',(-1.0,0.0,0.0));
#7405=DIRECTION('',(0.0,0.0,-1.0));
#7406=DIRECTION('',(0.0,0.0,1.0));
#7407=DIRECTION('',(0.0,0.0,1.0));
#7408=DIRECTION('',(0.0,0.0,-1.0));
#7409=DIRECTION('',(0.0,0.0,-1.0));
#7410=VERTEX_POINT('',#8896);
#7411=VERTEX_POINT('',#8897);
#7412=LINE('',#8898,#8899);
#7413=VERTEX_POINT('',#8900);
#7414=LINE('',#8901,#8902);
#7415=VERTEX_POINT('',#8903);
#7416=CIRCLE('',#8904,0.1);
#7417=VERTEX_POINT('',#8905);
#7418=CIRCLE('',#8906,0.2);
#7419=VERTEX_POINT('',#8907);
#7420=CIRCLE('',#8908,0.1);
#7421=VERTEX_POINT('',#8909);
#7422=LINE('',#8910,#8911);
#7423=VERTEX_POINT('',#8912);
#7424=LINE('',#8913,#8914);
#7425=VERTEX_POINT('',#8915);
#7426=LINE('',#8916,#8917);
#7427=VERTEX_POINT('',#8918);
#7428=CIRCLE('',#8919,0.1);
#7429=VERTEX_POINT('',#8920);
#7430=CIRCLE('',#8921,0.2);
#7431=VERTEX_POINT('',#8922);
#7432=CIRCLE('',#8923,0.1);
#7433=LINE('',#8924,#8925);
#7434=VERTEX_POINT('',#8926);
#7435=B_SPLINE_CURVE_WITH_KNOTS('',3,(#8927,#8928,#8929,#8930,#8931,#8932,#8933,#8934,#8935,#8936,#8937,#8938,#8939),.UNSPECIFIED.,.F.,.F.,(4,3,3,3,4),(5.91134022681504E-12,0.244471993383528,0.500100108398088,0.755728223412648,1.0),.UNSPECIFIED.);
#7436=VERTEX_POINT('',#8940);
#7437=B_SPLINE_CURVE_WITH_KNOTS('',3,(#8941,#8942,#8943,#8944,#8945,#8946,#8947,#8948,#8949,#8950,#8951,#8952,#8953),.UNSPECIFIED.,.F.,.F.,(4,3,3,3,4),(0.0,0.244271776587351,0.499899891601911,0.75552800661647,1.00000000000591),.UNSPECIFIED.);
#7438=LINE('',#8954,#8955);
#7439=VERTEX_POINT('',#8956);
#7440=VERTEX_POINT('',#8957);
#7441=LINE('',#8958,#8959);
#7442=VERTEX_POINT('',#8960);
#7443=LINE('',#8961,#8962);
#7444=VERTEX_POINT('',#8963);
#7445=LINE('',#8964,#8965);
#7446=VERTEX_POINT('',#8966);
#7447=LINE('',#8967,#8968);
#7448=VERTEX_POINT('',#8969);
#7449=CIRCLE('',#8970,2.0);
#7450=VERTEX_POINT('',#8971);
#7451=CIRCLE('',#8972,0.3);
#7452=VERTEX_POINT('',#8973);
#7453=LINE('',#8974,#8975);
#7454=VERTEX_POINT('',#8976);
#7455=CIRCLE('',#8977,0.375);
#7456=VERTEX_POINT('',#8978);
#7457=LINE('',#8979,#8980);
#7458=VERTEX_POINT('',#8981);
#7459=CIRCLE('',#8982,0.3);
#7460=VERTEX_POINT('',#8983);
#7461=CIRCLE('',#8984,2.0);
#7462=VERTEX_POINT('',#8985);
#7463=LINE('',#8986,#8987);
#7464=LINE('',#8988,#8989);
#7465=VERTEX_POINT('',#8990);
#7466=LINE('',#8991,#8992);
#7467=VERTEX_POINT('',#8993);
#7468=LINE('',#8994,#8995);
#7469=LINE('',#8996,#8997);
#7470=VERTEX_POINT('',#8998);
#7471=LINE('',#8999,#9000);
#7472=VERTEX_POINT('',#9001);
#7473=B_SPLINE_CURVE_WITH_KNOTS('',3,(#9002,#9003,#9004,#9005,#9006,#9007,#9008,#9009,#9010,#9011,#9012,#9013,#9014),.UNSPECIFIED.,.F.,.F.,(4,3,3,3,4),(0.0,0.244271776587304,0.499899891601879,0.755528006616455,1.00000000000591),.UNSPECIFIED.);
#7474=VERTEX_POINT('',#9015);
#7475=LINE('',#9016,#9017);
#7476=VERTEX_POINT('',#9018);
#7477=LINE('',#9019,#9020);
#7478=LINE('',#9021,#9022);
#7479=VERTEX_POINT('',#9023);
#7480=CIRCLE('',#9024,0.1);
#7481=VERTEX_POINT('',#9025);
#7482=LINE('',#9026,#9027);
#7483=CIRCLE('',#9028,0.1);
#7484=VERTEX_POINT('',#9029);
#7485=CIRCLE('',#9030,0.1);
#7486=LINE('',#9031,#9032);
#7487=VERTEX_POINT('',#9033);
#7488=CIRCLE('',#9034,0.1);
#7489=CIRCLE('',#9035,0.2);
#7490=VERTEX_POINT('',#9036);
#7491=LINE('',#9037,#9038);
#7492=CIRCLE('',#9039,0.2);
#7493=VERTEX_POINT('',#9040);
#7494=CIRCLE('',#9041,0.2);
#7495=LINE('',#9042,#9043);
#7496=VERTEX_POINT('',#9044);
#7497=LINE('',#9045,#9046);
#7498=VERTEX_POINT('',#9047);
#7499=LINE('',#9048,#9049);
#7500=VERTEX_POINT('',#9050);
#7501=CIRCLE('',#9051,0.1);
#7502=VERTEX_POINT('',#9052);
#7503=CIRCLE('',#9053,0.2);
#7504=VERTEX_POINT('',#9054);
#7505=CIRCLE('',#9055,0.1);
#7506=VERTEX_POINT('',#9056);
#7507=LINE('',#9057,#9058);
#7508=LINE('',#9059,#9060);
#7509=CIRCLE('',#9061,0.1);
#7510=VERTEX_POINT('',#9062);
#7511=B_SPLINE_CURVE_WITH_KNOTS('',3,(#9063,#9064,#9065,#9066,#9067,#9068,#9069,#9070,#9071,#9072,#9073,#9074,#9075),.UNSPECIFIED.,.F.,.F.,(4,3,3,3,4),(5.91133905028894E-12,0.244471993383543,0.500100108398119,0.755728223412696,1.0),.UNSPECIFIED.);
#7512=LINE('',#9076,#9077);
#7513=VERTEX_POINT('',#9078);
#7514=LINE('',#9079,#9080);
#7515=LINE('',#9081,#9082);
#7516=VERTEX_POINT('',#9083);
#7517=LINE('',#9084,#9085);
#7518=VERTEX_POINT('',#9086);
#7519=LINE('',#9087,#9088);
#7520=LINE('',#9089,#9090);
#7521=VERTEX_POINT('',#9091);
#7522=LINE('',#9092,#9093);
#7523=VERTEX_POINT('',#9094);
#7524=LINE('',#9095,#9096);
#7525=VERTEX_POINT('',#9097);
#7526=CIRCLE('',#9098,2.0);
#7527=VERTEX_POINT('',#9099);
#7528=CIRCLE('',#9100,0.3);
#7529=VERTEX_POINT('',#9101);
#7530=LINE('',#9102,#9103);
#7531=VERTEX_POINT('',#9104);
#7532=CIRCLE('',#9105,0.375);
#7533=VERTEX_POINT('',#9106);
#7534=LINE('',#9107,#9108);
#7535=VERTEX_POINT('',#9109);
#7536=CIRCLE('',#9110,0.3);
#7537=VERTEX_POINT('',#9111);
#7538=CIRCLE('',#9112,2.0);
#7539=VERTEX_POINT('',#9113);
#7540=LINE('',#9114,#9115);
#7541=LINE('',#9116,#9117);
#7542=VERTEX_POINT('',#9118);
#7543=LINE('',#9119,#9120);
#7544=LINE('',#9121,#9122);
#7545=VERTEX_POINT('',#9123);
#7546=CIRCLE('',#9124,0.1);
#7547=LINE('',#9125,#9126);
#7548=VERTEX_POINT('',#9127);
#7549=CIRCLE('',#9128,0.1);
#7550=LINE('',#9129,#9130);
#7551=VERTEX_POINT('',#9131);
#7552=CIRCLE('',#9132,0.2);
#7553=CIRCLE('',#9133,0.1);
#7554=LINE('',#9134,#9135);
#7555=VERTEX_POINT('',#9136);
#7556=CIRCLE('',#9137,0.1);
#7557=LINE('',#9138,#9139);
#7558=CIRCLE('',#9140,0.2);
#7559=LINE('',#9141,#9142);
#7560=LINE('',#9143,#9144);
#7561=LINE('',#9145,#9146);
#7562=LINE('',#9147,#9148);
#7563=LINE('',#9149,#9150);
#7564=LINE('',#9151,#9152);
#7565=LINE('',#9153,#9154);
#7566=LINE('',#9155,#9156);
#7567=LINE('',#9157,#9158);
#7568=LINE('',#9159,#9160);
#7569=CIRCLE('',#9161,0.1);
#7570=DIRECTION('',(0.0,0.0,1.0));
#7571=DIRECTION('',(0.0,-1.0,0.0));
#7572=DIRECTION('',(0.0,0.0,1.0));
#7573=DIRECTION('',(0.0,-1.0,0.0));
#7574=CARTESIAN_POINT('',(1.717,-4.245025,2.85));
#7575=DIRECTION('',(-0.0,0.0,-1.0));
#7576=DIRECTION('',(-0.694017998941232,-0.719957649550033,0.0));
#7577=DIRECTION('',(0.0,0.0,1.0));
#7578=CARTESIAN_POINT('',(1.717,-4.245025,2.21));
#7579=DIRECTION('',(0.0,0.0,1.0));
#7580=DIRECTION('',(-1.0,0.0,0.0));
#7581=CARTESIAN_POINT('',(1.573,-4.310391911765,2.21));
#7582=DIRECTION('',(-0.0,0.0,-1.0));
#7583=DIRECTION('',(-0.694017998941232,-0.719957649550033,0.0));
#7584=DIRECTION('',(0.0,-1.0,0.0));
#7585=DIRECTION('',(1.0,0.0,0.0));
#7586=DIRECTION('',(-0.719957649550033,0.694017998941232,0.0));
#7587=CARTESIAN_POINT('',(1.4,-4.981174264706,2.21));
#7588=DIRECTION('',(0.0,0.0,-1.0));
#7589=DIRECTION('',(0.694017998941232,0.719957649550033,0.0));
#7590=DIRECTION('',(0.0,-1.0,0.0));
#7591=CARTESIAN_POINT('',(2.15,-5.896446609407,2.21));
#7592=DIRECTION('',(0.0,0.0,1.0));
#7593=DIRECTION('',(-1.0,0.0,0.0));
#7594=DIRECTION('',(0.707106781186547,-0.707106781186547,-0.0));
#7595=CARTESIAN_POINT('',(2.0,-6.8071067811865,2.21));
#7596=DIRECTION('',(0.0,0.0,-1.0));
#7597=DIRECTION('',(0.707106781186548,0.707106781186548,0.0));
#7598=DIRECTION('',(0.0,-1.0,0.0));
#7599=DIRECTION('',(1.0,0.0,0.0));
#7600=DIRECTION('',(0.0,1.0,0.0));
#7601=CARTESIAN_POINT('',(1.85,-6.8692388155425,2.21));
#7602=DIRECTION('',(0.0,0.0,1.0));
#7603=DIRECTION('',(1.0,0.0,0.0));
#7604=DIRECTION('',(-0.707106781186547,0.707106781186547,0.0));
#7605=CARTESIAN_POINT('',(2.0,-5.958578643763,2.21));
#7606=DIRECTION('',(-0.0,0.0,-1.0));
#7607=DIRECTION('',(-0.707106781186548,-0.707106781186548,0.0));
#7608=DIRECTION('',(0.0,1.0,0.0));
#7609=CARTESIAN_POINT('',(1.25,-5.040757352941,2.21));
#7610=DIRECTION('',(0.0,0.0,1.0));
#7611=DIRECTION('',(1.0,0.0,0.0));
#7612=DIRECTION('',(-0.719957649550033,0.694017998941232,0.0));
#7613=DIRECTION('',(0.0,0.0,-1.0));
#7614=CARTESIAN_POINT('',(1.573,-4.310391911765,2.85));
#7615=DIRECTION('',(0.0,0.0,1.0));
#7616=DIRECTION('',(-1.0,0.0,0.0));
#7617=DIRECTION('',(0.0,0.0,-1.0));
#7618=DIRECTION('',(0.0,-1.0,0.0));
#7619=DIRECTION('',(0.0,0.0,1.0));
#7620=DIRECTION('',(-0.719957649550033,0.694017998941232,0.0));
#7621=CARTESIAN_POINT('',(1.25,-5.040757352941,2.85));
#7622=DIRECTION('',(0.0,0.0,-1.0));
#7623=DIRECTION('',(0.694017998941232,0.719957649550033,0.0));
#7624=DIRECTION('',(0.0,1.0,0.0));
#7625=CARTESIAN_POINT('',(2.0,-5.958578643763,2.85));
#7626=DIRECTION('',(0.0,0.0,1.0));
#7627=DIRECTION('',(-1.0,0.0,0.0));
#7628=DIRECTION('',(-0.707106781186547,0.707106781186547,0.0));
#7629=CARTESIAN_POINT('',(1.85,-6.8692388155425,2.85));
#7630=DIRECTION('',(0.0,0.0,-1.0));
#7631=DIRECTION('',(0.707106781186548,0.707106781186548,0.0));
#7632=DIRECTION('',(0.0,1.0,0.0));
#7633=DIRECTION('',(-1.0,0.0,0.0));
#7634=DIRECTION('',(0.0,-1.0,0.0));
#7635=CARTESIAN_POINT('',(2.0,-6.8071067811865,2.85));
#7636=DIRECTION('',(0.0,0.0,1.0));
#7637=DIRECTION('',(1.0,0.0,0.0));
#7638=DIRECTION('',(0.707106781186547,-0.707106781186547,-0.0));
#7639=CARTESIAN_POINT('',(2.15,-5.896446609407,2.85));
#7640=DIRECTION('',(-0.0,0.0,-1.0));
#7641=DIRECTION('',(-0.707106781186548,-0.707106781186548,0.0));
#7642=DIRECTION('',(0.0,-1.0,0.0));
#7643=CARTESIAN_POINT('',(1.4,-4.981174264706,2.85));
#7644=DIRECTION('',(0.0,0.0,1.0));
#7645=DIRECTION('',(1.0,0.0,0.0));
#7646=DIRECTION('',(-0.719957649550033,0.694017998941232,0.0));
#7647=DIRECTION('',(1.0,0.0,0.0));
#7648=DIRECTION('',(0.0,0.0,1.0));
#7649=DIRECTION('',(0.0,0.0,1.0));
#7650=DIRECTION('',(0.0,0.0,-1.0));
#7651=DIRECTION('',(0.0,0.0,-1.0));
#7652=DIRECTION('',(0.0,0.0,1.0));
#7653=DIRECTION('',(0.0,0.0,1.0));
#7654=CARTESIAN_POINT('',(2.5,-7.25,2.65));
#7655=DIRECTION('',(1.0,0.0,-0.0));
#7656=DIRECTION('',(0.0,0.0,1.0));
#7657=DIRECTION('',(0.0,0.0,-1.0));
#7658=CARTESIAN_POINT('',(2.5,-7.25,2.41));
#7659=DIRECTION('',(1.0,0.0,0.0));
#7660=DIRECTION('',(0.0,-1.0,0.0));
#7661=DIRECTION('',(1.0,0.0,0.0));
#7662=CARTESIAN_POINT('',(2.1,-7.25,2.41));
#7663=DIRECTION('',(-1.0,0.0,0.0));
#7664=DIRECTION('',(0.0,0.0,-1.0));
#7665=CARTESIAN_POINT('',(2.1,-7.25,2.65));
#7666=DIRECTION('',(-1.0,0.0,0.0));
#7667=DIRECTION('',(0.0,-1.0,0.0));
#7668=DIRECTION('',(0.0,0.0,-1.0));
#7669=DIRECTION('',(0.0,0.0,-1.0));
#7670=DIRECTION('',(-1.0,0.0,0.0));
#7671=DIRECTION('',(0.0,0.0,-1.0));
#7672=DIRECTION('',(0.0,0.0,1.0));
#7673=DIRECTION('',(0.0,0.0,1.0));
#7674=DIRECTION('',(0.0,0.0,-1.0));
#7675=DIRECTION('',(0.0,0.0,-1.0));
#7676=VERTEX_POINT('',#9162);
#7677=VERTEX_POINT('',#9163);
#7678=LINE('',#9164,#9165);
#7679=VERTEX_POINT('',#9166);
#7680=LINE('',#9167,#9168);
#7681=VERTEX_POINT('',#9169);
#7682=CIRCLE('',#9170,0.1);
#7683=VERTEX_POINT('',#9171);
#7684=CIRCLE('',#9172,0.2);
#7685=VERTEX_POINT('',#9173);
#7686=CIRCLE('',#9174,0.1);
#7687=VERTEX_POINT('',#9175);
#7688=LINE('',#9176,#9177);
#7689=VERTEX_POINT('',#9178);
#7690=LINE('',#9179,#9180);
#7691=VERTEX_POINT('',#9181);
#7692=LINE('',#9182,#9183);
#7693=VERTEX_POINT('',#9184);
#7694=CIRCLE('',#9185,0.1);
#7695=VERTEX_POINT('',#9186);
#7696=CIRCLE('',#9187,0.2);
#7697=VERTEX_POINT('',#9188);
#7698=CIRCLE('',#9189,0.1);
#7699=LINE('',#9190,#9191);
#7700=VERTEX_POINT('',#9192);
#7701=B_SPLINE_CURVE_WITH_KNOTS('',3,(#9193,#9194,#9195,#9196,#9197,#9198,#9199,#9200,#9201,#9202,#9203,#9204,#9205),.UNSPECIFIED.,.F.,.F.,(4,3,3,3,4),(5.91134022681504E-12,0.244471993383528,0.500100108398088,0.755728223412648,1.0),.UNSPECIFIED.);
#7702=VERTEX_POINT('',#9206);
#7703=B_SPLINE_CURVE_WITH_KNOTS('',3,(#9207,#9208,#9209,#9210,#9211,#9212,#9213,#9214,#9215,#9216,#9217,#9218,#9219),.UNSPECIFIED.,.F.,.F.,(4,3,3,3,4),(0.0,0.244271776587351,0.499899891601911,0.75552800661647,1.00000000000591),.UNSPECIFIED.);
#7704=LINE('',#9220,#9221);
#7705=VERTEX_POINT('',#9222);
#7706=VERTEX_POINT('',#9223);
#7707=LINE('',#9224,#9225);
#7708=VERTEX_POINT('',#9226);
#7709=LINE('',#9227,#9228);
#7710=VERTEX_POINT('',#9229);
#7711=LINE('',#9230,#9231);
#7712=VERTEX_POINT('',#9232);
#7713=LINE('',#9233,#9234);
#7714=VERTEX_POINT('',#9235);
#7715=CIRCLE('',#9236,2.0);
#7716=VERTEX_POINT('',#9237);
#7717=CIRCLE('',#9238,0.3);
#7718=VERTEX_POINT('',#9239);
#7719=LINE('',#9240,#9241);
#7720=VERTEX_POINT('',#9242);
#7721=CIRCLE('',#9243,0.375);
#7722=VERTEX_POINT('',#9244);
#7723=LINE('',#9245,#9246);
#7724=VERTEX_POINT('',#9247);
#7725=CIRCLE('',#9248,0.3);
#7726=VERTEX_POINT('',#9249);
#7727=CIRCLE('',#9250,2.0);
#7728=VERTEX_POINT('',#9251);
#7729=LINE('',#9252,#9253);
#7730=LINE('',#9254,#9255);
#7731=VERTEX_POINT('',#9256);
#7732=LINE('',#9257,#9258);
#7733=VERTEX_POINT('',#9259);
#7734=LINE('',#9260,#9261);
#7735=LINE('',#9262,#9263);
#7736=VERTEX_POINT('',#9264);
#7737=LINE('',#9265,#9266);
#7738=VERTEX_POINT('',#9267);
#7739=B_SPLINE_CURVE_WITH_KNOTS('',3,(#9268,#9269,#9270,#9271,#9272,#9273,#9274,#9275,#9276,#9277,#9278,#9279,#9280),.UNSPECIFIED.,.F.,.F.,(4,3,3,3,4),(0.0,0.244271776587304,0.499899891601879,0.755528006616455,1.00000000000591),.UNSPECIFIED.);
#7740=VERTEX_POINT('',#9281);
#7741=LINE('',#9282,#9283);
#7742=VERTEX_POINT('',#9284);
#7743=LINE('',#9285,#9286);
#7744=LINE('',#9287,#9288);
#7745=VERTEX_POINT('',#9289);
#7746=CIRCLE('',#9290,0.1);
#7747=VERTEX_POINT('',#9291);
#7748=LINE('',#9292,#9293);
#7749=CIRCLE('',#9294,0.1);
#7750=VERTEX_POINT('',#9295);
#7751=CIRCLE('',#9296,0.1);
#7752=LINE('',#9297,#9298);
#7753=VERTEX_POINT('',#9299);
#7754=CIRCLE('',#9300,0.1);
#7755=CIRCLE('',#9301,0.2);
#7756=VERTEX_POINT('',#9302);
#7757=LINE('',#9303,#9304);
#7758=CIRCLE('',#9305,0.2);
#7759=VERTEX_POINT('',#9306);
#7760=CIRCLE('',#9307,0.2);
#7761=LINE('',#9308,#9309);
#7762=VERTEX_POINT('',#9310);
#7763=LINE('',#9311,#9312);
#7764=VERTEX_POINT('',#9313);
#7765=LINE('',#9314,#9315);
#7766=VERTEX_POINT('',#9316);
#7767=CIRCLE('',#9317,0.1);
#7768=VERTEX_POINT('',#9318);
#7769=CIRCLE('',#9319,0.2);
#7770=VERTEX_POINT('',#9320);
#7771=CIRCLE('',#9321,0.1);
#7772=VERTEX_POINT('',#9322);
#7773=LINE('',#9323,#9324);
#7774=LINE('',#9325,#9326);
#7775=CIRCLE('',#9327,0.1);
#7776=VERTEX_POINT('',#9328);
#7777=B_SPLINE_CURVE_WITH_KNOTS('',3,(#9329,#9330,#9331,#9332,#9333,#9334,#9335,#9336,#9337,#9338,#9339,#9340,#9341),.UNSPECIFIED.,.F.,.F.,(4,3,3,3,4),(5.91133905028894E-12,0.244471993383543,0.500100108398119,0.755728223412696,1.0),.UNSPECIFIED.);
#7778=LINE('',#9342,#9343);
#7779=VERTEX_POINT('',#9344);
#7780=LINE('',#9345,#9346);
#7781=LINE('',#9347,#9348);
#7782=VERTEX_POINT('',#9349);
#7783=LINE('',#9350,#9351);
#7784=VERTEX_POINT('',#9352);
#7785=LINE('',#9353,#9354);
#7786=LINE('',#9355,#9356);
#7787=VERTEX_POINT('',#9357);
#7788=LINE('',#9358,#9359);
#7789=VERTEX_POINT('',#9360);
#7790=LINE('',#9361,#9362);
#7791=VERTEX_POINT('',#9363);
#7792=CIRCLE('',#9364,2.0);
#7793=VERTEX_POINT('',#9365);
#7794=CIRCLE('',#9366,0.3);
#7795=VERTEX_POINT('',#9367);
#7796=LINE('',#9368,#9369);
#7797=VERTEX_POINT('',#9370);
#7798=CIRCLE('',#9371,0.375);
#7799=VERTEX_POINT('',#9372);
#7800=LINE('',#9373,#9374);
#7801=VERTEX_POINT('',#9375);
#7802=CIRCLE('',#9376,0.3);
#7803=VERTEX_POINT('',#9377);
#7804=CIRCLE('',#9378,2.0);
#7805=VERTEX_POINT('',#9379);
#7806=LINE('',#9380,#9381);
#7807=LINE('',#9382,#9383);
#7808=VERTEX_POINT('',#9384);
#7809=LINE('',#9385,#9386);
#7810=LINE('',#9387,#9388);
#7811=VERTEX_POINT('',#9389);
#7812=CIRCLE('',#9390,0.1);
#7813=LINE('',#9391,#9392);
#7814=VERTEX_POINT('',#9393);
#7815=CIRCLE('',#9394,0.1);
#7816=LINE('',#9395,#9396);
#7817=VERTEX_POINT('',#9397);
#7818=CIRCLE('',#9398,0.2);
#7819=CIRCLE('',#9399,0.1);
#7820=LINE('',#9400,#9401);
#7821=VERTEX_POINT('',#9402);
#7822=CIRCLE('',#9403,0.1);
#7823=LINE('',#9404,#9405);
#7824=CIRCLE('',#9406,0.2);
#7825=LINE('',#9407,#9408);
#7826=LINE('',#9409,#9410);
#7827=LINE('',#9411,#9412);
#7828=LINE('',#9413,#9414);
#7829=LINE('',#9415,#9416);
#7830=LINE('',#9417,#9418);
#7831=LINE('',#9419,#9420);
#7832=LINE('',#9421,#9422);
#7833=LINE('',#9423,#9424);
#7834=LINE('',#9425,#9426);
#7835=CIRCLE('',#9427,0.1);
#7836=DIRECTION('',(0.0,0.0,1.0));
#7837=DIRECTION('',(0.0,-1.0,0.0));
#7838=DIRECTION('',(0.0,0.0,1.0));
#7839=DIRECTION('',(0.0,-1.0,0.0));
#7840=CARTESIAN_POINT('',(-0.825,-4.291056305656,0.31));
#7841=DIRECTION('',(-0.0,0.0,-1.0));
#7842=DIRECTION('',(-0.579482174471325,-0.814984913645636,0.0));
#7843=DIRECTION('',(0.0,0.0,1.0));
#7844=CARTESIAN_POINT('',(-0.825,-4.291056305656,-0.33));
#7845=DIRECTION('',(0.0,0.0,1.0));
#7846=DIRECTION('',(-1.0,0.0,0.0));
#7847=CARTESIAN_POINT('',(-0.965,-4.375563999505,-0.33));
#7848=DIRECTION('',(-0.0,0.0,-1.0));
#7849=DIRECTION('',(-0.579482174471325,-0.814984913645636,0.0));
#7850=DIRECTION('',(0.0,-1.0,0.0));
#7851=DIRECTION('',(1.0,0.0,0.0));
#7852=DIRECTION('',(0.814984913645636,-0.579482174471325,-0.0));
#7853=CARTESIAN_POINT('',(-0.9,-5.157991171669,-0.33));
#7854=DIRECTION('',(0.0,0.0,-1.0));
#7855=DIRECTION('',(0.579482174471325,0.814984913645636,0.0));
#7856=DIRECTION('',(0.0,-1.0,0.0));
#7857=CARTESIAN_POINT('',(-0.15,-7.296446609407,-0.33));
#7858=DIRECTION('',(0.0,0.0,1.0));
#7859=DIRECTION('',(-1.0,0.0,0.0));
#7860=DIRECTION('',(0.707106781186548,-0.707106781186548,-0.0));
#7861=CARTESIAN_POINT('',(2.0,-10.5071067811865,-0.33));
#7862=DIRECTION('',(0.0,0.0,-1.0));
#7863=DIRECTION('',(0.707106781186548,0.707106781186548,0.0));
#7864=DIRECTION('',(0.0,-1.0,0.0));
#7865=DIRECTION('',(1.0,0.0,0.0));
#7866=DIRECTION('',(0.0,1.0,0.0));
#7867=CARTESIAN_POINT('',(1.85,-10.5692388155425,-0.33));
#7868=DIRECTION('',(0.0,0.0,1.0));
#7869=DIRECTION('',(1.0,0.0,0.0));
#7870=DIRECTION('',(-0.707106781186548,0.707106781186548,0.0));
#7871=CARTESIAN_POINT('',(-0.3,-7.358578643763,-0.33));
#7872=DIRECTION('',(-0.0,0.0,-1.0));
#7873=DIRECTION('',(-0.707106781186548,-0.707106781186548,0.0));
#7874=DIRECTION('',(0.0,1.0,0.0));
#7875=CARTESIAN_POINT('',(-1.05,-5.23538852317,-0.33));
#7876=DIRECTION('',(0.0,0.0,1.0));
#7877=DIRECTION('',(1.0,0.0,0.0));
#7878=DIRECTION('',(-0.814984913645636,0.579482174471326,0.0));
#7879=DIRECTION('',(0.0,0.0,-1.0));
#7880=CARTESIAN_POINT('',(-0.965,-4.375563999505,0.31));
#7881=DIRECTION('',(0.0,0.0,1.0));
#7882=DIRECTION('',(-1.0,0.0,0.0));
#7883=DIRECTION('',(0.0,0.0,-1.0));
#7884=DIRECTION('',(0.0,-1.0,0.0));
#7885=DIRECTION('',(0.0,0.0,1.0));
#7886=DIRECTION('',(0.814984913645636,-0.579482174471326,-0.0));
#7887=CARTESIAN_POINT('',(-1.05,-5.23538852317,0.31));
#7888=DIRECTION('',(0.0,0.0,-1.0));
#7889=DIRECTION('',(0.579482174471325,0.814984913645636,0.0));
#7890=DIRECTION('',(0.0,-1.0,0.0));
#7891=CARTESIAN_POINT('',(-0.3,-7.358578643763,0.31));
#7892=DIRECTION('',(0.0,0.0,1.0));
#7893=DIRECTION('',(-1.0,0.0,0.0));
#7894=DIRECTION('',(-0.707106781186548,0.707106781186548,0.0));
#7895=CARTESIAN_POINT('',(1.85,-10.5692388155425,0.31));
#7896=DIRECTION('',(0.0,0.0,-1.0));
#7897=DIRECTION('',(0.707106781186548,0.707106781186548,0.0));
#7898=DIRECTION('',(0.0,1.0,0.0));
#7899=DIRECTION('',(-1.0,0.0,0.0));
#7900=DIRECTION('',(0.0,-1.0,0.0));
#7901=CARTESIAN_POINT('',(2.0,-10.5071067811865,0.31));
#7902=DIRECTION('',(0.0,0.0,1.0));
#7903=DIRECTION('',(1.0,0.0,0.0));
#7904=DIRECTION('',(0.707106781186548,-0.707106781186548,-0.0));
#7905=CARTESIAN_POINT('',(-0.15,-7.296446609407,0.31));
#7906=DIRECTION('',(-0.0,0.0,-1.0));
#7907=DIRECTION('',(-0.707106781186548,-0.707106781186548,0.0));
#7908=DIRECTION('',(0.0,-1.0,0.0));
#7909=CARTESIAN_POINT('',(-0.9,-5.157991171669,0.31));
#7910=DIRECTION('',(0.0,0.0,1.0));
#7911=DIRECTION('',(1.0,0.0,0.0));
#7912=DIRECTION('',(0.814984913645636,-0.579482174471325,-0.0));
#7913=DIRECTION('',(1.0,0.0,0.0));
#7914=DIRECTION('',(0.0,0.0,1.0));
#7915=DIRECTION('',(0.0,0.0,1.0));
#7916=DIRECTION('',(0.0,0.0,-1.0));
#7917=DIRECTION('',(0.0,0.0,-1.0));
#7918=DIRECTION('',(0.0,0.0,1.0));
#7919=DIRECTION('',(0.0,0.0,1.0));
#7920=CARTESIAN_POINT('',(2.5,-10.9,0.0599999999999999));
#7921=DIRECTION('',(1.0,0.0,-0.0));
#7922=DIRECTION('',(0.0,0.0,1.0));
#7923=DIRECTION('',(0.0,0.0,-1.0));
#7924=CARTESIAN_POINT('',(2.5,-10.9,-0.0800000000000001));
#7925=DIRECTION('',(1.0,0.0,0.0));
#7926=DIRECTION('',(0.0,-1.0,0.0));
#7927=DIRECTION('',(1.0,0.0,0.0));
#7928=CARTESIAN_POINT('',(2.1,-10.9,-0.0800000000000001));
#7929=DIRECTION('',(-1.0,0.0,0.0));
#7930=DIRECTION('',(0.0,0.0,-1.0));
#7931=CARTESIAN_POINT('',(2.1,-10.9,0.0599999999999999));
#7932=DIRECTION('',(-1.0,0.0,0.0));
#7933=DIRECTION('',(0.0,-1.0,0.0));
#7934=DIRECTION('',(0.0,0.0,-1.0));
#7935=DIRECTION('',(0.0,0.0,-1.0));
#7936=DIRECTION('',(-1.0,0.0,0.0));
#7937=DIRECTION('',(0.0,0.0,-1.0));
#7938=DIRECTION('',(0.0,0.0,1.0));
#7939=DIRECTION('',(0.0,0.0,1.0));
#7940=DIRECTION('',(0.0,0.0,-1.0));
#7941=DIRECTION('',(0.0,0.0,-1.0));
#7942=VERTEX_POINT('',#9428);
#7943=VERTEX_POINT('',#9429);
#7944=LINE('',#9430,#9431);
#7945=VERTEX_POINT('',#9432);
#7946=LINE('',#9433,#9434);
#7947=VERTEX_POINT('',#9435);
#7948=CIRCLE('',#9436,0.1);
#7949=VERTEX_POINT('',#9437);
#7950=CIRCLE('',#9438,0.175);
#7951=VERTEX_POINT('',#9439);
#7952=CIRCLE('',#9440,0.1);
#7953=VERTEX_POINT('',#9441);
#7954=LINE('',#9442,#9443);
#7955=VERTEX_POINT('',#9444);
#7956=LINE('',#9445,#9446);
#7957=VERTEX_POINT('',#9447);
#7958=LINE('',#9448,#9449);
#7959=VERTEX_POINT('',#9450);
#7960=CIRCLE('',#9451,0.1);
#7961=VERTEX_POINT('',#9452);
#7962=CIRCLE('',#9453,0.175);
#7963=VERTEX_POINT('',#9454);
#7964=CIRCLE('',#9455,0.1);
#7965=LINE('',#9456,#9457);
#7966=VERTEX_POINT('',#9458);
#7967=B_SPLINE_CURVE_WITH_KNOTS('',3,(#9459,#9460,#9461,#9462,#9463,#9464,#9465,#9466,#9467,#9468),.UNSPECIFIED.,.F.,.F.,(4,3,3,4),(0.0,0.242492784731812,0.499827481099682,1.0),.UNSPECIFIED.);
#7968=VERTEX_POINT('',#9469);
#7969=LINE('',#9470,#9471);
#7970=B_SPLINE_CURVE_WITH_KNOTS('',3,(#9472,#9473,#9474,#9475,#9476,#9477,#9478,#9479,#9480,#9481),.UNSPECIFIED.,.F.,.F.,(4,3,3,4),(0.0,0.500172518900314,0.757507215268185,1.0),.UNSPECIFIED.);
#7971=VERTEX_POINT('',#9482);
#7972=VERTEX_POINT('',#9483);
#7973=B_SPLINE_CURVE_WITH_KNOTS('',3,(#9484,#9485,#9486,#9487,#9488,#9489,#9490,#9491,#9492,#9493),.UNSPECIFIED.,.F.,.F.,(4,3,3,4),(0.0,0.242492784732236,0.499827481099964,1.0),.UNSPECIFIED.);
#7974=VERTEX_POINT('',#9494);
#7975=LINE('',#9495,#9496);
#7976=VERTEX_POINT('',#9497);
#7977=LINE('',#9498,#9499);
#7978=VERTEX_POINT('',#9500);
#7979=LINE('',#9501,#9502);
#7980=VERTEX_POINT('',#9503);
#7981=LINE('',#9504,#9505);
#7982=VERTEX_POINT('',#9506);
#7983=LINE('',#9507,#9508);
#7984=VERTEX_POINT('',#9509);
#7985=LINE('',#9510,#9511);
#7986=VERTEX_POINT('',#9512);
#7987=LINE('',#9513,#9514);
#7988=VERTEX_POINT('',#9515);
#7989=CIRCLE('',#9516,2.0);
#7990=VERTEX_POINT('',#9517);
#7991=CIRCLE('',#9518,0.3);
#7992=VERTEX_POINT('',#9519);
#7993=LINE('',#9520,#9521);
#7994=VERTEX_POINT('',#9522);
#7995=CIRCLE('',#9523,0.375);
#7996=VERTEX_POINT('',#9524);
#7997=LINE('',#9525,#9526);
#7998=VERTEX_POINT('',#9527);
#7999=CIRCLE('',#9528,0.3);
#8000=VERTEX_POINT('',#9529);
#8001=CIRCLE('',#9530,2.0);
#8002=VERTEX_POINT('',#9531);
#8003=LINE('',#9532,#9533);
#8004=LINE('',#9534,#9535);
#8005=VERTEX_POINT('',#9536);
#8006=LINE('',#9537,#9538);
#8007=VERTEX_POINT('',#9539);
#8008=LINE('',#9540,#9541);
#8009=LINE('',#9542,#9543);
#8010=LINE('',#9544,#9545);
#8011=VERTEX_POINT('',#9546);
#8012=LINE('',#9547,#9548);
#8013=VERTEX_POINT('',#9549);
#8014=LINE('',#9550,#9551);
#8015=B_SPLINE_CURVE_WITH_KNOTS('',3,(#9552,#9553,#9554,#9555,#9556,#9557,#9558,#9559,#9560,#9561),.UNSPECIFIED.,.F.,.F.,(4,3,3,4),(0.0,0.500172518900038,0.757507215267765,1.0),.UNSPECIFIED.);
#8016=VERTEX_POINT('',#9562);
#8017=LINE('',#9563,#9564);
#8018=VERTEX_POINT('',#9565);
#8019=CIRCLE('',#9566,0.1);
#8020=VERTEX_POINT('',#9567);
#8021=CIRCLE('',#9568,0.175);
#8022=VERTEX_POINT('',#9569);
#8023=CIRCLE('',#9570,0.1);
#8024=VERTEX_POINT('',#9571);
#8025=LINE('',#9572,#9573);
#8026=LINE('',#9574,#9575);
#8027=VERTEX_POINT('',#9576);
#8028=CIRCLE('',#9577,0.1);
#8029=VERTEX_POINT('',#9578);
#8030=CIRCLE('',#9579,0.175);
#8031=CIRCLE('',#9580,0.1);
#8032=VERTEX_POINT('',#9581);
#8033=CIRCLE('',#9582,0.1);
#8034=LINE('',#9583,#9584);
#8035=VERTEX_POINT('',#9585);
#8036=CIRCLE('',#9586,0.1);
#8037=LINE('',#9587,#9588);
#8038=VERTEX_POINT('',#9589);
#8039=CIRCLE('',#9590,0.175);
#8040=CIRCLE('',#9591,0.1);
#8041=LINE('',#9592,#9593);
#8042=VERTEX_POINT('',#9594);
#8043=CIRCLE('',#9595,0.175);
#8044=LINE('',#9596,#9597);
#8045=CIRCLE('',#9598,0.1);
#8046=VERTEX_POINT('',#9599);
#8047=LINE('',#9600,#9601);
#8048=LINE('',#9602,#9603);
#8049=VERTEX_POINT('',#9604);
#8050=VERTEX_POINT('',#9605);
#8051=LINE('',#9606,#9607);
#8052=LINE('',#9608,#9609);
#8053=LINE('',#9610,#9611);
#8054=VERTEX_POINT('',#9612);
#8055=LINE('',#9613,#9614);
#8056=LINE('',#9615,#9616);
#8057=LINE('',#9617,#9618);
#8058=VERTEX_POINT('',#9619);
#8059=LINE('',#9620,#9621);
#8060=VERTEX_POINT('',#9622);
#8061=LINE('',#9623,#9624);
#8062=LINE('',#9625,#9626);
#8063=LINE('',#9627,#9628);
#8064=VERTEX_POINT('',#9629);
#8065=CIRCLE('',#9630,2.0);
#8066=VERTEX_POINT('',#9631);
#8067=CIRCLE('',#9632,0.3);
#8068=VERTEX_POINT('',#9633);
#8069=LINE('',#9634,#9635);
#8070=VERTEX_POINT('',#9636);
#8071=CIRCLE('',#9637,0.375);
#8072=VERTEX_POINT('',#9638);
#8073=LINE('',#9639,#9640);
#8074=VERTEX_POINT('',#9641);
#8075=CIRCLE('',#9642,0.3);
#8076=CIRCLE('',#9643,2.0);
#8077=VERTEX_POINT('',#9644);
#8078=LINE('',#9645,#9646);
#8079=VERTEX_POINT('',#9647);
#8080=LINE('',#9648,#9649);
#8081=LINE('',#9650,#9651);
#8082=VERTEX_POINT('',#9652);
#8083=CIRCLE('',#9653,0.1);
#8084=LINE('',#9654,#9655);
#8085=VERTEX_POINT('',#9656);
#8086=CIRCLE('',#9657,0.1);
#8087=LINE('',#9658,#9659);
#8088=VERTEX_POINT('',#9660);
#8089=CIRCLE('',#9661,0.175);
#8090=CIRCLE('',#9662,0.1);
#8091=LINE('',#9663,#9664);
#8092=VERTEX_POINT('',#9665);
#8093=CIRCLE('',#9666,0.175);
#8094=LINE('',#9667,#9668);
#8095=CIRCLE('',#9669,0.1);
#8096=LINE('',#9670,#9671);
#8097=LINE('',#9672,#9673);
#8098=LINE('',#9674,#9675);
#8099=LINE('',#9676,#9677);
#8100=LINE('',#9678,#9679);
#8101=LINE('',#9680,#9681);
#8102=DIRECTION('',(0.0,0.0,1.0));
#8103=DIRECTION('',(0.0,-1.0,0.0));
#8104=DIRECTION('',(0.0,0.0,1.0));
#8105=DIRECTION('',(0.0,-1.0,0.0));
#8106=CARTESIAN_POINT('',(-0.825,-4.291056305656,2.85));
#8107=DIRECTION('',(-0.0,0.0,-1.0));
#8108=DIRECTION('',(-0.579482174471325,-0.814984913645636,0.0));
#8109=DIRECTION('',(0.0,0.0,1.0));
#8110=CARTESIAN_POINT('',(-0.825,-4.291056305656,2.21));
#8111=DIRECTION('',(0.0,0.0,1.0));
#8112=DIRECTION('',(-1.0,0.0,0.0));
#8113=CARTESIAN_POINT('',(-0.965,-4.375563999505,2.21));
#8114=DIRECTION('',(-0.0,0.0,-1.0));
#8115=DIRECTION('',(-0.579482174471325,-0.814984913645636,0.0));
#8116=DIRECTION('',(0.0,-1.0,0.0));
#8117=DIRECTION('',(1.0,0.0,0.0));
#8118=DIRECTION('',(0.814984913645636,-0.579482174471325,-0.0));
#8119=CARTESIAN_POINT('',(-0.9,-5.157991171669,2.21));
#8120=DIRECTION('',(0.0,0.0,-1.0));
#8121=DIRECTION('',(0.579482174471325,0.814984913645636,0.0));
#8122=DIRECTION('',(0.0,-1.0,0.0));
#8123=CARTESIAN_POINT('',(-0.15,-7.296446609407,2.21));
#8124=DIRECTION('',(0.0,0.0,1.0));
#8125=DIRECTION('',(-1.0,0.0,0.0));
#8126=DIRECTION('',(0.707106781186548,-0.707106781186548,-0.0));
#8127=CARTESIAN_POINT('',(2.0,-10.5071067811865,2.21));
#8128=DIRECTION('',(0.0,0.0,-1.0));
#8129=DIRECTION('',(0.707106781186548,0.707106781186548,0.0));
#8130=DIRECTION('',(0.0,-1.0,0.0));
#8131=DIRECTION('',(1.0,0.0,0.0));
#8132=DIRECTION('',(0.0,1.0,0.0));
#8133=CARTESIAN_POINT('',(1.85,-10.5692388155425,2.21));
#8134=DIRECTION('',(0.0,0.0,1.0));
#8135=DIRECTION('',(1.0,0.0,0.0));
#8136=DIRECTION('',(-0.707106781186548,0.707106781186548,0.0));
#8137=CARTESIAN_POINT('',(-0.3,-7.358578643763,2.21));
#8138=DIRECTION('',(-0.0,0.0,-1.0));
#8139=DIRECTION('',(-0.707106781186548,-0.707106781186548,0.0));
#8140=DIRECTION('',(0.0,1.0,0.0));
#8141=CARTESIAN_POINT('',(-1.05,-5.23538852317,2.21));
#8142=DIRECTION('',(0.0,0.0,1.0));
#8143=DIRECTION('',(1.0,0.0,0.0));
#8144=DIRECTION('',(-0.814984913645636,0.579482174471326,0.0));
#8145=DIRECTION('',(0.0,0.0,-1.0));
#8146=CARTESIAN_POINT('',(-0.965,-4.375563999505,2.85));
#8147=DIRECTION('',(0.0,0.0,1.0));
#8148=DIRECTION('',(-1.0,0.0,0.0));
#8149=DIRECTION('',(0.0,0.0,-1.0));
#8150=DIRECTION('',(0.0,-1.0,0.0));
#8151=DIRECTION('',(0.0,0.0,1.0));
#8152=DIRECTION('',(0.814984913645636,-0.579482174471326,-0.0));
#8153=CARTESIAN_POINT('',(-1.05,-5.23538852317,2.85));
#8154=DIRECTION('',(0.0,0.0,-1.0));
#8155=DIRECTION('',(0.579482174471325,0.814984913645636,0.0));
#8156=DIRECTION('',(0.0,-1.0,0.0));
#8157=CARTESIAN_POINT('',(-0.3,-7.358578643763,2.85));
#8158=DIRECTION('',(0.0,0.0,1.0));
#8159=DIRECTION('',(-1.0,0.0,0.0));
#8160=DIRECTION('',(-0.707106781186548,0.707106781186548,0.0));
#8161=CARTESIAN_POINT('',(1.85,-10.5692388155425,2.85));
#8162=DIRECTION('',(0.0,0.0,-1.0));
#8163=DIRECTION('',(0.707106781186548,0.707106781186548,0.0));
#8164=DIRECTION('',(0.0,1.0,0.0));
#8165=DIRECTION('',(-1.0,0.0,0.0));
#8166=DIRECTION('',(0.0,-1.0,0.0));
#8167=CARTESIAN_POINT('',(2.0,-10.5071067811865,2.85));
#8168=DIRECTION('',(0.0,0.0,1.0));
#8169=DIRECTION('',(1.0,0.0,0.0));
#8170=DIRECTION('',(0.707106781186548,-0.707106781186548,-0.0));
#8171=CARTESIAN_POINT('',(-0.15,-7.296446609407,2.85));
#8172=DIRECTION('',(-0.0,0.0,-1.0));
#8173=DIRECTION('',(-0.707106781186548,-0.707106781186548,0.0));
#8174=DIRECTION('',(0.0,-1.0,0.0));
#8175=CARTESIAN_POINT('',(-0.9,-5.157991171669,2.85));
#8176=DIRECTION('',(0.0,0.0,1.0));
#8177=DIRECTION('',(1.0,0.0,0.0));
#8178=DIRECTION('',(0.814984913645636,-0.579482174471325,-0.0));
#8179=DIRECTION('',(1.0,0.0,0.0));
#8180=DIRECTION('',(0.0,0.0,1.0));
#8181=DIRECTION('',(0.0,0.0,1.0));
#8182=DIRECTION('',(0.0,0.0,-1.0));
#8183=DIRECTION('',(0.0,0.0,-1.0));
#8184=DIRECTION('',(0.0,0.0,1.0));
#8185=DIRECTION('',(0.0,0.0,1.0));
#8186=CARTESIAN_POINT('',(2.5,-10.9,2.6));
#8187=DIRECTION('',(1.0,0.0,-0.0));
#8188=DIRECTION('',(0.0,0.0,1.0));
#8189=DIRECTION('',(0.0,0.0,-1.0));
#8190=CARTESIAN_POINT('',(2.5,-10.9,2.46));
#8191=DIRECTION('',(1.0,0.0,0.0));
#8192=DIRECTION('',(0.0,-1.0,0.0));
#8193=DIRECTION('',(1.0,0.0,0.0));
#8194=CARTESIAN_POINT('',(2.1,-10.9,2.46));
#8195=DIRECTION('',(-1.0,0.0,0.0));
#8196=DIRECTION('',(0.0,0.0,-1.0));
#8197=CARTESIAN_POINT('',(2.1,-10.9,2.6));
#8198=DIRECTION('',(-1.0,0.0,0.0));
#8199=DIRECTION('',(0.0,-1.0,0.0));
#8200=DIRECTION('',(0.0,0.0,-1.0));
#8201=DIRECTION('',(0.0,0.0,-1.0));
#8202=DIRECTION('',(-1.0,0.0,0.0));
#8203=DIRECTION('',(0.0,0.0,-1.0));
#8204=DIRECTION('',(0.0,0.0,1.0));
#8205=DIRECTION('',(0.0,0.0,1.0));
#8206=DIRECTION('',(0.0,0.0,-1.0));
#8207=DIRECTION('',(0.0,0.0,-1.0));
#8208=VERTEX_POINT('',#9682);
#8209=VERTEX_POINT('',#9683);
#8210=LINE('',#9684,#9685);
#8211=VERTEX_POINT('',#9686);
#8212=LINE('',#9687,#9688);
#8213=VERTEX_POINT('',#9689);
#8214=CIRCLE('',#9690,0.1);
#8215=VERTEX_POINT('',#9691);
#8216=CIRCLE('',#9692,0.175);
#8217=VERTEX_POINT('',#9693);
#8218=CIRCLE('',#9694,0.1);
#8219=VERTEX_POINT('',#9695);
#8220=LINE('',#9696,#9697);
#8221=VERTEX_POINT('',#9698);
#8222=LINE('',#9699,#9700);
#8223=VERTEX_POINT('',#9701);
#8224=LINE('',#9702,#9703);
#8225=VERTEX_POINT('',#9704);
#8226=CIRCLE('',#9705,0.1);
#8227=VERTEX_POINT('',#9706);
#8228=CIRCLE('',#9707,0.175);
#8229=VERTEX_POINT('',#9708);
#8230=CIRCLE('',#9709,0.1);
#8231=LINE('',#9710,#9711);
#8232=VERTEX_POINT('',#9712);
#8233=B_SPLINE_CURVE_WITH_KNOTS('',3,(#9713,#9714,#9715,#9716,#9717,#9718,#9719,#9720,#9721,#9722),.UNSPECIFIED.,.F.,.F.,(4,3,3,4),(0.0,0.242492784731812,0.499827481099682,1.0),.UNSPECIFIED.);
#8234=VERTEX_POINT('',#9723);
#8235=LINE('',#9724,#9725);
#8236=B_SPLINE_CURVE_WITH_KNOTS('',3,(#9726,#9727,#9728,#9729,#9730,#9731,#9732,#9733,#9734,#9735),.UNSPECIFIED.,.F.,.F.,(4,3,3,4),(0.0,0.500172518900314,0.757507215268185,1.0),.UNSPECIFIED.);
#8237=VERTEX_POINT('',#9736);
#8238=VERTEX_POINT('',#9737);
#8239=B_SPLINE_CURVE_WITH_KNOTS('',3,(#9738,#9739,#9740,#9741,#9742,#9743,#9744,#9745,#9746,#9747),.UNSPECIFIED.,.F.,.F.,(4,3,3,4),(0.0,0.242492784732236,0.499827481099964,1.0),.UNSPECIFIED.);
#8240=VERTEX_POINT('',#9748);
#8241=LINE('',#9749,#9750);
#8242=VERTEX_POINT('',#9751);
#8243=LINE('',#9752,#9753);
#8244=VERTEX_POINT('',#9754);
#8245=LINE('',#9755,#9756);
#8246=VERTEX_POINT('',#9757);
#8247=LINE('',#9758,#9759);
#8248=VERTEX_POINT('',#9760);
#8249=LINE('',#9761,#9762);
#8250=VERTEX_POINT('',#9763);
#8251=LINE('',#9764,#9765);
#8252=VERTEX_POINT('',#9766);
#8253=LINE('',#9767,#9768);
#8254=VERTEX_POINT('',#9769);
#8255=CIRCLE('',#9770,2.0);
#8256=VERTEX_POINT('',#9771);
#8257=CIRCLE('',#9772,0.3);
#8258=VERTEX_POINT('',#9773);
#8259=LINE('',#9774,#9775);
#8260=VERTEX_POINT('',#9776);
#8261=CIRCLE('',#9777,0.375);
#8262=VERTEX_POINT('',#9778);
#8263=LINE('',#9779,#9780);
#8264=VERTEX_POINT('',#9781);
#8265=CIRCLE('',#9782,0.3);
#8266=VERTEX_POINT('',#9783);
#8267=CIRCLE('',#9784,2.0);
#8268=VERTEX_POINT('',#9785);
#8269=LINE('',#9786,#9787);
#8270=LINE('',#9788,#9789);
#8271=VERTEX_POINT('',#9790);
#8272=LINE('',#9791,#9792);
#8273=VERTEX_POINT('',#9793);
#8274=LINE('',#9794,#9795);
#8275=LINE('',#9796,#9797);
#8276=LINE('',#9798,#9799);
#8277=VERTEX_POINT('',#9800);
#8278=LINE('',#9801,#9802);
#8279=VERTEX_POINT('',#9803);
#8280=LINE('',#9804,#9805);
#8281=B_SPLINE_CURVE_WITH_KNOTS('',3,(#9806,#9807,#9808,#9809,#9810,#9811,#9812,#9813,#9814,#9815),.UNSPECIFIED.,.F.,.F.,(4,3,3,4),(0.0,0.500172518900038,0.757507215267765,1.0),.UNSPECIFIED.);
#8282=VERTEX_POINT('',#9816);
#8283=LINE('',#9817,#9818);
#8284=VERTEX_POINT('',#9819);
#8285=CIRCLE('',#9820,0.1);
#8286=VERTEX_POINT('',#9821);
#8287=CIRCLE('',#9822,0.175);
#8288=VERTEX_POINT('',#9823);
#8289=CIRCLE('',#9824,0.1);
#8290=VERTEX_POINT('',#9825);
#8291=LINE('',#9826,#9827);
#8292=LINE('',#9828,#9829);
#8293=VERTEX_POINT('',#9830);
#8294=CIRCLE('',#9831,0.1);
#8295=VERTEX_POINT('',#9832);
#8296=CIRCLE('',#9833,0.175);
#8297=CIRCLE('',#9834,0.1);
#8298=VERTEX_POINT('',#9835);
#8299=CIRCLE('',#9836,0.1);
#8300=LINE('',#9837,#9838);
#8301=VERTEX_POINT('',#9839);
#8302=CIRCLE('',#9840,0.1);
#8303=LINE('',#9841,#9842);
#8304=VERTEX_POINT('',#9843);
#8305=CIRCLE('',#9844,0.175);
#8306=CIRCLE('',#9845,0.1);
#8307=LINE('',#9846,#9847);
#8308=VERTEX_POINT('',#9848);
#8309=CIRCLE('',#9849,0.175);
#8310=LINE('',#9850,#9851);
#8311=CIRCLE('',#9852,0.1);
#8312=VERTEX_POINT('',#9853);
#8313=LINE('',#9854,#9855);
#8314=LINE('',#9856,#9857);
#8315=VERTEX_POINT('',#9858);
#8316=VERTEX_POINT('',#9859);
#8317=LINE('',#9860,#9861);
#8318=LINE('',#9862,#9863);
#8319=LINE('',#9864,#9865);
#8320=VERTEX_POINT('',#9866);
#8321=LINE('',#9867,#9868);
#8322=LINE('',#9869,#9870);
#8323=LINE('',#9871,#9872);
#8324=VERTEX_POINT('',#9873);
#8325=LINE('',#9874,#9875);
#8326=VERTEX_POINT('',#9876);
#8327=LINE('',#9877,#9878);
#8328=LINE('',#9879,#9880);
#8329=LINE('',#9881,#9882);
#8330=VERTEX_POINT('',#9883);
#8331=CIRCLE('',#9884,2.0);
#8332=VERTEX_POINT('',#9885);
#8333=CIRCLE('',#9886,0.3);
#8334=VERTEX_POINT('',#9887);
#8335=LINE('',#9888,#9889);
#8336=VERTEX_POINT('',#9890);
#8337=CIRCLE('',#9891,0.375);
#8338=VERTEX_POINT('',#9892);
#8339=LINE('',#9893,#9894);
#8340=VERTEX_POINT('',#9895);
#8341=CIRCLE('',#9896,0.3);
#8342=CIRCLE('',#9897,2.0);
#8343=VERTEX_POINT('',#9898);
#8344=LINE('',#9899,#9900);
#8345=VERTEX_POINT('',#9901);
#8346=LINE('',#9902,#9903);
#8347=LINE('',#9904,#9905);
#8348=VERTEX_POINT('',#9906);
#8349=CIRCLE('',#9907,0.1);
#8350=LINE('',#9908,#9909);
#8351=VERTEX_POINT('',#9910);
#8352=CIRCLE('',#9911,0.1);
#8353=LINE('',#9912,#9913);
#8354=VERTEX_POINT('',#9914);
#8355=CIRCLE('',#9915,0.175);
#8356=CIRCLE('',#9916,0.1);
#8357=LINE('',#9917,#9918);
#8358=VERTEX_POINT('',#9919);
#8359=CIRCLE('',#9920,0.175);
#8360=LINE('',#9921,#9922);
#8361=CIRCLE('',#9923,0.1);
#8362=LINE('',#9924,#9925);
#8363=LINE('',#9926,#9927);
#8364=LINE('',#9928,#9929);
#8365=LINE('',#9930,#9931);
#8366=LINE('',#9932,#9933);
#8367=LINE('',#9934,#9935);
#8368=CARTESIAN_POINT('',(-2.5,4.25,-1.395));
#8369=CARTESIAN_POINT('',(-2.5,4.25,3.935));
#8370=CARTESIAN_POINT('',(-2.5,4.25,-1.395));
#8371=VECTOR('',#9936,5.33);
#8372=CARTESIAN_POINT('',(-2.5,-4.25,-1.395));
#8373=CARTESIAN_POINT('',(-2.5,4.25,-1.395));
#8374=VECTOR('',#9937,8.5);
#8375=CARTESIAN_POINT('',(-2.5,-4.25,3.935));
#8376=CARTESIAN_POINT('',(-2.5,-4.25,-1.395));
#8377=VECTOR('',#9938,5.33);
#8378=CARTESIAN_POINT('',(-2.5,4.25,3.935));
#8379=VECTOR('',#9939,8.5);
#8380=CARTESIAN_POINT('',(2.5,4.25,3.935));
#8381=CARTESIAN_POINT('',(2.5,4.25,-1.395));
#8382=CARTESIAN_POINT('',(2.5,4.25,3.935));
#8383=VECTOR('',#9940,5.33);
#8384=CARTESIAN_POINT('',(2.5,4.25,-1.395));
#8385=VECTOR('',#9941,5.0);
#8386=CARTESIAN_POINT('',(-2.5,4.25,3.935));
#8387=VECTOR('',#9942,5.0);
#8388=CARTESIAN_POINT('',(0.42,4.25,0.85));
#8389=CARTESIAN_POINT('',(0.42,4.25,-0.85));
#8390=CARTESIAN_POINT('',(0.42,4.25,0.85));
#8391=VECTOR('',#9943,1.7);
#8392=CARTESIAN_POINT('',(2.12,4.25,-0.85));
#8393=CARTESIAN_POINT('',(0.42,4.25,-0.85));
#8394=VECTOR('',#9944,1.7);
#8395=CARTESIAN_POINT('',(2.12,4.25,0.85));
#8396=CARTESIAN_POINT('',(2.12,4.25,-0.85));
#8397=VECTOR('',#9945,1.7);
#8398=CARTESIAN_POINT('',(2.12,4.25,0.85));
#8399=VECTOR('',#9946,1.7);
#8400=CARTESIAN_POINT('',(-2.12,4.25,1.69));
#8401=CARTESIAN_POINT('',(-0.42,4.25,1.69));
#8402=CARTESIAN_POINT('',(-2.12,4.25,1.69));
#8403=VECTOR('',#9947,1.7);
#8404=CARTESIAN_POINT('',(-0.42,4.25,3.39));
#8405=CARTESIAN_POINT('',(-0.42,4.25,1.69));
#8406=VECTOR('',#9948,1.7);
#8407=CARTESIAN_POINT('',(-2.12,4.25,3.39));
#8408=CARTESIAN_POINT('',(-0.42,4.25,3.39));
#8409=VECTOR('',#9949,1.7);
#8410=CARTESIAN_POINT('',(-2.12,4.25,3.39));
#8411=VECTOR('',#9950,1.7);
#8412=CARTESIAN_POINT('',(0.42,4.25,3.39));
#8413=CARTESIAN_POINT('',(0.42,4.25,1.69));
#8414=CARTESIAN_POINT('',(0.42,4.25,3.39));
#8415=VECTOR('',#9951,1.7);
#8416=CARTESIAN_POINT('',(2.12,4.25,1.69));
#8417=CARTESIAN_POINT('',(0.42,4.25,1.69));
#8418=VECTOR('',#9952,1.7);
#8419=CARTESIAN_POINT('',(2.12,4.25,3.39));
#8420=CARTESIAN_POINT('',(2.12,4.25,1.69));
#8421=VECTOR('',#9953,1.7);
#8422=CARTESIAN_POINT('',(2.12,4.25,3.39));
#8423=VECTOR('',#9954,1.7);
#8424=CARTESIAN_POINT('',(-2.12,4.25,-0.85));
#8425=CARTESIAN_POINT('',(-0.42,4.25,-0.85));
#8426=CARTESIAN_POINT('',(-2.12,4.25,-0.85));
#8427=VECTOR('',#9955,1.7);
#8428=CARTESIAN_POINT('',(-0.42,4.25,0.85));
#8429=CARTESIAN_POINT('',(-0.42,4.25,-0.85));
#8430=VECTOR('',#9956,1.7);
#8431=CARTESIAN_POINT('',(-2.12,4.25,0.85));
#8432=CARTESIAN_POINT('',(-0.42,4.25,0.85));
#8433=VECTOR('',#9957,1.7);
#8434=CARTESIAN_POINT('',(-2.12,4.25,0.85));
#8435=VECTOR('',#9958,1.7);
#8436=CARTESIAN_POINT('',(-1.72,3.85,-0.45));
#8437=CARTESIAN_POINT('',(-0.82,3.85,-0.45));
#8438=CARTESIAN_POINT('',(-1.72,3.85,-0.45));
#8439=VECTOR('',#9959,0.9);
#8440=CARTESIAN_POINT('',(-0.82,3.85,-0.45));
#8441=VECTOR('',#9960,0.692820323027569);
#8442=CARTESIAN_POINT('',(-1.72,3.85,-0.45));
#8443=VECTOR('',#9961,0.692820323027569);
#8444=CARTESIAN_POINT('',(-0.82,-3.65,-0.45));
#8445=CARTESIAN_POINT('',(-1.07,-3.65,-0.45));
#8446=CARTESIAN_POINT('',(-0.82,-3.65,-0.45));
#8447=VECTOR('',#9962,0.25);
#8448=CARTESIAN_POINT('',(-0.82,3.85,-0.45));
#8449=VECTOR('',#9963,7.5);
#8450=CARTESIAN_POINT('',(-1.72,-3.65,-0.45));
#8451=CARTESIAN_POINT('',(-1.72,3.85,-0.45));
#8452=VECTOR('',#9964,7.5);
#8453=CARTESIAN_POINT('',(-1.47,-3.65,-0.45));
#8454=CARTESIAN_POINT('',(-1.47,-3.65,-0.45));
#8455=VECTOR('',#9965,0.25);
#8456=CARTESIAN_POINT('',(-1.47,2.75,-0.45));
#8457=CARTESIAN_POINT('',(-1.47,-3.65,-0.45));
#8458=VECTOR('',#9966,6.4);
#8459=CARTESIAN_POINT('',(-1.07,2.75,-0.45));
#8460=CARTESIAN_POINT('',(-1.07,2.75,-0.45));
#8461=VECTOR('',#9967,0.4);
#8462=CARTESIAN_POINT('',(-1.07,-3.65,-0.45));
#8463=VECTOR('',#9968,6.4);
#8464=CARTESIAN_POINT('',(-2.1,-3.65,-1.395));
#8465=CARTESIAN_POINT('',(2.1,-3.65,-1.395));
#8466=CARTESIAN_POINT('',(-2.1,-3.65,-1.395));
#8467=VECTOR('',#9969,4.2);
#8468=CARTESIAN_POINT('',(2.1,-3.65,3.935));
#8469=CARTESIAN_POINT('',(2.1,-3.65,-1.395));
#8470=VECTOR('',#9970,5.33);
#8471=CARTESIAN_POINT('',(-2.1,-3.65,3.935));
#8472=CARTESIAN_POINT('',(-2.1,-3.65,3.935));
#8473=VECTOR('',#9971,4.2);
#8474=CARTESIAN_POINT('',(-2.1,-3.65,-1.395));
#8475=VECTOR('',#9972,5.33);
#8476=CARTESIAN_POINT('',(-1.72,-3.65,0.45));
#8477=CARTESIAN_POINT('',(-1.72,-3.65,-0.45));
#8478=VECTOR('',#9973,0.9);
#8479=CARTESIAN_POINT('',(-1.47,-3.65,0.45));
#8480=CARTESIAN_POINT('',(-1.72,-3.65,0.45));
#8481=VECTOR('',#9974,0.25);
#8482=CARTESIAN_POINT('',(-1.47,-3.65,0.95));
#8483=CARTESIAN_POINT('',(-1.47,-3.65,0.95));
#8484=VECTOR('',#9975,0.5);
#8485=CARTESIAN_POINT('',(-1.07,-3.65,0.95));
#8486=CARTESIAN_POINT('',(-1.07,-3.65,0.95));
#8487=VECTOR('',#9976,0.4);
#8488=CARTESIAN_POINT('',(-1.07,-3.65,0.45));
#8489=CARTESIAN_POINT('',(-1.07,-3.65,0.45));
#8490=VECTOR('',#9977,0.5);
#8491=CARTESIAN_POINT('',(-0.82,-3.65,0.45));
#8492=CARTESIAN_POINT('',(-1.07,-3.65,0.45));
#8493=VECTOR('',#9978,0.25);
#8494=CARTESIAN_POINT('',(-0.82,-3.65,0.45));
#8495=VECTOR('',#9979,0.9);
#8496=CARTESIAN_POINT('',(-1.07,-3.65,-0.95));
#8497=CARTESIAN_POINT('',(-1.07,-3.65,-0.95));
#8498=VECTOR('',#9980,0.5);
#8499=CARTESIAN_POINT('',(-1.47,-3.65,-0.95));
#8500=CARTESIAN_POINT('',(-1.47,-3.65,-0.95));
#8501=VECTOR('',#9981,0.4);
#8502=CARTESIAN_POINT('',(-1.47,-3.65,-0.45));
#8503=VECTOR('',#9982,0.5);
#8504=CARTESIAN_POINT('',(1.72,-3.65,0.45));
#8505=CARTESIAN_POINT('',(1.72,-3.65,-0.45));
#8506=CARTESIAN_POINT('',(1.72,-3.65,0.45));
#8507=VECTOR('',#9983,0.9);
#8508=CARTESIAN_POINT('',(1.47,-3.65,-0.45));
#8509=CARTESIAN_POINT('',(1.72,-3.65,-0.45));
#8510=VECTOR('',#9984,0.25);
#8511=CARTESIAN_POINT('',(1.47,-3.65,-0.95));
#8512=CARTESIAN_POINT('',(1.47,-3.65,-0.95));
#8513=VECTOR('',#9985,0.5);
#8514=CARTESIAN_POINT('',(1.07,-3.65,-0.95));
#8515=CARTESIAN_POINT('',(1.07,-3.65,-0.95));
#8516=VECTOR('',#9986,0.4);
#8517=CARTESIAN_POINT('',(1.07,-3.65,-0.45));
#8518=CARTESIAN_POINT('',(1.07,-3.65,-0.45));
#8519=VECTOR('',#9987,0.5);
#8520=CARTESIAN_POINT('',(0.82,-3.65,-0.45));
#8521=CARTESIAN_POINT('',(1.07,-3.65,-0.45));
#8522=VECTOR('',#9988,0.25);
#8523=CARTESIAN_POINT('',(0.82,-3.65,0.45));
#8524=CARTESIAN_POINT('',(0.82,-3.65,-0.45));
#8525=VECTOR('',#9989,0.9);
#8526=CARTESIAN_POINT('',(1.07,-3.65,0.45));
#8527=CARTESIAN_POINT('',(0.82,-3.65,0.45));
#8528=VECTOR('',#9990,0.25);
#8529=CARTESIAN_POINT('',(1.07,-3.65,0.95));
#8530=CARTESIAN_POINT('',(1.07,-3.65,0.95));
#8531=VECTOR('',#9991,0.5);
#8532=CARTESIAN_POINT('',(1.47,-3.65,0.95));
#8533=CARTESIAN_POINT('',(1.47,-3.65,0.95));
#8534=VECTOR('',#9992,0.4);
#8535=CARTESIAN_POINT('',(1.47,-3.65,0.45));
#8536=CARTESIAN_POINT('',(1.47,-3.65,0.45));
#8537=VECTOR('',#9993,0.5);
#8538=CARTESIAN_POINT('',(1.47,-3.65,0.45));
#8539=VECTOR('',#9994,0.25);
#8540=CARTESIAN_POINT('',(-1.72,-3.65,2.09));
#8541=CARTESIAN_POINT('',(-1.72,-3.65,2.99));
#8542=CARTESIAN_POINT('',(-1.72,-3.65,2.09));
#8543=VECTOR('',#9995,0.9);
#8544=CARTESIAN_POINT('',(-1.47,-3.65,2.99));
#8545=CARTESIAN_POINT('',(-1.72,-3.65,2.99));
#8546=VECTOR('',#9996,0.25);
#8547=CARTESIAN_POINT('',(-1.47,-3.65,3.49));
#8548=CARTESIAN_POINT('',(-1.47,-3.65,3.49));
#8549=VECTOR('',#9997,0.5);
#8550=CARTESIAN_POINT('',(-1.07,-3.65,3.49));
#8551=CARTESIAN_POINT('',(-1.07,-3.65,3.49));
#8552=VECTOR('',#9998,0.4);
#8553=CARTESIAN_POINT('',(-1.07,-3.65,2.99));
#8554=CARTESIAN_POINT('',(-1.07,-3.65,2.99));
#8555=VECTOR('',#9999,0.5);
#8556=CARTESIAN_POINT('',(-0.82,-3.65,2.99));
#8557=CARTESIAN_POINT('',(-1.07,-3.65,2.99));
#8558=VECTOR('',#10000,0.25);
#8559=CARTESIAN_POINT('',(-0.82,-3.65,2.09));
#8560=CARTESIAN_POINT('',(-0.82,-3.65,2.99));
#8561=VECTOR('',#10001,0.9);
#8562=CARTESIAN_POINT('',(-1.07,-3.65,2.09));
#8563=CARTESIAN_POINT('',(-0.82,-3.65,2.09));
#8564=VECTOR('',#10002,0.25);
#8565=CARTESIAN_POINT('',(-1.07,-3.65,1.59));
#8566=CARTESIAN_POINT('',(-1.07,-3.65,1.59));
#8567=VECTOR('',#10003,0.5);
#8568=CARTESIAN_POINT('',(-1.47,-3.65,1.59));
#8569=CARTESIAN_POINT('',(-1.47,-3.65,1.59));
#8570=VECTOR('',#10004,0.4);
#8571=CARTESIAN_POINT('',(-1.47,-3.65,2.09));
#8572=CARTESIAN_POINT('',(-1.47,-3.65,2.09));
#8573=VECTOR('',#10005,0.5);
#8574=CARTESIAN_POINT('',(-1.47,-3.65,2.09));
#8575=VECTOR('',#10006,0.25);
#8576=CARTESIAN_POINT('',(1.72,-3.65,2.99));
#8577=CARTESIAN_POINT('',(1.72,-3.65,2.09));
#8578=CARTESIAN_POINT('',(1.72,-3.65,2.99));
#8579=VECTOR('',#10007,0.9);
#8580=CARTESIAN_POINT('',(1.47,-3.65,2.09));
#8581=CARTESIAN_POINT('',(1.72,-3.65,2.09));
#8582=VECTOR('',#10008,0.25);
#8583=CARTESIAN_POINT('',(1.47,-3.65,1.59));
#8584=CARTESIAN_POINT('',(1.47,-3.65,1.59));
#8585=VECTOR('',#10009,0.5);
#8586=CARTESIAN_POINT('',(1.07,-3.65,1.59));
#8587=CARTESIAN_POINT('',(1.07,-3.65,1.59));
#8588=VECTOR('',#10010,0.4);
#8589=CARTESIAN_POINT('',(1.07,-3.65,2.09));
#8590=CARTESIAN_POINT('',(1.07,-3.65,2.09));
#8591=VECTOR('',#10011,0.5);
#8592=CARTESIAN_POINT('',(0.82,-3.65,2.09));
#8593=CARTESIAN_POINT('',(1.07,-3.65,2.09));
#8594=VECTOR('',#10012,0.25);
#8595=CARTESIAN_POINT('',(0.82,-3.65,2.99));
#8596=CARTESIAN_POINT('',(0.82,-3.65,2.09));
#8597=VECTOR('',#10013,0.9);
#8598=CARTESIAN_POINT('',(1.07,-3.65,2.99));
#8599=CARTESIAN_POINT('',(0.82,-3.65,2.99));
#8600=VECTOR('',#10014,0.25);
#8601=CARTESIAN_POINT('',(1.07,-3.65,3.49));
#8602=CARTESIAN_POINT('',(1.07,-3.65,3.49));
#8603=VECTOR('',#10015,0.5);
#8604=CARTESIAN_POINT('',(1.47,-3.65,3.49));
#8605=CARTESIAN_POINT('',(1.47,-3.65,3.49));
#8606=VECTOR('',#10016,0.4);
#8607=CARTESIAN_POINT('',(1.47,-3.65,2.99));
#8608=CARTESIAN_POINT('',(1.47,-3.65,2.99));
#8609=VECTOR('',#10017,0.5);
#8610=CARTESIAN_POINT('',(1.47,-3.65,2.99));
#8611=VECTOR('',#10018,0.25);
#8612=CARTESIAN_POINT('',(-2.1,-4.25,-1.395));
#8613=CARTESIAN_POINT('',(-2.1,-4.25,-1.395));
#8614=VECTOR('',#10019,0.6);
#8615=CARTESIAN_POINT('',(-2.1,-4.25,-1.395));
#8616=VECTOR('',#10020,0.4);
#8617=CARTESIAN_POINT('',(2.5,-4.25,-1.395));
#8618=CARTESIAN_POINT('',(2.5,4.25,-1.395));
#8619=VECTOR('',#10021,8.5);
#8620=CARTESIAN_POINT('',(2.1,-4.25,-1.395));
#8621=CARTESIAN_POINT('',(2.5,-4.25,-1.395));
#8622=VECTOR('',#10022,0.4);
#8623=CARTESIAN_POINT('',(2.1,-4.25,-1.395));
#8624=VECTOR('',#10023,0.6);
#8625=CARTESIAN_POINT('',(2.1,-4.25,3.935));
#8626=CARTESIAN_POINT('',(2.1,-4.25,3.935));
#8627=VECTOR('',#10024,5.33);
#8628=CARTESIAN_POINT('',(2.1,-4.25,3.935));
#8629=VECTOR('',#10025,0.6);
#8630=CARTESIAN_POINT('',(2.5,-4.25,3.935));
#8631=CARTESIAN_POINT('',(2.5,-4.25,3.935));
#8632=VECTOR('',#10026,5.33);
#8633=CARTESIAN_POINT('',(2.1,-4.25,3.935));
#8634=VECTOR('',#10027,0.4);
#8635=CARTESIAN_POINT('',(-2.1,-4.25,3.935));
#8636=CARTESIAN_POINT('',(-2.1,-4.25,3.935));
#8637=VECTOR('',#10028,5.33);
#8638=CARTESIAN_POINT('',(-2.5,-4.25,3.935));
#8639=VECTOR('',#10029,0.4);
#8640=CARTESIAN_POINT('',(2.5,4.25,3.935));
#8641=VECTOR('',#10030,8.5);
#8642=CARTESIAN_POINT('',(-2.1,-4.25,3.935));
#8643=VECTOR('',#10031,0.6);
#8644=CARTESIAN_POINT('',(-1.72,3.85,0.45));
#8645=CARTESIAN_POINT('',(-1.72,3.85,0.45));
#8646=VECTOR('',#10032,0.9);
#8647=CARTESIAN_POINT('',(-1.72,3.85,0.45));
#8648=VECTOR('',#10033,7.5);
#8649=CARTESIAN_POINT('',(-0.82,3.85,0.45));
#8650=CARTESIAN_POINT('',(-0.82,3.85,0.45));
#8651=VECTOR('',#10034,0.9);
#8652=CARTESIAN_POINT('',(-0.82,3.85,0.45));
#8653=VECTOR('',#10035,7.5);
#8654=CARTESIAN_POINT('',(-1.07,2.75,0.45));
#8655=CARTESIAN_POINT('',(-1.07,-3.65,0.45));
#8656=VECTOR('',#10036,6.4);
#8657=CARTESIAN_POINT('',(-1.47,2.75,0.45));
#8658=CARTESIAN_POINT('',(-1.07,2.75,0.45));
#8659=VECTOR('',#10037,0.4);
#8660=CARTESIAN_POINT('',(-1.47,-3.65,0.45));
#8661=VECTOR('',#10038,6.4);
#8662=CARTESIAN_POINT('',(-1.47,2.75,0.95));
#8663=CARTESIAN_POINT('',(-1.47,2.75,0.95));
#8664=VECTOR('',#10039,0.5);
#8665=CARTESIAN_POINT('',(-1.47,-3.65,0.95));
#8666=VECTOR('',#10040,6.4);
#8667=CARTESIAN_POINT('',(-1.47,2.75,-0.95));
#8668=CARTESIAN_POINT('',(-1.47,-3.65,-0.95));
#8669=VECTOR('',#10041,6.4);
#8670=CARTESIAN_POINT('',(-1.47,2.75,-0.45));
#8671=VECTOR('',#10042,0.5);
#8672=CARTESIAN_POINT('',(-1.07,2.75,0.95));
#8673=CARTESIAN_POINT('',(-1.07,2.75,0.95));
#8674=VECTOR('',#10043,0.4);
#8675=CARTESIAN_POINT('',(-1.07,-3.65,0.95));
#8676=VECTOR('',#10044,6.4);
#8677=CARTESIAN_POINT('',(-1.07,2.75,-0.95));
#8678=CARTESIAN_POINT('',(-1.07,2.75,-0.95));
#8679=VECTOR('',#10045,0.5);
#8680=CARTESIAN_POINT('',(-1.07,-3.65,-0.95));
#8681=VECTOR('',#10046,6.4);
#8682=CARTESIAN_POINT('',(-1.07,2.75,0.45));
#8683=VECTOR('',#10047,0.5);
#8684=CARTESIAN_POINT('',(-1.47,2.75,-0.95));
#8685=VECTOR('',#10048,0.4);
#8686=CARTESIAN_POINT('',(1.07,2.75,-0.45));
#8687=CARTESIAN_POINT('',(1.47,2.75,-0.45));
#8688=CARTESIAN_POINT('',(1.07,2.75,-0.45));
#8689=VECTOR('',#10049,0.4);
#8690=CARTESIAN_POINT('',(1.07,2.75,-0.95));
#8691=CARTESIAN_POINT('',(1.07,2.75,-0.45));
#8692=VECTOR('',#10050,0.5);
#8693=CARTESIAN_POINT('',(1.47,2.75,-0.95));
#8694=CARTESIAN_POINT('',(1.07,2.75,-0.95));
#8695=VECTOR('',#10051,0.4);
#8696=CARTESIAN_POINT('',(1.47,2.75,-0.95));
#8697=VECTOR('',#10052,0.5);
#8698=CARTESIAN_POINT('',(1.07,2.75,0.45));
#8699=CARTESIAN_POINT('',(1.47,2.75,0.45));
#8700=CARTESIAN_POINT('',(1.07,2.75,0.45));
#8701=VECTOR('',#10053,0.4);
#8702=CARTESIAN_POINT('',(1.47,2.75,0.95));
#8703=CARTESIAN_POINT('',(1.47,2.75,0.45));
#8704=VECTOR('',#10054,0.5);
#8705=CARTESIAN_POINT('',(1.07,2.75,0.95));
#8706=CARTESIAN_POINT('',(1.47,2.75,0.95));
#8707=VECTOR('',#10055,0.4);
#8708=CARTESIAN_POINT('',(1.07,2.75,0.95));
#8709=VECTOR('',#10056,0.5);
#8710=CARTESIAN_POINT('',(1.72,3.85,-0.45));
#8711=CARTESIAN_POINT('',(1.72,3.85,-0.45));
#8712=VECTOR('',#10057,7.5);
#8713=CARTESIAN_POINT('',(0.82,3.85,-0.45));
#8714=CARTESIAN_POINT('',(0.82,3.85,-0.45));
#8715=VECTOR('',#10058,0.9);
#8716=CARTESIAN_POINT('',(0.82,3.85,-0.45));
#8717=VECTOR('',#10059,7.5);
#8718=CARTESIAN_POINT('',(1.07,2.75,-0.45));
#8719=VECTOR('',#10060,6.4);
#8720=CARTESIAN_POINT('',(1.47,2.75,-0.45));
#8721=VECTOR('',#10061,6.4);
#8722=CARTESIAN_POINT('',(1.47,-3.65,-0.95));
#8723=VECTOR('',#10062,6.4);
#8724=CARTESIAN_POINT('',(1.47,-3.65,0.95));
#8725=VECTOR('',#10063,6.4);
#8726=CARTESIAN_POINT('',(1.47,2.75,0.45));
#8727=VECTOR('',#10064,6.4);
#8728=CARTESIAN_POINT('',(1.07,-3.65,-0.95));
#8729=VECTOR('',#10065,6.4);
#8730=CARTESIAN_POINT('',(1.07,2.75,0.45));
#8731=VECTOR('',#10066,6.4);
#8732=CARTESIAN_POINT('',(1.07,-3.65,0.95));
#8733=VECTOR('',#10067,6.4);
#8734=CARTESIAN_POINT('',(0.82,3.85,0.45));
#8735=CARTESIAN_POINT('',(0.82,3.85,0.45));
#8736=VECTOR('',#10068,7.5);
#8737=CARTESIAN_POINT('',(1.72,3.85,0.45));
#8738=CARTESIAN_POINT('',(1.72,3.85,0.45));
#8739=VECTOR('',#10069,0.9);
#8740=CARTESIAN_POINT('',(1.72,3.85,0.45));
#8741=VECTOR('',#10070,7.5);
#8742=CARTESIAN_POINT('',(1.72,3.85,-0.45));
#8743=VECTOR('',#10071,0.9);
#8744=CARTESIAN_POINT('',(1.72,3.85,0.45));
#8745=VECTOR('',#10072,0.692820323027569);
#8746=CARTESIAN_POINT('',(1.72,3.85,-0.45));
#8747=VECTOR('',#10073,0.692820323027569);
#8748=CARTESIAN_POINT('',(0.82,3.85,-0.45));
#8749=VECTOR('',#10074,0.692820323027569);
#8750=CARTESIAN_POINT('',(0.82,3.85,0.45));
#8751=VECTOR('',#10075,0.692820323027569);
#8752=CARTESIAN_POINT('',(0.82,3.85,0.45));
#8753=VECTOR('',#10076,0.9);
#8754=CARTESIAN_POINT('',(-0.82,3.85,-0.45));
#8755=VECTOR('',#10077,0.9);
#8756=CARTESIAN_POINT('',(-0.82,3.85,0.45));
#8757=VECTOR('',#10078,0.692820323027569);
#8758=CARTESIAN_POINT('',(-1.72,3.85,0.45));
#8759=VECTOR('',#10079,0.692820323027569);
#8760=CARTESIAN_POINT('',(-1.72,3.85,2.09));
#8761=CARTESIAN_POINT('',(-1.72,3.85,2.09));
#8762=VECTOR('',#10080,7.5);
#8763=CARTESIAN_POINT('',(-1.72,3.85,2.99));
#8764=CARTESIAN_POINT('',(-1.72,3.85,2.99));
#8765=VECTOR('',#10081,0.9);
#8766=CARTESIAN_POINT('',(-1.72,3.85,2.99));
#8767=VECTOR('',#10082,7.5);
#8768=CARTESIAN_POINT('',(-0.82,3.85,2.99));
#8769=CARTESIAN_POINT('',(-0.82,3.85,2.99));
#8770=VECTOR('',#10083,0.9);
#8771=CARTESIAN_POINT('',(-0.82,3.85,2.99));
#8772=VECTOR('',#10084,7.5);
#8773=CARTESIAN_POINT('',(-1.07,2.75,2.99));
#8774=CARTESIAN_POINT('',(-1.07,-3.65,2.99));
#8775=VECTOR('',#10085,6.4);
#8776=CARTESIAN_POINT('',(-1.47,2.75,2.99));
#8777=CARTESIAN_POINT('',(-1.07,2.75,2.99));
#8778=VECTOR('',#10086,0.4);
#8779=CARTESIAN_POINT('',(-1.47,-3.65,2.99));
#8780=VECTOR('',#10087,6.4);
#8781=CARTESIAN_POINT('',(-1.47,2.75,3.49));
#8782=CARTESIAN_POINT('',(-1.47,2.75,3.49));
#8783=VECTOR('',#10088,0.5);
#8784=CARTESIAN_POINT('',(-1.47,-3.65,3.49));
#8785=VECTOR('',#10089,6.4);
#8786=CARTESIAN_POINT('',(-1.47,2.75,1.59));
#8787=CARTESIAN_POINT('',(-1.47,-3.65,1.59));
#8788=VECTOR('',#10090,6.4);
#8789=CARTESIAN_POINT('',(-1.47,2.75,2.09));
#8790=CARTESIAN_POINT('',(-1.47,2.75,2.09));
#8791=VECTOR('',#10091,0.5);
#8792=CARTESIAN_POINT('',(-1.47,-3.65,2.09));
#8793=VECTOR('',#10092,6.4);
#8794=CARTESIAN_POINT('',(-1.07,2.75,3.49));
#8795=CARTESIAN_POINT('',(-1.07,2.75,3.49));
#8796=VECTOR('',#10093,0.4);
#8797=CARTESIAN_POINT('',(-1.07,-3.65,3.49));
#8798=VECTOR('',#10094,6.4);
#8799=CARTESIAN_POINT('',(-1.07,2.75,2.09));
#8800=CARTESIAN_POINT('',(-1.07,-3.65,2.09));
#8801=VECTOR('',#10095,6.4);
#8802=CARTESIAN_POINT('',(-1.07,2.75,1.59));
#8803=CARTESIAN_POINT('',(-1.07,2.75,1.59));
#8804=VECTOR('',#10096,0.5);
#8805=CARTESIAN_POINT('',(-1.07,-3.65,1.59));
#8806=VECTOR('',#10097,6.4);
#8807=CARTESIAN_POINT('',(-1.07,2.75,2.99));
#8808=VECTOR('',#10098,0.5);
#8809=CARTESIAN_POINT('',(-1.47,2.75,1.59));
#8810=VECTOR('',#10099,0.4);
#8811=CARTESIAN_POINT('',(-1.07,2.75,2.09));
#8812=VECTOR('',#10100,0.4);
#8813=CARTESIAN_POINT('',(1.47,2.75,1.59));
#8814=CARTESIAN_POINT('',(1.47,2.75,2.09));
#8815=CARTESIAN_POINT('',(1.47,2.75,1.59));
#8816=VECTOR('',#10101,0.5);
#8817=CARTESIAN_POINT('',(1.07,2.75,2.09));
#8818=CARTESIAN_POINT('',(1.07,2.75,2.09));
#8819=VECTOR('',#10102,0.4);
#8820=CARTESIAN_POINT('',(1.07,2.75,1.59));
#8821=CARTESIAN_POINT('',(1.07,2.75,2.09));
#8822=VECTOR('',#10103,0.5);
#8823=CARTESIAN_POINT('',(1.07,2.75,1.59));
#8824=VECTOR('',#10104,0.4);
#8825=CARTESIAN_POINT('',(1.47,2.75,2.99));
#8826=CARTESIAN_POINT('',(1.47,2.75,3.49));
#8827=CARTESIAN_POINT('',(1.47,2.75,2.99));
#8828=VECTOR('',#10105,0.5);
#8829=CARTESIAN_POINT('',(1.07,2.75,3.49));
#8830=CARTESIAN_POINT('',(1.47,2.75,3.49));
#8831=VECTOR('',#10106,0.4);
#8832=CARTESIAN_POINT('',(1.07,2.75,2.99));
#8833=CARTESIAN_POINT('',(1.07,2.75,3.49));
#8834=VECTOR('',#10107,0.5);
#8835=CARTESIAN_POINT('',(1.07,2.75,2.99));
#8836=VECTOR('',#10108,0.4);
#8837=CARTESIAN_POINT('',(-0.82,3.85,2.09));
#8838=CARTESIAN_POINT('',(-0.82,3.85,2.09));
#8839=VECTOR('',#10109,7.5);
#8840=CARTESIAN_POINT('',(-1.72,3.85,2.09));
#8841=VECTOR('',#10110,0.9);
#8842=CARTESIAN_POINT('',(-0.82,3.85,2.09));
#8843=VECTOR('',#10111,0.692820323027569);
#8844=CARTESIAN_POINT('',(-1.72,3.85,2.09));
#8845=VECTOR('',#10112,0.692820323027569);
#8846=CARTESIAN_POINT('',(-1.72,3.85,2.99));
#8847=VECTOR('',#10113,0.692820323027569);
#8848=CARTESIAN_POINT('',(-0.82,3.85,2.99));
#8849=VECTOR('',#10114,0.692820323027569);
#8850=CARTESIAN_POINT('',(-0.82,3.85,2.09));
#8851=VECTOR('',#10115,0.9);
#8852=CARTESIAN_POINT('',(1.47,-3.65,2.09));
#8853=VECTOR('',#10116,6.4);
#8854=CARTESIAN_POINT('',(1.47,-3.65,1.59));
#8855=VECTOR('',#10117,6.4);
#8856=CARTESIAN_POINT('',(1.47,-3.65,3.49));
#8857=VECTOR('',#10118,6.4);
#8858=CARTESIAN_POINT('',(1.47,-3.65,2.99));
#8859=VECTOR('',#10119,6.4);
#8860=CARTESIAN_POINT('',(1.07,-3.65,1.59));
#8861=VECTOR('',#10120,6.4);
#8862=CARTESIAN_POINT('',(1.07,-3.65,2.99));
#8863=VECTOR('',#10121,6.4);
#8864=CARTESIAN_POINT('',(1.07,-3.65,3.49));
#8865=VECTOR('',#10122,6.4);
#8866=CARTESIAN_POINT('',(1.07,-3.65,2.09));
#8867=VECTOR('',#10123,6.4);
#8868=CARTESIAN_POINT('',(0.82,3.85,2.99));
#8869=CARTESIAN_POINT('',(0.82,3.85,2.99));
#8870=VECTOR('',#10124,7.5);
#8871=CARTESIAN_POINT('',(1.72,3.85,2.99));
#8872=CARTESIAN_POINT('',(1.72,3.85,2.99));
#8873=VECTOR('',#10125,0.9);
#8874=CARTESIAN_POINT('',(1.72,3.85,2.99));
#8875=VECTOR('',#10126,7.5);
#8876=CARTESIAN_POINT('',(1.72,3.85,2.09));
#8877=CARTESIAN_POINT('',(1.72,3.85,2.09));
#8878=VECTOR('',#10127,0.9);
#8879=CARTESIAN_POINT('',(1.72,3.85,2.09));
#8880=VECTOR('',#10128,7.5);
#8881=CARTESIAN_POINT('',(0.82,3.85,2.09));
#8882=CARTESIAN_POINT('',(0.82,3.85,2.09));
#8883=VECTOR('',#10129,0.9);
#8884=CARTESIAN_POINT('',(0.82,3.85,2.09));
#8885=VECTOR('',#10130,7.5);
#8886=CARTESIAN_POINT('',(0.82,3.85,2.99));
#8887=VECTOR('',#10131,0.9);
#8888=CARTESIAN_POINT('',(0.82,3.85,2.99));
#8889=VECTOR('',#10132,0.692820323027569);
#8890=CARTESIAN_POINT('',(0.82,3.85,2.09));
#8891=VECTOR('',#10133,0.692820323027569);
#8892=CARTESIAN_POINT('',(1.72,3.85,2.09));
#8893=VECTOR('',#10134,0.692820323027569);
#8894=CARTESIAN_POINT('',(1.72,3.85,2.99));
#8895=VECTOR('',#10135,0.692820323027569);
#8896=CARTESIAN_POINT('',(1.07,-3.24999999999723,0.950000052971307));
#8897=CARTESIAN_POINT('',(1.47,-3.24999999999723,0.950000052971307));
#8898=CARTESIAN_POINT('',(1.07,-3.25,0.95));
#8899=VECTOR('',#10136,0.4);
#8900=CARTESIAN_POINT('',(1.47,-2.556205025553,0.95));
#8901=CARTESIAN_POINT('',(1.47,-2.556205025553,0.95));
#8902=VECTOR('',#10137,0.693794974447);
#8903=CARTESIAN_POINT('',(1.48462501668,-2.504136683702,0.95));
#8904=AXIS2_PLACEMENT_3D('',#10138,#10139,#10140);
#8905=CARTESIAN_POINT('',(1.48462501668,-2.295863316298,0.95));
#8906=AXIS2_PLACEMENT_3D('',#10141,#10142,#10143);
#8907=CARTESIAN_POINT('',(1.47,-2.243794974447,0.95));
#8908=AXIS2_PLACEMENT_3D('',#10144,#10145,#10146);
#8909=CARTESIAN_POINT('',(1.47,-1.82,0.95));
#8910=CARTESIAN_POINT('',(1.47,-1.82,0.95));
#8911=VECTOR('',#10147,0.423794974447);
#8912=CARTESIAN_POINT('',(1.07,-1.82,0.95));
#8913=CARTESIAN_POINT('',(1.47,-1.82,0.95));
#8914=VECTOR('',#10148,0.4);
#8915=CARTESIAN_POINT('',(1.07,-2.243794974447,0.95));
#8916=CARTESIAN_POINT('',(1.07,-2.243794974447,0.95));
#8917=VECTOR('',#10149,0.423794974447);
#8918=CARTESIAN_POINT('',(1.05537498332,-2.295863316298,0.95));
#8919=AXIS2_PLACEMENT_3D('',#10150,#10151,#10152);
#8920=CARTESIAN_POINT('',(1.05537498332,-2.504136683702,0.95));
#8921=AXIS2_PLACEMENT_3D('',#10153,#10154,#10155);
#8922=CARTESIAN_POINT('',(1.07,-2.556205025553,0.95));
#8923=AXIS2_PLACEMENT_3D('',#10156,#10157,#10158);
#8924=CARTESIAN_POINT('',(1.07,-3.25,0.95));
#8925=VECTOR('',#10159,0.693794974447);
#8926=CARTESIAN_POINT('',(1.47,-3.65000518723902,0.749999957867806));
#8927=CARTESIAN_POINT('',(1.46999999999999,-3.24999999999681,0.950000106380392));
#8928=CARTESIAN_POINT('',(1.46999999999999,-3.2988967215213,0.950001572615405));
#8929=CARTESIAN_POINT('',(1.46999999999999,-3.3455652014079,0.947774797212594));
#8930=CARTESIAN_POINT('',(1.46999999999999,-3.38926408458133,0.94257842509666));
#8931=CARTESIAN_POINT('',(1.46999999999999,-3.43495710233467,0.937144924144154));
#8932=CARTESIAN_POINT('',(1.46999999999999,-3.47740331302833,0.928464616132027));
#8933=CARTESIAN_POINT('',(1.46999999999999,-3.51495900064483,0.914893785042655));
#8934=CARTESIAN_POINT('',(1.46999999999999,-3.55251468826133,0.901322953953283));
#8935=CARTESIAN_POINT('',(1.46999999999999,-3.58517985280067,0.882861599786667));
#8936=CARTESIAN_POINT('',(1.46999999999999,-3.60996918453833,0.856524412818246));
#8937=CARTESIAN_POINT('',(1.46999999999999,-3.63365724445157,0.83135726150266));
#8938=CARTESIAN_POINT('',(1.46999999999999,-3.65015369921518,0.798998505037319));
#8939=CARTESIAN_POINT('',(1.46999999999999,-3.65001037505841,0.749999969652226));
#8940=CARTESIAN_POINT('',(1.07,-3.65000518723902,0.749999957867806));
#8941=CARTESIAN_POINT('',(1.07,-3.65001037505841,0.749999969652226));
#8942=CARTESIAN_POINT('',(1.07,-3.65015369921518,0.798998505037319));
#8943=CARTESIAN_POINT('',(1.07,-3.63365724445157,0.83135726150266));
#8944=CARTESIAN_POINT('',(1.07,-3.60996918453833,0.856524412818246));
#8945=CARTESIAN_POINT('',(1.07,-3.58517985280067,0.882861599786667));
#8946=CARTESIAN_POINT('',(1.07,-3.55251468826133,0.901322953953283));
#8947=CARTESIAN_POINT('',(1.07,-3.51495900064483,0.914893785042655));
#8948=CARTESIAN_POINT('',(1.07,-3.47740331302833,0.928464616132027));
#8949=CARTESIAN_POINT('',(1.07,-3.43495710233467,0.937144924144154));
#8950=CARTESIAN_POINT('',(1.07,-3.38926408458133,0.94257842509666));
#8951=CARTESIAN_POINT('',(1.07,-3.3455652014079,0.947774797212594));
#8952=CARTESIAN_POINT('',(1.07,-3.2988967215213,0.950001572615406));
#8953=CARTESIAN_POINT('',(1.07,-3.24999999999681,0.950000106380392));
#8954=CARTESIAN_POINT('',(1.07,-3.65,0.75));
#8955=VECTOR('',#10160,0.4);
#8956=CARTESIAN_POINT('',(1.47,-2.243794974447,-0.97));
#8957=CARTESIAN_POINT('',(1.47,-2.243794974447,-0.81));
#8958=CARTESIAN_POINT('',(1.47,-2.243794974447,-0.97));
#8959=VECTOR('',#10161,0.16);
#8960=CARTESIAN_POINT('',(1.47,-1.82,-0.97));
#8961=CARTESIAN_POINT('',(1.47,-1.82,-0.97));
#8962=VECTOR('',#10162,0.423794974447);
#8963=CARTESIAN_POINT('',(1.47,2.63,-0.864167457931));
#8964=CARTESIAN_POINT('',(1.47,-1.82,-0.97));
#8965=VECTOR('',#10163,4.45125830827189);
#8966=CARTESIAN_POINT('',(1.47,2.63,-0.814167457931));
#8967=CARTESIAN_POINT('',(1.47,2.63,-0.814167457931));
#8968=VECTOR('',#10164,0.05);
#8969=CARTESIAN_POINT('',(1.47,1.495831239518,-0.26));
#8970=AXIS2_PLACEMENT_3D('',#10165,#10166,#10167);
#8971=CARTESIAN_POINT('',(1.47,1.337132761215,-0.309915194209));
#8972=AXIS2_PLACEMENT_3D('',#10168,#10169,#10170);
#8973=CARTESIAN_POINT('',(1.47,-1.82,-0.385));
#8974=CARTESIAN_POINT('',(1.47,1.337132761215,-0.309915194209));
#8975=VECTOR('',#10171,3.15802549071392);
#8976=CARTESIAN_POINT('',(1.47,-1.82,0.365));
#8977=AXIS2_PLACEMENT_3D('',#10172,#10173,#10174);
#8978=CARTESIAN_POINT('',(1.47,1.337132761215,0.289915194209));
#8979=CARTESIAN_POINT('',(1.47,-1.82,0.365));
#8980=VECTOR('',#10175,3.15802549071392);
#8981=CARTESIAN_POINT('',(1.47,1.495831239518,0.24));
#8982=AXIS2_PLACEMENT_3D('',#10176,#10177,#10178);
#8983=CARTESIAN_POINT('',(1.47,2.63,0.7941674579307));
#8984=AXIS2_PLACEMENT_3D('',#10179,#10180,#10181);
#8985=CARTESIAN_POINT('',(1.47,2.63,0.8441674579307));
#8986=CARTESIAN_POINT('',(1.47,2.63,0.8441674579307));
#8987=VECTOR('',#10182,0.05);
#8988=CARTESIAN_POINT('',(1.47,2.63,0.8441674579307));
#8989=VECTOR('',#10183,4.45125830827189);
#8990=CARTESIAN_POINT('',(1.47,-2.243794974447,0.79));
#8991=CARTESIAN_POINT('',(1.47,-2.243794974447,0.79));
#8992=VECTOR('',#10184,0.16);
#8993=CARTESIAN_POINT('',(1.47,-2.556205025553,0.79));
#8994=CARTESIAN_POINT('',(1.47,-2.556205025553,0.79));
#8995=VECTOR('',#10185,0.312410051106);
#8996=CARTESIAN_POINT('',(1.47,-2.556205025553,0.95));
#8997=VECTOR('',#10186,0.16);
#8998=CARTESIAN_POINT('',(1.47,-3.65000518723902,-0.76999995786781));
#8999=CARTESIAN_POINT('',(1.47,-3.65,0.75));
#9000=VECTOR('',#10187,1.52);
#9001=CARTESIAN_POINT('',(1.47,-3.24999999999723,-0.9700000529713));
#9002=CARTESIAN_POINT('',(1.47,-3.65001037505841,-0.76999996965223));
#9003=CARTESIAN_POINT('',(1.47,-3.65015369921517,-0.81899850503772));
#9004=CARTESIAN_POINT('',(1.47,-3.63365724445157,-0.85135726150284));
#9005=CARTESIAN_POINT('',(1.47,-3.60996918453833,-0.87652441281833));
#9006=CARTESIAN_POINT('',(1.47,-3.58517985280067,-0.90286159978667));
#9007=CARTESIAN_POINT('',(1.47,-3.55251468826133,-0.92132295395333));
#9008=CARTESIAN_POINT('',(1.47,-3.51495900064483,-0.93489378504267));
#9009=CARTESIAN_POINT('',(1.47,-3.47740331302833,-0.948464616132));
#9010=CARTESIAN_POINT('',(1.47,-3.43495710233467,-0.957144924144));
#9011=CARTESIAN_POINT('',(1.47,-3.38926408458133,-0.9625784250965));
#9012=CARTESIAN_POINT('',(1.47,-3.3455652014079,-0.96777479721243));
#9013=CARTESIAN_POINT('',(1.47,-3.2988967215213,-0.97000157261534));
#9014=CARTESIAN_POINT('',(1.47,-3.24999999999681,-0.97000010638038));
#9015=CARTESIAN_POINT('',(1.47,-2.556205025553,-0.97));
#9016=CARTESIAN_POINT('',(1.47,-2.556205025553,-0.97));
#9017=VECTOR('',#10188,0.693794974447);
#9018=CARTESIAN_POINT('',(1.47,-2.556205025553,-0.81));
#9019=CARTESIAN_POINT('',(1.47,-2.556205025553,-0.81));
#9020=VECTOR('',#10189,0.16);
#9021=CARTESIAN_POINT('',(1.47,-2.556205025553,-0.81));
#9022=VECTOR('',#10190,0.312410051106);
#9023=CARTESIAN_POINT('',(1.48462501668,-2.295863316298,-0.81));
#9024=AXIS2_PLACEMENT_3D('',#10191,#10192,#10193);
#9025=CARTESIAN_POINT('',(1.48462501668,-2.295863316298,-0.97));
#9026=CARTESIAN_POINT('',(1.48462501668,-2.295863316298,-0.97));
#9027=VECTOR('',#10194,0.16);
#9028=AXIS2_PLACEMENT_3D('',#10195,#10196,#10197);
#9029=CARTESIAN_POINT('',(1.48462501668,-2.295863316298,0.79));
#9030=AXIS2_PLACEMENT_3D('',#10198,#10199,#10200);
#9031=CARTESIAN_POINT('',(1.48462501668,-2.295863316298,0.79));
#9032=VECTOR('',#10201,0.16);
#9033=CARTESIAN_POINT('',(1.48462501668,-2.504136683702,-0.81));
#9034=AXIS2_PLACEMENT_3D('',#10202,#10203,#10204);
#9035=AXIS2_PLACEMENT_3D('',#10205,#10206,#10207);
#9036=CARTESIAN_POINT('',(1.48462501668,-2.504136683702,-0.97));
#9037=CARTESIAN_POINT('',(1.48462501668,-2.504136683702,-0.81));
#9038=VECTOR('',#10208,0.16);
#9039=AXIS2_PLACEMENT_3D('',#10209,#10210,#10211);
#9040=CARTESIAN_POINT('',(1.48462501668,-2.504136683702,0.79));
#9041=AXIS2_PLACEMENT_3D('',#10212,#10213,#10214);
#9042=CARTESIAN_POINT('',(1.48462501668,-2.504136683702,0.95));
#9043=VECTOR('',#10215,0.16);
#9044=CARTESIAN_POINT('',(1.07,-3.24999999999723,-0.9700000529713));
#9045=CARTESIAN_POINT('',(1.47,-3.25,-0.97));
#9046=VECTOR('',#10216,0.4);
#9047=CARTESIAN_POINT('',(1.07,-2.556205025553,-0.97));
#9048=CARTESIAN_POINT('',(1.07,-3.25,-0.97));
#9049=VECTOR('',#10217,0.693794974447);
#9050=CARTESIAN_POINT('',(1.05537498332,-2.504136683702,-0.97));
#9051=AXIS2_PLACEMENT_3D('',#10218,#10219,#10220);
#9052=CARTESIAN_POINT('',(1.05537498332,-2.295863316298,-0.97));
#9053=AXIS2_PLACEMENT_3D('',#10221,#10222,#10223);
#9054=CARTESIAN_POINT('',(1.07,-2.243794974447,-0.97));
#9055=AXIS2_PLACEMENT_3D('',#10224,#10225,#10226);
#9056=CARTESIAN_POINT('',(1.07,-1.82,-0.97));
#9057=CARTESIAN_POINT('',(1.07,-2.243794974447,-0.97));
#9058=VECTOR('',#10227,0.423794974447);
#9059=CARTESIAN_POINT('',(1.47,-1.82,-0.97));
#9060=VECTOR('',#10228,0.4);
#9061=AXIS2_PLACEMENT_3D('',#10229,#10230,#10231);
#9062=CARTESIAN_POINT('',(1.07,-3.65000518723902,-0.76999995786781));
#9063=CARTESIAN_POINT('',(1.07,-3.24999999999681,-0.97000010638038));
#9064=CARTESIAN_POINT('',(1.07,-3.2988967215213,-0.97000157261534));
#9065=CARTESIAN_POINT('',(1.07,-3.3455652014079,-0.96777479721243));
#9066=CARTESIAN_POINT('',(1.07,-3.38926408458133,-0.9625784250965));
#9067=CARTESIAN_POINT('',(1.07,-3.43495710233467,-0.957144924144));
#9068=CARTESIAN_POINT('',(1.07,-3.47740331302833,-0.948464616132));
#9069=CARTESIAN_POINT('',(1.07,-3.51495900064483,-0.93489378504267));
#9070=CARTESIAN_POINT('',(1.07,-3.55251468826133,-0.92132295395333));
#9071=CARTESIAN_POINT('',(1.07,-3.58517985280067,-0.90286159978667));
#9072=CARTESIAN_POINT('',(1.07,-3.60996918453833,-0.87652441281833));
#9073=CARTESIAN_POINT('',(1.07,-3.63365724445157,-0.85135726150284));
#9074=CARTESIAN_POINT('',(1.07,-3.65015369921517,-0.81899850503772));
#9075=CARTESIAN_POINT('',(1.07,-3.65001037505841,-0.76999996965223));
#9076=CARTESIAN_POINT('',(1.47,-3.65,-0.77));
#9077=VECTOR('',#10232,0.4);
#9078=CARTESIAN_POINT('',(1.07,-2.556205025553,-0.81));
#9079=CARTESIAN_POINT('',(1.07,-2.556205025553,-0.97));
#9080=VECTOR('',#10233,0.16);
#9081=CARTESIAN_POINT('',(1.07,-3.65,-0.77));
#9082=VECTOR('',#10234,1.52);
#9083=CARTESIAN_POINT('',(1.07,-2.556205025553,0.79));
#9084=CARTESIAN_POINT('',(1.07,-2.556205025553,0.79));
#9085=VECTOR('',#10235,0.16);
#9086=CARTESIAN_POINT('',(1.07,-2.243794974447,0.79));
#9087=CARTESIAN_POINT('',(1.07,-2.556205025553,0.79));
#9088=VECTOR('',#10236,0.312410051106);
#9089=CARTESIAN_POINT('',(1.07,-2.243794974447,0.95));
#9090=VECTOR('',#10237,0.16);
#9091=CARTESIAN_POINT('',(1.07,2.63,0.8441674579307));
#9092=CARTESIAN_POINT('',(1.07,2.63,0.8441674579307));
#9093=VECTOR('',#10238,4.45125830827189);
#9094=CARTESIAN_POINT('',(1.07,2.63,0.7941674579307));
#9095=CARTESIAN_POINT('',(1.07,2.63,0.8441674579307));
#9096=VECTOR('',#10239,0.05);
#9097=CARTESIAN_POINT('',(1.07,1.495831239518,0.24));
#9098=AXIS2_PLACEMENT_3D('',#10240,#10241,#10242);
#9099=CARTESIAN_POINT('',(1.07,1.337132761215,0.289915194209));
#9100=AXIS2_PLACEMENT_3D('',#10243,#10244,#10245);
#9101=CARTESIAN_POINT('',(1.07,-1.82,0.365));
#9102=CARTESIAN_POINT('',(1.07,-1.82,0.365));
#9103=VECTOR('',#10246,3.15802549071392);
#9104=CARTESIAN_POINT('',(1.07,-1.82,-0.385));
#9105=AXIS2_PLACEMENT_3D('',#10247,#10248,#10249);
#9106=CARTESIAN_POINT('',(1.07,1.337132761215,-0.309915194209));
#9107=CARTESIAN_POINT('',(1.07,1.337132761215,-0.309915194209));
#9108=VECTOR('',#10250,3.15802549071392);
#9109=CARTESIAN_POINT('',(1.07,1.495831239518,-0.26));
#9110=AXIS2_PLACEMENT_3D('',#10251,#10252,#10253);
#9111=CARTESIAN_POINT('',(1.07,2.63,-0.814167457931));
#9112=AXIS2_PLACEMENT_3D('',#10254,#10255,#10256);
#9113=CARTESIAN_POINT('',(1.07,2.63,-0.864167457931));
#9114=CARTESIAN_POINT('',(1.07,2.63,-0.814167457931));
#9115=VECTOR('',#10257,0.05);
#9116=CARTESIAN_POINT('',(1.07,-1.82,-0.97));
#9117=VECTOR('',#10258,4.45125830827189);
#9118=CARTESIAN_POINT('',(1.07,-2.243794974447,-0.81));
#9119=CARTESIAN_POINT('',(1.07,-2.243794974447,-0.81));
#9120=VECTOR('',#10259,0.16);
#9121=CARTESIAN_POINT('',(1.07,-2.556205025553,-0.81));
#9122=VECTOR('',#10260,0.312410051106);
#9123=CARTESIAN_POINT('',(1.05537498332,-2.504136683702,0.79));
#9124=AXIS2_PLACEMENT_3D('',#10261,#10262,#10263);
#9125=CARTESIAN_POINT('',(1.05537498332,-2.504136683702,0.79));
#9126=VECTOR('',#10264,0.16);
#9127=CARTESIAN_POINT('',(1.05537498332,-2.504136683702,-0.81));
#9128=AXIS2_PLACEMENT_3D('',#10265,#10266,#10267);
#9129=CARTESIAN_POINT('',(1.05537498332,-2.504136683702,-0.97));
#9130=VECTOR('',#10268,0.16);
#9131=CARTESIAN_POINT('',(1.05537498332,-2.295863316298,0.79));
#9132=AXIS2_PLACEMENT_3D('',#10269,#10270,#10271);
#9133=AXIS2_PLACEMENT_3D('',#10272,#10273,#10274);
#9134=CARTESIAN_POINT('',(1.05537498332,-2.295863316298,0.95));
#9135=VECTOR('',#10275,0.16);
#9136=CARTESIAN_POINT('',(1.05537498332,-2.295863316298,-0.81));
#9137=AXIS2_PLACEMENT_3D('',#10276,#10277,#10278);
#9138=CARTESIAN_POINT('',(1.05537498332,-2.295863316298,-0.81));
#9139=VECTOR('',#10279,0.16);
#9140=AXIS2_PLACEMENT_3D('',#10280,#10281,#10282);
#9141=CARTESIAN_POINT('',(1.07,2.63,-0.864167457931));
#9142=VECTOR('',#10283,0.4);
#9143=CARTESIAN_POINT('',(1.07,2.63,0.8441674579307));
#9144=VECTOR('',#10284,0.4);
#9145=CARTESIAN_POINT('',(1.47,2.63,0.7941674579307));
#9146=VECTOR('',#10285,0.4);
#9147=CARTESIAN_POINT('',(1.47,2.63,-0.814167457931));
#9148=VECTOR('',#10286,0.4);
#9149=CARTESIAN_POINT('',(1.07,1.495831239518,0.24));
#9150=VECTOR('',#10287,0.4);
#9151=CARTESIAN_POINT('',(1.07,1.337132761215,0.289915194209));
#9152=VECTOR('',#10288,0.4);
#9153=CARTESIAN_POINT('',(1.07,-1.82,0.365));
#9154=VECTOR('',#10289,0.4);
#9155=CARTESIAN_POINT('',(1.07,-1.82,-0.385));
#9156=VECTOR('',#10290,0.4);
#9157=CARTESIAN_POINT('',(1.07,1.337132761215,-0.309915194209));
#9158=VECTOR('',#10291,0.4);
#9159=CARTESIAN_POINT('',(1.07,1.495831239518,-0.26));
#9160=VECTOR('',#10292,0.4);
#9161=AXIS2_PLACEMENT_3D('',#10293,#10294,#10295);
#9162=CARTESIAN_POINT('',(1.07,-3.24999999999723,3.49000005297131));
#9163=CARTESIAN_POINT('',(1.47,-3.24999999999723,3.49000005297131));
#9164=CARTESIAN_POINT('',(1.07,-3.25,3.49));
#9165=VECTOR('',#10296,0.4);
#9166=CARTESIAN_POINT('',(1.47,-2.556205025553,3.49));
#9167=CARTESIAN_POINT('',(1.47,-2.556205025553,3.49));
#9168=VECTOR('',#10297,0.693794974447);
#9169=CARTESIAN_POINT('',(1.48462501668,-2.504136683702,3.49));
#9170=AXIS2_PLACEMENT_3D('',#10298,#10299,#10300);
#9171=CARTESIAN_POINT('',(1.48462501668,-2.295863316298,3.49));
#9172=AXIS2_PLACEMENT_3D('',#10301,#10302,#10303);
#9173=CARTESIAN_POINT('',(1.47,-2.243794974447,3.49));
#9174=AXIS2_PLACEMENT_3D('',#10304,#10305,#10306);
#9175=CARTESIAN_POINT('',(1.47,-1.82,3.49));
#9176=CARTESIAN_POINT('',(1.47,-1.82,3.49));
#9177=VECTOR('',#10307,0.423794974447);
#9178=CARTESIAN_POINT('',(1.07,-1.82,3.49));
#9179=CARTESIAN_POINT('',(1.47,-1.82,3.49));
#9180=VECTOR('',#10308,0.4);
#9181=CARTESIAN_POINT('',(1.07,-2.243794974447,3.49));
#9182=CARTESIAN_POINT('',(1.07,-2.243794974447,3.49));
#9183=VECTOR('',#10309,0.423794974447);
#9184=CARTESIAN_POINT('',(1.05537498332,-2.295863316298,3.49));
#9185=AXIS2_PLACEMENT_3D('',#10310,#10311,#10312);
#9186=CARTESIAN_POINT('',(1.05537498332,-2.504136683702,3.49));
#9187=AXIS2_PLACEMENT_3D('',#10313,#10314,#10315);
#9188=CARTESIAN_POINT('',(1.07,-2.556205025553,3.49));
#9189=AXIS2_PLACEMENT_3D('',#10316,#10317,#10318);
#9190=CARTESIAN_POINT('',(1.07,-3.25,3.49));
#9191=VECTOR('',#10319,0.693794974447);
#9192=CARTESIAN_POINT('',(1.47,-3.65000518723902,3.28999995786781));
#9193=CARTESIAN_POINT('',(1.46999999999999,-3.24999999999681,3.49000010638039));
#9194=CARTESIAN_POINT('',(1.46999999999999,-3.2988967215213,3.49000157261541));
#9195=CARTESIAN_POINT('',(1.46999999999999,-3.3455652014079,3.48777479721259));
#9196=CARTESIAN_POINT('',(1.46999999999999,-3.38926408458133,3.48257842509666));
#9197=CARTESIAN_POINT('',(1.46999999999999,-3.43495710233467,3.47714492414415));
#9198=CARTESIAN_POINT('',(1.46999999999999,-3.47740331302833,3.46846461613203));
#9199=CARTESIAN_POINT('',(1.46999999999999,-3.51495900064483,3.45489378504266));
#9200=CARTESIAN_POINT('',(1.46999999999999,-3.55251468826133,3.44132295395328));
#9201=CARTESIAN_POINT('',(1.46999999999999,-3.58517985280067,3.42286159978667));
#9202=CARTESIAN_POINT('',(1.46999999999999,-3.60996918453833,3.39652441281825));
#9203=CARTESIAN_POINT('',(1.46999999999999,-3.63365724445157,3.37135726150266));
#9204=CARTESIAN_POINT('',(1.46999999999999,-3.65015369921518,3.33899850503732));
#9205=CARTESIAN_POINT('',(1.46999999999999,-3.65001037505841,3.28999996965223));
#9206=CARTESIAN_POINT('',(1.07,-3.65000518723902,3.28999995786781));
#9207=CARTESIAN_POINT('',(1.07,-3.65001037505841,3.28999996965223));
#9208=CARTESIAN_POINT('',(1.07,-3.65015369921518,3.33899850503732));
#9209=CARTESIAN_POINT('',(1.07,-3.63365724445157,3.37135726150266));
#9210=CARTESIAN_POINT('',(1.07,-3.60996918453833,3.39652441281825));
#9211=CARTESIAN_POINT('',(1.07,-3.58517985280067,3.42286159978667));
#9212=CARTESIAN_POINT('',(1.07,-3.55251468826133,3.44132295395328));
#9213=CARTESIAN_POINT('',(1.07,-3.51495900064483,3.45489378504266));
#9214=CARTESIAN_POINT('',(1.07,-3.47740331302833,3.46846461613203));
#9215=CARTESIAN_POINT('',(1.07,-3.43495710233467,3.47714492414415));
#9216=CARTESIAN_POINT('',(1.07,-3.38926408458133,3.48257842509666));
#9217=CARTESIAN_POINT('',(1.07,-3.3455652014079,3.48777479721259));
#9218=CARTESIAN_POINT('',(1.07,-3.2988967215213,3.49000157261541));
#9219=CARTESIAN_POINT('',(1.07,-3.24999999999681,3.49000010638039));
#9220=CARTESIAN_POINT('',(1.07,-3.65,3.29));
#9221=VECTOR('',#10320,0.4);
#9222=CARTESIAN_POINT('',(1.47,-2.243794974447,1.57));
#9223=CARTESIAN_POINT('',(1.47,-2.243794974447,1.73));
#9224=CARTESIAN_POINT('',(1.47,-2.243794974447,1.57));
#9225=VECTOR('',#10321,0.16);
#9226=CARTESIAN_POINT('',(1.47,-1.82,1.57));
#9227=CARTESIAN_POINT('',(1.47,-1.82,1.57));
#9228=VECTOR('',#10322,0.423794974447);
#9229=CARTESIAN_POINT('',(1.47,2.63,1.675832542069));
#9230=CARTESIAN_POINT('',(1.47,-1.82,1.57));
#9231=VECTOR('',#10323,4.45125830827189);
#9232=CARTESIAN_POINT('',(1.47,2.63,1.725832542069));
#9233=CARTESIAN_POINT('',(1.47,2.63,1.725832542069));
#9234=VECTOR('',#10324,0.05);
#9235=CARTESIAN_POINT('',(1.47,1.495831239518,2.28));
#9236=AXIS2_PLACEMENT_3D('',#10325,#10326,#10327);
#9237=CARTESIAN_POINT('',(1.47,1.337132761215,2.230084805791));
#9238=AXIS2_PLACEMENT_3D('',#10328,#10329,#10330);
#9239=CARTESIAN_POINT('',(1.47,-1.82,2.155));
#9240=CARTESIAN_POINT('',(1.47,1.337132761215,2.230084805791));
#9241=VECTOR('',#10331,3.15802549071392);
#9242=CARTESIAN_POINT('',(1.47,-1.82,2.905));
#9243=AXIS2_PLACEMENT_3D('',#10332,#10333,#10334);
#9244=CARTESIAN_POINT('',(1.47,1.337132761215,2.829915194209));
#9245=CARTESIAN_POINT('',(1.47,-1.82,2.905));
#9246=VECTOR('',#10335,3.15802549071392);
#9247=CARTESIAN_POINT('',(1.47,1.495831239518,2.78));
#9248=AXIS2_PLACEMENT_3D('',#10336,#10337,#10338);
#9249=CARTESIAN_POINT('',(1.47,2.63,3.3341674579307));
#9250=AXIS2_PLACEMENT_3D('',#10339,#10340,#10341);
#9251=CARTESIAN_POINT('',(1.47,2.63,3.3841674579307));
#9252=CARTESIAN_POINT('',(1.47,2.63,3.3841674579307));
#9253=VECTOR('',#10342,0.05);
#9254=CARTESIAN_POINT('',(1.47,2.63,3.3841674579307));
#9255=VECTOR('',#10343,4.45125830827189);
#9256=CARTESIAN_POINT('',(1.47,-2.243794974447,3.33));
#9257=CARTESIAN_POINT('',(1.47,-2.243794974447,3.33));
#9258=VECTOR('',#10344,0.16);
#9259=CARTESIAN_POINT('',(1.47,-2.556205025553,3.33));
#9260=CARTESIAN_POINT('',(1.47,-2.556205025553,3.33));
#9261=VECTOR('',#10345,0.312410051106);
#9262=CARTESIAN_POINT('',(1.47,-2.556205025553,3.49));
#9263=VECTOR('',#10346,0.16);
#9264=CARTESIAN_POINT('',(1.47,-3.65000518723902,1.77000004213219));
#9265=CARTESIAN_POINT('',(1.47,-3.65,3.29));
#9266=VECTOR('',#10347,1.52);
#9267=CARTESIAN_POINT('',(1.47,-3.24999999999723,1.5699999470287));
#9268=CARTESIAN_POINT('',(1.47,-3.65001037505841,1.77000003034777));
#9269=CARTESIAN_POINT('',(1.47,-3.65015369921517,1.72100149496228));
#9270=CARTESIAN_POINT('',(1.47,-3.63365724445157,1.68864273849716));
#9271=CARTESIAN_POINT('',(1.47,-3.60996918453833,1.66347558718167));
#9272=CARTESIAN_POINT('',(1.47,-3.58517985280067,1.63713840021333));
#9273=CARTESIAN_POINT('',(1.47,-3.55251468826133,1.61867704604667));
#9274=CARTESIAN_POINT('',(1.47,-3.51495900064483,1.60510621495733));
#9275=CARTESIAN_POINT('',(1.47,-3.47740331302833,1.591535383868));
#9276=CARTESIAN_POINT('',(1.47,-3.43495710233467,1.582855075856));
#9277=CARTESIAN_POINT('',(1.47,-3.38926408458133,1.5774215749035));
#9278=CARTESIAN_POINT('',(1.47,-3.3455652014079,1.57222520278757));
#9279=CARTESIAN_POINT('',(1.47,-3.2988967215213,1.56999842738466));
#9280=CARTESIAN_POINT('',(1.47,-3.24999999999681,1.56999989361962));
#9281=CARTESIAN_POINT('',(1.47,-2.556205025553,1.57));
#9282=CARTESIAN_POINT('',(1.47,-2.556205025553,1.57));
#9283=VECTOR('',#10348,0.693794974447);
#9284=CARTESIAN_POINT('',(1.47,-2.556205025553,1.73));
#9285=CARTESIAN_POINT('',(1.47,-2.556205025553,1.73));
#9286=VECTOR('',#10349,0.16);
#9287=CARTESIAN_POINT('',(1.47,-2.556205025553,1.73));
#9288=VECTOR('',#10350,0.312410051106);
#9289=CARTESIAN_POINT('',(1.48462501668,-2.295863316298,1.73));
#9290=AXIS2_PLACEMENT_3D('',#10351,#10352,#10353);
#9291=CARTESIAN_POINT('',(1.48462501668,-2.295863316298,1.57));
#9292=CARTESIAN_POINT('',(1.48462501668,-2.295863316298,1.57));
#9293=VECTOR('',#10354,0.16);
#9294=AXIS2_PLACEMENT_3D('',#10355,#10356,#10357);
#9295=CARTESIAN_POINT('',(1.48462501668,-2.295863316298,3.33));
#9296=AXIS2_PLACEMENT_3D('',#10358,#10359,#10360);
#9297=CARTESIAN_POINT('',(1.48462501668,-2.295863316298,3.33));
#9298=VECTOR('',#10361,0.16);
#9299=CARTESIAN_POINT('',(1.48462501668,-2.504136683702,1.73));
#9300=AXIS2_PLACEMENT_3D('',#10362,#10363,#10364);
#9301=AXIS2_PLACEMENT_3D('',#10365,#10366,#10367);
#9302=CARTESIAN_POINT('',(1.48462501668,-2.504136683702,1.57));
#9303=CARTESIAN_POINT('',(1.48462501668,-2.504136683702,1.73));
#9304=VECTOR('',#10368,0.16);
#9305=AXIS2_PLACEMENT_3D('',#10369,#10370,#10371);
#9306=CARTESIAN_POINT('',(1.48462501668,-2.504136683702,3.33));
#9307=AXIS2_PLACEMENT_3D('',#10372,#10373,#10374);
#9308=CARTESIAN_POINT('',(1.48462501668,-2.504136683702,3.49));
#9309=VECTOR('',#10375,0.16);
#9310=CARTESIAN_POINT('',(1.07,-3.24999999999723,1.5699999470287));
#9311=CARTESIAN_POINT('',(1.47,-3.25,1.57));
#9312=VECTOR('',#10376,0.4);
#9313=CARTESIAN_POINT('',(1.07,-2.556205025553,1.57));
#9314=CARTESIAN_POINT('',(1.07,-3.25,1.57));
#9315=VECTOR('',#10377,0.693794974447);
#9316=CARTESIAN_POINT('',(1.05537498332,-2.504136683702,1.57));
#9317=AXIS2_PLACEMENT_3D('',#10378,#10379,#10380);
#9318=CARTESIAN_POINT('',(1.05537498332,-2.295863316298,1.57));
#9319=AXIS2_PLACEMENT_3D('',#10381,#10382,#10383);
#9320=CARTESIAN_POINT('',(1.07,-2.243794974447,1.57));
#9321=AXIS2_PLACEMENT_3D('',#10384,#10385,#10386);
#9322=CARTESIAN_POINT('',(1.07,-1.82,1.57));
#9323=CARTESIAN_POINT('',(1.07,-2.243794974447,1.57));
#9324=VECTOR('',#10387,0.423794974447);
#9325=CARTESIAN_POINT('',(1.47,-1.82,1.57));
#9326=VECTOR('',#10388,0.4);
#9327=AXIS2_PLACEMENT_3D('',#10389,#10390,#10391);
#9328=CARTESIAN_POINT('',(1.07,-3.65000518723902,1.77000004213219));
#9329=CARTESIAN_POINT('',(1.07,-3.24999999999681,1.56999989361962));
#9330=CARTESIAN_POINT('',(1.07,-3.2988967215213,1.56999842738466));
#9331=CARTESIAN_POINT('',(1.07,-3.3455652014079,1.57222520278757));
#9332=CARTESIAN_POINT('',(1.07,-3.38926408458133,1.5774215749035));
#9333=CARTESIAN_POINT('',(1.07,-3.43495710233467,1.582855075856));
#9334=CARTESIAN_POINT('',(1.07,-3.47740331302833,1.591535383868));
#9335=CARTESIAN_POINT('',(1.07,-3.51495900064483,1.60510621495733));
#9336=CARTESIAN_POINT('',(1.07,-3.55251468826133,1.61867704604667));
#9337=CARTESIAN_POINT('',(1.07,-3.58517985280067,1.63713840021333));
#9338=CARTESIAN_POINT('',(1.07,-3.60996918453833,1.66347558718167));
#9339=CARTESIAN_POINT('',(1.07,-3.63365724445157,1.68864273849716));
#9340=CARTESIAN_POINT('',(1.07,-3.65015369921517,1.72100149496228));
#9341=CARTESIAN_POINT('',(1.07,-3.65001037505841,1.77000003034777));
#9342=CARTESIAN_POINT('',(1.47,-3.65,1.77));
#9343=VECTOR('',#10392,0.4);
#9344=CARTESIAN_POINT('',(1.07,-2.556205025553,1.73));
#9345=CARTESIAN_POINT('',(1.07,-2.556205025553,1.57));
#9346=VECTOR('',#10393,0.16);
#9347=CARTESIAN_POINT('',(1.07,-3.65,1.77));
#9348=VECTOR('',#10394,1.52);
#9349=CARTESIAN_POINT('',(1.07,-2.556205025553,3.33));
#9350=CARTESIAN_POINT('',(1.07,-2.556205025553,3.33));
#9351=VECTOR('',#10395,0.16);
#9352=CARTESIAN_POINT('',(1.07,-2.243794974447,3.33));
#9353=CARTESIAN_POINT('',(1.07,-2.556205025553,3.33));
#9354=VECTOR('',#10396,0.312410051106);
#9355=CARTESIAN_POINT('',(1.07,-2.243794974447,3.49));
#9356=VECTOR('',#10397,0.16);
#9357=CARTESIAN_POINT('',(1.07,2.63,3.3841674579307));
#9358=CARTESIAN_POINT('',(1.07,2.63,3.3841674579307));
#9359=VECTOR('',#10398,4.45125830827189);
#9360=CARTESIAN_POINT('',(1.07,2.63,3.3341674579307));
#9361=CARTESIAN_POINT('',(1.07,2.63,3.3841674579307));
#9362=VECTOR('',#10399,0.05);
#9363=CARTESIAN_POINT('',(1.07,1.495831239518,2.78));
#9364=AXIS2_PLACEMENT_3D('',#10400,#10401,#10402);
#9365=CARTESIAN_POINT('',(1.07,1.337132761215,2.829915194209));
#9366=AXIS2_PLACEMENT_3D('',#10403,#10404,#10405);
#9367=CARTESIAN_POINT('',(1.07,-1.82,2.905));
#9368=CARTESIAN_POINT('',(1.07,-1.82,2.905));
#9369=VECTOR('',#10406,3.15802549071392);
#9370=CARTESIAN_POINT('',(1.07,-1.82,2.155));
#9371=AXIS2_PLACEMENT_3D('',#10407,#10408,#10409);
#9372=CARTESIAN_POINT('',(1.07,1.337132761215,2.230084805791));
#9373=CARTESIAN_POINT('',(1.07,1.337132761215,2.230084805791));
#9374=VECTOR('',#10410,3.15802549071392);
#9375=CARTESIAN_POINT('',(1.07,1.495831239518,2.28));
#9376=AXIS2_PLACEMENT_3D('',#10411,#10412,#10413);
#9377=CARTESIAN_POINT('',(1.07,2.63,1.725832542069));
#9378=AXIS2_PLACEMENT_3D('',#10414,#10415,#10416);
#9379=CARTESIAN_POINT('',(1.07,2.63,1.675832542069));
#9380=CARTESIAN_POINT('',(1.07,2.63,1.725832542069));
#9381=VECTOR('',#10417,0.05);
#9382=CARTESIAN_POINT('',(1.07,-1.82,1.57));
#9383=VECTOR('',#10418,4.45125830827189);
#9384=CARTESIAN_POINT('',(1.07,-2.243794974447,1.73));
#9385=CARTESIAN_POINT('',(1.07,-2.243794974447,1.73));
#9386=VECTOR('',#10419,0.16);
#9387=CARTESIAN_POINT('',(1.07,-2.556205025553,1.73));
#9388=VECTOR('',#10420,0.312410051106);
#9389=CARTESIAN_POINT('',(1.05537498332,-2.504136683702,3.33));
#9390=AXIS2_PLACEMENT_3D('',#10421,#10422,#10423);
#9391=CARTESIAN_POINT('',(1.05537498332,-2.504136683702,3.33));
#9392=VECTOR('',#10424,0.16);
#9393=CARTESIAN_POINT('',(1.05537498332,-2.504136683702,1.73));
#9394=AXIS2_PLACEMENT_3D('',#10425,#10426,#10427);
#9395=CARTESIAN_POINT('',(1.05537498332,-2.504136683702,1.57));
#9396=VECTOR('',#10428,0.16);
#9397=CARTESIAN_POINT('',(1.05537498332,-2.295863316298,3.33));
#9398=AXIS2_PLACEMENT_3D('',#10429,#10430,#10431);
#9399=AXIS2_PLACEMENT_3D('',#10432,#10433,#10434);
#9400=CARTESIAN_POINT('',(1.05537498332,-2.295863316298,3.49));
#9401=VECTOR('',#10435,0.16);
#9402=CARTESIAN_POINT('',(1.05537498332,-2.295863316298,1.73));
#9403=AXIS2_PLACEMENT_3D('',#10436,#10437,#10438);
#9404=CARTESIAN_POINT('',(1.05537498332,-2.295863316298,1.73));
#9405=VECTOR('',#10439,0.16);
#9406=AXIS2_PLACEMENT_3D('',#10440,#10441,#10442);
#9407=CARTESIAN_POINT('',(1.07,2.63,1.675832542069));
#9408=VECTOR('',#10443,0.4);
#9409=CARTESIAN_POINT('',(1.07,2.63,3.3841674579307));
#9410=VECTOR('',#10444,0.4);
#9411=CARTESIAN_POINT('',(1.47,2.63,3.3341674579307));
#9412=VECTOR('',#10445,0.4);
#9413=CARTESIAN_POINT('',(1.47,2.63,1.725832542069));
#9414=VECTOR('',#10446,0.4);
#9415=CARTESIAN_POINT('',(1.07,1.495831239518,2.78));
#9416=VECTOR('',#10447,0.4);
#9417=CARTESIAN_POINT('',(1.07,1.337132761215,2.829915194209));
#9418=VECTOR('',#10448,0.4);
#9419=CARTESIAN_POINT('',(1.07,-1.82,2.905));
#9420=VECTOR('',#10449,0.4);
#9421=CARTESIAN_POINT('',(1.07,-1.82,2.155));
#9422=VECTOR('',#10450,0.4);
#9423=CARTESIAN_POINT('',(1.07,1.337132761215,2.230084805791));
#9424=VECTOR('',#10451,0.4);
#9425=CARTESIAN_POINT('',(1.07,1.495831239518,2.28));
#9426=VECTOR('',#10452,0.4);
#9427=AXIS2_PLACEMENT_3D('',#10453,#10454,#10455);
#9428=CARTESIAN_POINT('',(-1.47,-3.24999999876553,0.950001194168886));
#9429=CARTESIAN_POINT('',(-1.07,-3.24999999876553,0.950001194168886));
#9430=CARTESIAN_POINT('',(-1.47,-3.25,0.95));
#9431=VECTOR('',#10456,0.4);
#9432=CARTESIAN_POINT('',(-1.07,-2.923745860882,0.95));
#9433=CARTESIAN_POINT('',(-1.07,-2.923745860882,0.95));
#9434=VECTOR('',#10457,0.3262541391182);
#9435=CARTESIAN_POINT('',(-1.042727272727,-2.855111002379,0.95));
#9436=AXIS2_PLACEMENT_3D('',#10458,#10459,#10460);
#9437=CARTESIAN_POINT('',(-1.042727272727,-2.614888997621,0.95));
#9438=AXIS2_PLACEMENT_3D('',#10461,#10462,#10463);
#9439=CARTESIAN_POINT('',(-1.07,-2.546254139118,0.95));
#9440=AXIS2_PLACEMENT_3D('',#10464,#10465,#10466);
#9441=CARTESIAN_POINT('',(-1.07,-1.82,0.95));
#9442=CARTESIAN_POINT('',(-1.07,-1.82,0.95));
#9443=VECTOR('',#10467,0.7262541391182);
#9444=CARTESIAN_POINT('',(-1.47,-1.82,0.95));
#9445=CARTESIAN_POINT('',(-1.07,-1.82,0.95));
#9446=VECTOR('',#10468,0.4);
#9447=CARTESIAN_POINT('',(-1.47,-2.546254139118,0.95));
#9448=CARTESIAN_POINT('',(-1.47,-2.546254139118,0.95));
#9449=VECTOR('',#10469,0.7262541391182);
#9450=CARTESIAN_POINT('',(-1.497272727273,-2.614888997621,0.95));
#9451=AXIS2_PLACEMENT_3D('',#10470,#10471,#10472);
#9452=CARTESIAN_POINT('',(-1.497272727273,-2.855111002379,0.95));
#9453=AXIS2_PLACEMENT_3D('',#10473,#10474,#10475);
#9454=CARTESIAN_POINT('',(-1.47,-2.923745860882,0.95));
#9455=AXIS2_PLACEMENT_3D('',#10476,#10477,#10478);
#9456=CARTESIAN_POINT('',(-1.47,-3.25,0.95));
#9457=VECTOR('',#10479,0.3262541391182);
#9458=CARTESIAN_POINT('',(-1.47,-3.65000901072566,0.749999881473264));
#9459=CARTESIAN_POINT('',(-1.47,-3.65001802262285,0.749999930807189));
#9460=CARTESIAN_POINT('',(-1.47,-3.65020494322835,0.79868706392218));
#9461=CARTESIAN_POINT('',(-1.47,-3.63391245449826,0.830894787701602));
#9462=CARTESIAN_POINT('',(-1.47,-3.6104835027915,0.855966048504332));
#9463=CARTESIAN_POINT('',(-1.47,-3.585620568497,0.88257181037624));
#9464=CARTESIAN_POINT('',(-1.47,-3.55272085444,0.90114079248563));
#9465=CARTESIAN_POINT('',(-1.47,-3.51499291998111,0.914881554193175));
#9466=CARTESIAN_POINT('',(-1.47,-3.44166244306698,0.941588995870791));
#9467=CARTESIAN_POINT('',(-1.47,-3.35009174717094,0.950056218566663));
#9468=CARTESIAN_POINT('',(-1.47,-3.24999999871534,0.950002388701848));
#9469=CARTESIAN_POINT('',(-1.07,-3.65000901072566,0.74999988147327));
#9470=CARTESIAN_POINT('',(-1.47,-3.65,0.75));
#9471=VECTOR('',#10480,0.4);
#9472=CARTESIAN_POINT('',(-1.07,-3.24999999871535,0.950002388701848));
#9473=CARTESIAN_POINT('',(-1.07,-3.35009174717094,0.950056218566662));
#9474=CARTESIAN_POINT('',(-1.07,-3.44166244306698,0.941588995870791));
#9475=CARTESIAN_POINT('',(-1.07,-3.51499291998111,0.914881554193175));
#9476=CARTESIAN_POINT('',(-1.07,-3.55272085444,0.90114079248563));
#9477=CARTESIAN_POINT('',(-1.07,-3.585620568497,0.88257181037624));
#9478=CARTESIAN_POINT('',(-1.07,-3.6104835027915,0.855966048504332));
#9479=CARTESIAN_POINT('',(-1.07,-3.63391245449826,0.830894787701602));
#9480=CARTESIAN_POINT('',(-1.07,-3.65020494322835,0.79868706392218));
#9481=CARTESIAN_POINT('',(-1.07,-3.65001802262285,0.749999930807189));
#9482=CARTESIAN_POINT('',(-1.07,-3.65000901072566,-0.76999988147408));
#9483=CARTESIAN_POINT('',(-1.07,-3.24999999876553,-0.97000119416898));
#9484=CARTESIAN_POINT('',(-1.07,-3.65001802262285,-0.76999993080719));
#9485=CARTESIAN_POINT('',(-1.07,-3.65020494322842,-0.81868706392204));
#9486=CARTESIAN_POINT('',(-1.07,-3.63391245449832,-0.85089478770162));
#9487=CARTESIAN_POINT('',(-1.07,-3.6104835027915,-0.87596604850437));
#9488=CARTESIAN_POINT('',(-1.07,-3.585620568497,-0.90257181037625));
#9489=CARTESIAN_POINT('',(-1.07,-3.55272085444,-0.9211407924855));
#9490=CARTESIAN_POINT('',(-1.07,-3.51499291998111,-0.934881554193));
#9491=CARTESIAN_POINT('',(-1.07,-3.44166244306698,-0.96158899587053));
#9492=CARTESIAN_POINT('',(-1.07,-3.35009174717094,-0.97005621856667));
#9493=CARTESIAN_POINT('',(-1.07,-3.24999999871534,-0.97000238870204));
#9494=CARTESIAN_POINT('',(-1.07,-2.923745860882,-0.97));
#9495=CARTESIAN_POINT('',(-1.07,-2.923745860882,-0.97));
#9496=VECTOR('',#10481,0.3262541391182);
#9497=CARTESIAN_POINT('',(-1.07,-2.923745860882,-0.81));
#9498=CARTESIAN_POINT('',(-1.07,-2.923745860882,-0.81));
#9499=VECTOR('',#10482,0.16);
#9500=CARTESIAN_POINT('',(-1.07,-2.546254139118,-0.81));
#9501=CARTESIAN_POINT('',(-1.07,-2.923745860882,-0.81));
#9502=VECTOR('',#10483,0.3774917217635);
#9503=CARTESIAN_POINT('',(-1.07,-2.546254139118,-0.97));
#9504=CARTESIAN_POINT('',(-1.07,-2.546254139118,-0.97));
#9505=VECTOR('',#10484,0.16);
#9506=CARTESIAN_POINT('',(-1.07,-1.82,-0.97));
#9507=CARTESIAN_POINT('',(-1.07,-1.82,-0.97));
#9508=VECTOR('',#10485,0.7262541391182);
#9509=CARTESIAN_POINT('',(-1.07,2.68,-0.864646851722));
#9510=CARTESIAN_POINT('',(-1.07,-1.82,-0.97));
#9511=VECTOR('',#10486,4.50123308503911);
#9512=CARTESIAN_POINT('',(-1.07,2.68,-0.814646851722));
#9513=CARTESIAN_POINT('',(-1.07,2.68,-0.814646851722));
#9514=VECTOR('',#10487,0.05);
#9515=CARTESIAN_POINT('',(-1.07,1.54583123952,-0.26));
#9516=AXIS2_PLACEMENT_3D('',#10488,#10489,#10490);
#9517=CARTESIAN_POINT('',(-1.07,1.38702161916,-0.30991781685));
#9518=AXIS2_PLACEMENT_3D('',#10491,#10492,#10493);
#9519=CARTESIAN_POINT('',(-1.07,-1.82,-0.385));
#9520=CARTESIAN_POINT('',(-1.07,1.38702161916,-0.30991781685));
#9521=VECTOR('',#10494,3.20790040369108);
#9522=CARTESIAN_POINT('',(-1.07,-1.82,0.365));
#9523=AXIS2_PLACEMENT_3D('',#10495,#10496,#10497);
#9524=CARTESIAN_POINT('',(-1.07,1.38702161916,0.2899178168505));
#9525=CARTESIAN_POINT('',(-1.07,-1.82,0.365));
#9526=VECTOR('',#10498,3.20790040369108);
#9527=CARTESIAN_POINT('',(-1.07,1.54583123952,0.24));
#9528=AXIS2_PLACEMENT_3D('',#10499,#10500,#10501);
#9529=CARTESIAN_POINT('',(-1.07,2.68,0.7946468517224));
#9530=AXIS2_PLACEMENT_3D('',#10502,#10503,#10504);
#9531=CARTESIAN_POINT('',(-1.07,2.68,0.8446468517224));
#9532=CARTESIAN_POINT('',(-1.07,2.68,0.8446468517224));
#9533=VECTOR('',#10505,0.05);
#9534=CARTESIAN_POINT('',(-1.07,2.68,0.8446468517224));
#9535=VECTOR('',#10506,4.50123308503911);
#9536=CARTESIAN_POINT('',(-1.07,-2.546254139118,0.79));
#9537=CARTESIAN_POINT('',(-1.07,-2.546254139118,0.79));
#9538=VECTOR('',#10507,0.16);
#9539=CARTESIAN_POINT('',(-1.07,-2.923745860882,0.79));
#9540=CARTESIAN_POINT('',(-1.07,-2.923745860882,0.79));
#9541=VECTOR('',#10508,0.3774917217635);
#9542=CARTESIAN_POINT('',(-1.07,-2.923745860882,0.95));
#9543=VECTOR('',#10509,0.16);
#9544=CARTESIAN_POINT('',(-1.07,-3.65,0.75));
#9545=VECTOR('',#10510,1.52);
#9546=CARTESIAN_POINT('',(-1.47,-3.24999999876553,-0.97000119416898));
#9547=CARTESIAN_POINT('',(-1.07,-3.25,-0.97));
#9548=VECTOR('',#10511,0.4);
#9549=CARTESIAN_POINT('',(-1.47,-3.65000901072566,-0.76999988147407));
#9550=CARTESIAN_POINT('',(-1.07,-3.65,-0.77));
#9551=VECTOR('',#10512,0.4);
#9552=CARTESIAN_POINT('',(-1.47,-3.24999999871534,-0.97000238870204));
#9553=CARTESIAN_POINT('',(-1.47,-3.35009174717094,-0.97005621856667));
#9554=CARTESIAN_POINT('',(-1.47,-3.44166244306698,-0.96158899587053));
#9555=CARTESIAN_POINT('',(-1.47,-3.51499291998111,-0.934881554193));
#9556=CARTESIAN_POINT('',(-1.47,-3.55272085444,-0.9211407924855));
#9557=CARTESIAN_POINT('',(-1.47,-3.585620568497,-0.90257181037625));
#9558=CARTESIAN_POINT('',(-1.47,-3.6104835027915,-0.87596604850437));
#9559=CARTESIAN_POINT('',(-1.47,-3.63391245449832,-0.85089478770162));
#9560=CARTESIAN_POINT('',(-1.47,-3.65020494322842,-0.81868706392204));
#9561=CARTESIAN_POINT('',(-1.47,-3.65001802262285,-0.76999993080719));
#9562=CARTESIAN_POINT('',(-1.47,-2.923745860882,-0.97));
#9563=CARTESIAN_POINT('',(-1.47,-3.25,-0.97));
#9564=VECTOR('',#10513,0.3262541391182);
#9565=CARTESIAN_POINT('',(-1.497272727273,-2.855111002379,-0.97));
#9566=AXIS2_PLACEMENT_3D('',#10514,#10515,#10516);
#9567=CARTESIAN_POINT('',(-1.497272727273,-2.614888997621,-0.97));
#9568=AXIS2_PLACEMENT_3D('',#10517,#10518,#10519);
#9569=CARTESIAN_POINT('',(-1.47,-2.546254139118,-0.97));
#9570=AXIS2_PLACEMENT_3D('',#10520,#10521,#10522);
#9571=CARTESIAN_POINT('',(-1.47,-1.82,-0.97));
#9572=CARTESIAN_POINT('',(-1.47,-2.546254139118,-0.97));
#9573=VECTOR('',#10523,0.7262541391182);
#9574=CARTESIAN_POINT('',(-1.07,-1.82,-0.97));
#9575=VECTOR('',#10524,0.4);
#9576=CARTESIAN_POINT('',(-1.042727272727,-2.614888997621,-0.97));
#9577=AXIS2_PLACEMENT_3D('',#10525,#10526,#10527);
#9578=CARTESIAN_POINT('',(-1.042727272727,-2.855111002379,-0.97));
#9579=AXIS2_PLACEMENT_3D('',#10528,#10529,#10530);
#9580=AXIS2_PLACEMENT_3D('',#10531,#10532,#10533);
#9581=CARTESIAN_POINT('',(-1.042727272727,-2.855111002379,-0.81));
#9582=AXIS2_PLACEMENT_3D('',#10534,#10535,#10536);
#9583=CARTESIAN_POINT('',(-1.042727272727,-2.855111002379,-0.81));
#9584=VECTOR('',#10537,0.16);
#9585=CARTESIAN_POINT('',(-1.042727272727,-2.855111002379,0.79));
#9586=AXIS2_PLACEMENT_3D('',#10538,#10539,#10540);
#9587=CARTESIAN_POINT('',(-1.042727272727,-2.855111002379,0.95));
#9588=VECTOR('',#10541,0.16);
#9589=CARTESIAN_POINT('',(-1.042727272727,-2.614888997621,-0.81));
#9590=AXIS2_PLACEMENT_3D('',#10542,#10543,#10544);
#9591=AXIS2_PLACEMENT_3D('',#10545,#10546,#10547);
#9592=CARTESIAN_POINT('',(-1.042727272727,-2.614888997621,-0.97));
#9593=VECTOR('',#10548,0.16);
#9594=CARTESIAN_POINT('',(-1.042727272727,-2.614888997621,0.79));
#9595=AXIS2_PLACEMENT_3D('',#10549,#10550,#10551);
#9596=CARTESIAN_POINT('',(-1.042727272727,-2.614888997621,0.79));
#9597=VECTOR('',#10552,0.16);
#9598=AXIS2_PLACEMENT_3D('',#10553,#10554,#10555);
#9599=CARTESIAN_POINT('',(-1.47,2.68,-0.864646851722));
#9600=CARTESIAN_POINT('',(-1.47,-1.82,-0.97));
#9601=VECTOR('',#10556,4.50123308503911);
#9602=CARTESIAN_POINT('',(-1.47,2.68,-0.864646851722));
#9603=VECTOR('',#10557,0.4);
#9604=CARTESIAN_POINT('',(-1.47,2.68,0.8446468517224));
#9605=CARTESIAN_POINT('',(-1.47,2.68,0.7946468517224));
#9606=CARTESIAN_POINT('',(-1.47,2.68,0.8446468517224));
#9607=VECTOR('',#10558,0.05);
#9608=CARTESIAN_POINT('',(-1.47,2.68,0.8446468517224));
#9609=VECTOR('',#10559,0.4);
#9610=CARTESIAN_POINT('',(-1.07,2.68,0.7946468517224));
#9611=VECTOR('',#10560,0.4);
#9612=CARTESIAN_POINT('',(-1.47,2.68,-0.814646851722));
#9613=CARTESIAN_POINT('',(-1.47,2.68,-0.814646851722));
#9614=VECTOR('',#10561,0.05);
#9615=CARTESIAN_POINT('',(-1.07,2.68,-0.814646851722));
#9616=VECTOR('',#10562,0.4);
#9617=CARTESIAN_POINT('',(-1.47,-3.65,-0.77));
#9618=VECTOR('',#10563,1.52);
#9619=CARTESIAN_POINT('',(-1.47,-2.923745860882,0.79));
#9620=CARTESIAN_POINT('',(-1.47,-2.923745860882,0.79));
#9621=VECTOR('',#10564,0.16);
#9622=CARTESIAN_POINT('',(-1.47,-2.546254139118,0.79));
#9623=CARTESIAN_POINT('',(-1.47,-2.923745860882,0.79));
#9624=VECTOR('',#10565,0.3774917217635);
#9625=CARTESIAN_POINT('',(-1.47,-2.546254139118,0.95));
#9626=VECTOR('',#10566,0.16);
#9627=CARTESIAN_POINT('',(-1.47,2.68,0.8446468517224));
#9628=VECTOR('',#10567,4.50123308503911);
#9629=CARTESIAN_POINT('',(-1.47,1.54583123952,0.24));
#9630=AXIS2_PLACEMENT_3D('',#10568,#10569,#10570);
#9631=CARTESIAN_POINT('',(-1.47,1.38702161916,0.2899178168505));
#9632=AXIS2_PLACEMENT_3D('',#10571,#10572,#10573);
#9633=CARTESIAN_POINT('',(-1.47,-1.82,0.365));
#9634=CARTESIAN_POINT('',(-1.47,-1.82,0.365));
#9635=VECTOR('',#10574,3.20790040369108);
#9636=CARTESIAN_POINT('',(-1.47,-1.82,-0.385));
#9637=AXIS2_PLACEMENT_3D('',#10575,#10576,#10577);
#9638=CARTESIAN_POINT('',(-1.47,1.38702161916,-0.30991781685));
#9639=CARTESIAN_POINT('',(-1.47,1.38702161916,-0.30991781685));
#9640=VECTOR('',#10578,3.20790040369108);
#9641=CARTESIAN_POINT('',(-1.47,1.54583123952,-0.26));
#9642=AXIS2_PLACEMENT_3D('',#10579,#10580,#10581);
#9643=AXIS2_PLACEMENT_3D('',#10582,#10583,#10584);
#9644=CARTESIAN_POINT('',(-1.47,-2.546254139118,-0.81));
#9645=CARTESIAN_POINT('',(-1.47,-2.546254139118,-0.81));
#9646=VECTOR('',#10585,0.16);
#9647=CARTESIAN_POINT('',(-1.47,-2.923745860882,-0.81));
#9648=CARTESIAN_POINT('',(-1.47,-2.923745860882,-0.81));
#9649=VECTOR('',#10586,0.3774917217635);
#9650=CARTESIAN_POINT('',(-1.47,-2.923745860882,-0.97));
#9651=VECTOR('',#10587,0.16);
#9652=CARTESIAN_POINT('',(-1.497272727273,-2.855111002379,0.79));
#9653=AXIS2_PLACEMENT_3D('',#10588,#10589,#10590);
#9654=CARTESIAN_POINT('',(-1.497272727273,-2.855111002379,0.79));
#9655=VECTOR('',#10591,0.16);
#9656=CARTESIAN_POINT('',(-1.497272727273,-2.855111002379,-0.81));
#9657=AXIS2_PLACEMENT_3D('',#10592,#10593,#10594);
#9658=CARTESIAN_POINT('',(-1.497272727273,-2.855111002379,-0.97));
#9659=VECTOR('',#10595,0.16);
#9660=CARTESIAN_POINT('',(-1.497272727273,-2.614888997621,0.79));
#9661=AXIS2_PLACEMENT_3D('',#10596,#10597,#10598);
#9662=AXIS2_PLACEMENT_3D('',#10599,#10600,#10601);
#9663=CARTESIAN_POINT('',(-1.497272727273,-2.614888997621,0.95));
#9664=VECTOR('',#10602,0.16);
#9665=CARTESIAN_POINT('',(-1.497272727273,-2.614888997621,-0.81));
#9666=AXIS2_PLACEMENT_3D('',#10603,#10604,#10605);
#9667=CARTESIAN_POINT('',(-1.497272727273,-2.614888997621,-0.81));
#9668=VECTOR('',#10606,0.16);
#9669=AXIS2_PLACEMENT_3D('',#10607,#10608,#10609);
#9670=CARTESIAN_POINT('',(-1.47,1.54583123952,-0.26));
#9671=VECTOR('',#10610,0.4);
#9672=CARTESIAN_POINT('',(-1.47,1.38702161916,-0.30991781685));
#9673=VECTOR('',#10611,0.4);
#9674=CARTESIAN_POINT('',(-1.47,-1.82,-0.385));
#9675=VECTOR('',#10612,0.4);
#9676=CARTESIAN_POINT('',(-1.47,-1.82,0.365));
#9677=VECTOR('',#10613,0.4);
#9678=CARTESIAN_POINT('',(-1.47,1.38702161916,0.2899178168505));
#9679=VECTOR('',#10614,0.4);
#9680=CARTESIAN_POINT('',(-1.47,1.54583123952,0.24));
#9681=VECTOR('',#10615,0.4);
#9682=CARTESIAN_POINT('',(-1.47,-3.24999999876553,3.49000119416889));
#9683=CARTESIAN_POINT('',(-1.07,-3.24999999876553,3.49000119416889));
#9684=CARTESIAN_POINT('',(-1.47,-3.25,3.49));
#9685=VECTOR('',#10616,0.4);
#9686=CARTESIAN_POINT('',(-1.07,-2.923745860882,3.49));
#9687=CARTESIAN_POINT('',(-1.07,-2.923745860882,3.49));
#9688=VECTOR('',#10617,0.3262541391182);
#9689=CARTESIAN_POINT('',(-1.042727272727,-2.855111002379,3.49));
#9690=AXIS2_PLACEMENT_3D('',#10618,#10619,#10620);
#9691=CARTESIAN_POINT('',(-1.042727272727,-2.614888997621,3.49));
#9692=AXIS2_PLACEMENT_3D('',#10621,#10622,#10623);
#9693=CARTESIAN_POINT('',(-1.07,-2.546254139118,3.49));
#9694=AXIS2_PLACEMENT_3D('',#10624,#10625,#10626);
#9695=CARTESIAN_POINT('',(-1.07,-1.82,3.49));
#9696=CARTESIAN_POINT('',(-1.07,-1.82,3.49));
#9697=VECTOR('',#10627,0.7262541391182);
#9698=CARTESIAN_POINT('',(-1.47,-1.82,3.49));
#9699=CARTESIAN_POINT('',(-1.07,-1.82,3.49));
#9700=VECTOR('',#10628,0.4);
#9701=CARTESIAN_POINT('',(-1.47,-2.546254139118,3.49));
#9702=CARTESIAN_POINT('',(-1.47,-2.546254139118,3.49));
#9703=VECTOR('',#10629,0.7262541391182);
#9704=CARTESIAN_POINT('',(-1.497272727273,-2.614888997621,3.49));
#9705=AXIS2_PLACEMENT_3D('',#10630,#10631,#10632);
#9706=CARTESIAN_POINT('',(-1.497272727273,-2.855111002379,3.49));
#9707=AXIS2_PLACEMENT_3D('',#10633,#10634,#10635);
#9708=CARTESIAN_POINT('',(-1.47,-2.923745860882,3.49));
#9709=AXIS2_PLACEMENT_3D('',#10636,#10637,#10638);
#9710=CARTESIAN_POINT('',(-1.47,-3.25,3.49));
#9711=VECTOR('',#10639,0.3262541391182);
#9712=CARTESIAN_POINT('',(-1.47,-3.65000901072566,3.28999988147326));
#9713=CARTESIAN_POINT('',(-1.47,-3.65001802262285,3.28999993080719));
#9714=CARTESIAN_POINT('',(-1.47,-3.65020494322835,3.33868706392218));
#9715=CARTESIAN_POINT('',(-1.47,-3.63391245449826,3.3708947877016));
#9716=CARTESIAN_POINT('',(-1.47,-3.6104835027915,3.39596604850433));
#9717=CARTESIAN_POINT('',(-1.47,-3.585620568497,3.42257181037624));
#9718=CARTESIAN_POINT('',(-1.47,-3.55272085444,3.44114079248563));
#9719=CARTESIAN_POINT('',(-1.47,-3.51499291998111,3.45488155419318));
#9720=CARTESIAN_POINT('',(-1.47,-3.44166244306698,3.48158899587079));
#9721=CARTESIAN_POINT('',(-1.47,-3.35009174717094,3.49005621856666));
#9722=CARTESIAN_POINT('',(-1.47,-3.24999999871534,3.49000238870185));
#9723=CARTESIAN_POINT('',(-1.07,-3.65000901072566,3.28999988147327));
#9724=CARTESIAN_POINT('',(-1.47,-3.65,3.29));
#9725=VECTOR('',#10640,0.4);
#9726=CARTESIAN_POINT('',(-1.07,-3.24999999871535,3.49000238870185));
#9727=CARTESIAN_POINT('',(-1.07,-3.35009174717094,3.49005621856666));
#9728=CARTESIAN_POINT('',(-1.07,-3.44166244306698,3.48158899587079));
#9729=CARTESIAN_POINT('',(-1.07,-3.51499291998111,3.45488155419318));
#9730=CARTESIAN_POINT('',(-1.07,-3.55272085444,3.44114079248563));
#9731=CARTESIAN_POINT('',(-1.07,-3.585620568497,3.42257181037624));
#9732=CARTESIAN_POINT('',(-1.07,-3.6104835027915,3.39596604850433));
#9733=CARTESIAN_POINT('',(-1.07,-3.63391245449826,3.3708947877016));
#9734=CARTESIAN_POINT('',(-1.07,-3.65020494322835,3.33868706392218));
#9735=CARTESIAN_POINT('',(-1.07,-3.65001802262285,3.28999993080719));
#9736=CARTESIAN_POINT('',(-1.07,-3.65000901072566,1.77000011852592));
#9737=CARTESIAN_POINT('',(-1.07,-3.24999999876553,1.56999880583102));
#9738=CARTESIAN_POINT('',(-1.07,-3.65001802262285,1.77000006919281));
#9739=CARTESIAN_POINT('',(-1.07,-3.65020494322842,1.72131293607796));
#9740=CARTESIAN_POINT('',(-1.07,-3.63391245449832,1.68910521229838));
#9741=CARTESIAN_POINT('',(-1.07,-3.6104835027915,1.66403395149563));
#9742=CARTESIAN_POINT('',(-1.07,-3.585620568497,1.63742818962375));
#9743=CARTESIAN_POINT('',(-1.07,-3.55272085444,1.6188592075145));
#9744=CARTESIAN_POINT('',(-1.07,-3.51499291998111,1.605118445807));
#9745=CARTESIAN_POINT('',(-1.07,-3.44166244306698,1.57841100412947));
#9746=CARTESIAN_POINT('',(-1.07,-3.35009174717094,1.56994378143333));
#9747=CARTESIAN_POINT('',(-1.07,-3.24999999871534,1.56999761129796));
#9748=CARTESIAN_POINT('',(-1.07,-2.923745860882,1.57));
#9749=CARTESIAN_POINT('',(-1.07,-2.923745860882,1.57));
#9750=VECTOR('',#10641,0.3262541391182);
#9751=CARTESIAN_POINT('',(-1.07,-2.923745860882,1.73));
#9752=CARTESIAN_POINT('',(-1.07,-2.923745860882,1.73));
#9753=VECTOR('',#10642,0.16);
#9754=CARTESIAN_POINT('',(-1.07,-2.546254139118,1.73));
#9755=CARTESIAN_POINT('',(-1.07,-2.923745860882,1.73));
#9756=VECTOR('',#10643,0.3774917217635);
#9757=CARTESIAN_POINT('',(-1.07,-2.546254139118,1.57));
#9758=CARTESIAN_POINT('',(-1.07,-2.546254139118,1.57));
#9759=VECTOR('',#10644,0.16);
#9760=CARTESIAN_POINT('',(-1.07,-1.82,1.57));
#9761=CARTESIAN_POINT('',(-1.07,-1.82,1.57));
#9762=VECTOR('',#10645,0.7262541391182);
#9763=CARTESIAN_POINT('',(-1.07,2.68,1.675353148278));
#9764=CARTESIAN_POINT('',(-1.07,-1.82,1.57));
#9765=VECTOR('',#10646,4.50123308503911);
#9766=CARTESIAN_POINT('',(-1.07,2.68,1.725353148278));
#9767=CARTESIAN_POINT('',(-1.07,2.68,1.725353148278));
#9768=VECTOR('',#10647,0.05);
#9769=CARTESIAN_POINT('',(-1.07,1.54583123952,2.28));
#9770=AXIS2_PLACEMENT_3D('',#10648,#10649,#10650);
#9771=CARTESIAN_POINT('',(-1.07,1.38702161916,2.23008218315));
#9772=AXIS2_PLACEMENT_3D('',#10651,#10652,#10653);
#9773=CARTESIAN_POINT('',(-1.07,-1.82,2.155));
#9774=CARTESIAN_POINT('',(-1.07,1.38702161916,2.23008218315));
#9775=VECTOR('',#10654,3.20790040369108);
#9776=CARTESIAN_POINT('',(-1.07,-1.82,2.905));
#9777=AXIS2_PLACEMENT_3D('',#10655,#10656,#10657);
#9778=CARTESIAN_POINT('',(-1.07,1.38702161916,2.8299178168505));
#9779=CARTESIAN_POINT('',(-1.07,-1.82,2.905));
#9780=VECTOR('',#10658,3.20790040369108);
#9781=CARTESIAN_POINT('',(-1.07,1.54583123952,2.78));
#9782=AXIS2_PLACEMENT_3D('',#10659,#10660,#10661);
#9783=CARTESIAN_POINT('',(-1.07,2.68,3.3346468517224));
#9784=AXIS2_PLACEMENT_3D('',#10662,#10663,#10664);
#9785=CARTESIAN_POINT('',(-1.07,2.68,3.3846468517224));
#9786=CARTESIAN_POINT('',(-1.07,2.68,3.3846468517224));
#9787=VECTOR('',#10665,0.05);
#9788=CARTESIAN_POINT('',(-1.07,2.68,3.3846468517224));
#9789=VECTOR('',#10666,4.50123308503911);
#9790=CARTESIAN_POINT('',(-1.07,-2.546254139118,3.33));
#9791=CARTESIAN_POINT('',(-1.07,-2.546254139118,3.33));
#9792=VECTOR('',#10667,0.16);
#9793=CARTESIAN_POINT('',(-1.07,-2.923745860882,3.33));
#9794=CARTESIAN_POINT('',(-1.07,-2.923745860882,3.33));
#9795=VECTOR('',#10668,0.3774917217635);
#9796=CARTESIAN_POINT('',(-1.07,-2.923745860882,3.49));
#9797=VECTOR('',#10669,0.16);
#9798=CARTESIAN_POINT('',(-1.07,-3.65,3.29));
#9799=VECTOR('',#10670,1.52);
#9800=CARTESIAN_POINT('',(-1.47,-3.24999999876553,1.56999880583102));
#9801=CARTESIAN_POINT('',(-1.07,-3.25,1.57));
#9802=VECTOR('',#10671,0.4);
#9803=CARTESIAN_POINT('',(-1.47,-3.65000901072566,1.77000011852593));
#9804=CARTESIAN_POINT('',(-1.07,-3.65,1.77));
#9805=VECTOR('',#10672,0.4);
#9806=CARTESIAN_POINT('',(-1.47,-3.24999999871534,1.56999761129796));
#9807=CARTESIAN_POINT('',(-1.47,-3.35009174717094,1.56994378143333));
#9808=CARTESIAN_POINT('',(-1.47,-3.44166244306698,1.57841100412947));
#9809=CARTESIAN_POINT('',(-1.47,-3.51499291998111,1.605118445807));
#9810=CARTESIAN_POINT('',(-1.47,-3.55272085444,1.6188592075145));
#9811=CARTESIAN_POINT('',(-1.47,-3.585620568497,1.63742818962375));
#9812=CARTESIAN_POINT('',(-1.47,-3.6104835027915,1.66403395149563));
#9813=CARTESIAN_POINT('',(-1.47,-3.63391245449832,1.68910521229838));
#9814=CARTESIAN_POINT('',(-1.47,-3.65020494322842,1.72131293607796));
#9815=CARTESIAN_POINT('',(-1.47,-3.65001802262285,1.77000006919281));
#9816=CARTESIAN_POINT('',(-1.47,-2.923745860882,1.57));
#9817=CARTESIAN_POINT('',(-1.47,-3.25,1.57));
#9818=VECTOR('',#10673,0.3262541391182);
#9819=CARTESIAN_POINT('',(-1.497272727273,-2.855111002379,1.57));
#9820=AXIS2_PLACEMENT_3D('',#10674,#10675,#10676);
#9821=CARTESIAN_POINT('',(-1.497272727273,-2.614888997621,1.57));
#9822=AXIS2_PLACEMENT_3D('',#10677,#10678,#10679);
#9823=CARTESIAN_POINT('',(-1.47,-2.546254139118,1.57));
#9824=AXIS2_PLACEMENT_3D('',#10680,#10681,#10682);
#9825=CARTESIAN_POINT('',(-1.47,-1.82,1.57));
#9826=CARTESIAN_POINT('',(-1.47,-2.546254139118,1.57));
#9827=VECTOR('',#10683,0.7262541391182);
#9828=CARTESIAN_POINT('',(-1.07,-1.82,1.57));
#9829=VECTOR('',#10684,0.4);
#9830=CARTESIAN_POINT('',(-1.042727272727,-2.614888997621,1.57));
#9831=AXIS2_PLACEMENT_3D('',#10685,#10686,#10687);
#9832=CARTESIAN_POINT('',(-1.042727272727,-2.855111002379,1.57));
#9833=AXIS2_PLACEMENT_3D('',#10688,#10689,#10690);
#9834=AXIS2_PLACEMENT_3D('',#10691,#10692,#10693);
#9835=CARTESIAN_POINT('',(-1.042727272727,-2.855111002379,1.73));
#9836=AXIS2_PLACEMENT_3D('',#10694,#10695,#10696);
#9837=CARTESIAN_POINT('',(-1.042727272727,-2.855111002379,1.73));
#9838=VECTOR('',#10697,0.16);
#9839=CARTESIAN_POINT('',(-1.042727272727,-2.855111002379,3.33));
#9840=AXIS2_PLACEMENT_3D('',#10698,#10699,#10700);
#9841=CARTESIAN_POINT('',(-1.042727272727,-2.855111002379,3.49));
#9842=VECTOR('',#10701,0.16);
#9843=CARTESIAN_POINT('',(-1.042727272727,-2.614888997621,1.73));
#9844=AXIS2_PLACEMENT_3D('',#10702,#10703,#10704);
#9845=AXIS2_PLACEMENT_3D('',#10705,#10706,#10707);
#9846=CARTESIAN_POINT('',(-1.042727272727,-2.614888997621,1.57));
#9847=VECTOR('',#10708,0.16);
#9848=CARTESIAN_POINT('',(-1.042727272727,-2.614888997621,3.33));
#9849=AXIS2_PLACEMENT_3D('',#10709,#10710,#10711);
#9850=CARTESIAN_POINT('',(-1.042727272727,-2.614888997621,3.33));
#9851=VECTOR('',#10712,0.16);
#9852=AXIS2_PLACEMENT_3D('',#10713,#10714,#10715);
#9853=CARTESIAN_POINT('',(-1.47,2.68,1.675353148278));
#9854=CARTESIAN_POINT('',(-1.47,-1.82,1.57));
#9855=VECTOR('',#10716,4.50123308503911);
#9856=CARTESIAN_POINT('',(-1.47,2.68,1.675353148278));
#9857=VECTOR('',#10717,0.4);
#9858=CARTESIAN_POINT('',(-1.47,2.68,3.3846468517224));
#9859=CARTESIAN_POINT('',(-1.47,2.68,3.3346468517224));
#9860=CARTESIAN_POINT('',(-1.47,2.68,3.3846468517224));
#9861=VECTOR('',#10718,0.05);
#9862=CARTESIAN_POINT('',(-1.47,2.68,3.3846468517224));
#9863=VECTOR('',#10719,0.4);
#9864=CARTESIAN_POINT('',(-1.07,2.68,3.3346468517224));
#9865=VECTOR('',#10720,0.4);
#9866=CARTESIAN_POINT('',(-1.47,2.68,1.725353148278));
#9867=CARTESIAN_POINT('',(-1.47,2.68,1.725353148278));
#9868=VECTOR('',#10721,0.05);
#9869=CARTESIAN_POINT('',(-1.07,2.68,1.725353148278));
#9870=VECTOR('',#10722,0.4);
#9871=CARTESIAN_POINT('',(-1.47,-3.65,1.77));
#9872=VECTOR('',#10723,1.52);
#9873=CARTESIAN_POINT('',(-1.47,-2.923745860882,3.33));
#9874=CARTESIAN_POINT('',(-1.47,-2.923745860882,3.33));
#9875=VECTOR('',#10724,0.16);
#9876=CARTESIAN_POINT('',(-1.47,-2.546254139118,3.33));
#9877=CARTESIAN_POINT('',(-1.47,-2.923745860882,3.33));
#9878=VECTOR('',#10725,0.3774917217635);
#9879=CARTESIAN_POINT('',(-1.47,-2.546254139118,3.49));
#9880=VECTOR('',#10726,0.16);
#9881=CARTESIAN_POINT('',(-1.47,2.68,3.3846468517224));
#9882=VECTOR('',#10727,4.50123308503911);
#9883=CARTESIAN_POINT('',(-1.47,1.54583123952,2.78));
#9884=AXIS2_PLACEMENT_3D('',#10728,#10729,#10730);
#9885=CARTESIAN_POINT('',(-1.47,1.38702161916,2.8299178168505));
#9886=AXIS2_PLACEMENT_3D('',#10731,#10732,#10733);
#9887=CARTESIAN_POINT('',(-1.47,-1.82,2.905));
#9888=CARTESIAN_POINT('',(-1.47,-1.82,2.905));
#9889=VECTOR('',#10734,3.20790040369108);
#9890=CARTESIAN_POINT('',(-1.47,-1.82,2.155));
#9891=AXIS2_PLACEMENT_3D('',#10735,#10736,#10737);
#9892=CARTESIAN_POINT('',(-1.47,1.38702161916,2.23008218315));
#9893=CARTESIAN_POINT('',(-1.47,1.38702161916,2.23008218315));
#9894=VECTOR('',#10738,3.20790040369108);
#9895=CARTESIAN_POINT('',(-1.47,1.54583123952,2.28));
#9896=AXIS2_PLACEMENT_3D('',#10739,#10740,#10741);
#9897=AXIS2_PLACEMENT_3D('',#10742,#10743,#10744);
#9898=CARTESIAN_POINT('',(-1.47,-2.546254139118,1.73));
#9899=CARTESIAN_POINT('',(-1.47,-2.546254139118,1.73));
#9900=VECTOR('',#10745,0.16);
#9901=CARTESIAN_POINT('',(-1.47,-2.923745860882,1.73));
#9902=CARTESIAN_POINT('',(-1.47,-2.923745860882,1.73));
#9903=VECTOR('',#10746,0.3774917217635);
#9904=CARTESIAN_POINT('',(-1.47,-2.923745860882,1.57));
#9905=VECTOR('',#10747,0.16);
#9906=CARTESIAN_POINT('',(-1.497272727273,-2.855111002379,3.33));
#9907=AXIS2_PLACEMENT_3D('',#10748,#10749,#10750);
#9908=CARTESIAN_POINT('',(-1.497272727273,-2.855111002379,3.33));
#9909=VECTOR('',#10751,0.16);
#9910=CARTESIAN_POINT('',(-1.497272727273,-2.855111002379,1.73));
#9911=AXIS2_PLACEMENT_3D('',#10752,#10753,#10754);
#9912=CARTESIAN_POINT('',(-1.497272727273,-2.855111002379,1.57));
#9913=VECTOR('',#10755,0.16);
#9914=CARTESIAN_POINT('',(-1.497272727273,-2.614888997621,3.33));
#9915=AXIS2_PLACEMENT_3D('',#10756,#10757,#10758);
#9916=AXIS2_PLACEMENT_3D('',#10759,#10760,#10761);
#9917=CARTESIAN_POINT('',(-1.497272727273,-2.614888997621,3.49));
#9918=VECTOR('',#10762,0.16);
#9919=CARTESIAN_POINT('',(-1.497272727273,-2.614888997621,1.73));
#9920=AXIS2_PLACEMENT_3D('',#10763,#10764,#10765);
#9921=CARTESIAN_POINT('',(-1.497272727273,-2.614888997621,1.73));
#9922=VECTOR('',#10766,0.16);
#9923=AXIS2_PLACEMENT_3D('',#10767,#10768,#10769);
#9924=CARTESIAN_POINT('',(-1.47,1.54583123952,2.28));
#9925=VECTOR('',#10770,0.4);
#9926=CARTESIAN_POINT('',(-1.47,1.38702161916,2.23008218315));
#9927=VECTOR('',#10771,0.4);
#9928=CARTESIAN_POINT('',(-1.47,-1.82,2.155));
#9929=VECTOR('',#10772,0.4);
#9930=CARTESIAN_POINT('',(-1.47,-1.82,2.905));
#9931=VECTOR('',#10773,0.4);
#9932=CARTESIAN_POINT('',(-1.47,1.38702161916,2.8299178168505));
#9933=VECTOR('',#10774,0.4);
#9934=CARTESIAN_POINT('',(-1.47,1.54583123952,2.78));
#9935=VECTOR('',#10775,0.4);
#9936=DIRECTION('',(0.0,0.0,1.0));
#9937=DIRECTION('',(0.0,-1.0,0.0));
#9938=DIRECTION('',(0.0,0.0,1.0));
#9939=DIRECTION('',(0.0,-1.0,0.0));
#9940=DIRECTION('',(0.0,0.0,-1.0));
#9941=DIRECTION('',(-1.0,0.0,0.0));
#9942=DIRECTION('',(1.0,0.0,0.0));
#9943=DIRECTION('',(0.0,0.0,-1.0));
#9944=DIRECTION('',(1.0,0.0,0.0));
#9945=DIRECTION('',(0.0,0.0,1.0));
#9946=DIRECTION('',(-1.0,0.0,0.0));
#9947=DIRECTION('',(1.0,0.0,0.0));
#9948=DIRECTION('',(0.0,0.0,1.0));
#9949=DIRECTION('',(-1.0,0.0,0.0));
#9950=DIRECTION('',(0.0,0.0,-1.0));
#9951=DIRECTION('',(0.0,0.0,-1.0));
#9952=DIRECTION('',(1.0,0.0,0.0));
#9953=DIRECTION('',(0.0,0.0,1.0));
#9954=DIRECTION('',(-1.0,0.0,0.0));
#9955=DIRECTION('',(1.0,0.0,0.0));
#9956=DIRECTION('',(0.0,0.0,1.0));
#9957=DIRECTION('',(-1.0,0.0,0.0));
#9958=DIRECTION('',(0.0,0.0,-1.0));
#9959=DIRECTION('',(1.0,0.0,0.0));
#9960=DIRECTION('',(0.577350269189626,0.577350269189626,-0.577350269189626));
#9961=DIRECTION('',(-0.577350269189626,0.577350269189626,-0.577350269189626));
#9962=DIRECTION('',(-1.0,0.0,0.0));
#9963=DIRECTION('',(0.0,-1.0,0.0));
#9964=DIRECTION('',(0.0,-1.0,0.0));
#9965=DIRECTION('',(-1.0,0.0,0.0));
#9966=DIRECTION('',(0.0,1.0,0.0));
#9967=DIRECTION('',(-1.0,0.0,0.0));
#9968=DIRECTION('',(0.0,1.0,0.0));
#9969=DIRECTION('',(1.0,0.0,0.0));
#9970=DIRECTION('',(0.0,0.0,1.0));
#9971=DIRECTION('',(1.0,0.0,0.0));
#9972=DIRECTION('',(0.0,0.0,1.0));
#9973=DIRECTION('',(0.0,0.0,1.0));
#9974=DIRECTION('',(1.0,0.0,0.0));
#9975=DIRECTION('',(0.0,0.0,-1.0));
#9976=DIRECTION('',(-1.0,0.0,0.0));
#9977=DIRECTION('',(0.0,0.0,1.0));
#9978=DIRECTION('',(1.0,0.0,0.0));
#9979=DIRECTION('',(0.0,0.0,-1.0));
#9980=DIRECTION('',(0.0,0.0,1.0));
#9981=DIRECTION('',(1.0,0.0,0.0));
#9982=DIRECTION('',(0.0,0.0,-1.0));
#9983=DIRECTION('',(0.0,0.0,-1.0));
#9984=DIRECTION('',(-1.0,0.0,0.0));
#9985=DIRECTION('',(0.0,0.0,1.0));
#9986=DIRECTION('',(1.0,0.0,0.0));
#9987=DIRECTION('',(0.0,0.0,-1.0));
#9988=DIRECTION('',(-1.0,0.0,0.0));
#9989=DIRECTION('',(0.0,0.0,1.0));
#9990=DIRECTION('',(1.0,0.0,0.0));
#9991=DIRECTION('',(0.0,0.0,-1.0));
#9992=DIRECTION('',(-1.0,0.0,0.0));
#9993=DIRECTION('',(0.0,0.0,1.0));
#9994=DIRECTION('',(1.0,0.0,0.0));
#9995=DIRECTION('',(0.0,0.0,1.0));
#9996=DIRECTION('',(1.0,0.0,0.0));
#9997=DIRECTION('',(0.0,0.0,-1.0));
#9998=DIRECTION('',(-1.0,0.0,0.0));
#9999=DIRECTION('',(0.0,0.0,1.0));
#10000=DIRECTION('',(1.0,0.0,0.0));
#10001=DIRECTION('',(0.0,0.0,-1.0));
#10002=DIRECTION('',(-1.0,0.0,0.0));
#10003=DIRECTION('',(0.0,0.0,1.0));
#10004=DIRECTION('',(1.0,0.0,0.0));
#10005=DIRECTION('',(0.0,0.0,-1.0));
#10006=DIRECTION('',(-1.0,0.0,0.0));
#10007=DIRECTION('',(0.0,0.0,-1.0));
#10008=DIRECTION('',(-1.0,0.0,0.0));
#10009=DIRECTION('',(0.0,0.0,1.0));
#10010=DIRECTION('',(1.0,0.0,0.0));
#10011=DIRECTION('',(0.0,0.0,-1.0));
#10012=DIRECTION('',(-1.0,0.0,0.0));
#10013=DIRECTION('',(0.0,0.0,1.0));
#10014=DIRECTION('',(1.0,0.0,0.0));
#10015=DIRECTION('',(0.0,0.0,-1.0));
#10016=DIRECTION('',(-1.0,0.0,0.0));
#10017=DIRECTION('',(0.0,0.0,1.0));
#10018=DIRECTION('',(1.0,0.0,0.0));
#10019=DIRECTION('',(0.0,1.0,0.0));
#10020=DIRECTION('',(-1.0,0.0,0.0));
#10021=DIRECTION('',(0.0,-1.0,0.0));
#10022=DIRECTION('',(-1.0,0.0,0.0));
#10023=DIRECTION('',(0.0,1.0,0.0));
#10024=DIRECTION('',(0.0,0.0,-1.0));
#10025=DIRECTION('',(0.0,1.0,0.0));
#10026=DIRECTION('',(0.0,0.0,-1.0));
#10027=DIRECTION('',(1.0,0.0,0.0));
#10028=DIRECTION('',(0.0,0.0,-1.0));
#10029=DIRECTION('',(1.0,0.0,0.0));
#10030=DIRECTION('',(0.0,-1.0,0.0));
#10031=DIRECTION('',(0.0,1.0,0.0));
#10032=DIRECTION('',(0.0,0.0,-1.0));
#10033=DIRECTION('',(0.0,-1.0,0.0));
#10034=DIRECTION('',(-1.0,0.0,0.0));
#10035=DIRECTION('',(0.0,-1.0,0.0));
#10036=DIRECTION('',(0.0,1.0,0.0));
#10037=DIRECTION('',(-1.0,0.0,0.0));
#10038=DIRECTION('',(0.0,1.0,0.0));
#10039=DIRECTION('',(0.0,0.0,-1.0));
#10040=DIRECTION('',(0.0,1.0,0.0));
#10041=DIRECTION('',(0.0,1.0,0.0));
#10042=DIRECTION('',(0.0,0.0,-1.0));
#10043=DIRECTION('',(-1.0,0.0,0.0));
#10044=DIRECTION('',(0.0,1.0,0.0));
#10045=DIRECTION('',(0.0,0.0,1.0));
#10046=DIRECTION('',(0.0,1.0,0.0));
#10047=DIRECTION('',(0.0,0.0,1.0));
#10048=DIRECTION('',(1.0,0.0,0.0));
#10049=DIRECTION('',(1.0,0.0,0.0));
#10050=DIRECTION('',(0.0,0.0,-1.0));
#10051=DIRECTION('',(1.0,0.0,0.0));
#10052=DIRECTION('',(0.0,0.0,1.0));
#10053=DIRECTION('',(1.0,0.0,0.0));
#10054=DIRECTION('',(0.0,0.0,1.0));
#10055=DIRECTION('',(-1.0,0.0,0.0));
#10056=DIRECTION('',(0.0,0.0,-1.0));
#10057=DIRECTION('',(0.0,-1.0,0.0));
#10058=DIRECTION('',(1.0,0.0,0.0));
#10059=DIRECTION('',(0.0,-1.0,0.0));
#10060=DIRECTION('',(0.0,-1.0,0.0));
#10061=DIRECTION('',(0.0,-1.0,0.0));
#10062=DIRECTION('',(0.0,1.0,0.0));
#10063=DIRECTION('',(0.0,1.0,0.0));
#10064=DIRECTION('',(0.0,-1.0,0.0));
#10065=DIRECTION('',(0.0,1.0,0.0));
#10066=DIRECTION('',(0.0,-1.0,0.0));
#10067=DIRECTION('',(0.0,1.0,0.0));
#10068=DIRECTION('',(0.0,-1.0,0.0));
#10069=DIRECTION('',(-1.0,0.0,0.0));
#10070=DIRECTION('',(0.0,-1.0,0.0));
#10071=DIRECTION('',(0.0,0.0,1.0));
#10072=DIRECTION('',(0.577350269189626,0.577350269189626,0.577350269189626));
#10073=DIRECTION('',(0.577350269189626,0.577350269189626,-0.577350269189626));
#10074=DIRECTION('',(-0.577350269189626,0.577350269189626,-0.577350269189626));
#10075=DIRECTION('',(-0.577350269189626,0.577350269189626,0.577350269189626));
#10076=DIRECTION('',(0.0,0.0,-1.0));
#10077=DIRECTION('',(0.0,0.0,1.0));
#10078=DIRECTION('',(0.577350269189626,0.577350269189626,0.577350269189626));
#10079=DIRECTION('',(-0.577350269189626,0.577350269189626,0.577350269189626));
#10080=DIRECTION('',(0.0,-1.0,0.0));
#10081=DIRECTION('',(0.0,0.0,-1.0));
#10082=DIRECTION('',(0.0,-1.0,0.0));
#10083=DIRECTION('',(-1.0,0.0,0.0));
#10084=DIRECTION('',(0.0,-1.0,0.0));
#10085=DIRECTION('',(0.0,1.0,0.0));
#10086=DIRECTION('',(-1.0,0.0,0.0));
#10087=DIRECTION('',(0.0,1.0,0.0));
#10088=DIRECTION('',(0.0,0.0,-1.0));
#10089=DIRECTION('',(0.0,1.0,0.0));
#10090=DIRECTION('',(0.0,1.0,0.0));
#10091=DIRECTION('',(0.0,0.0,-1.0));
#10092=DIRECTION('',(0.0,1.0,0.0));
#10093=DIRECTION('',(-1.0,0.0,0.0));
#10094=DIRECTION('',(0.0,1.0,0.0));
#10095=DIRECTION('',(0.0,1.0,0.0));
#10096=DIRECTION('',(0.0,0.0,1.0));
#10097=DIRECTION('',(0.0,1.0,0.0));
#10098=DIRECTION('',(0.0,0.0,1.0));
#10099=DIRECTION('',(1.0,0.0,0.0));
#10100=DIRECTION('',(-1.0,0.0,0.0));
#10101=DIRECTION('',(0.0,0.0,1.0));
#10102=DIRECTION('',(1.0,0.0,0.0));
#10103=DIRECTION('',(0.0,0.0,-1.0));
#10104=DIRECTION('',(1.0,0.0,0.0));
#10105=DIRECTION('',(0.0,0.0,1.0));
#10106=DIRECTION('',(-1.0,0.0,0.0));
#10107=DIRECTION('',(0.0,0.0,-1.0));
#10108=DIRECTION('',(1.0,0.0,0.0));
#10109=DIRECTION('',(0.0,-1.0,0.0));
#10110=DIRECTION('',(1.0,0.0,0.0));
#10111=DIRECTION('',(0.577350269189626,0.577350269189626,-0.577350269189626));
#10112=DIRECTION('',(-0.577350269189626,0.577350269189626,-0.577350269189626));
#10113=DIRECTION('',(-0.577350269189626,0.577350269189626,0.577350269189626));
#10114=DIRECTION('',(0.577350269189626,0.577350269189626,0.577350269189626));
#10115=DIRECTION('',(0.0,0.0,1.0));
#10116=DIRECTION('',(0.0,1.0,0.0));
#10117=DIRECTION('',(0.0,1.0,0.0));
#10118=DIRECTION('',(0.0,1.0,0.0));
#10119=DIRECTION('',(0.0,1.0,0.0));
#10120=DIRECTION('',(0.0,1.0,0.0));
#10121=DIRECTION('',(0.0,1.0,0.0));
#10122=DIRECTION('',(0.0,1.0,0.0));
#10123=DIRECTION('',(0.0,1.0,0.0));
#10124=DIRECTION('',(0.0,-1.0,0.0));
#10125=DIRECTION('',(-1.0,0.0,0.0));
#10126=DIRECTION('',(0.0,-1.0,0.0));
#10127=DIRECTION('',(0.0,0.0,1.0));
#10128=DIRECTION('',(0.0,-1.0,0.0));
#10129=DIRECTION('',(1.0,0.0,0.0));
#10130=DIRECTION('',(0.0,-1.0,0.0));
#10131=DIRECTION('',(0.0,0.0,-1.0));
#10132=DIRECTION('',(-0.577350269189626,0.577350269189626,0.577350269189626));
#10133=DIRECTION('',(-0.577350269189626,0.577350269189626,-0.577350269189626));
#10134=DIRECTION('',(0.577350269189626,0.577350269189626,-0.577350269189626));
#10135=DIRECTION('',(0.577350269189626,0.577350269189626,0.577350269189626));
#10136=DIRECTION('',(1.0,0.0,0.0));
#10137=DIRECTION('',(0.0,-1.0,0.0));
#10138=CARTESIAN_POINT('',(1.57,-2.556205025553,0.95));
#10139=DIRECTION('',(0.0,0.0,-1.0));
#10140=DIRECTION('',(-1.0,0.0,0.0));
#10141=CARTESIAN_POINT('',(1.31387505004,-2.4,0.95));
#10142=DIRECTION('',(0.0,0.0,-1.0));
#10143=DIRECTION('',(0.853749833199939,0.520683418509824,0.0));
#10144=CARTESIAN_POINT('',(1.57,-2.243794974447,0.95));
#10145=DIRECTION('',(-0.0,0.0,-1.0));
#10146=DIRECTION('',(-0.853749833199707,-0.520683418510204,0.0));
#10147=DIRECTION('',(0.0,-1.0,0.0));
#10148=DIRECTION('',(-1.0,0.0,0.0));
#10149=DIRECTION('',(0.0,1.0,0.0));
#10150=CARTESIAN_POINT('',(0.97,-2.243794974447,0.95));
#10151=DIRECTION('',(0.0,0.0,-1.0));
#10152=DIRECTION('',(1.0,0.0,0.0));
#10153=CARTESIAN_POINT('',(1.22612494996,-2.4,0.95));
#10154=DIRECTION('',(-0.0,0.0,-1.0));
#10155=DIRECTION('',(-0.853749833199895,-0.520683418509897,0.0));
#10156=CARTESIAN_POINT('',(0.97,-2.556205025553,0.95));
#10157=DIRECTION('',(0.0,0.0,-1.0));
#10158=DIRECTION('',(0.853749833199779,0.520683418510087,0.0));
#10159=DIRECTION('',(0.0,1.0,0.0));
#10160=DIRECTION('',(1.0,0.0,0.0));
#10161=DIRECTION('',(0.0,0.0,1.0));
#10162=DIRECTION('',(0.0,-1.0,0.0));
#10163=DIRECTION('',(0.0,0.999717314030125,0.0237758707178706));
#10164=DIRECTION('',(0.0,0.0,-1.0));
#10165=CARTESIAN_POINT('',(1.47,1.229765502911,-2.242223252765));
#10166=DIRECTION('',(-1.0,0.0,0.0));
#10167=DIRECTION('',(0.0,0.133032868303597,0.991111626382678));
#10168=CARTESIAN_POINT('',(1.47,1.33,-0.01));
#10169=DIRECTION('',(-1.0,0.0,0.0));
#10170=DIRECTION('',(0.0,0.552770798392605,-0.833333333333308));
#10171=DIRECTION('',(0.0,-0.999717314030125,-0.0237758707178706));
#10172=CARTESIAN_POINT('',(1.47,-1.82,-0.01));
#10173=DIRECTION('',(-1.0,0.0,0.0));
#10174=DIRECTION('',(0.0,0.0,-1.0));
#10175=DIRECTION('',(0.0,0.999717314030125,-0.0237758707178706));
#10176=CARTESIAN_POINT('',(1.47,1.33,-0.01));
#10177=DIRECTION('',(-1.0,0.0,0.0));
#10178=DIRECTION('',(0.0,0.0237758707178706,0.999717314030125));
#10179=CARTESIAN_POINT('',(1.47,1.229765502911,2.222223252765));
#10180=DIRECTION('',(-1.0,0.0,0.0));
#10181=DIRECTION('',(0.0,0.70011724854471,-0.71402789741731));
#10182=DIRECTION('',(0.0,0.0,-1.0));
#10183=DIRECTION('',(-0.0,-0.999717314030125,0.0237758707178706));
#10184=DIRECTION('',(0.0,0.0,1.0));
#10185=DIRECTION('',(0.0,1.0,0.0));
#10186=DIRECTION('',(0.0,0.0,-1.0));
#10187=DIRECTION('',(0.0,0.0,-1.0));
#10188=DIRECTION('',(0.0,-1.0,0.0));
#10189=DIRECTION('',(0.0,0.0,-1.0));
#10190=DIRECTION('',(0.0,1.0,0.0));
#10191=CARTESIAN_POINT('',(1.57,-2.243794974447,-0.81));
#10192=DIRECTION('',(0.0,0.0,1.0));
#10193=DIRECTION('',(-1.0,0.0,0.0));
#10194=DIRECTION('',(0.0,0.0,1.0));
#10195=CARTESIAN_POINT('',(1.57,-2.243794974447,-0.97));
#10196=DIRECTION('',(0.0,0.0,1.0));
#10197=DIRECTION('',(-1.0,0.0,0.0));
#10198=CARTESIAN_POINT('',(1.57,-2.243794974447,0.79));
#10199=DIRECTION('',(0.0,0.0,1.0));
#10200=DIRECTION('',(-1.0,0.0,0.0));
#10201=DIRECTION('',(3.469446951954E-14,-7.771561172376E-14,1.0));
#10202=CARTESIAN_POINT('',(1.57,-2.556205025553,-0.81));
#10203=DIRECTION('',(0.0,0.0,-1.0));
#10204=DIRECTION('',(-1.0,0.0,0.0));
#10205=CARTESIAN_POINT('',(1.31387505004,-2.4,-0.81));
#10206=DIRECTION('',(0.0,0.0,-1.0));
#10207=DIRECTION('',(0.85374983319985,0.52068341850997,0.0));
#10208=DIRECTION('',(0.0,-1.110223024625E-14,-1.0));
#10209=CARTESIAN_POINT('',(1.31387505004,-2.4,-0.97));
#10210=DIRECTION('',(0.0,0.0,-1.0));
#10211=DIRECTION('',(0.853749833199895,0.520683418509897,0.0));
#10212=CARTESIAN_POINT('',(1.31387505004,-2.4,0.79));
#10213=DIRECTION('',(0.0,0.0,-1.0));
#10214=DIRECTION('',(0.853749833199823,0.520683418510014,0.0));
#10215=DIRECTION('',(1.249000902703E-14,2.775557561563E-14,-1.0));
#10216=DIRECTION('',(-1.0,0.0,0.0));
#10217=DIRECTION('',(0.0,1.0,0.0));
#10218=CARTESIAN_POINT('',(0.97,-2.556205025553,-0.97));
#10219=DIRECTION('',(0.0,0.0,1.0));
#10220=DIRECTION('',(1.0,0.0,0.0));
#10221=CARTESIAN_POINT('',(1.22612494996,-2.4,-0.97));
#10222=DIRECTION('',(-0.0,0.0,-1.0));
#10223=DIRECTION('',(-0.85374983319985,-0.52068341850997,0.0));
#10224=CARTESIAN_POINT('',(0.97,-2.243794974447,-0.97));
#10225=DIRECTION('',(0.0,0.0,1.0));
#10226=DIRECTION('',(0.853749833199895,-0.520683418509897,-0.0));
#10227=DIRECTION('',(0.0,1.0,0.0));
#10228=DIRECTION('',(-1.0,0.0,0.0));
#10229=CARTESIAN_POINT('',(1.57,-2.556205025553,-0.97));
#10230=DIRECTION('',(0.0,0.0,1.0));
#10231=DIRECTION('',(-0.853749833199895,0.520683418509897,0.0));
#10232=DIRECTION('',(-1.0,0.0,0.0));
#10233=DIRECTION('',(0.0,0.0,1.0));
#10234=DIRECTION('',(0.0,0.0,1.0));
#10235=DIRECTION('',(0.0,0.0,1.0));
#10236=DIRECTION('',(0.0,1.0,0.0));
#10237=DIRECTION('',(0.0,0.0,-1.0));
#10238=DIRECTION('',(-0.0,-0.999717314030125,0.0237758707178706));
#10239=DIRECTION('',(0.0,3.552713678801E-14,-1.0));
#10240=CARTESIAN_POINT('',(1.07,1.229765502911,2.222223252765));
#10241=DIRECTION('',(-1.0,0.0,0.0));
#10242=DIRECTION('',(0.0,0.70011724854471,-0.71402789741731));
#10243=CARTESIAN_POINT('',(1.07,1.33,-0.01));
#10244=DIRECTION('',(-1.0,0.0,0.0));
#10245=DIRECTION('',(0.0,0.0237758707178706,0.999717314030125));
#10246=DIRECTION('',(0.0,0.999717314030125,-0.0237758707178706));
#10247=CARTESIAN_POINT('',(1.07,-1.82,-0.01));
#10248=DIRECTION('',(-1.0,0.0,0.0));
#10249=DIRECTION('',(0.0,0.0,-1.0));
#10250=DIRECTION('',(0.0,-0.999717314030125,-0.0237758707178706));
#10251=CARTESIAN_POINT('',(1.07,1.33,-0.01));
#10252=DIRECTION('',(-1.0,0.0,0.0));
#10253=DIRECTION('',(0.0,0.552770798392605,-0.833333333333308));
#10254=CARTESIAN_POINT('',(1.07,1.229765502911,-2.242223252765));
#10255=DIRECTION('',(-1.0,0.0,0.0));
#10256=DIRECTION('',(0.0,0.133032868303597,0.991111626382678));
#10257=DIRECTION('',(0.0,0.0,-1.0));
#10258=DIRECTION('',(0.0,0.999717314030125,0.0237758707178706));
#10259=DIRECTION('',(0.0,0.0,-1.0));
#10260=DIRECTION('',(0.0,1.0,0.0));
#10261=CARTESIAN_POINT('',(0.97,-2.556205025553,0.79));
#10262=DIRECTION('',(0.0,0.0,1.0));
#10263=DIRECTION('',(1.0,0.0,0.0));
#10264=DIRECTION('',(-1.387778780781E-14,3.330669073875E-14,1.0));
#10265=CARTESIAN_POINT('',(0.97,-2.556205025553,-0.81));
#10266=DIRECTION('',(0.0,0.0,1.0));
#10267=DIRECTION('',(1.0,0.0,0.0));
#10268=DIRECTION('',(0.0,0.0,1.0));
#10269=CARTESIAN_POINT('',(1.22612494996,-2.4,0.79));
#10270=DIRECTION('',(-0.0,0.0,-1.0));
#10271=DIRECTION('',(-0.853749833199895,-0.520683418509897,0.0));
#10272=CARTESIAN_POINT('',(0.97,-2.243794974447,0.79));
#10273=DIRECTION('',(0.0,0.0,-1.0));
#10274=DIRECTION('',(1.0,0.0,0.0));
#10275=DIRECTION('',(2.775557561563E-14,5.551115123126E-14,-1.0));
#10276=CARTESIAN_POINT('',(0.97,-2.243794974447,-0.81));
#10277=DIRECTION('',(0.0,0.0,-1.0));
#10278=DIRECTION('',(1.0,0.0,0.0));
#10279=DIRECTION('',(0.0,1.665334536938E-14,-1.0));
#10280=CARTESIAN_POINT('',(1.22612494996,-2.4,-0.81));
#10281=DIRECTION('',(-0.0,0.0,-1.0));
#10282=DIRECTION('',(-0.853749833199895,-0.520683418509897,0.0));
#10283=DIRECTION('',(1.0,0.0,0.0));
#10284=DIRECTION('',(1.0,0.0,0.0));
#10285=DIRECTION('',(-1.0,0.0,0.0));
#10286=DIRECTION('',(-1.0,0.0,0.0));
#10287=DIRECTION('',(1.0,0.0,0.0));
#10288=DIRECTION('',(1.0,0.0,0.0));
#10289=DIRECTION('',(1.0,0.0,0.0));
#10290=DIRECTION('',(1.0,0.0,0.0));
#10291=DIRECTION('',(1.0,0.0,0.0));
#10292=DIRECTION('',(1.0,0.0,0.0));
#10293=CARTESIAN_POINT('',(1.57,-2.556205025553,0.79));
#10294=DIRECTION('',(0.0,0.0,-1.0));
#10295=DIRECTION('',(-1.0,0.0,0.0));
#10296=DIRECTION('',(1.0,0.0,0.0));
#10297=DIRECTION('',(0.0,-1.0,0.0));
#10298=CARTESIAN_POINT('',(1.57,-2.556205025553,3.49));
#10299=DIRECTION('',(0.0,0.0,-1.0));
#10300=DIRECTION('',(-1.0,0.0,0.0));
#10301=CARTESIAN_POINT('',(1.31387505004,-2.4,3.49));
#10302=DIRECTION('',(0.0,0.0,-1.0));
#10303=DIRECTION('',(0.853749833199939,0.520683418509824,0.0));
#10304=CARTESIAN_POINT('',(1.57,-2.243794974447,3.49));
#10305=DIRECTION('',(-0.0,0.0,-1.0));
#10306=DIRECTION('',(-0.853749833199707,-0.520683418510204,0.0));
#10307=DIRECTION('',(0.0,-1.0,0.0));
#10308=DIRECTION('',(-1.0,0.0,0.0));
#10309=DIRECTION('',(0.0,1.0,0.0));
#10310=CARTESIAN_POINT('',(0.97,-2.243794974447,3.49));
#10311=DIRECTION('',(0.0,0.0,-1.0));
#10312=DIRECTION('',(1.0,0.0,0.0));
#10313=CARTESIAN_POINT('',(1.22612494996,-2.4,3.49));
#10314=DIRECTION('',(-0.0,0.0,-1.0));
#10315=DIRECTION('',(-0.853749833199895,-0.520683418509897,0.0));
#10316=CARTESIAN_POINT('',(0.97,-2.556205025553,3.49));
#10317=DIRECTION('',(0.0,0.0,-1.0));
#10318=DIRECTION('',(0.853749833199779,0.520683418510087,0.0));
#10319=DIRECTION('',(0.0,1.0,0.0));
#10320=DIRECTION('',(1.0,0.0,0.0));
#10321=DIRECTION('',(0.0,0.0,1.0));
#10322=DIRECTION('',(0.0,-1.0,0.0));
#10323=DIRECTION('',(0.0,0.999717314030125,0.0237758707178706));
#10324=DIRECTION('',(0.0,0.0,-1.0));
#10325=CARTESIAN_POINT('',(1.47,1.229765502911,0.297776747235));
#10326=DIRECTION('',(-1.0,0.0,0.0));
#10327=DIRECTION('',(0.0,0.133032868303597,0.991111626382678));
#10328=CARTESIAN_POINT('',(1.47,1.33,2.53));
#10329=DIRECTION('',(-1.0,0.0,0.0));
#10330=DIRECTION('',(0.0,0.552770798392605,-0.833333333333308));
#10331=DIRECTION('',(0.0,-0.999717314030125,-0.0237758707178706));
#10332=CARTESIAN_POINT('',(1.47,-1.82,2.53));
#10333=DIRECTION('',(-1.0,0.0,0.0));
#10334=DIRECTION('',(0.0,0.0,-1.0));
#10335=DIRECTION('',(0.0,0.999717314030125,-0.0237758707178706));
#10336=CARTESIAN_POINT('',(1.47,1.33,2.53));
#10337=DIRECTION('',(-1.0,0.0,0.0));
#10338=DIRECTION('',(0.0,0.0237758707178706,0.999717314030125));
#10339=CARTESIAN_POINT('',(1.47,1.229765502911,4.762223252765));
#10340=DIRECTION('',(-1.0,0.0,0.0));
#10341=DIRECTION('',(0.0,0.70011724854471,-0.71402789741731));
#10342=DIRECTION('',(0.0,0.0,-1.0));
#10343=DIRECTION('',(-0.0,-0.999717314030125,0.0237758707178706));
#10344=DIRECTION('',(0.0,0.0,1.0));
#10345=DIRECTION('',(0.0,1.0,0.0));
#10346=DIRECTION('',(0.0,0.0,-1.0));
#10347=DIRECTION('',(0.0,0.0,-1.0));
#10348=DIRECTION('',(0.0,-1.0,0.0));
#10349=DIRECTION('',(0.0,0.0,-1.0));
#10350=DIRECTION('',(0.0,1.0,0.0));
#10351=CARTESIAN_POINT('',(1.57,-2.243794974447,1.73));
#10352=DIRECTION('',(0.0,0.0,1.0));
#10353=DIRECTION('',(-1.0,0.0,0.0));
#10354=DIRECTION('',(0.0,0.0,1.0));
#10355=CARTESIAN_POINT('',(1.57,-2.243794974447,1.57));
#10356=DIRECTION('',(0.0,0.0,1.0));
#10357=DIRECTION('',(-1.0,0.0,0.0));
#10358=CARTESIAN_POINT('',(1.57,-2.243794974447,3.33));
#10359=DIRECTION('',(0.0,0.0,1.0));
#10360=DIRECTION('',(-1.0,0.0,0.0));
#10361=DIRECTION('',(3.469446951954E-14,-7.771561172376E-14,1.0));
#10362=CARTESIAN_POINT('',(1.57,-2.556205025553,1.73));
#10363=DIRECTION('',(0.0,0.0,-1.0));
#10364=DIRECTION('',(-1.0,0.0,0.0));
#10365=CARTESIAN_POINT('',(1.31387505004,-2.4,1.73));
#10366=DIRECTION('',(0.0,0.0,-1.0));
#10367=DIRECTION('',(0.85374983319985,0.52068341850997,0.0));
#10368=DIRECTION('',(0.0,-1.110223024625E-14,-1.0));
#10369=CARTESIAN_POINT('',(1.31387505004,-2.4,1.57));
#10370=DIRECTION('',(0.0,0.0,-1.0));
#10371=DIRECTION('',(0.853749833199895,0.520683418509897,0.0));
#10372=CARTESIAN_POINT('',(1.31387505004,-2.4,3.33));
#10373=DIRECTION('',(0.0,0.0,-1.0));
#10374=DIRECTION('',(0.853749833199823,0.520683418510014,0.0));
#10375=DIRECTION('',(1.249000902703E-14,2.775557561563E-14,-1.0));
#10376=DIRECTION('',(-1.0,0.0,0.0));
#10377=DIRECTION('',(0.0,1.0,0.0));
#10378=CARTESIAN_POINT('',(0.97,-2.556205025553,1.57));
#10379=DIRECTION('',(0.0,0.0,1.0));
#10380=DIRECTION('',(1.0,0.0,0.0));
#10381=CARTESIAN_POINT('',(1.22612494996,-2.4,1.57));
#10382=DIRECTION('',(-0.0,0.0,-1.0));
#10383=DIRECTION('',(-0.85374983319985,-0.52068341850997,0.0));
#10384=CARTESIAN_POINT('',(0.97,-2.243794974447,1.57));
#10385=DIRECTION('',(0.0,0.0,1.0));
#10386=DIRECTION('',(0.853749833199895,-0.520683418509897,-0.0));
#10387=DIRECTION('',(0.0,1.0,0.0));
#10388=DIRECTION('',(-1.0,0.0,0.0));
#10389=CARTESIAN_POINT('',(1.57,-2.556205025553,1.57));
#10390=DIRECTION('',(0.0,0.0,1.0));
#10391=DIRECTION('',(-0.853749833199895,0.520683418509897,0.0));
#10392=DIRECTION('',(-1.0,0.0,0.0));
#10393=DIRECTION('',(0.0,0.0,1.0));
#10394=DIRECTION('',(0.0,0.0,1.0));
#10395=DIRECTION('',(0.0,0.0,1.0));
#10396=DIRECTION('',(0.0,1.0,0.0));
#10397=DIRECTION('',(0.0,0.0,-1.0));
#10398=DIRECTION('',(-0.0,-0.999717314030125,0.0237758707178706));
#10399=DIRECTION('',(0.0,3.552713678801E-14,-1.0));
#10400=CARTESIAN_POINT('',(1.07,1.229765502911,4.762223252765));
#10401=DIRECTION('',(-1.0,0.0,0.0));
#10402=DIRECTION('',(0.0,0.70011724854471,-0.71402789741731));
#10403=CARTESIAN_POINT('',(1.07,1.33,2.53));
#10404=DIRECTION('',(-1.0,0.0,0.0));
#10405=DIRECTION('',(0.0,0.0237758707178706,0.999717314030125));
#10406=DIRECTION('',(0.0,0.999717314030125,-0.0237758707178706));
#10407=CARTESIAN_POINT('',(1.07,-1.82,2.53));
#10408=DIRECTION('',(-1.0,0.0,0.0));
#10409=DIRECTION('',(0.0,0.0,-1.0));
#10410=DIRECTION('',(0.0,-0.999717314030125,-0.0237758707178706));
#10411=CARTESIAN_POINT('',(1.07,1.33,2.53));
#10412=DIRECTION('',(-1.0,0.0,0.0));
#10413=DIRECTION('',(0.0,0.552770798392605,-0.833333333333308));
#10414=CARTESIAN_POINT('',(1.07,1.229765502911,0.297776747235));
#10415=DIRECTION('',(-1.0,0.0,0.0));
#10416=DIRECTION('',(0.0,0.133032868303597,0.991111626382678));
#10417=DIRECTION('',(0.0,0.0,-1.0));
#10418=DIRECTION('',(0.0,0.999717314030125,0.0237758707178706));
#10419=DIRECTION('',(0.0,0.0,-1.0));
#10420=DIRECTION('',(0.0,1.0,0.0));
#10421=CARTESIAN_POINT('',(0.97,-2.556205025553,3.33));
#10422=DIRECTION('',(0.0,0.0,1.0));
#10423=DIRECTION('',(1.0,0.0,0.0));
#10424=DIRECTION('',(-1.387778780781E-14,3.330669073875E-14,1.0));
#10425=CARTESIAN_POINT('',(0.97,-2.556205025553,1.73));
#10426=DIRECTION('',(0.0,0.0,1.0));
#10427=DIRECTION('',(1.0,0.0,0.0));
#10428=DIRECTION('',(0.0,0.0,1.0));
#10429=CARTESIAN_POINT('',(1.22612494996,-2.4,3.33));
#10430=DIRECTION('',(-0.0,0.0,-1.0));
#10431=DIRECTION('',(-0.853749833199895,-0.520683418509897,0.0));
#10432=CARTESIAN_POINT('',(0.97,-2.243794974447,3.33));
#10433=DIRECTION('',(0.0,0.0,-1.0));
#10434=DIRECTION('',(1.0,0.0,0.0));
#10435=DIRECTION('',(2.775557561563E-14,5.551115123126E-14,-1.0));
#10436=CARTESIAN_POINT('',(0.97,-2.243794974447,1.73));
#10437=DIRECTION('',(0.0,0.0,-1.0));
#10438=DIRECTION('',(1.0,0.0,0.0));
#10439=DIRECTION('',(0.0,1.665334536938E-14,-1.0));
#10440=CARTESIAN_POINT('',(1.22612494996,-2.4,1.73));
#10441=DIRECTION('',(-0.0,0.0,-1.0));
#10442=DIRECTION('',(-0.853749833199895,-0.520683418509897,0.0));
#10443=DIRECTION('',(1.0,0.0,0.0));
#10444=DIRECTION('',(1.0,0.0,0.0));
#10445=DIRECTION('',(-1.0,0.0,0.0));
#10446=DIRECTION('',(-1.0,0.0,0.0));
#10447=DIRECTION('',(1.0,0.0,0.0));
#10448=DIRECTION('',(1.0,0.0,0.0));
#10449=DIRECTION('',(1.0,0.0,0.0));
#10450=DIRECTION('',(1.0,0.0,0.0));
#10451=DIRECTION('',(1.0,0.0,0.0));
#10452=DIRECTION('',(1.0,0.0,0.0));
#10453=CARTESIAN_POINT('',(1.57,-2.556205025553,3.33));
#10454=DIRECTION('',(0.0,0.0,-1.0));
#10455=DIRECTION('',(-1.0,0.0,0.0));
#10456=DIRECTION('',(1.0,0.0,0.0));
#10457=DIRECTION('',(0.0,-1.0,0.0));
#10458=CARTESIAN_POINT('',(-0.97,-2.923745860882,0.95));
#10459=DIRECTION('',(0.0,0.0,-1.0));
#10460=DIRECTION('',(-1.0,0.0,0.0));
#10461=CARTESIAN_POINT('',(-1.17,-2.735,0.95));
#10462=DIRECTION('',(0.0,0.0,-1.0));
#10463=DIRECTION('',(0.727272727272721,0.68634858502462,0.0));
#10464=CARTESIAN_POINT('',(-0.97,-2.546254139118,0.95));
#10465=DIRECTION('',(-0.0,0.0,-1.0));
#10466=DIRECTION('',(-0.727272727272721,-0.68634858502462,0.0));
#10467=DIRECTION('',(0.0,-1.0,0.0));
#10468=DIRECTION('',(-1.0,0.0,0.0));
#10469=DIRECTION('',(0.0,1.0,0.0));
#10470=CARTESIAN_POINT('',(-1.57,-2.546254139118,0.95));
#10471=DIRECTION('',(0.0,0.0,-1.0));
#10472=DIRECTION('',(1.0,-1.7763568394E-14,0.0));
#10473=CARTESIAN_POINT('',(-1.37,-2.735,0.95));
#10474=DIRECTION('',(-0.0,0.0,-1.0));
#10475=DIRECTION('',(-0.727272727272721,-0.68634858502462,0.0));
#10476=CARTESIAN_POINT('',(-1.57,-2.923745860882,0.95));
#10477=DIRECTION('',(0.0,0.0,-1.0));
#10478=DIRECTION('',(0.727272727272721,0.68634858502462,0.0));
#10479=DIRECTION('',(0.0,1.0,0.0));
#10480=DIRECTION('',(1.0,0.0,0.0));
#10481=DIRECTION('',(0.0,-1.0,0.0));
#10482=DIRECTION('',(0.0,-2.22044604925E-14,-1.0));
#10483=DIRECTION('',(0.0,1.0,0.0));
#10484=DIRECTION('',(-0.0,-2.22044604925E-14,1.0));
#10485=DIRECTION('',(0.0,-1.0,0.0));
#10486=DIRECTION('',(0.0,0.999726056168175,0.0234053972072094));
#10487=DIRECTION('',(0.0,0.0,-1.0));
#10488=CARTESIAN_POINT('',(-1.07,1.27919920222,-2.242147158181));
#10489=DIRECTION('',(-1.0,0.0,0.0));
#10490=DIRECTION('',(0.0,0.133316018648602,0.991073579090718));
#10491=CARTESIAN_POINT('',(-1.07,1.38,-0.01));
#10492=DIRECTION('',(-1.0,0.0,0.0));
#10493=DIRECTION('',(0.0,0.552770798392605,-0.833333333333308));
#10494=DIRECTION('',(0.0,-0.999726056168175,-0.0234053972072094));
#10495=CARTESIAN_POINT('',(-1.07,-1.82,-0.01));
#10496=DIRECTION('',(-1.0,0.0,0.0));
#10497=DIRECTION('',(0.0,0.0,-1.0));
#10498=DIRECTION('',(0.0,0.999726056168175,-0.0234053972072094));
#10499=CARTESIAN_POINT('',(-1.07,1.38,-0.01));
#10500=DIRECTION('',(-1.0,0.0,0.0));
#10501=DIRECTION('',(0.0,0.0234053972072094,0.999726056168175));
#10502=CARTESIAN_POINT('',(-1.07,1.27919920222,2.222147158181));
#10503=DIRECTION('',(-1.0,0.0,0.0));
#10504=DIRECTION('',(0.0,0.700400398889705,-0.713750153229505));
#10505=DIRECTION('',(0.0,0.0,-1.0));
#10506=DIRECTION('',(-0.0,-0.999726056168175,0.0234053972072094));
#10507=DIRECTION('',(0.0,2.22044604925E-14,1.0));
#10508=DIRECTION('',(0.0,1.0,0.0));
#10509=DIRECTION('',(0.0,1.110223024625E-14,-1.0));
#10510=DIRECTION('',(0.0,0.0,-1.0));
#10511=DIRECTION('',(-1.0,0.0,0.0));
#10512=DIRECTION('',(-1.0,0.0,0.0));
#10513=DIRECTION('',(0.0,1.0,0.0));
#10514=CARTESIAN_POINT('',(-1.57,-2.923745860882,-0.97));
#10515=DIRECTION('',(0.0,0.0,1.0));
#10516=DIRECTION('',(1.0,0.0,0.0));
#10517=CARTESIAN_POINT('',(-1.37,-2.735,-0.97));
#10518=DIRECTION('',(-0.0,0.0,-1.0));
#10519=DIRECTION('',(-0.727272727272721,-0.68634858502462,0.0));
#10520=CARTESIAN_POINT('',(-1.57,-2.546254139118,-0.97));
#10521=DIRECTION('',(0.0,0.0,1.0));
#10522=DIRECTION('',(0.727272727272721,-0.68634858502462,-0.0));
#10523=DIRECTION('',(0.0,1.0,0.0));
#10524=DIRECTION('',(-1.0,0.0,0.0));
#10525=CARTESIAN_POINT('',(-0.97,-2.546254139118,-0.97));
#10526=DIRECTION('',(0.0,0.0,1.0));
#10527=DIRECTION('',(-1.0,1.7763568394E-14,0.0));
#10528=CARTESIAN_POINT('',(-1.17,-2.735,-0.97));
#10529=DIRECTION('',(0.0,0.0,-1.0));
#10530=DIRECTION('',(0.727272727272721,0.68634858502462,0.0));
#10531=CARTESIAN_POINT('',(-0.97,-2.923745860882,-0.97));
#10532=DIRECTION('',(0.0,0.0,1.0));
#10533=DIRECTION('',(-0.727272727272721,0.68634858502462,0.0));
#10534=CARTESIAN_POINT('',(-0.97,-2.923745860882,-0.81));
#10535=DIRECTION('',(0.0,0.0,-1.0));
#10536=DIRECTION('',(-1.0,1.7763568394E-14,0.0));
#10537=DIRECTION('',(0.0,0.0,-1.0));
#10538=CARTESIAN_POINT('',(-0.97,-2.923745860882,0.79));
#10539=DIRECTION('',(0.0,0.0,-1.0));
#10540=DIRECTION('',(-1.0,1.7763568394E-14,0.0));
#10541=DIRECTION('',(0.0,0.0,-1.0));
#10542=CARTESIAN_POINT('',(-1.17,-2.735,-0.81));
#10543=DIRECTION('',(0.0,0.0,1.0));
#10544=DIRECTION('',(0.727272727272721,-0.68634858502462,-0.0));
#10545=CARTESIAN_POINT('',(-0.97,-2.546254139118,-0.81));
#10546=DIRECTION('',(0.0,0.0,1.0));
#10547=DIRECTION('',(-1.0,-1.7763568394E-14,0.0));
#10548=DIRECTION('',(2.498001805407E-14,-3.330669073875E-14,1.0));
#10549=CARTESIAN_POINT('',(-1.17,-2.735,0.79));
#10550=DIRECTION('',(0.0,0.0,-1.0));
#10551=DIRECTION('',(0.727272727272818,0.686348585024517,0.0));
#10552=DIRECTION('',(-2.22044604925E-14,3.330669073875E-14,1.0));
#10553=CARTESIAN_POINT('',(-0.97,-2.546254139118,0.79));
#10554=DIRECTION('',(0.0,0.0,1.0));
#10555=DIRECTION('',(-1.0,-1.7763568394E-14,0.0));
#10556=DIRECTION('',(0.0,0.999726056168175,0.0234053972072094));
#10557=DIRECTION('',(1.0,0.0,0.0));
#10558=DIRECTION('',(0.0,0.0,-1.0));
#10559=DIRECTION('',(1.0,0.0,0.0));
#10560=DIRECTION('',(-1.0,0.0,0.0));
#10561=DIRECTION('',(0.0,0.0,-1.0));
#10562=DIRECTION('',(-1.0,0.0,0.0));
#10563=DIRECTION('',(0.0,0.0,1.0));
#10564=DIRECTION('',(-0.0,-2.22044604925E-14,1.0));
#10565=DIRECTION('',(0.0,1.0,0.0));
#10566=DIRECTION('',(0.0,1.110223024625E-14,-1.0));
#10567=DIRECTION('',(-0.0,-0.999726056168175,0.0234053972072094));
#10568=CARTESIAN_POINT('',(-1.47,1.27919920222,2.222147158181));
#10569=DIRECTION('',(-1.0,0.0,0.0));
#10570=DIRECTION('',(0.0,0.700400398889705,-0.713750153229505));
#10571=CARTESIAN_POINT('',(-1.47,1.38,-0.01));
#10572=DIRECTION('',(-1.0,0.0,0.0));
#10573=DIRECTION('',(0.0,0.0234053972072094,0.999726056168175));
#10574=DIRECTION('',(0.0,0.999726056168175,-0.0234053972072094));
#10575=CARTESIAN_POINT('',(-1.47,-1.82,-0.01));
#10576=DIRECTION('',(-1.0,0.0,0.0));
#10577=DIRECTION('',(0.0,0.0,-1.0));
#10578=DIRECTION('',(0.0,-0.999726056168175,-0.0234053972072094));
#10579=CARTESIAN_POINT('',(-1.47,1.38,-0.01));
#10580=DIRECTION('',(-1.0,0.0,0.0));
#10581=DIRECTION('',(0.0,0.552770798392605,-0.833333333333308));
#10582=CARTESIAN_POINT('',(-1.47,1.27919920222,-2.242147158181));
#10583=DIRECTION('',(-1.0,0.0,0.0));
#10584=DIRECTION('',(0.0,0.133316018648602,0.991073579090718));
#10585=DIRECTION('',(0.0,0.0,-1.0));
#10586=DIRECTION('',(0.0,1.0,0.0));
#10587=DIRECTION('',(0.0,1.110223024625E-14,1.0));
#10588=CARTESIAN_POINT('',(-1.57,-2.923745860882,0.79));
#10589=DIRECTION('',(0.0,-0.0,1.0));
#10590=DIRECTION('',(1.0,1.7763568394E-14,0.0));
#10591=DIRECTION('',(0.0,0.0,1.0));
#10592=CARTESIAN_POINT('',(-1.57,-2.923745860882,-0.81));
#10593=DIRECTION('',(0.0,-0.0,1.0));
#10594=DIRECTION('',(1.0,1.7763568394E-14,0.0));
#10595=DIRECTION('',(0.0,0.0,1.0));
#10596=CARTESIAN_POINT('',(-1.37,-2.735,0.79));
#10597=DIRECTION('',(-0.0,0.0,-1.0));
#10598=DIRECTION('',(-0.727272727272721,-0.68634858502462,0.0));
#10599=CARTESIAN_POINT('',(-1.57,-2.546254139118,0.79));
#10600=DIRECTION('',(0.0,0.0,-1.0));
#10601=DIRECTION('',(1.0,0.0,0.0));
#10602=DIRECTION('',(-1.942890293094E-14,-3.330669073875E-14,-1.0));
#10603=CARTESIAN_POINT('',(-1.37,-2.735,-0.81));
#10604=DIRECTION('',(0.0,0.0,1.0));
#10605=DIRECTION('',(-0.727272727272818,0.686348585024517,0.0));
#10606=DIRECTION('',(1.942890293094E-14,3.330669073875E-14,-1.0));
#10607=CARTESIAN_POINT('',(-1.57,-2.546254139118,-0.81));
#10608=DIRECTION('',(0.0,0.0,-1.0));
#10609=DIRECTION('',(1.0,0.0,0.0));
#10610=DIRECTION('',(1.0,0.0,0.0));
#10611=DIRECTION('',(1.0,0.0,0.0));
#10612=DIRECTION('',(1.0,0.0,0.0));
#10613=DIRECTION('',(1.0,0.0,0.0));
#10614=DIRECTION('',(1.0,0.0,0.0));
#10615=DIRECTION('',(1.0,0.0,0.0));
#10616=DIRECTION('',(1.0,0.0,0.0));
#10617=DIRECTION('',(0.0,-1.0,0.0));
#10618=CARTESIAN_POINT('',(-0.97,-2.923745860882,3.49));
#10619=DIRECTION('',(0.0,0.0,-1.0));
#10620=DIRECTION('',(-1.0,0.0,0.0));
#10621=CARTESIAN_POINT('',(-1.17,-2.735,3.49));
#10622=DIRECTION('',(0.0,0.0,-1.0));
#10623=DIRECTION('',(0.727272727272721,0.68634858502462,0.0));
#10624=CARTESIAN_POINT('',(-0.97,-2.546254139118,3.49));
#10625=DIRECTION('',(-0.0,0.0,-1.0));
#10626=DIRECTION('',(-0.727272727272721,-0.68634858502462,0.0));
#10627=DIRECTION('',(0.0,-1.0,0.0));
#10628=DIRECTION('',(-1.0,0.0,0.0));
#10629=DIRECTION('',(0.0,1.0,0.0));
#10630=CARTESIAN_POINT('',(-1.57,-2.546254139118,3.49));
#10631=DIRECTION('',(0.0,0.0,-1.0));
#10632=DIRECTION('',(1.0,-1.7763568394E-14,0.0));
#10633=CARTESIAN_POINT('',(-1.37,-2.735,3.49));
#10634=DIRECTION('',(-0.0,0.0,-1.0));
#10635=DIRECTION('',(-0.727272727272721,-0.68634858502462,0.0));
#10636=CARTESIAN_POINT('',(-1.57,-2.923745860882,3.49));
#10637=DIRECTION('',(0.0,0.0,-1.0));
#10638=DIRECTION('',(0.727272727272721,0.68634858502462,0.0));
#10639=DIRECTION('',(0.0,1.0,0.0));
#10640=DIRECTION('',(1.0,0.0,0.0));
#10641=DIRECTION('',(0.0,-1.0,0.0));
#10642=DIRECTION('',(0.0,-2.22044604925E-14,-1.0));
#10643=DIRECTION('',(0.0,1.0,0.0));
#10644=DIRECTION('',(-0.0,-2.22044604925E-14,1.0));
#10645=DIRECTION('',(0.0,-1.0,0.0));
#10646=DIRECTION('',(0.0,0.999726056168175,0.0234053972072094));
#10647=DIRECTION('',(0.0,0.0,-1.0));
#10648=CARTESIAN_POINT('',(-1.07,1.27919920222,0.297852841819));
#10649=DIRECTION('',(-1.0,0.0,0.0));
#10650=DIRECTION('',(0.0,0.133316018648602,0.991073579090718));
#10651=CARTESIAN_POINT('',(-1.07,1.38,2.53));
#10652=DIRECTION('',(-1.0,0.0,0.0));
#10653=DIRECTION('',(0.0,0.552770798392605,-0.833333333333308));
#10654=DIRECTION('',(0.0,-0.999726056168175,-0.0234053972072094));
#10655=CARTESIAN_POINT('',(-1.07,-1.82,2.53));
#10656=DIRECTION('',(-1.0,0.0,0.0));
#10657=DIRECTION('',(0.0,0.0,-1.0));
#10658=DIRECTION('',(0.0,0.999726056168175,-0.0234053972072094));
#10659=CARTESIAN_POINT('',(-1.07,1.38,2.53));
#10660=DIRECTION('',(-1.0,0.0,0.0));
#10661=DIRECTION('',(0.0,0.0234053972072094,0.999726056168175));
#10662=CARTESIAN_POINT('',(-1.07,1.27919920222,4.762147158181));
#10663=DIRECTION('',(-1.0,0.0,0.0));
#10664=DIRECTION('',(0.0,0.700400398889705,-0.713750153229505));
#10665=DIRECTION('',(0.0,0.0,-1.0));
#10666=DIRECTION('',(-0.0,-0.999726056168175,0.0234053972072094));
#10667=DIRECTION('',(0.0,2.22044604925E-14,1.0));
#10668=DIRECTION('',(0.0,1.0,0.0));
#10669=DIRECTION('',(0.0,1.110223024625E-14,-1.0));
#10670=DIRECTION('',(0.0,0.0,-1.0));
#10671=DIRECTION('',(-1.0,0.0,0.0));
#10672=DIRECTION('',(-1.0,0.0,0.0));
#10673=DIRECTION('',(0.0,1.0,0.0));
#10674=CARTESIAN_POINT('',(-1.57,-2.923745860882,1.57));
#10675=DIRECTION('',(0.0,0.0,1.0));
#10676=DIRECTION('',(1.0,0.0,0.0));
#10677=CARTESIAN_POINT('',(-1.37,-2.735,1.57));
#10678=DIRECTION('',(-0.0,0.0,-1.0));
#10679=DIRECTION('',(-0.727272727272721,-0.68634858502462,0.0));
#10680=CARTESIAN_POINT('',(-1.57,-2.546254139118,1.57));
#10681=DIRECTION('',(0.0,0.0,1.0));
#10682=DIRECTION('',(0.727272727272721,-0.68634858502462,-0.0));
#10683=DIRECTION('',(0.0,1.0,0.0));
#10684=DIRECTION('',(-1.0,0.0,0.0));
#10685=CARTESIAN_POINT('',(-0.97,-2.546254139118,1.57));
#10686=DIRECTION('',(0.0,0.0,1.0));
#10687=DIRECTION('',(-1.0,1.7763568394E-14,0.0));
#10688=CARTESIAN_POINT('',(-1.17,-2.735,1.57));
#10689=DIRECTION('',(0.0,0.0,-1.0));
#10690=DIRECTION('',(0.727272727272721,0.68634858502462,0.0));
#10691=CARTESIAN_POINT('',(-0.97,-2.923745860882,1.57));
#10692=DIRECTION('',(0.0,0.0,1.0));
#10693=DIRECTION('',(-0.727272727272721,0.68634858502462,0.0));
#10694=CARTESIAN_POINT('',(-0.97,-2.923745860882,1.73));
#10695=DIRECTION('',(0.0,0.0,-1.0));
#10696=DIRECTION('',(-1.0,1.7763568394E-14,0.0));
#10697=DIRECTION('',(0.0,0.0,-1.0));
#10698=CARTESIAN_POINT('',(-0.97,-2.923745860882,3.33));
#10699=DIRECTION('',(0.0,0.0,-1.0));
#10700=DIRECTION('',(-1.0,1.7763568394E-14,0.0));
#10701=DIRECTION('',(0.0,0.0,-1.0));
#10702=CARTESIAN_POINT('',(-1.17,-2.735,1.73));
#10703=DIRECTION('',(0.0,0.0,1.0));
#10704=DIRECTION('',(0.727272727272721,-0.68634858502462,-0.0));
#10705=CARTESIAN_POINT('',(-0.97,-2.546254139118,1.73));
#10706=DIRECTION('',(0.0,0.0,1.0));
#10707=DIRECTION('',(-1.0,-1.7763568394E-14,0.0));
#10708=DIRECTION('',(2.498001805407E-14,-3.330669073875E-14,1.0));
#10709=CARTESIAN_POINT('',(-1.17,-2.735,3.33));
#10710=DIRECTION('',(0.0,0.0,-1.0));
#10711=DIRECTION('',(0.727272727272818,0.686348585024517,0.0));
#10712=DIRECTION('',(-2.22044604925E-14,3.330669073875E-14,1.0));
#10713=CARTESIAN_POINT('',(-0.97,-2.546254139118,3.33));
#10714=DIRECTION('',(0.0,0.0,1.0));
#10715=DIRECTION('',(-1.0,-1.7763568394E-14,0.0));
#10716=DIRECTION('',(0.0,0.999726056168175,0.0234053972072094));
#10717=DIRECTION('',(1.0,0.0,0.0));
#10718=DIRECTION('',(0.0,0.0,-1.0));
#10719=DIRECTION('',(1.0,0.0,0.0));
#10720=DIRECTION('',(-1.0,0.0,0.0));
#10721=DIRECTION('',(0.0,0.0,-1.0));
#10722=DIRECTION('',(-1.0,0.0,0.0));
#10723=DIRECTION('',(0.0,0.0,1.0));
#10724=DIRECTION('',(-0.0,-2.22044604925E-14,1.0));
#10725=DIRECTION('',(0.0,1.0,0.0));
#10726=DIRECTION('',(0.0,1.110223024625E-14,-1.0));
#10727=DIRECTION('',(-0.0,-0.999726056168175,0.0234053972072094));
#10728=CARTESIAN_POINT('',(-1.47,1.27919920222,4.762147158181));
#10729=DIRECTION('',(-1.0,0.0,0.0));
#10730=DIRECTION('',(0.0,0.700400398889705,-0.713750153229505));
#10731=CARTESIAN_POINT('',(-1.47,1.38,2.53));
#10732=DIRECTION('',(-1.0,0.0,0.0));
#10733=DIRECTION('',(0.0,0.0234053972072094,0.999726056168175));
#10734=DIRECTION('',(0.0,0.999726056168175,-0.0234053972072094));
#10735=CARTESIAN_POINT('',(-1.47,-1.82,2.53));
#10736=DIRECTION('',(-1.0,0.0,0.0));
#10737=DIRECTION('',(0.0,0.0,-1.0));
#10738=DIRECTION('',(0.0,-0.999726056168175,-0.0234053972072094));
#10739=CARTESIAN_POINT('',(-1.47,1.38,2.53));
#10740=DIRECTION('',(-1.0,0.0,0.0));
#10741=DIRECTION('',(0.0,0.552770798392605,-0.833333333333308));
#10742=CARTESIAN_POINT('',(-1.47,1.27919920222,0.297852841819));
#10743=DIRECTION('',(-1.0,0.0,0.0));
#10744=DIRECTION('',(0.0,0.133316018648602,0.991073579090718));
#10745=DIRECTION('',(0.0,0.0,-1.0));
#10746=DIRECTION('',(0.0,1.0,0.0));
#10747=DIRECTION('',(0.0,1.110223024625E-14,1.0));
#10748=CARTESIAN_POINT('',(-1.57,-2.923745860882,3.33));
#10749=DIRECTION('',(0.0,-0.0,1.0));
#10750=DIRECTION('',(1.0,1.7763568394E-14,0.0));
#10751=DIRECTION('',(0.0,0.0,1.0));
#10752=CARTESIAN_POINT('',(-1.57,-2.923745860882,1.73));
#10753=DIRECTION('',(0.0,-0.0,1.0));
#10754=DIRECTION('',(1.0,1.7763568394E-14,0.0));
#10755=DIRECTION('',(0.0,0.0,1.0));
#10756=CARTESIAN_POINT('',(-1.37,-2.735,3.33));
#10757=DIRECTION('',(-0.0,0.0,-1.0));
#10758=DIRECTION('',(-0.727272727272721,-0.68634858502462,0.0));
#10759=CARTESIAN_POINT('',(-1.57,-2.546254139118,3.33));
#10760=DIRECTION('',(0.0,0.0,-1.0));
#10761=DIRECTION('',(1.0,0.0,0.0));
#10762=DIRECTION('',(-1.942890293094E-14,-3.330669073875E-14,-1.0));
#10763=CARTESIAN_POINT('',(-1.37,-2.735,1.73));
#10764=DIRECTION('',(0.0,0.0,1.0));
#10765=DIRECTION('',(-0.727272727272818,0.686348585024517,0.0));
#10766=DIRECTION('',(1.942890293094E-14,3.330669073875E-14,-1.0));
#10767=CARTESIAN_POINT('',(-1.57,-2.546254139118,1.73));
#10768=DIRECTION('',(0.0,0.0,-1.0));
#10769=DIRECTION('',(1.0,0.0,0.0));
#10770=DIRECTION('',(1.0,0.0,0.0));
#10771=DIRECTION('',(1.0,0.0,0.0));
#10772=DIRECTION('',(1.0,0.0,0.0));
#10773=DIRECTION('',(1.0,0.0,0.0));
#10774=DIRECTION('',(1.0,0.0,0.0));
#10775=DIRECTION('',(1.0,0.0,0.0));
#10776=PRESENTATION_LAYER_ASSIGNMENT('','',(#129,#131,#133,#135,#137,#139,#141,#143,#145,#147,#149,#151,#153,#155,#157,#159,#161,#163,#165,#167,#169,#171,#173,#175,#177,#179,#181,#183,#185,#187,#189,#191,#193,#195,#197,#199,#201,#203,#205,#207,#209,#211,#213,#215,#217,#219,#221,#223,#225,#227,#229,#231,#233,#235,#237,#239,#241,#243,#245,#247,#249,#251,#253,#255,#257,#259,#261,#263,#265,#267,#269,#271,#273,#275,#277,#279,#281,#283,#285,#287,#289,#291,#293,#295,#297,#299,#301,#303,#305,#307,#309,#311,#313,#315,#317,#319,#321,#647,#648,#649,#650,#651,#652,#653,#654,#655,#656,#657,#658,#659,#660,#661,#662,#663,#664,#665,#666,#667,#668,#669,#670,#671,#672,#673,#674,#675,#676,#677,#678,#679,#680,#681,#682,#683,#684,#685,#686,#687,#688,#689,#690,#691,#692,#693,#694,#695,#696,#697,#698,#699,#700,#701,#702,#703,#704,#705,#706,#707,#708,#709,#710,#711,#712,#713,#714,#715,#716,#717,#718,#719,#720,#791,#792,#793,#794,#795,#796,#797,#798,#799,#800,#801,#802,#803,#804,#805,#806,#807,#808,#809,#810,#811,#812,#813,#814,#815,#816,#817,#818,#819,#820,#821,#822,#823,#824,#895,#896,#897,#898,#899,#900,#901,#902,#903,#904,#905,#906,#907,#908,#909,#910,#911,#912,#913,#914,#915,#916,#917,#918,#919,#920,#921,#922,#923,#924,#925,#926,#927,#928,#999,#1000,#1001,#1002,#1003,#1004,#1005,#1006,#1007,#1008,#1009,#1010,#1011,#1012,#1013,#1014,#1015,#1016,#1017,#1018,#1019,#1020,#1021,#1022,#1023,#1024,#1025,#1026,#1027,#1028,#1029,#1030,#1031,#1032,#1103,#1104,#1105,#1106,#1107,#1108,#1109,#1110,#1111,#1112,#1113,#1114,#1115,#1116,#1117,#1118,#1119,#1120,#1121,#1122,#1123,#1124,#1125,#1126,#1127,#1128,#1129,#1130,#1131,#1132,#1133,#1134,#1135,#1136,#2613,#2614,#2615,#2616,#2618,#2619,#2620,#2622,#2623,#2624,#2625,#2626,#2627,#2628,#2629,#2630,#2631,#2632,#2633,#2634,#2635,#2636,#2637,#2638,#2639,#2641,#2642,#2643,#2645,#2646,#2648,#2649,#2650,#2651,#2652,#2653,#2654,#2655,#2656,#2657,#2658,#2659,#2660,#2661,#2662,#2663,#2665,#2667,#2669,#2671,#2673,#2675,#2677,#2678,#2679,#2681,#2682,#2684,#2685,#2686,#2688,#2691,#2693,#2695,#2697,#2699,#2798,#2799,#2800,#2801,#2803,#2804,#2805,#2807,#2808,#2809,#2810,#2811,#2812,#2813,#2814,#2815,#2816,#2817,#2818,#2819,#2820,#2821,#2822,#2823,#2824,#2826,#2827,#2828,#2830,#2831,#2833,#2834,#2835,#2836,#2837,#2838,#2839,#2840,#2841,#2842,#2843,#2844,#2845,#2846,#2847,#2848,#2850,#2852,#2854,#2856,#2858,#2860,#2862,#2863,#2864,#2866,#2867,#2869,#2870,#2871,#2873,#2876,#2878,#2880,#2882,#2884,#2983,#2984,#2985,#2986,#2988,#2989,#2990,#2992,#2993,#2994,#2995,#2996,#2997,#2998,#2999,#3000,#3001,#3002,#3003,#3004,#3005,#3006,#3007,#3008,#3009,#3011,#3012,#3013,#3015,#3016,#3018,#3019,#3020,#3021,#3022,#3023,#3024,#3025,#3026,#3027,#3028,#3029,#3030,#3031,#3032,#3033,#3035,#3037,#3039,#3041,#3043,#3045,#3047,#3048,#3049,#3051,#3052,#3054,#3055,#3056,#3058,#3061,#3063,#3065,#3067,#3069,#3164,#3165,#3166,#3167,#3169,#3170,#3171,#3173,#3174,#3175,#3176,#3177,#3178,#3179,#3180,#3181,#3182,#3183,#3184,#3185,#3186,#3187,#3188,#3189,#3190,#3192,#3193,#3194,#3196,#3197,#3199,#3200,#3201,#3202,#3203,#3204,#3205,#3206,#3207,#3208,#3209,#3210,#3211,#3212,#3213,#3214,#3216,#3218,#3220,#3222,#3224,#3226,#3228,#3229,#3230,#3232,#3233,#3235,#3236,#3237,#3239,#3242,#3244,#3246,#3248,#3250,#3968,#3969,#3971,#3973,#3977,#3979,#3983,#3984,#3986,#3989,#3991,#3993,#3995,#3997,#3999,#4001,#4003,#4005,#4007,#4009,#4011,#4013,#4015,#4019,#4021,#4025,#4029,#4031,#4033,#4035,#4037,#4039,#4041,#4043,#4045,#4047,#4049,#4051,#4053,#4055,#4072,#4074,#4078,#4082,#4394,#4395,#4397,#4399,#4403,#4405,#4409,#4410,#4412,#4415,#4417,#4419,#4421,#4423,#4425,#4427,#4429,#4431,#4433,#4435,#4437,#4439,#4441,#4445,#4447,#4451,#4455,#4457,#4459,#4461,#4463,#4465,#4467,#4469,#4471,#4473,#4475,#4477,#4479,#4481,#4498,#4500,#4504,#4508,#4820,#4821,#4823,#4825,#4829,#4831,#4835,#4836,#4838,#4841,#4843,#4845,#4847,#4849,#4851,#4853,#4855,#4857,#4859,#4861,#4863,#4865,#4867,#4871,#4873,#4877,#4881,#4883,#4885,#4887,#4889,#4891,#4893,#4895,#4897,#4899,#4901,#4903,#4905,#4907,#4924,#4926,#4930,#4934,#5246,#5247,#5249,#5251,#5255,#5257,#5261,#5262,#5264,#5267,#5269,#5271,#5273,#5275,#5277,#5279,#5281,#5283,#5285,#5287,#5289,#5291,#5293,#5297,#5299,#5303,#5307,#5309,#5311,#5313,#5315,#5317,#5319,#5321,#5323,#5325,#5327,#5329,#5331,#5333,#5350,#5352,#5356,#5360,#5672,#5673,#5674,#5675,#5676,#5677,#5678,#5679,#5680,#5681,#5682,#5683,#5684,#5685,#5686,#5687,#5688,#5689,#5690,#5691,#5692,#5693,#5694,#5695,#5696,#5697,#5698,#5699,#5700,#5701,#5702,#5703,#5704,#5705,#5706,#5707,#5708,#5709,#5710,#5711,#5712,#5713,#5714,#5715,#5716,#5717,#5718,#5719,#5720,#5721,#5722,#5723,#5724,#5725,#5726,#5727,#5728,#5729,#5730,#5731,#5732,#5733,#5734,#5735,#5736,#5737,#5738,#5739,#5740,#5741,#5742,#5743,#5744,#5745,#5746,#5747,#5748,#5749,#5750,#5751,#5752,#5753,#5754,#5755,#5756,#5757,#5758,#5759,#5760,#5761,#5762,#5763,#5764,#5765,#5766,#5767,#5768,#5769,#5770,#5771,#5772,#5773,#5774,#5775,#5776,#5777,#5778,#5779,#5780,#5781,#5782,#5783,#5784,#5785,#5786,#5787,#5788,#5789,#5790,#5791,#5792,#5793,#5794,#5795,#5796,#5797,#5798,#5799,#5800,#5801,#5802,#5803,#5804,#5805,#5806,#5807,#5808,#5809,#5810,#5811,#5812,#5813,#5814,#5815,#5816,#5817,#5818,#5819,#5820,#5821,#5822,#5823,#5824,#5825,#5826,#5827,#5828,#5829,#5830,#5831,#5832,#5833,#5834,#5835,#5836,#5837,#5838,#5839,#5840,#5841,#5842,#5843,#5844,#5845,#5846,#5847,#5848,#5849,#5850,#5851,#5852,#5853,#5854,#5855,#5856,#5857,#5858,#5859,#5860,#5861,#5862,#5863,#5864,#5865,#5866,#5867,#5868,#5869,#5870,#5871,#6052,#6053,#6054,#6055,#6056,#6057,#6058,#6059,#6060,#6061,#6062,#6063,#6064,#6065,#6066,#6067,#6068,#6069,#6070,#6071,#6072,#6073,#6074,#6075,#6076,#6077,#6078,#6079,#6080,#6081,#6082,#6083,#6084,#6085,#6086,#6087,#6088,#6089,#6090,#6091,#6092,#6093,#6094,#6095,#6096,#6097,#6098,#6099,#6100,#6101,#6102,#6103,#6104,#6105,#6106,#6107,#6108,#6109,#6110,#6111,#6112,#6113,#6114,#6115,#6116,#6117,#6118,#6119,#6120,#6121,#6122,#6123,#6124,#6125,#6126,#6127,#6128,#6129,#6130,#6131,#6132,#6133,#6134,#6135,#6136,#6137,#6138,#6139,#6140,#6141,#6142,#6143,#6144,#6145,#6146,#6147,#6328,#6329,#6330,#6331,#6332,#6333,#6334,#6335,#6336,#6337,#6338,#6339,#6340,#6341,#6342,#6343,#6344,#6345,#6346,#6347,#6348,#6349,#6350,#6351,#6352,#6353,#6354,#6355,#6356,#6357,#6358,#6359,#6360,#6361,#6362,#6363,#6364,#6365,#6366,#6367,#6368,#6369,#6370,#6371,#6372,#6373,#6374,#6375,#6376,#6377,#6378,#6379,#6380,#6381,#6382,#6383,#6384,#6385,#6386,#6387,#6388,#6389,#6390,#6391,#6392,#6393,#6394,#6395,#6396,#6397,#6398,#6399,#6400,#6401,#6402,#6403,#6404,#6405,#6406,#6407,#6408,#6409,#6410,#6411,#6412,#6413,#6414,#6415,#6416,#6417,#6418,#6419,#6420,#6421,#6422,#6423,#6604,#6605,#6606,#6607,#6608,#6609,#6610,#6611,#6612,#6613,#6614,#6615,#6616,#6617,#6618,#6619,#6620,#6621,#6622,#6623,#6624,#6625,#6626,#6627,#6628,#6629,#6630,#6631,#6632,#6633,#6634,#6635,#6636,#6637,#6638,#6639,#6640,#6641,#6642,#6643,#6644,#6645,#6646,#6647,#6648,#6649,#6650,#6651,#6652,#6653,#6654,#6655,#6656,#6657,#6658,#6659,#6660,#6661,#6662,#6663,#6664,#6665,#6666,#6667,#6668,#6669,#6670,#6671,#6672,#6673,#6674,#6675,#6676,#6677,#6678,#6679,#6680,#6681,#6682,#6683,#6684,#6685,#6686,#6687,#6688,#6689,#6690,#6691,#6692,#6693,#6694,#6695,#6696,#6697,#6698,#6699,#6880,#6881,#6882,#6883,#6884,#6885,#6886,#6887,#6888,#6889,#6890,#6891,#6892,#6893,#6894,#6895,#6896,#6897,#6898,#6899,#6900,#6901,#6902,#6903,#6904,#6905,#6906,#6907,#6908,#6909,#6910,#6911,#6912,#6913,#6914,#6915,#6916,#6917,#6918,#6919,#6920,#6921,#6922,#6923,#6924,#6925,#6926,#6927,#6928,#6929,#6930,#6931,#6932,#6933,#6934,#6935,#6936,#6937,#6938,#6939,#6940,#6941,#6942,#6943,#6944,#6945,#6946,#6947,#6948,#6949,#6950,#6951,#6952,#6953,#6954,#6955,#6956,#6957,#6958,#6959,#6960,#6961,#6962,#6963,#6964,#6965,#6966,#6967,#6968,#6969,#6970,#6971,#6972,#6973,#6974,#6975,#6976,#6977,#6979,#6981,#6984,#6985,#6989,#6990,#6992,#6994,#6997,#6998,#7000,#7002,#7005,#7006,#7008,#7010,#7013,#7014,#7016,#7018,#7021,#7022,#7026,#7027,#7030,#7032,#7034,#7036,#7039,#7040,#7042,#7044,#7047,#7049,#7051,#7053,#7055,#7057,#7060,#7062,#7065,#7066,#7068,#7070,#7072,#7074,#7076,#7078,#7080,#7082,#7084,#7086,#7089,#7090,#7092,#7094,#7096,#7098,#7100,#7102,#7104,#7106,#7108,#7110,#7113,#7114,#7116,#7118,#7120,#7122,#7124,#7126,#7128,#7130,#7132,#7134,#7137,#7140,#7142,#7145,#7148,#7151,#7156,#7159,#7162,#7164,#7167,#7170,#7173,#7176,#7181,#7182,#7184,#7186,#7189,#7190,#7192,#7194,#7197,#7199,#7210,#7212,#7224,#7226,#7229,#7232,#7234,#7237,#7240,#7242,#7245,#7248,#7250,#7256,#7257,#7259,#7261,#7264,#7265,#7267,#7269,#7272,#7288,#7290,#7293,#7296,#7410,#7411,#7413,#7415,#7417,#7419,#7421,#7423,#7425,#7427,#7429,#7431,#7434,#7436,#7439,#7440,#7442,#7444,#7446,#7448,#7450,#7452,#7454,#7456,#7458,#7460,#7462,#7465,#7467,#7470,#7472,#7474,#7476,#7479,#7481,#7484,#7487,#7490,#7493,#7496,#7498,#7500,#7502,#7504,#7506,#7510,#7513,#7516,#7518,#7521,#7523,#7525,#7527,#7529,#7531,#7533,#7535,#7537,#7539,#7542,#7545,#7548,#7551,#7555,#7676,#7677,#7679,#7681,#7683,#7685,#7687,#7689,#7691,#7693,#7695,#7697,#7700,#7702,#7705,#7706,#7708,#7710,#7712,#7714,#7716,#7718,#7720,#7722,#7724,#7726,#7728,#7731,#7733,#7736,#7738,#7740,#7742,#7745,#7747,#7750,#7753,#7756,#7759,#7762,#7764,#7766,#7768,#7770,#7772,#7776,#7779,#7782,#7784,#7787,#7789,#7791,#7793,#7795,#7797,#7799,#7801,#7803,#7805,#7808,#7811,#7814,#7817,#7821,#7942,#7943,#7945,#7947,#7949,#7951,#7953,#7955,#7957,#7959,#7961,#7963,#7966,#7968,#7971,#7972,#7974,#7976,#7978,#7980,#7982,#7984,#7986,#7988,#7990,#7992,#7994,#7996,#7998,#8000,#8002,#8005,#8007,#8011,#8013,#8016,#8018,#8020,#8022,#8024,#8027,#8029,#8032,#8035,#8038,#8042,#8046,#8049,#8050,#8054,#8058,#8060,#8064,#8066,#8068,#8070,#8072,#8074,#8077,#8079,#8082,#8085,#8088,#8092,#8208,#8209,#8211,#8213,#8215,#8217,#8219,#8221,#8223,#8225,#8227,#8229,#8232,#8234,#8237,#8238,#8240,#8242,#8244,#8246,#8248,#8250,#8252,#8254,#8256,#8258,#8260,#8262,#8264,#8266,#8268,#8271,#8273,#8277,#8279,#8282,#8284,#8286,#8288,#8290,#8293,#8295,#8298,#8301,#8304,#8308,#8312,#8315,#8316,#8320,#8324,#8326,#8330,#8332,#8334,#8336,#8338,#8340,#8343,#8345,#8348,#8351,#8354,#8358));
ENDSEC;
END-ISO-10303-21;
