ISO-10303-21;
HEADER;
FILE_DESCRIPTION (( 'STEP AP214' ),
    '1' );
FILE_NAME ('3C53FD1C-8943-417C-B388-0055360E4326.STEP',
    '2025-11-03T19:49:06',
    ( '' ),
    ( '' ),
    'SwSTEP 2.0',
    'SolidWorks 2022',
    '' );
FILE_SCHEMA (( 'AUTOMOTIVE_DESIGN' ));
ENDSEC;

DATA;
#1 = VECTOR ( 'NONE', #2530, 1000.000000000000000 ) ;
#2 = ORIENTED_EDGE ( 'NONE', *, *, #2770, .T. ) ;
#3 = DIRECTION ( 'NONE',  ( 0.0000000000000000000, 0.0000000000000000000, -1.000000000000000000 ) ) ;
#4 = VECTOR ( 'NONE', #2054, 1000.000000000000000 ) ;
#5 = ORIENTED_EDGE ( 'NONE', *, *, #3258, .F. ) ;
#6 = LINE ( 'NONE', #3542, #2799 ) ;
#7 = CARTESIAN_POINT ( 'NONE',  ( -1.270000000000000018, -0.5999999999999999778, 0.0000000000000000000 ) ) ;
#8 = CARTESIAN_POINT ( 'NONE',  ( -1.219999999999999973, -0.3499999999999999778, 0.0000000000000000000 ) ) ;
#9 =( GEOMETRIC_REPRESENTATION_CONTEXT ( 3 ) GLOBAL_UNCERTAINTY_ASSIGNED_CONTEXT ( ( #2311 ) ) GLOBAL_UNIT_ASSIGNED_CONTEXT ( ( #3641, #164, #2429 ) ) REPRESENTATION_CONTEXT ( 'NONE', 'WORKASPACE' ) );
#10 = ORIENTED_EDGE ( 'NONE', *, *, #2419, .T. ) ;
#11 = ORIENTED_EDGE ( 'NONE', *, *, #1658, .F. ) ;
#12 = LINE ( 'NONE', #1169, #1453 ) ;
#13 = CARTESIAN_POINT ( 'NONE',  ( -0.7299999999999999822, -1.020000000000000018, 0.05000000000000000278 ) ) ;
#14 = VERTEX_POINT ( 'NONE', #808 ) ;
#15 = EDGE_CURVE ( 'NONE', #1011, #672, #2890, .T. ) ;
#16 = EDGE_CURVE ( 'NONE', #1016, #3400, #747, .T. ) ;
#17 = SURFACE_STYLE_FILL_AREA ( #3524 ) ;
#18 = ORIENTED_EDGE ( 'NONE', *, *, #3010, .T. ) ;
#19 = DIRECTION ( 'NONE',  ( 1.000000000000000000, 0.0000000000000000000, 0.0000000000000000000 ) ) ;
#20 = CARTESIAN_POINT ( 'NONE',  ( -1.050000000000000044, 0.02000000000000025369, 0.6500000000000000222 ) ) ;
#21 = CARTESIAN_POINT ( 'NONE',  ( -0.7800000000000000266, -0.5999999999999999778, 0.0000000000000000000 ) ) ;
#22 = CARTESIAN_POINT ( 'NONE',  ( -1.250000000000000000, 0.02000000000000030226, 0.6500000000000000222 ) ) ;
#23 = EDGE_LOOP ( 'NONE', ( #2906, #2502, #2569, #148 ) ) ;
#24 = CARTESIAN_POINT ( 'NONE',  ( 1.219999999999999973, 0.5699999999999999512, 0.0000000000000000000 ) ) ;
#25 = VERTEX_POINT ( 'NONE', #3120 ) ;
#26 = CARTESIAN_POINT ( 'NONE',  ( -0.7800000000000000266, 1.219999999999999973, 0.0000000000000000000 ) ) ;
#27 = ORIENTED_EDGE ( 'NONE', *, *, #1610, .T. ) ;
#28 = DIRECTION ( 'NONE',  ( 1.000000000000000000, 0.0000000000000000000, 0.0000000000000000000 ) ) ;
#29 = DIRECTION ( 'NONE',  ( 0.0000000000000000000, 0.0000000000000000000, -1.000000000000000000 ) ) ;
#30 = CARTESIAN_POINT ( 'NONE',  ( -1.270000000000000018, -0.5999999999999999778, 0.05000000000000000278 ) ) ;
#31 = AXIS2_PLACEMENT_3D ( 'NONE', #498, #3490, #2578 ) ;
#32 = ORIENTED_EDGE ( 'NONE', *, *, #3753, .T. ) ;
#33 = ORIENTED_EDGE ( 'NONE', *, *, #1535, .T. ) ;
#34 = DIRECTION ( 'NONE',  ( 0.0000000000000000000, 1.000000000000000000, 0.0000000000000000000 ) ) ;
#35 = AXIS2_PLACEMENT_3D ( 'NONE', #3162, #2979, #1232 ) ;
#36 = LINE ( 'NONE', #2952, #2994 ) ;
#37 = CARTESIAN_POINT ( 'NONE',  ( 0.7299999999999999822, -0.4000000000000000222, 0.05000000000000000278 ) ) ;
#38 = AXIS2_PLACEMENT_3D ( 'NONE', #371, #1547, #727 ) ;
#39 =( GEOMETRIC_REPRESENTATION_CONTEXT ( 3 ) GLOBAL_UNCERTAINTY_ASSIGNED_CONTEXT ( ( #3778 ) ) GLOBAL_UNIT_ASSIGNED_CONTEXT ( ( #1388, #2248, #807 ) ) REPRESENTATION_CONTEXT ( 'NONE', 'WORKASPACE' ) );
#40 = AXIS2_PLACEMENT_3D ( 'NONE', #3236, #3500, #1130 ) ;
#41 = DIRECTION ( 'NONE',  ( 0.0000000000000000000, 0.0000000000000000000, -1.000000000000000000 ) ) ;
#42 = ORIENTED_EDGE ( 'NONE', *, *, #2463, .F. ) ;
#43 = LINE ( 'NONE', #1448, #3104 ) ;
#44 = DIRECTION ( 'NONE',  ( 1.000000000000000000, 0.0000000000000000000, 0.0000000000000000000 ) ) ;
#45 = VECTOR ( 'NONE', #3621, 1000.000000000000000 ) ;
#46 = SURFACE_STYLE_FILL_AREA ( #864 ) ;
#47 = AXIS2_PLACEMENT_3D ( 'NONE', #20, #1178, #2667 ) ;
#48 = DIRECTION ( 'NONE',  ( -1.000000000000000000, 0.0000000000000000000, 0.0000000000000000000 ) ) ;
#49 = CARTESIAN_POINT ( 'NONE',  ( -0.3750000000000000000, 1.219999999999999973, 0.0000000000000000000 ) ) ;
#50 = CIRCLE ( 'NONE', #109, 0.04999999999999991257 ) ;
#51 = VECTOR ( 'NONE', #3204, 1000.000000000000000 ) ;
#52 = CARTESIAN_POINT ( 'NONE',  ( 1.300000000000000044, 1.050000000000000044, 0.6999999999999999556 ) ) ;
#53 = EDGE_CURVE ( 'NONE', #909, #2827, #3599, .T. ) ;
#54 = CARTESIAN_POINT ( 'NONE',  ( 1.219999999999999973, -0.6500000000000000222, 0.05000000000000000278 ) ) ;
#55 = CARTESIAN_POINT ( 'NONE',  ( 1.219999999999999973, -1.219999999999999973, 0.0000000000000000000 ) ) ;
#56 = AXIS2_PLACEMENT_3D ( 'NONE', #3579, #3289, #2175 ) ;
#57 = FACE_OUTER_BOUND ( 'NONE', #1607, .T. ) ;
#58 = EDGE_CURVE ( 'NONE', #1395, #2709, #947, .T. ) ;
#59 = DIRECTION ( 'NONE',  ( -1.000000000000000000, 0.0000000000000000000, 0.0000000000000000000 ) ) ;
#60 = ADVANCED_FACE ( 'NONE', ( #2568 ), #1665, .T. ) ;
#61 = ORIENTED_EDGE ( 'NONE', *, *, #1472, .F. ) ;
#62 = DIRECTION ( 'NONE',  ( 0.0000000000000000000, 0.0000000000000000000, 1.000000000000000000 ) ) ;
#63 = ORIENTED_EDGE ( 'NONE', *, *, #2031, .T. ) ;
#64 = CARTESIAN_POINT ( 'NONE',  ( -1.500000000000000000, 1.489999999999999991, 0.6999999999999999556 ) ) ;
#65 =( LENGTH_UNIT ( ) NAMED_UNIT ( * ) SI_UNIT ( .MILLI., .METRE. ) );
#66 = DIRECTION ( 'NONE',  ( 0.0000000000000000000, 0.0000000000000000000, 1.000000000000000000 ) ) ;
#67 = EDGE_LOOP ( 'NONE', ( #297, #2670, #1457, #2694 ) ) ;
#68 = CARTESIAN_POINT ( 'NONE',  ( -1.250000000000000000, 0.8199999999999999512, 0.6500000000000000222 ) ) ;
#69 = CARTESIAN_POINT ( 'NONE',  ( -0.3250000000000000111, 1.219999999999999973, 0.05000000000000000278 ) ) ;
#70 = LINE ( 'NONE', #3613, #603 ) ;
#71 = DIRECTION ( 'NONE',  ( 0.0000000000000000000, 0.0000000000000000000, -1.000000000000000000 ) ) ;
#72 = CARTESIAN_POINT ( 'NONE',  ( -0.7299999999999999822, 1.219999999999999973, 0.05000000000000000278 ) ) ;
#73 = DIRECTION ( 'NONE',  ( -1.000000000000000000, 0.0000000000000000000, 0.0000000000000000000 ) ) ;
#74 = CARTESIAN_POINT ( 'NONE',  ( 1.219999999999999973, 1.270000000000000018, 0.05000000000000000278 ) ) ;
#75 = ORIENTED_EDGE ( 'NONE', *, *, #3755, .F. ) ;
#76 = DIRECTION ( 'NONE',  ( 0.0000000000000000000, 0.0000000000000000000, 1.000000000000000000 ) ) ;
#77 = ORIENTED_EDGE ( 'NONE', *, *, #472, .F. ) ;
#78 = CARTESIAN_POINT ( 'NONE',  ( 1.219999999999999973, 0.6199999999999999956, 0.05000000000000000278 ) ) ;
#79 = EDGE_CURVE ( 'NONE', #2607, #873, #789, .T. ) ;
#80 = CARTESIAN_POINT ( 'NONE',  ( 1.489999999999999991, -1.500000000000000000, 0.6999999999999999556 ) ) ;
#81 = VERTEX_POINT ( 'NONE', #3465 ) ;
#82 =( LENGTH_UNIT ( ) NAMED_UNIT ( * ) SI_UNIT ( .MILLI., .METRE. ) );
#83 = VERTEX_POINT ( 'NONE', #2588 ) ;
#84 = FACE_OUTER_BOUND ( 'NONE', #1166, .T. ) ;
#85 = CARTESIAN_POINT ( 'NONE',  ( 0.3750000000000000000, -1.219999999999999973, 0.05000000000000000278 ) ) ;
#86 = EDGE_LOOP ( 'NONE', ( #674, #3219, #3763, #688 ) ) ;
#87 = PRESENTATION_STYLE_ASSIGNMENT (( #969 ) ) ;
#88 = SURFACE_STYLE_USAGE ( .BOTH. , #2143 ) ;
#89 = CARTESIAN_POINT ( 'NONE',  ( 1.050000000000000044, 0.8199999999999999512, 0.6500000000000000222 ) ) ;
#90 = CARTESIAN_POINT ( 'NONE',  ( -1.219999999999999973, -0.3499999999999999778, 0.05000000000000000278 ) ) ;
#91 = VERTEX_POINT ( 'NONE', #2228 ) ;
#92 = CARTESIAN_POINT ( 'NONE',  ( 0.7800000000000000266, -0.9700000000000000844, 0.0000000000000000000 ) ) ;
#93 = VECTOR ( 'NONE', #71, 1000.000000000000000 ) ;
#94 = ORIENTED_EDGE ( 'NONE', *, *, #3383, .T. ) ;
#95 = CARTESIAN_POINT ( 'NONE',  ( 1.270000000000000018, 1.219999999999999973, 0.0000000000000000000 ) ) ;
#96 = CARTESIAN_POINT ( 'NONE',  ( -1.300000000000000044, 0.02000000000000025369, 0.6999999999999999556 ) ) ;
#97 = AXIS2_PLACEMENT_3D ( 'NONE', #1709, #1488, #350 ) ;
#98 = EDGE_CURVE ( 'NONE', #3644, #2207, #1077, .T. ) ;
#99 = CARTESIAN_POINT ( 'NONE',  ( 0.7800000000000000266, 0.6199999999999999956, 0.0000000000000000000 ) ) ;
#100 = EDGE_LOOP ( 'NONE', ( #3182, #2566, #316, #1955, #1505, #2516, #648, #3326 ) ) ;
#101 = PLANE ( 'NONE',  #1451 ) ;
#102 = VECTOR ( 'NONE', #3136, 1000.000000000000000 ) ;
#103 = CARTESIAN_POINT ( 'NONE',  ( -0.7800000000000000266, 0.6199999999999999956, 0.05000000000000000278 ) ) ;
#104 = EDGE_CURVE ( 'NONE', #1022, #1499, #178, .T. ) ;
#105 = EDGE_CURVE ( 'NONE', #1523, #2806, #1571, .T. ) ;
#106 = ORIENTED_EDGE ( 'NONE', *, *, #2447, .T. ) ;
#107 = DIRECTION ( 'NONE',  ( 0.0000000000000000000, 0.0000000000000000000, -1.000000000000000000 ) ) ;
#108 = AXIS2_PLACEMENT_3D ( 'NONE', #2817, #184, #3124 ) ;
#109 = AXIS2_PLACEMENT_3D ( 'NONE', #2318, #3512, #2347 ) ;
#110 = DIRECTION ( 'NONE',  ( 0.0000000000000000000, 0.0000000000000000000, 1.000000000000000000 ) ) ;
#111 = FACE_OUTER_BOUND ( 'NONE', #3137, .T. ) ;
#112 = PLANE ( 'NONE',  #550 ) ;
#113 = AXIS2_PLACEMENT_3D ( 'NONE', #2216, #713, #2481 ) ;
#114 = ORIENTED_EDGE ( 'NONE', *, *, #850, .F. ) ;
#115 = VECTOR ( 'NONE', #2038, 1000.000000000000000 ) ;
#116 = ORIENTED_EDGE ( 'NONE', *, *, #3077, .F. ) ;
#117 = CARTESIAN_POINT ( 'NONE',  ( 0.7299999999999999822, 1.219999999999999973, 0.0000000000000000000 ) ) ;
#118 = SURFACE_STYLE_USAGE ( .BOTH. , #3659 ) ;
#119 = VECTOR ( 'NONE', #2512, 1000.000000000000000 ) ;
#120 = DIRECTION ( 'NONE',  ( 1.000000000000000000, 0.0000000000000000000, 0.0000000000000000000 ) ) ;
#121 = DIRECTION ( 'NONE',  ( 0.0000000000000000000, 0.0000000000000000000, -1.000000000000000000 ) ) ;
#122 = FILL_AREA_STYLE ('',( #2750 ) ) ;
#123 = CIRCLE ( 'NONE', #1664, 0.05000000000000002359 ) ;
#124 = VERTEX_POINT ( 'NONE', #488 ) ;
#125 = EDGE_CURVE ( 'NONE', #2341, #1213, #2543, .T. ) ;
#126 = DIRECTION ( 'NONE',  ( 0.0000000000000000000, 0.0000000000000000000, -1.000000000000000000 ) ) ;
#127 = EDGE_CURVE ( 'NONE', #3343, #988, #2525, .T. ) ;
#128 = CARTESIAN_POINT ( 'NONE',  ( -1.050000000000000044, 0.6199999999999999956, 0.6999999999999999556 ) ) ;
#129 =( NAMED_UNIT ( * ) PLANE_ANGLE_UNIT ( ) SI_UNIT ( $, .RADIAN. ) );
#130 = CARTESIAN_POINT ( 'NONE',  ( 1.219999999999999973, 0.2200000000000000011, 0.0000000000000000000 ) ) ;
#131 = EDGE_LOOP ( 'NONE', ( #2042, #2765, #3634, #3165 ) ) ;
#132 = ORIENTED_EDGE ( 'NONE', *, *, #472, .T. ) ;
#133 = DIRECTION ( 'NONE',  ( 1.455304929510743932E-16, -1.000000000000000000, 0.0000000000000000000 ) ) ;
#134 = LINE ( 'NONE', #1303, #2857 ) ;
#135 = EDGE_LOOP ( 'NONE', ( #2480, #3291, #1804, #3203 ) ) ;
#136 = CARTESIAN_POINT ( 'NONE',  ( 0.3250000000000000111, 1.270000000000000018, 0.05000000000000000278 ) ) ;
#137 = ORIENTED_EDGE ( 'NONE', *, *, #3685, .F. ) ;
#138 = DIRECTION ( 'NONE',  ( -1.000000000000000000, 0.0000000000000000000, 0.0000000000000000000 ) ) ;
#139 = ADVANCED_FACE ( 'NONE', ( #3718 ), #2251, .F. ) ;
#140 = DIRECTION ( 'NONE',  ( 0.0000000000000000000, 1.000000000000000000, 0.0000000000000000000 ) ) ;
#141 = CARTESIAN_POINT ( 'NONE',  ( -1.219999999999999973, -0.6500000000000000222, 0.05000000000000000278 ) ) ;
#142 = CARTESIAN_POINT ( 'NONE',  ( 0.3250000000000000111, 1.219999999999999973, 0.05000000000000000278 ) ) ;
#143 =( NAMED_UNIT ( * ) SI_UNIT ( $, .STERADIAN. ) SOLID_ANGLE_UNIT ( ) );
#144 = EDGE_CURVE ( 'NONE', #2349, #1070, #1724, .T. ) ;
#145 = VERTEX_POINT ( 'NONE', #1967 ) ;
#146 = ADVANCED_FACE ( 'NONE', ( #1948 ), #155, .F. ) ;
#147 = CARTESIAN_POINT ( 'NONE',  ( 1.219999999999999973, 1.219999999999999973, 0.0000000000000000000 ) ) ;
#148 = ORIENTED_EDGE ( 'NONE', *, *, #127, .T. ) ;
#149 = CARTESIAN_POINT ( 'NONE',  ( 1.050000000000000044, 1.050000000000000044, 0.6999999999999999556 ) ) ;
#150 = CARTESIAN_POINT ( 'NONE',  ( 1.219999999999999973, 0.2200000000000000011, 0.05000000000000000278 ) ) ;
#151 = CARTESIAN_POINT ( 'NONE',  ( -0.3250000000000000111, 1.219999999999999973, 0.0000000000000000000 ) ) ;
#152 = VERTEX_POINT ( 'NONE', #3139 ) ;
#153 = CARTESIAN_POINT ( 'NONE',  ( -1.219999999999999973, -0.3499999999999999778, 0.0000000000000000000 ) ) ;
#154 = AXIS2_PLACEMENT_3D ( 'NONE', #3553, #2011, #1683 ) ;
#155 = TOROIDAL_SURFACE ( 'NONE', #2915, 0.2000000000000000111, 0.05000000000000000278 ) ;
#156 = PRODUCT_DEFINITION_SHAPE ( 'NONE', 'NONE',  #352 ) ;
#157 = ORIENTED_EDGE ( 'NONE', *, *, #1062, .F. ) ;
#158 = VECTOR ( 'NONE', #653, 1000.000000000000000 ) ;
#159 = AXIS2_PLACEMENT_3D ( 'NONE', #1500, #575, #2381 ) ;
#160 = VERTEX_POINT ( 'NONE', #3242 ) ;
#161 = FACE_OUTER_BOUND ( 'NONE', #503, .T. ) ;
#162 = DIRECTION ( 'NONE',  ( 0.0000000000000000000, 0.0000000000000000000, -1.000000000000000000 ) ) ;
#163 = DIRECTION ( 'NONE',  ( 1.000000000000000000, 0.0000000000000000000, 0.0000000000000000000 ) ) ;
#164 =( NAMED_UNIT ( * ) PLANE_ANGLE_UNIT ( ) SI_UNIT ( $, .RADIAN. ) );
#165 = EDGE_CURVE ( 'NONE', #2130, #444, #2081, .T. ) ;
#166 = AXIS2_PLACEMENT_3D ( 'NONE', #3040, #107, #2717 ) ;
#167 = ORIENTED_EDGE ( 'NONE', *, *, #2788, .T. ) ;
#168 = DIRECTION ( 'NONE',  ( 1.000000000000000000, 0.0000000000000000000, 0.0000000000000000000 ) ) ;
#169 = EDGE_CURVE ( 'NONE', #1620, #2895, #3264, .T. ) ;
#170 = ORIENTED_EDGE ( 'NONE', *, *, #3376, .F. ) ;
#171 =( NAMED_UNIT ( * ) PLANE_ANGLE_UNIT ( ) SI_UNIT ( $, .RADIAN. ) );
#172 = CIRCLE ( 'NONE', #608, 0.04999999999999991257 ) ;
#173 = DIRECTION ( 'NONE',  ( 1.000000000000000000, 0.0000000000000000000, 0.0000000000000000000 ) ) ;
#174 = ORIENTED_EDGE ( 'NONE', *, *, #942, .F. ) ;
#175 = CIRCLE ( 'NONE', #1532, 0.05000000000000002359 ) ;
#176 = DIRECTION ( 'NONE',  ( 1.000000000000000000, 0.0000000000000000000, 0.0000000000000000000 ) ) ;
#177 = ORIENTED_EDGE ( 'NONE', *, *, #3329, .T. ) ;
#178 = LINE ( 'NONE', #3687, #403 ) ;
#179 = AXIS2_PLACEMENT_3D ( 'NONE', #913, #593, #876 ) ;
#180 = VERTEX_POINT ( 'NONE', #2921 ) ;
#181 = DIRECTION ( 'NONE',  ( 0.0000000000000000000, 1.000000000000000000, 0.0000000000000000000 ) ) ;
#182 = VECTOR ( 'NONE', #1822, 1000.000000000000000 ) ;
#183 = FACE_OUTER_BOUND ( 'NONE', #1318, .T. ) ;
#184 = DIRECTION ( 'NONE',  ( 1.000000000000000000, 0.0000000000000000000, 0.0000000000000000000 ) ) ;
#185 = DIRECTION ( 'NONE',  ( 0.0000000000000000000, 0.0000000000000000000, 1.000000000000000000 ) ) ;
#186 = EDGE_LOOP ( 'NONE', ( #349, #1860, #2241, #3415 ) ) ;
#187 = CARTESIAN_POINT ( 'NONE',  ( 0.3250000000000000111, -1.219999999999999973, 0.05000000000000000278 ) ) ;
#188 = VERTEX_POINT ( 'NONE', #296 ) ;
#189 = FACE_BOUND ( 'NONE', #301, .T. ) ;
#190 = DIRECTION ( 'NONE',  ( 0.0000000000000000000, 0.0000000000000000000, -1.000000000000000000 ) ) ;
#191 = FILL_AREA_STYLE ('',( #2826 ) ) ;
#192 = EDGE_CURVE ( 'NONE', #1266, #2330, #2643, .T. ) ;
#193 = VERTEX_POINT ( 'NONE', #1170 ) ;
#194 = DIRECTION ( 'NONE',  ( 0.0000000000000000000, 0.0000000000000000000, -1.000000000000000000 ) ) ;
#195 = UNCERTAINTY_MEASURE_WITH_UNIT (LENGTH_MEASURE( 1.000000000000000082E-05 ), #3022, 'distance_accuracy_value', 'NONE');
#196 = DIRECTION ( 'NONE',  ( -1.807003620809174878E-16, 1.000000000000000000, 0.0000000000000000000 ) ) ;
#197 = ORIENTED_EDGE ( 'NONE', *, *, #1039, .F. ) ;
#198 = ADVANCED_BREP_SHAPE_REPRESENTATION ( '3C53FD1C-8943-417C-B388-0055360E4326', ( #3475, #2177, #927, #844, #2220, #3497, #3449, #2188, #910, #3486, #1602 ), #9 ) ;
#199 = CARTESIAN_POINT ( 'NONE',  ( -1.219999999999999973, -0.4000000000000000222, 0.05000000000000000278 ) ) ;
#200 = CARTESIAN_POINT ( 'NONE',  ( -0.7800000000000000266, -0.03000000000000050196, 0.0000000000000000000 ) ) ;
#201 = DIRECTION ( 'NONE',  ( 1.000000000000000000, 0.0000000000000000000, 0.0000000000000000000 ) ) ;
#202 = EDGE_LOOP ( 'NONE', ( #2579, #2531, #3776, #253 ) ) ;
#203 = DIRECTION ( 'NONE',  ( 0.0000000000000000000, 0.0000000000000000000, -1.000000000000000000 ) ) ;
#204 = ORIENTED_EDGE ( 'NONE', *, *, #2894, .F. ) ;
#205 = FILL_AREA_STYLE ('',( #2205 ) ) ;
#206 = LINE ( 'NONE', #1431, #1418 ) ;
#207 = ORIENTED_EDGE ( 'NONE', *, *, #3101, .F. ) ;
#208 = PLANE ( 'NONE',  #1196 ) ;
#209 = ORIENTED_EDGE ( 'NONE', *, *, #1980, .F. ) ;
#210 = ADVANCED_FACE ( 'NONE', ( #1777 ), #2626, .F. ) ;
#211 = AXIS2_PLACEMENT_3D ( 'NONE', #3577, #2374, #1494 ) ;
#212 = CARTESIAN_POINT ( 'NONE',  ( 1.219999999999999973, -0.03000000000000000236, 0.05000000000000000278 ) ) ;
#213 = ORIENTED_EDGE ( 'NONE', *, *, #3791, .T. ) ;
#214 = CIRCLE ( 'NONE', #2304, 0.05000000000000002359 ) ;
#215 = EDGE_CURVE ( 'NONE', #270, #1151, #2343, .T. ) ;
#216 = DIRECTION ( 'NONE',  ( 0.0000000000000000000, 0.0000000000000000000, 1.000000000000000000 ) ) ;
#217 = EDGE_CURVE ( 'NONE', #1070, #677, #340, .T. ) ;
#218 = VECTOR ( 'NONE', #3238, 1000.000000000000000 ) ;
#219 = AXIS2_PLACEMENT_3D ( 'NONE', #2457, #2437, #120 ) ;
#220 = FACE_OUTER_BOUND ( 'NONE', #2819, .T. ) ;
#221 = CARTESIAN_POINT ( 'NONE',  ( -1.050000000000000044, -1.250000000000000000, 0.6500000000000000222 ) ) ;
#222 = AXIS2_PLACEMENT_3D ( 'NONE', #874, #1715, #2883 ) ;
#223 = LINE ( 'NONE', #451, #2509 ) ;
#224 = AXIS2_PLACEMENT_3D ( 'NONE', #3682, #1981, #1963 ) ;
#225 = EDGE_LOOP ( 'NONE', ( #756, #538, #491, #247 ) ) ;
#226 = VECTOR ( 'NONE', #3272, 1000.000000000000000 ) ;
#227 = ORIENTED_EDGE ( 'NONE', *, *, #2685, .F. ) ;
#228 = SURFACE_STYLE_FILL_AREA ( #205 ) ;
#229 = CARTESIAN_POINT ( 'NONE',  ( 1.219999999999999973, 0.2700000000000000178, 0.0000000000000000000 ) ) ;
#230 = DIRECTION ( 'NONE',  ( 1.000000000000000000, 2.065146995210484941E-16, 0.0000000000000000000 ) ) ;
#231 = ORIENTED_EDGE ( 'NONE', *, *, #1013, .F. ) ;
#232 = DIRECTION ( 'NONE',  ( 0.0000000000000000000, 0.0000000000000000000, -1.000000000000000000 ) ) ;
#233 = ORIENTED_EDGE ( 'NONE', *, *, #867, .F. ) ;
#234 = DIRECTION ( 'NONE',  ( 0.0000000000000000000, 0.0000000000000000000, -1.000000000000000000 ) ) ;
#235 = CIRCLE ( 'NONE', #1776, 0.05000000000000002359 ) ;
#236 = DIRECTION ( 'NONE',  ( -1.000000000000000000, 0.0000000000000000000, 0.0000000000000000000 ) ) ;
#237 = ORIENTED_EDGE ( 'NONE', *, *, #1586, .T. ) ;
#238 = EDGE_CURVE ( 'NONE', #3581, #749, #1815, .T. ) ;
#239 =( GEOMETRIC_REPRESENTATION_CONTEXT ( 3 ) GLOBAL_UNCERTAINTY_ASSIGNED_CONTEXT ( ( #2587 ) ) GLOBAL_UNIT_ASSIGNED_CONTEXT ( ( #2243, #1441, #573 ) ) REPRESENTATION_CONTEXT ( 'NONE', 'WORKASPACE' ) );
#240 = DIRECTION ( 'NONE',  ( -1.000000000000000000, 0.0000000000000000000, 0.0000000000000000000 ) ) ;
#241 = EDGE_CURVE ( 'NONE', #2181, #3237, #3796, .T. ) ;
#242 = LINE ( 'NONE', #1970, #1813 ) ;
#243 = EDGE_CURVE ( 'NONE', #2014, #571, #604, .T. ) ;
#244 =( NAMED_UNIT ( * ) SI_UNIT ( $, .STERADIAN. ) SOLID_ANGLE_UNIT ( ) );
#245 = MECHANICAL_DESIGN_GEOMETRIC_PRESENTATION_REPRESENTATION (  '', ( #2271 ), #3688 ) ;
#246 = ADVANCED_FACE ( 'NONE', ( #1155 ), #2386, .F. ) ;
#247 = ORIENTED_EDGE ( 'NONE', *, *, #2444, .T. ) ;
#248 = VECTOR ( 'NONE', #1878, 1000.000000000000000 ) ;
#249 =( NAMED_UNIT ( * ) SI_UNIT ( $, .STERADIAN. ) SOLID_ANGLE_UNIT ( ) );
#250 = ORIENTED_EDGE ( 'NONE', *, *, #1633, .T. ) ;
#251 = CARTESIAN_POINT ( 'NONE',  ( 1.489999999999999991, 1.489999999999999991, 0.6999999999999999556 ) ) ;
#252 = DIRECTION ( 'NONE',  ( -1.000000000000000000, 0.0000000000000000000, 0.0000000000000000000 ) ) ;
#253 = ORIENTED_EDGE ( 'NONE', *, *, #1770, .T. ) ;
#254 = FACE_OUTER_BOUND ( 'NONE', #2274, .T. ) ;
#255 = ORIENTED_EDGE ( 'NONE', *, *, #3379, .T. ) ;
#256 = SURFACE_STYLE_USAGE ( .BOTH. , #1350 ) ;
#257 = PRESENTATION_STYLE_ASSIGNMENT (( #1471 ) ) ;
#258 = ORIENTED_EDGE ( 'NONE', *, *, #2598, .F. ) ;
#259 = FACE_OUTER_BOUND ( 'NONE', #3483, .T. ) ;
#260 = DIRECTION ( 'NONE',  ( 0.0000000000000000000, 0.0000000000000000000, 1.000000000000000000 ) ) ;
#261 = EDGE_CURVE ( 'NONE', #2743, #1359, #1017, .T. ) ;
#262 = ORIENTED_EDGE ( 'NONE', *, *, #3564, .T. ) ;
#263 = ORIENTED_EDGE ( 'NONE', *, *, #293, .F. ) ;
#264 = DIRECTION ( 'NONE',  ( -1.000000000000000000, -4.065758146820648530E-16, 0.0000000000000000000 ) ) ;
#265 = CARTESIAN_POINT ( 'NONE',  ( -0.7299999999999999822, 0.2200000000000000011, 0.0000000000000000000 ) ) ;
#266 = ADVANCED_FACE ( 'NONE', ( #2401 ), #2747, .F. ) ;
#267 = PLANE ( 'NONE',  #2640 ) ;
#268 = EDGE_CURVE ( 'NONE', #558, #749, #424, .T. ) ;
#269 = EDGE_LOOP ( 'NONE', ( #2145, #61, #3565, #18 ) ) ;
#270 = VERTEX_POINT ( 'NONE', #993 ) ;
#271 = DIRECTION ( 'NONE',  ( 0.0000000000000000000, 0.0000000000000000000, -1.000000000000000000 ) ) ;
#272 = ORIENTED_EDGE ( 'NONE', *, *, #3753, .F. ) ;
#273 =( NAMED_UNIT ( * ) PLANE_ANGLE_UNIT ( ) SI_UNIT ( $, .RADIAN. ) );
#274 = AXIS2_PLACEMENT_3D ( 'NONE', #187, #3128, #3069 ) ;
#275 = VECTOR ( 'NONE', #196, 1000.000000000000000 ) ;
#276 = DIRECTION ( 'NONE',  ( 0.0000000000000000000, -1.000000000000000000, 0.0000000000000000000 ) ) ;
#277 = CIRCLE ( 'NONE', #35, 0.2500000000000000000 ) ;
#278 = CIRCLE ( 'NONE', #2557, 0.05000000000000002359 ) ;
#279 = ORIENTED_EDGE ( 'NONE', *, *, #731, .T. ) ;
#280 = CARTESIAN_POINT ( 'NONE',  ( -0.7299999999999999822, -0.5999999999999999778, 0.05000000000000000278 ) ) ;
#281 = VECTOR ( 'NONE', #2096, 1000.000000000000000 ) ;
#282 = AXIS2_PLACEMENT_3D ( 'NONE', #1696, #805, #1661 ) ;
#283 = ORIENTED_EDGE ( 'NONE', *, *, #1630, .F. ) ;
#284 = DIRECTION ( 'NONE',  ( 1.000000000000000000, 0.0000000000000000000, 0.0000000000000000000 ) ) ;
#285 = CARTESIAN_POINT ( 'NONE',  ( 1.300000000000000044, 0.02000000000000080186, 0.6999999999999999556 ) ) ;
#286 = CARTESIAN_POINT ( 'NONE',  ( 0.7299999999999999822, -0.5999999999999999778, 0.05000000000000000278 ) ) ;
#287 = AXIS2_PLACEMENT_3D ( 'NONE', #836, #2336, #1785 ) ;
#288 = ORIENTED_EDGE ( 'NONE', *, *, #3540, .F. ) ;
#289 = ADVANCED_FACE ( 'NONE', ( #2113 ), #3299, .F. ) ;
#290 = CARTESIAN_POINT ( 'NONE',  ( -1.219999999999999973, -0.03000000000000050196, 0.05000000000000000278 ) ) ;
#291 = ORIENTED_EDGE ( 'NONE', *, *, #1226, .F. ) ;
#292 = CARTESIAN_POINT ( 'NONE',  ( 1.219999999999999973, -1.270000000000000018, 0.0000000000000000000 ) ) ;
#293 = EDGE_CURVE ( 'NONE', #2806, #3130, #656, .T. ) ;
#294 = CIRCLE ( 'NONE', #1885, 0.05000000000000002359 ) ;
#295 = AXIS2_PLACEMENT_3D ( 'NONE', #1816, #376, #2424 ) ;
#296 = CARTESIAN_POINT ( 'NONE',  ( 0.7299999999999999822, 0.6199999999999999956, 0.05000000000000000278 ) ) ;
#297 = ORIENTED_EDGE ( 'NONE', *, *, #850, .T. ) ;
#298 = LINE ( 'NONE', #1435, #1528 ) ;
#299 = AXIS2_PLACEMENT_3D ( 'NONE', #2440, #1215, #2367 ) ;
#300 = CIRCLE ( 'NONE', #1593, 0.04999999999999991257 ) ;
#301 = EDGE_LOOP ( 'NONE', ( #3532, #1685, #2938, #288, #2193, #505, #1582, #2537 ) ) ;
#302 = FACE_OUTER_BOUND ( 'NONE', #3351, .T. ) ;
#303 = COLOUR_RGB ( '',0.7686274509803920907, 0.7686274509803920907, 0.7686274509803920907 ) ;
#304 = VERTEX_POINT ( 'NONE', #2150 ) ;
#305 = CARTESIAN_POINT ( 'NONE',  ( 1.250000000000000000, -1.050000000000000044, 0.6999999999999999556 ) ) ;
#306 = CARTESIAN_POINT ( 'NONE',  ( -1.050000000000000044, 1.050000000000000044, 0.6999999999999999556 ) ) ;
#307 = CARTESIAN_POINT ( 'NONE',  ( 1.219999999999999973, 0.5699999999999999512, 0.05000000000000000278 ) ) ;
#308 =( GEOMETRIC_REPRESENTATION_CONTEXT ( 3 ) GLOBAL_UNCERTAINTY_ASSIGNED_CONTEXT ( ( #3744 ) ) GLOBAL_UNIT_ASSIGNED_CONTEXT ( ( #973, #2775, #143 ) ) REPRESENTATION_CONTEXT ( 'NONE', 'WORKASPACE' ) );
#309 = ORIENTED_EDGE ( 'NONE', *, *, #3060, .F. ) ;
#310 = LINE ( 'NONE', #898, #2920 ) ;
#311 = ORIENTED_EDGE ( 'NONE', *, *, #1797, .F. ) ;
#312 = CARTESIAN_POINT ( 'NONE',  ( -1.489999999999999991, -1.489999999999999991, 0.6999999999999999556 ) ) ;
#313 = DIRECTION ( 'NONE',  ( -7.228014483236700500E-16, 1.000000000000000000, 0.0000000000000000000 ) ) ;
#314 = EDGE_CURVE ( 'NONE', #3731, #865, #952, .T. ) ;
#315 = CARTESIAN_POINT ( 'NONE',  ( -1.219999999999999973, 1.219999999999999973, 0.0000000000000000000 ) ) ;
#316 = ORIENTED_EDGE ( 'NONE', *, *, #3350, .F. ) ;
#317 = DIRECTION ( 'NONE',  ( 0.0000000000000000000, 0.0000000000000000000, 1.000000000000000000 ) ) ;
#318 = CYLINDRICAL_SURFACE ( 'NONE', #1150, 0.05000000000000002359 ) ;
#319 = EDGE_CURVE ( 'NONE', #1176, #691, #1879, .T. ) ;
#320 = DIRECTION ( 'NONE',  ( -1.000000000000000000, -4.928191693115940630E-16, 0.0000000000000000000 ) ) ;
#321 = ORIENTED_EDGE ( 'NONE', *, *, #2447, .F. ) ;
#322 = DIRECTION ( 'NONE',  ( 0.0000000000000000000, 0.0000000000000000000, 1.000000000000000000 ) ) ;
#323 = CARTESIAN_POINT ( 'NONE',  ( -1.219999999999999973, -0.9700000000000000844, 0.05000000000000000278 ) ) ;
#324 = DIRECTION ( 'NONE',  ( -1.000000000000000000, 0.0000000000000000000, 0.0000000000000000000 ) ) ;
#325 = DIRECTION ( 'NONE',  ( 0.0000000000000000000, 0.0000000000000000000, -1.000000000000000000 ) ) ;
#326 = ORIENTED_EDGE ( 'NONE', *, *, #2545, .F. ) ;
#327 = LINE ( 'NONE', #3568, #342 ) ;
#328 = DIRECTION ( 'NONE',  ( -1.000000000000000000, 0.0000000000000000000, 0.0000000000000000000 ) ) ;
#329 = ORIENTED_EDGE ( 'NONE', *, *, #523, .F. ) ;
#330 = CARTESIAN_POINT ( 'NONE',  ( 1.219999999999999973, -0.4000000000000000222, 0.0000000000000000000 ) ) ;
#331 = FACE_OUTER_BOUND ( 'NONE', #974, .T. ) ;
#332 = EDGE_CURVE ( 'NONE', #188, #3501, #278, .T. ) ;
#333 = EDGE_CURVE ( 'NONE', #990, #3620, #887, .T. ) ;
#334 = EDGE_CURVE ( 'NONE', #2063, #3454, #2423, .T. ) ;
#335 = ORIENTED_EDGE ( 'NONE', *, *, #448, .T. ) ;
#336 = DIRECTION ( 'NONE',  ( 0.0000000000000000000, -1.000000000000000000, 0.0000000000000000000 ) ) ;
#337 =( NAMED_UNIT ( * ) SI_UNIT ( $, .STERADIAN. ) SOLID_ANGLE_UNIT ( ) );
#338 = VECTOR ( 'NONE', #2403, 1000.000000000000000 ) ;
#339 = LINE ( 'NONE', #2688, #2136 ) ;
#340 = CIRCLE ( 'NONE', #1138, 0.05000000000000002359 ) ;
#341 = ORIENTED_EDGE ( 'NONE', *, *, #2705, .F. ) ;
#342 = VECTOR ( 'NONE', #619, 1000.000000000000000 ) ;
#343 = CARTESIAN_POINT ( 'NONE',  ( -1.219999999999999973, 1.270000000000000018, 0.05000000000000000278 ) ) ;
#344 = ORIENTED_EDGE ( 'NONE', *, *, #261, .F. ) ;
#345 = CARTESIAN_POINT ( 'NONE',  ( -0.7299999999999999822, -1.219999999999999973, 0.05000000000000000278 ) ) ;
#346 = PRESENTATION_STYLE_ASSIGNMENT (( #2975 ) ) ;
#347 = DIRECTION ( 'NONE',  ( -1.000000000000000000, 0.0000000000000000000, 0.0000000000000000000 ) ) ;
#348 = AXIS2_PLACEMENT_3D ( 'NONE', #359, #2450, #2408 ) ;
#349 = ORIENTED_EDGE ( 'NONE', *, *, #662, .T. ) ;
#350 = DIRECTION ( 'NONE',  ( 1.000000000000000000, 0.0000000000000000000, 0.0000000000000000000 ) ) ;
#351 = DIRECTION ( 'NONE',  ( 0.0000000000000000000, -1.000000000000000000, 0.0000000000000000000 ) ) ;
#352 = PRODUCT_DEFINITION ( 'UNKNOWN', '', #2086, #1470 ) ;
#353 = VECTOR ( 'NONE', #2045, 1000.000000000000000 ) ;
#354 = CARTESIAN_POINT ( 'NONE',  ( 1.219999999999999973, 0.5699999999999999512, 0.05000000000000000278 ) ) ;
#355 = EDGE_CURVE ( 'NONE', #515, #3013, #765, .T. ) ;
#356 = VECTOR ( 'NONE', #2167, 1000.000000000000000 ) ;
#357 = EDGE_CURVE ( 'NONE', #2949, #2181, #1390, .T. ) ;
#358 = LINE ( 'NONE', #2701, #93 ) ;
#359 = CARTESIAN_POINT ( 'NONE',  ( -1.050000000000000044, 0.8199999999999999512, 0.6999999999999999556 ) ) ;
#360 = AXIS2_PLACEMENT_3D ( 'NONE', #1953, #2835, #163 ) ;
#361 = LINE ( 'NONE', #1555, #3189 ) ;
#362 = DIRECTION ( 'NONE',  ( 0.0000000000000000000, 0.0000000000000000000, -1.000000000000000000 ) ) ;
#363 = EDGE_CURVE ( 'NONE', #521, #160, #2734, .T. ) ;
#364 = ORIENTED_EDGE ( 'NONE', *, *, #2685, .T. ) ;
#365 = VECTOR ( 'NONE', #1960, 1000.000000000000000 ) ;
#366 = CYLINDRICAL_SURFACE ( 'NONE', #650, 0.05000000000000002359 ) ;
#367 = ORIENTED_EDGE ( 'NONE', *, *, #3080, .T. ) ;
#368 = LINE ( 'NONE', #64, #3240 ) ;
#369 = LINE ( 'NONE', #1829, #3385 ) ;
#370 = AXIS2_PLACEMENT_3D ( 'NONE', #1843, #362, #631 ) ;
#371 = CARTESIAN_POINT ( 'NONE',  ( -1.489999999999999991, -1.500000000000000000, 0.6999999999999999556 ) ) ;
#372 = ORIENTED_EDGE ( 'NONE', *, *, #58, .F. ) ;
#373 = DIRECTION ( 'NONE',  ( 1.000000000000000000, 0.0000000000000000000, 0.0000000000000000000 ) ) ;
#374 = CARTESIAN_POINT ( 'NONE',  ( -1.270000000000000018, -1.020000000000000018, 0.05000000000000000278 ) ) ;
#375 = ORIENTED_EDGE ( 'NONE', *, *, #1838, .T. ) ;
#376 = DIRECTION ( 'NONE',  ( 0.0000000000000000000, 0.0000000000000000000, 1.000000000000000000 ) ) ;
#377 = CARTESIAN_POINT ( 'NONE',  ( 0.7800000000000000266, -0.03000000000000000236, 0.05000000000000000278 ) ) ;
#378 = CARTESIAN_POINT ( 'NONE',  ( -1.270000000000000018, -1.020000000000000018, 0.05000000000000000278 ) ) ;
#379 = DIRECTION ( 'NONE',  ( 0.0000000000000000000, 0.0000000000000000000, -1.000000000000000000 ) ) ;
#380 = DIRECTION ( 'NONE',  ( 0.0000000000000000000, 0.0000000000000000000, 1.000000000000000000 ) ) ;
#381 = ORIENTED_EDGE ( 'NONE', *, *, #2158, .T. ) ;
#382 = PLANE ( 'NONE',  #1637 ) ;
#383 = EDGE_CURVE ( 'NONE', #2181, #2082, #134, .T. ) ;
#384 = ORIENTED_EDGE ( 'NONE', *, *, #2963, .T. ) ;
#385 =( LENGTH_UNIT ( ) NAMED_UNIT ( * ) SI_UNIT ( .MILLI., .METRE. ) );
#386 = ADVANCED_FACE ( 'NONE', ( #3092 ), #208, .T. ) ;
#387 = DIRECTION ( 'NONE',  ( 1.000000000000000000, 0.0000000000000000000, 0.0000000000000000000 ) ) ;
#388 = VERTEX_POINT ( 'NONE', #1097 ) ;
#389 = DIRECTION ( 'NONE',  ( 0.0000000000000000000, 0.0000000000000000000, -1.000000000000000000 ) ) ;
#390 = DIRECTION ( 'NONE',  ( -1.000000000000000000, 0.0000000000000000000, 0.0000000000000000000 ) ) ;
#391 = VERTEX_POINT ( 'NONE', #3462 ) ;
#392 = CYLINDRICAL_SURFACE ( 'NONE', #3247, 0.05000000000000002359 ) ;
#393 = CYLINDRICAL_SURFACE ( 'NONE', #3293, 0.04999999999999991257 ) ;
#394 = DIRECTION ( 'NONE',  ( -1.000000000000000000, 0.0000000000000000000, 0.0000000000000000000 ) ) ;
#395 = DIRECTION ( 'NONE',  ( -1.000000000000000000, 0.0000000000000000000, 0.0000000000000000000 ) ) ;
#396 = PRESENTATION_LAYER_ASSIGNMENT (  '', '', ( #3097 ) ) ;
#397 = PRODUCT_RELATED_PRODUCT_CATEGORY ( 'part', '', ( #1288 ) ) ;
#398 = CIRCLE ( 'NONE', #1937, 0.05000000000000002359 ) ;
#399 = VERTEX_POINT ( 'NONE', #3072 ) ;
#400 = DIRECTION ( 'NONE',  ( 0.0000000000000000000, 0.0000000000000000000, -1.000000000000000000 ) ) ;
#401 = AXIS2_PLACEMENT_3D ( 'NONE', #2809, #234, #1058 ) ;
#402 = ADVANCED_FACE ( 'NONE', ( #1386 ), #1945, .F. ) ;
#403 = VECTOR ( 'NONE', #3762, 1000.000000000000000 ) ;
#404 = CARTESIAN_POINT ( 'NONE',  ( -1.050000000000000044, 0.8199999999999999512, 0.6999999999999999556 ) ) ;
#405 = EDGE_CURVE ( 'NONE', #2908, #1499, #2981, .T. ) ;
#406 = ORIENTED_EDGE ( 'NONE', *, *, #1976, .F. ) ;
#407 = DIRECTION ( 'NONE',  ( 1.000000000000000000, 0.0000000000000000000, 0.0000000000000000000 ) ) ;
#408 = DIRECTION ( 'NONE',  ( 0.0000000000000000000, 0.0000000000000000000, -1.000000000000000000 ) ) ;
#409 =( GEOMETRIC_REPRESENTATION_CONTEXT ( 3 ) GLOBAL_UNCERTAINTY_ASSIGNED_CONTEXT ( ( #3156 ) ) GLOBAL_UNIT_ASSIGNED_CONTEXT ( ( #2773, #2485, #1627 ) ) REPRESENTATION_CONTEXT ( 'NONE', 'WORKASPACE' ) );
#410 = ORIENTED_EDGE ( 'NONE', *, *, #2212, .T. ) ;
#411 = CARTESIAN_POINT ( 'NONE',  ( -1.219999999999999973, -1.020000000000000018, 0.05000000000000000278 ) ) ;
#412 = AXIS2_PLACEMENT_3D ( 'NONE', #1731, #2899, #264 ) ;
#413 = CIRCLE ( 'NONE', #3050, 0.04999999999999991257 ) ;
#414 = CARTESIAN_POINT ( 'NONE',  ( 1.270000000000000018, -0.4000000000000000222, 0.0000000000000000000 ) ) ;
#415 = CARTESIAN_POINT ( 'NONE',  ( -1.250000000000000000, 0.8199999999999999512, 0.6999999999999999556 ) ) ;
#416 = CARTESIAN_POINT ( 'NONE',  ( -1.219999999999999973, 0.2200000000000000011, 0.05000000000000000278 ) ) ;
#417 = CARTESIAN_POINT ( 'NONE',  ( 1.219999999999999973, -0.6500000000000000222, 0.0000000000000000000 ) ) ;
#418 = ORIENTED_EDGE ( 'NONE', *, *, #1370, .T. ) ;
#419 = DIRECTION ( 'NONE',  ( 0.0000000000000000000, 0.0000000000000000000, 1.000000000000000000 ) ) ;
#420 = COLOUR_RGB ( '',1.000000000000000000, 0.9372549019607843146, 0.1372549019607843257 ) ;
#421 = EDGE_LOOP ( 'NONE', ( #3086, #2118, #2229, #406 ) ) ;
#422 = CARTESIAN_POINT ( 'NONE',  ( -1.300000000000000044, 1.050000000000000044, 0.6999999999999999556 ) ) ;
#423 = CIRCLE ( 'NONE', #908, 0.01000000000000002623 ) ;
#424 = LINE ( 'NONE', #1603, #462 ) ;
#425 = ORIENTED_EDGE ( 'NONE', *, *, #731, .F. ) ;
#426 = CARTESIAN_POINT ( 'NONE',  ( -0.7800000000000000266, -1.219999999999999973, 0.05000000000000000278 ) ) ;
#427 = PRESENTATION_LAYER_ASSIGNMENT (  '', '', ( #2271 ) ) ;
#428 = FACE_OUTER_BOUND ( 'NONE', #2007, .T. ) ;
#429 = ADVANCED_FACE ( 'NONE', ( #2782 ), #786, .F. ) ;
#430 = ORIENTED_EDGE ( 'NONE', *, *, #144, .T. ) ;
#431 = EDGE_CURVE ( 'NONE', #2438, #3666, #1704, .T. ) ;
#432 = FACE_OUTER_BOUND ( 'NONE', #135, .T. ) ;
#433 = EDGE_CURVE ( 'NONE', #3209, #2827, #1038, .T. ) ;
#434 = DIRECTION ( 'NONE',  ( -1.000000000000000000, 0.0000000000000000000, 0.0000000000000000000 ) ) ;
#435 = DIRECTION ( 'NONE',  ( -1.000000000000000000, 0.0000000000000000000, 0.0000000000000000000 ) ) ;
#436 = DIRECTION ( 'NONE',  ( -1.000000000000000000, 0.0000000000000000000, 0.0000000000000000000 ) ) ;
#437 = ORIENTED_EDGE ( 'NONE', *, *, #3033, .F. ) ;
#438 = DIRECTION ( 'NONE',  ( 0.0000000000000000000, 0.0000000000000000000, -1.000000000000000000 ) ) ;
#439 = CARTESIAN_POINT ( 'NONE',  ( -1.219999999999999973, -0.3499999999999999778, 0.05000000000000000278 ) ) ;
#440 = ORIENTED_EDGE ( 'NONE', *, *, #3638, .F. ) ;
#441 = DIRECTION ( 'NONE',  ( 0.0000000000000000000, 0.0000000000000000000, 1.000000000000000000 ) ) ;
#442 = ORIENTED_EDGE ( 'NONE', *, *, #2415, .F. ) ;
#443 = DIRECTION ( 'NONE',  ( 0.0000000000000000000, 0.0000000000000000000, -1.000000000000000000 ) ) ;
#444 = VERTEX_POINT ( 'NONE', #2209 ) ;
#445 = EDGE_LOOP ( 'NONE', ( #1483, #94, #842, #686, #32, #3526, #3393, #1997 ) ) ;
#446 = ADVANCED_FACE ( 'NONE', ( #3761 ), #3399, .F. ) ;
#447 = PLANE ( 'NONE',  #2075 ) ;
#448 = EDGE_CURVE ( 'NONE', #3400, #2341, #3550, .T. ) ;
#449 = DIRECTION ( 'NONE',  ( 0.0000000000000000000, 0.0000000000000000000, 1.000000000000000000 ) ) ;
#450 = EDGE_CURVE ( 'NONE', #3597, #2380, #3701, .T. ) ;
#451 = CARTESIAN_POINT ( 'NONE',  ( 0.7299999999999999822, 0.2200000000000000011, 0.05000000000000000278 ) ) ;
#452 = LINE ( 'NONE', #2492, #1190 ) ;
#453 = ORIENTED_EDGE ( 'NONE', *, *, #2158, .F. ) ;
#454 = CARTESIAN_POINT ( 'NONE',  ( -1.050000000000000044, 0.6199999999999999956, 0.6500000000000000222 ) ) ;
#455 = SURFACE_STYLE_USAGE ( .BOTH. , #2206 ) ;
#456 = EDGE_LOOP ( 'NONE', ( #2044, #5, #341, #2824 ) ) ;
#457 = AXIS2_PLACEMENT_3D ( 'NONE', #2203, #2855, #3394 ) ;
#458 = DIRECTION ( 'NONE',  ( 0.0000000000000000000, -1.000000000000000000, 0.0000000000000000000 ) ) ;
#459 = ORIENTED_EDGE ( 'NONE', *, *, #2420, .T. ) ;
#460 = DIRECTION ( 'NONE',  ( 0.0000000000000000000, 0.0000000000000000000, -1.000000000000000000 ) ) ;
#461 = VECTOR ( 'NONE', #1549, 1000.000000000000000 ) ;
#462 = VECTOR ( 'NONE', #1561, 1000.000000000000000 ) ;
#463 = UNCERTAINTY_MEASURE_WITH_UNIT (LENGTH_MEASURE( 1.000000000000000082E-05 ), #3478, 'distance_accuracy_value', 'NONE');
#464 = EDGE_LOOP ( 'NONE', ( #418, #1160, #2475, #2602 ) ) ;
#465 = VECTOR ( 'NONE', #522, 1000.000000000000000 ) ;
#466 = ORIENTED_EDGE ( 'NONE', *, *, #2030, .T. ) ;
#467 = CARTESIAN_POINT ( 'NONE',  ( -0.7299999999999999822, 0.2200000000000000011, 0.0000000000000000000 ) ) ;
#468 = CARTESIAN_POINT ( 'NONE',  ( -0.7800000000000000266, 1.270000000000000018, 0.0000000000000000000 ) ) ;
#469 = VECTOR ( 'NONE', #737, 1000.000000000000000 ) ;
#470 = SURFACE_STYLE_USAGE ( .BOTH. , #753 ) ;
#471 = CARTESIAN_POINT ( 'NONE',  ( 1.270000000000000018, -1.020000000000000018, 0.05000000000000000278 ) ) ;
#472 = EDGE_CURVE ( 'NONE', #3454, #1103, #1348, .T. ) ;
#473 = EDGE_CURVE ( 'NONE', #3734, #616, #2521, .T. ) ;
#474 = AXIS2_PLACEMENT_3D ( 'NONE', #3487, #3765, #1492 ) ;
#475 = ORIENTED_EDGE ( 'NONE', *, *, #2139, .F. ) ;
#476 = DIRECTION ( 'NONE',  ( -1.000000000000000000, 0.0000000000000000000, 0.0000000000000000000 ) ) ;
#477 = ORIENTED_EDGE ( 'NONE', *, *, #2231, .T. ) ;
#478 = LINE ( 'NONE', #2224, #3173 ) ;
#479 = VECTOR ( 'NONE', #1475, 1000.000000000000000 ) ;
#480 = ADVANCED_FACE ( 'NONE', ( #1056 ), #3730, .F. ) ;
#481 =( NAMED_UNIT ( * ) PLANE_ANGLE_UNIT ( ) SI_UNIT ( $, .RADIAN. ) );
#482 = ORIENTED_EDGE ( 'NONE', *, *, #53, .F. ) ;
#483 = CIRCLE ( 'NONE', #2633, 0.05000000000000002359 ) ;
#484 = DIRECTION ( 'NONE',  ( 0.0000000000000000000, 0.0000000000000000000, -1.000000000000000000 ) ) ;
#485 = ORIENTED_EDGE ( 'NONE', *, *, #2961, .F. ) ;
#486 = DIRECTION ( 'NONE',  ( -0.0000000000000000000, 1.000000000000000000, 0.0000000000000000000 ) ) ;
#487 = CIRCLE ( 'NONE', #1217, 0.05000000000000002359 ) ;
#488 = CARTESIAN_POINT ( 'NONE',  ( 1.050000000000000044, 1.300000000000000044, 0.6999999999999999556 ) ) ;
#489 = COLOUR_RGB ( '',1.000000000000000000, 1.000000000000000000, 1.000000000000000000 ) ;
#490 = EDGE_LOOP ( 'NONE', ( #2514, #1131, #3146, #2879, #692, #1939, #335, #1693 ) ) ;
#491 = ORIENTED_EDGE ( 'NONE', *, *, #2752, .F. ) ;
#492 = CARTESIAN_POINT ( 'NONE',  ( -0.7800000000000000266, 0.01999999999999940020, 0.05000000000000000278 ) ) ;
#493 = VECTOR ( 'NONE', #2953, 1000.000000000000000 ) ;
#494 = CARTESIAN_POINT ( 'NONE',  ( 0.7800000000000000266, -0.4000000000000000222, 0.05000000000000000278 ) ) ;
#495 = FILL_AREA_STYLE ('',( #3450 ) ) ;
#496 = CARTESIAN_POINT ( 'NONE',  ( -1.219999999999999973, 1.219999999999999973, 0.0000000000000000000 ) ) ;
#497 = ORIENTED_EDGE ( 'NONE', *, *, #1774, .F. ) ;
#498 = CARTESIAN_POINT ( 'NONE',  ( -0.7800000000000000266, -0.4000000000000000222, 0.0000000000000000000 ) ) ;
#499 = VERTEX_POINT ( 'NONE', #3151 ) ;
#500 = ADVANCED_FACE ( 'NONE', ( #2356 ), #1432, .F. ) ;
#501 = CARTESIAN_POINT ( 'NONE',  ( -1.050000000000000044, -1.300000000000000044, 0.6999999999999999556 ) ) ;
#502 = FACE_OUTER_BOUND ( 'NONE', #2165, .T. ) ;
#503 = EDGE_LOOP ( 'NONE', ( #1073, #994, #1587, #2978 ) ) ;
#504 = ADVANCED_FACE ( 'NONE', ( #254 ), #2056, .F. ) ;
#505 = ORIENTED_EDGE ( 'NONE', *, *, #2755, .F. ) ;
#506 = LINE ( 'NONE', #3154, #465 ) ;
#507 = UNCERTAINTY_MEASURE_WITH_UNIT (LENGTH_MEASURE( 1.000000000000000082E-05 ), #2763, 'distance_accuracy_value', 'NONE');
#508 = ORIENTED_EDGE ( 'NONE', *, *, #3180, .F. ) ;
#509 = VERTEX_POINT ( 'NONE', #24 ) ;
#510 = LINE ( 'NONE', #1172, #1711 ) ;
#511 = DIRECTION ( 'NONE',  ( 0.0000000000000000000, 0.0000000000000000000, -1.000000000000000000 ) ) ;
#512 = CARTESIAN_POINT ( 'NONE',  ( -0.7800000000000000266, 0.01999999999999940020, 0.0000000000000000000 ) ) ;
#513 = ORIENTED_EDGE ( 'NONE', *, *, #1586, .F. ) ;
#514 = LINE ( 'NONE', #1051, #1812 ) ;
#515 = VERTEX_POINT ( 'NONE', #861 ) ;
#516 = CYLINDRICAL_SURFACE ( 'NONE', #2627, 0.05000000000000002359 ) ;
#517 = CARTESIAN_POINT ( 'NONE',  ( 0.3250000000000000111, 1.270000000000000018, 0.05000000000000000278 ) ) ;
#518 = CARTESIAN_POINT ( 'NONE',  ( 1.219999999999999973, 0.2200000000000000011, 0.0000000000000000000 ) ) ;
#519 = ORIENTED_EDGE ( 'NONE', *, *, #15, .T. ) ;
#520 = CARTESIAN_POINT ( 'NONE',  ( 1.219999999999999973, -0.4000000000000000222, 0.05000000000000000278 ) ) ;
#521 = VERTEX_POINT ( 'NONE', #542 ) ;
#522 = DIRECTION ( 'NONE',  ( 1.455304929510743932E-16, -1.000000000000000000, 0.0000000000000000000 ) ) ;
#523 = EDGE_CURVE ( 'NONE', #933, #1037, #1720, .T. ) ;
#524 = PRESENTATION_LAYER_ASSIGNMENT (  '', '', ( #2357 ) ) ;
#525 = EDGE_CURVE ( 'NONE', #3716, #499, #1323, .T. ) ;
#526 = CARTESIAN_POINT ( 'NONE',  ( -1.500000000000000000, 1.489999999999999991, 0.6999999999999999556 ) ) ;
#527 = AXIS2_PLACEMENT_3D ( 'NONE', #2549, #1647, #3367 ) ;
#528 = AXIS2_PLACEMENT_3D ( 'NONE', #3181, #1371, #236 ) ;
#529 = DIRECTION ( 'NONE',  ( 0.0000000000000000000, 0.0000000000000000000, 1.000000000000000000 ) ) ;
#530 = ADVANCED_FACE ( 'NONE', ( #2887 ), #1771, .F. ) ;
#531 = CIRCLE ( 'NONE', #1876, 0.05000000000000002359 ) ;
#532 = AXIS2_PLACEMENT_3D ( 'NONE', #3012, #3336, #651 ) ;
#533 = CARTESIAN_POINT ( 'NONE',  ( -0.7299999999999999822, -0.5999999999999999778, 0.0000000000000000000 ) ) ;
#534 =( LENGTH_UNIT ( ) NAMED_UNIT ( * ) SI_UNIT ( .MILLI., .METRE. ) );
#535 = VECTOR ( 'NONE', #1764, 1000.000000000000000 ) ;
#536 = ORIENTED_EDGE ( 'NONE', *, *, #2121, .F. ) ;
#537 = FILL_AREA_STYLE_COLOUR ( '', #2179 ) ;
#538 = ORIENTED_EDGE ( 'NONE', *, *, #870, .F. ) ;
#539 =( NAMED_UNIT ( * ) SI_UNIT ( $, .STERADIAN. ) SOLID_ANGLE_UNIT ( ) );
#540 = CYLINDRICAL_SURFACE ( 'NONE', #2261, 0.04999999999999991257 ) ;
#541 = FACE_OUTER_BOUND ( 'NONE', #1834, .T. ) ;
#542 = CARTESIAN_POINT ( 'NONE',  ( -1.300000000000000044, 0.8199999999999999512, 0.6999999999999999556 ) ) ;
#543 = CIRCLE ( 'NONE', #1334, 0.05000000000000002359 ) ;
#544 = ORIENTED_EDGE ( 'NONE', *, *, #3538, .F. ) ;
#545 = CARTESIAN_POINT ( 'NONE',  ( 0.7800000000000000266, -1.020000000000000018, 0.05000000000000000278 ) ) ;
#546 = CIRCLE ( 'NONE', #3622, 0.05000000000000002359 ) ;
#547 = DIRECTION ( 'NONE',  ( 1.000000000000000000, 1.455304929510743932E-16, 0.0000000000000000000 ) ) ;
#548 = EDGE_CURVE ( 'NONE', #2402, #2786, #1482, .T. ) ;
#549 = VERTEX_POINT ( 'NONE', #2022 ) ;
#550 = AXIS2_PLACEMENT_3D ( 'NONE', #1594, #1223, #1569 ) ;
#551 = EDGE_CURVE ( 'NONE', #2207, #3716, #310, .T. ) ;
#552 = MECHANICAL_DESIGN_GEOMETRIC_PRESENTATION_REPRESENTATION (  '', ( #975 ), #1837 ) ;
#553 = ADVANCED_FACE ( 'NONE', ( #1182 ), #3216, .F. ) ;
#554 = CARTESIAN_POINT ( 'NONE',  ( -1.219999999999999973, 1.270000000000000018, 0.05000000000000000278 ) ) ;
#555 = EDGE_CURVE ( 'NONE', #990, #3017, #2671, .T. ) ;
#556 = ORIENTED_EDGE ( 'NONE', *, *, #3348, .T. ) ;
#557 = CARTESIAN_POINT ( 'NONE',  ( 1.489999999999999991, -1.500000000000000000, 0.05000000000000000278 ) ) ;
#558 = VERTEX_POINT ( 'NONE', #1789 ) ;
#559 = CARTESIAN_POINT ( 'NONE',  ( 1.219999999999999973, -0.03000000000000000236, 0.0000000000000000000 ) ) ;
#560 = DIRECTION ( 'NONE',  ( 0.0000000000000000000, 0.0000000000000000000, 1.000000000000000000 ) ) ;
#561 = CARTESIAN_POINT ( 'NONE',  ( 1.050000000000000044, -1.300000000000000044, 0.6999999999999999556 ) ) ;
#562 = ORIENTED_EDGE ( 'NONE', *, *, #2522, .T. ) ;
#563 = FACE_OUTER_BOUND ( 'NONE', #2520, .T. ) ;
#564 = ORIENTED_EDGE ( 'NONE', *, *, #2943, .F. ) ;
#565 = CARTESIAN_POINT ( 'NONE',  ( 0.7800000000000000266, -1.270000000000000018, 0.0000000000000000000 ) ) ;
#566 = ORIENTED_EDGE ( 'NONE', *, *, #3453, .T. ) ;
#567 = SURFACE_STYLE_FILL_AREA ( #3799 ) ;
#568 = ADVANCED_FACE ( 'NONE', ( #563 ), #1735, .T. ) ;
#569 = EDGE_LOOP ( 'NONE', ( #3127, #1579, #3055, #1119 ) ) ;
#570 = ADVANCED_FACE ( 'NONE', ( #2903 ), #1167, .T. ) ;
#571 = VERTEX_POINT ( 'NONE', #3176 ) ;
#572 = DIRECTION ( 'NONE',  ( 0.0000000000000000000, 0.0000000000000000000, -1.000000000000000000 ) ) ;
#573 =( NAMED_UNIT ( * ) SI_UNIT ( $, .STERADIAN. ) SOLID_ANGLE_UNIT ( ) );
#574 = LINE ( 'NONE', #1748, #3571 ) ;
#575 = DIRECTION ( 'NONE',  ( 0.0000000000000000000, 0.0000000000000000000, -1.000000000000000000 ) ) ;
#576 = VERTEX_POINT ( 'NONE', #1445 ) ;
#577 = CARTESIAN_POINT ( 'NONE',  ( -1.050000000000000044, 1.300000000000000044, 0.6999999999999999556 ) ) ;
#578 = UNCERTAINTY_MEASURE_WITH_UNIT (LENGTH_MEASURE( 1.000000000000000082E-05 ), #2630, 'distance_accuracy_value', 'NONE');
#579 = DIRECTION ( 'NONE',  ( 0.0000000000000000000, 0.0000000000000000000, -1.000000000000000000 ) ) ;
#580 = ORIENTED_EDGE ( 'NONE', *, *, #1654, .T. ) ;
#581 = CARTESIAN_POINT ( 'NONE',  ( 1.270000000000000018, -0.4000000000000000222, 0.05000000000000000278 ) ) ;
#582 = CIRCLE ( 'NONE', #2552, 0.01000000000000002623 ) ;
#583 = CLOSED_SHELL ( 'NONE', ( #2372, #3008, #1173, #2574, #1509, #504, #2497, #750, #446, #1886 ) ) ;
#584 = LINE ( 'NONE', #1174, #1950 ) ;
#585 = CIRCLE ( 'NONE', #97, 0.04999999999999991257 ) ;
#586 = ORIENTED_EDGE ( 'NONE', *, *, #58, .T. ) ;
#587 = LINE ( 'NONE', #2282, #535 ) ;
#588 = AXIS2_PLACEMENT_3D ( 'NONE', #426, #1605, #2151 ) ;
#589 = AXIS2_PLACEMENT_3D ( 'NONE', #290, #2325, #3516 ) ;
#590 = ORIENTED_EDGE ( 'NONE', *, *, #169, .F. ) ;
#591 = DIRECTION ( 'NONE',  ( 0.0000000000000000000, -1.000000000000000000, 0.0000000000000000000 ) ) ;
#592 = CYLINDRICAL_SURFACE ( 'NONE', #3561, 0.05000000000000002359 ) ;
#593 = DIRECTION ( 'NONE',  ( 0.0000000000000000000, 0.0000000000000000000, 1.000000000000000000 ) ) ;
#594 = EDGE_CURVE ( 'NONE', #3349, #549, #2309, .T. ) ;
#595 = AXIS2_PLACEMENT_3D ( 'NONE', #2495, #438, #3679 ) ;
#596 = ORIENTED_EDGE ( 'NONE', *, *, #2661, .T. ) ;
#597 = CARTESIAN_POINT ( 'NONE',  ( -0.7800000000000000266, 0.5699999999999999512, 0.05000000000000000278 ) ) ;
#598 = EDGE_CURVE ( 'NONE', #1450, #1620, #2067, .T. ) ;
#599 = ORIENTED_EDGE ( 'NONE', *, *, #2617, .T. ) ;
#600 = CYLINDRICAL_SURFACE ( 'NONE', #2919, 0.01000000000000002623 ) ;
#601 = MECHANICAL_DESIGN_GEOMETRIC_PRESENTATION_REPRESENTATION (  '', ( #2250 ), #657 ) ;
#602 = DIRECTION ( 'NONE',  ( -1.000000000000000000, -7.228014483236700500E-16, 0.0000000000000000000 ) ) ;
#603 = VECTOR ( 'NONE', #2446, 1000.000000000000000 ) ;
#604 = LINE ( 'NONE', #3218, #2977 ) ;
#605 = ORIENTED_EDGE ( 'NONE', *, *, #845, .F. ) ;
#606 = LINE ( 'NONE', #2960, #1254 ) ;
#607 = CARTESIAN_POINT ( 'NONE',  ( -0.7800000000000000266, -1.219999999999999973, 0.05000000000000000278 ) ) ;
#608 = AXIS2_PLACEMENT_3D ( 'NONE', #199, #1624, #1291 ) ;
#609 = VECTOR ( 'NONE', #2634, 1000.000000000000000 ) ;
#610 = DIRECTION ( 'NONE',  ( -1.455304929510743932E-16, 1.000000000000000000, 0.0000000000000000000 ) ) ;
#611 = VECTOR ( 'NONE', #3068, 1000.000000000000000 ) ;
#612 = ORIENTED_EDGE ( 'NONE', *, *, #268, .T. ) ;
#613 = CARTESIAN_POINT ( 'NONE',  ( 0.7800000000000000266, -1.020000000000000018, 0.05000000000000000278 ) ) ;
#614 = CARTESIAN_POINT ( 'NONE',  ( -1.219999999999999973, 0.2700000000000000178, 0.05000000000000000278 ) ) ;
#615 = CIRCLE ( 'NONE', #3197, 0.05000000000000002359 ) ;
#616 = VERTEX_POINT ( 'NONE', #3318 ) ;
#617 = DIRECTION ( 'NONE',  ( 0.0000000000000000000, 0.0000000000000000000, -1.000000000000000000 ) ) ;
#618 = ORIENTED_EDGE ( 'NONE', *, *, #169, .T. ) ;
#619 = DIRECTION ( 'NONE',  ( 0.0000000000000000000, 0.0000000000000000000, -1.000000000000000000 ) ) ;
#620 = FACE_OUTER_BOUND ( 'NONE', #1384, .T. ) ;
#621 = ADVANCED_FACE ( 'NONE', ( #3275 ), #366, .T. ) ;
#622 = DIRECTION ( 'NONE',  ( -1.000000000000000000, 0.0000000000000000000, 0.0000000000000000000 ) ) ;
#623 = EDGE_LOOP ( 'NONE', ( #3256, #2405, #2966, #2615 ) ) ;
#624 = DIRECTION ( 'NONE',  ( 0.0000000000000000000, 0.0000000000000000000, -1.000000000000000000 ) ) ;
#625 = CARTESIAN_POINT ( 'NONE',  ( 1.219999999999999973, -1.219999999999999973, 0.05000000000000000278 ) ) ;
#626 = LINE ( 'NONE', #3592, #714 ) ;
#627 = ORIENTED_EDGE ( 'NONE', *, *, #1064, .T. ) ;
#628 = DIRECTION ( 'NONE',  ( -1.000000000000000000, 0.0000000000000000000, 0.0000000000000000000 ) ) ;
#629 = PRESENTATION_STYLE_ASSIGNMENT (( #88 ) ) ;
#630 = CARTESIAN_POINT ( 'NONE',  ( 1.050000000000000044, 1.050000000000000044, 0.6500000000000000222 ) ) ;
#631 = DIRECTION ( 'NONE',  ( -1.000000000000000000, 0.0000000000000000000, 0.0000000000000000000 ) ) ;
#632 = VERTEX_POINT ( 'NONE', #2971 ) ;
#633 = DIRECTION ( 'NONE',  ( 0.0000000000000000000, 0.0000000000000000000, -1.000000000000000000 ) ) ;
#634 = ORIENTED_EDGE ( 'NONE', *, *, #2094, .T. ) ;
#635 = DIRECTION ( 'NONE',  ( 0.0000000000000000000, 0.0000000000000000000, -1.000000000000000000 ) ) ;
#636 = SURFACE_SIDE_STYLE ('',( #3263 ) ) ;
#637 = ORIENTED_EDGE ( 'NONE', *, *, #319, .F. ) ;
#638 = DIRECTION ( 'NONE',  ( 0.0000000000000000000, -1.000000000000000000, 0.0000000000000000000 ) ) ;
#639 = DIRECTION ( 'NONE',  ( 0.0000000000000000000, 1.000000000000000000, 0.0000000000000000000 ) ) ;
#640 = EDGE_CURVE ( 'NONE', #742, #1156, #3241, .T. ) ;
#641 = EDGE_CURVE ( 'NONE', #1784, #933, #2692, .T. ) ;
#642 = DIRECTION ( 'NONE',  ( 1.000000000000000000, 4.928191693115929783E-16, 0.0000000000000000000 ) ) ;
#643 = DIRECTION ( 'NONE',  ( 1.000000000000000000, 0.0000000000000000000, 0.0000000000000000000 ) ) ;
#644 = CARTESIAN_POINT ( 'NONE',  ( -0.7800000000000000266, -0.4000000000000000222, 0.05000000000000000278 ) ) ;
#645 = AXIS2_PLACEMENT_3D ( 'NONE', #1027, #3389, #2197 ) ;
#646 = CARTESIAN_POINT ( 'NONE',  ( 0.7800000000000000266, -1.219999999999999973, 0.05000000000000000278 ) ) ;
#647 = CARTESIAN_POINT ( 'NONE',  ( -1.270000000000000018, -0.5999999999999999778, 0.05000000000000000278 ) ) ;
#648 = ORIENTED_EDGE ( 'NONE', *, *, #3477, .F. ) ;
#649 = COLOUR_RGB ( '',1.000000000000000000, 0.9372549019607843146, 0.1372549019607843257 ) ;
#650 = AXIS2_PLACEMENT_3D ( 'NONE', #2993, #633, #917 ) ;
#651 = DIRECTION ( 'NONE',  ( 1.000000000000000000, 0.0000000000000000000, 0.0000000000000000000 ) ) ;
#652 = ORIENTED_EDGE ( 'NONE', *, *, #1984, .T. ) ;
#653 = DIRECTION ( 'NONE',  ( 0.0000000000000000000, 0.0000000000000000000, -1.000000000000000000 ) ) ;
#654 = PRESENTATION_STYLE_ASSIGNMENT (( #937 ) ) ;
#655 = AXIS2_PLACEMENT_3D ( 'NONE', #251, #2352, #2323 ) ;
#656 = LINE ( 'NONE', #959, #2618 ) ;
#657 =( GEOMETRIC_REPRESENTATION_CONTEXT ( 3 ) GLOBAL_UNCERTAINTY_ASSIGNED_CONTEXT ( ( #1078 ) ) GLOBAL_UNIT_ASSIGNED_CONTEXT ( ( #2967, #129, #337 ) ) REPRESENTATION_CONTEXT ( 'NONE', 'WORKASPACE' ) );
#658 = DIRECTION ( 'NONE',  ( 0.0000000000000000000, 0.0000000000000000000, 1.000000000000000000 ) ) ;
#659 = LINE ( 'NONE', #1550, #1646 ) ;
#660 = VECTOR ( 'NONE', #2406, 1000.000000000000000 ) ;
#661 = EDGE_LOOP ( 'NONE', ( #779, #1282, #157, #3193, #3591, #1095, #1061, #2092 ) ) ;
#662 = EDGE_CURVE ( 'NONE', #1618, #3548, #3106, .T. ) ;
#663 =( GEOMETRIC_REPRESENTATION_CONTEXT ( 3 ) GLOBAL_UNCERTAINTY_ASSIGNED_CONTEXT ( ( #2625 ) ) GLOBAL_UNIT_ASSIGNED_CONTEXT ( ( #2570, #273, #1740 ) ) REPRESENTATION_CONTEXT ( 'NONE', 'WORKASPACE' ) );
#664 = LINE ( 'NONE', #1914, #2435 ) ;
#665 = AXIS2_PLACEMENT_3D ( 'NONE', #2286, #782, #996 ) ;
#666 = EDGE_CURVE ( 'NONE', #1246, #1824, #1394, .T. ) ;
#667 = CARTESIAN_POINT ( 'NONE',  ( 0.7800000000000000266, -1.219999999999999973, 0.05000000000000000278 ) ) ;
#668 = EDGE_CURVE ( 'NONE', #677, #742, #2109, .T. ) ;
#669 = CARTESIAN_POINT ( 'NONE',  ( 0.7800000000000000266, -0.6500000000000000222, 0.05000000000000000278 ) ) ;
#670 = CARTESIAN_POINT ( 'NONE',  ( -1.219999999999999973, -0.5999999999999999778, 0.05000000000000000278 ) ) ;
#671 = FACE_OUTER_BOUND ( 'NONE', #892, .T. ) ;
#672 = VERTEX_POINT ( 'NONE', #1861 ) ;
#673 =( NAMED_UNIT ( * ) SI_UNIT ( $, .STERADIAN. ) SOLID_ANGLE_UNIT ( ) );
#674 = ORIENTED_EDGE ( 'NONE', *, *, #1003, .T. ) ;
#675 = CYLINDRICAL_SURFACE ( 'NONE', #2731, 0.05000000000000002359 ) ;
#676 = CARTESIAN_POINT ( 'NONE',  ( -0.7800000000000000266, -0.5999999999999999778, 0.05000000000000000278 ) ) ;
#677 = VERTEX_POINT ( 'NONE', #3582 ) ;
#678 = DIRECTION ( 'NONE',  ( 0.0000000000000000000, 0.0000000000000000000, -1.000000000000000000 ) ) ;
#679 = DIRECTION ( 'NONE',  ( 0.0000000000000000000, 0.0000000000000000000, -1.000000000000000000 ) ) ;
#680 = CARTESIAN_POINT ( 'NONE',  ( 0.3750000000000000000, 1.219999999999999973, 0.05000000000000000278 ) ) ;
#681 = ADVANCED_FACE ( 'NONE', ( #956 ), #382, .F. ) ;
#682 = CARTESIAN_POINT ( 'NONE',  ( -1.270000000000000018, -0.4000000000000000222, 0.0000000000000000000 ) ) ;
#683 = EDGE_LOOP ( 'NONE', ( #167, #605, #3225, #1501 ) ) ;
#684 = FACE_OUTER_BOUND ( 'NONE', #1162, .T. ) ;
#685 = VERTEX_POINT ( 'NONE', #92 ) ;
#686 = ORIENTED_EDGE ( 'NONE', *, *, #1606, .T. ) ;
#687 = DIRECTION ( 'NONE',  ( 1.000000000000000000, 0.0000000000000000000, 0.0000000000000000000 ) ) ;
#688 = ORIENTED_EDGE ( 'NONE', *, *, #1472, .T. ) ;
#689 = PLANE ( 'NONE',  #2174 ) ;
#690 = CYLINDRICAL_SURFACE ( 'NONE', #665, 0.05000000000000002359 ) ;
#691 = VERTEX_POINT ( 'NONE', #2707 ) ;
#692 = ORIENTED_EDGE ( 'NONE', *, *, #2662, .T. ) ;
#693 = CARTESIAN_POINT ( 'NONE',  ( -1.219999999999999973, -0.03000000000000050196, 0.05000000000000000278 ) ) ;
#694 = FACE_OUTER_BOUND ( 'NONE', #2995, .T. ) ;
#695 = CIRCLE ( 'NONE', #2849, 0.2500000000000000000 ) ;
#696 = VERTEX_POINT ( 'NONE', #2760 ) ;
#697 = PLANE ( 'NONE',  #3784 ) ;
#698 = CIRCLE ( 'NONE', #884, 0.05000000000000002359 ) ;
#699 = EDGE_LOOP ( 'NONE', ( #1426, #2620, #2970, #262 ) ) ;
#700 = DIRECTION ( 'NONE',  ( 0.0000000000000000000, 0.0000000000000000000, -1.000000000000000000 ) ) ;
#701 = AXIS2_PLACEMENT_3D ( 'NONE', #3624, #977, #400 ) ;
#702 = AXIS2_PLACEMENT_3D ( 'NONE', #404, #3660, #2164 ) ;
#703 = DIRECTION ( 'NONE',  ( 0.0000000000000000000, 0.0000000000000000000, 1.000000000000000000 ) ) ;
#704 = ORIENTED_EDGE ( 'NONE', *, *, #525, .F. ) ;
#705 = DIRECTION ( 'NONE',  ( -1.000000000000000000, 0.0000000000000000000, 0.0000000000000000000 ) ) ;
#706 = EDGE_CURVE ( 'NONE', #2402, #1450, #1825, .T. ) ;
#707 = AXIS2_PLACEMENT_3D ( 'NONE', #1993, #2779, #800 ) ;
#708 = CIRCLE ( 'NONE', #274, 0.05000000000000002359 ) ;
#709 = CARTESIAN_POINT ( 'NONE',  ( -0.3750000000000000000, 1.219999999999999973, 0.05000000000000000278 ) ) ;
#710 = PRESENTATION_LAYER_ASSIGNMENT (  '', '', ( #2250 ) ) ;
#711 = ORIENTED_EDGE ( 'NONE', *, *, #357, .F. ) ;
#712 = ORIENTED_EDGE ( 'NONE', *, *, #1489, .T. ) ;
#713 = DIRECTION ( 'NONE',  ( 0.0000000000000000000, 0.0000000000000000000, 1.000000000000000000 ) ) ;
#714 = VECTOR ( 'NONE', #945, 1000.000000000000000 ) ;
#715 = AXIS2_PLACEMENT_3D ( 'NONE', #2769, #1307, #735 ) ;
#716 = CARTESIAN_POINT ( 'NONE',  ( -1.219999999999999973, -1.270000000000000018, 0.05000000000000000278 ) ) ;
#717 = SURFACE_STYLE_FILL_AREA ( #495 ) ;
#718 = LINE ( 'NONE', #1613, #3686 ) ;
#719 = DIRECTION ( 'NONE',  ( -1.000000000000000000, 0.0000000000000000000, 0.0000000000000000000 ) ) ;
#720 = VECTOR ( 'NONE', #2715, 1000.000000000000000 ) ;
#721 = DIRECTION ( 'NONE',  ( 0.0000000000000000000, 0.0000000000000000000, 1.000000000000000000 ) ) ;
#722 = ORIENTED_EDGE ( 'NONE', *, *, #2770, .F. ) ;
#723 =( NAMED_UNIT ( * ) PLANE_ANGLE_UNIT ( ) SI_UNIT ( $, .RADIAN. ) );
#724 = CARTESIAN_POINT ( 'NONE',  ( -0.7800000000000000266, -1.270000000000000018, 0.05000000000000000278 ) ) ;
#725 = AXIS2_PLACEMENT_3D ( 'NONE', #496, #1669, #1933 ) ;
#726 = ADVANCED_FACE ( 'NONE', ( #684 ), #697, .F. ) ;
#727 = DIRECTION ( 'NONE',  ( 1.000000000000000000, 0.0000000000000000000, 0.0000000000000000000 ) ) ;
#728 = ORIENTED_EDGE ( 'NONE', *, *, #144, .F. ) ;
#729 = FACE_OUTER_BOUND ( 'NONE', #3217, .T. ) ;
#730 = AXIS2_PLACEMENT_3D ( 'NONE', #1978, #783, #1410 ) ;
#731 = EDGE_CURVE ( 'NONE', #1655, #1604, #2555, .T. ) ;
#732 = EDGE_CURVE ( 'NONE', #1640, #903, #2124, .T. ) ;
#733 = ORIENTED_EDGE ( 'NONE', *, *, #217, .F. ) ;
#734 = ORIENTED_EDGE ( 'NONE', *, *, #662, .F. ) ;
#735 = DIRECTION ( 'NONE',  ( 1.000000000000000000, 0.0000000000000000000, 0.0000000000000000000 ) ) ;
#736 = CARTESIAN_POINT ( 'NONE',  ( -1.489999999999999991, -1.500000000000000000, 0.6999999999999999556 ) ) ;
#737 = DIRECTION ( 'NONE',  ( 0.0000000000000000000, 0.0000000000000000000, -1.000000000000000000 ) ) ;
#738 = DIRECTION ( 'NONE',  ( 0.0000000000000000000, -1.000000000000000000, 0.0000000000000000000 ) ) ;
#739 = CARTESIAN_POINT ( 'NONE',  ( -0.7800000000000000266, -1.020000000000000018, 0.0000000000000000000 ) ) ;
#740 = VERTEX_POINT ( 'NONE', #2180 ) ;
#741 = CARTESIAN_POINT ( 'NONE',  ( 0.7800000000000000266, -1.270000000000000018, 0.05000000000000000278 ) ) ;
#742 = VERTEX_POINT ( 'NONE', #2837 ) ;
#743 = DIRECTION ( 'NONE',  ( 0.0000000000000000000, 0.0000000000000000000, 1.000000000000000000 ) ) ;
#744 = CARTESIAN_POINT ( 'NONE',  ( -0.7800000000000000266, 0.2200000000000000011, 0.05000000000000000278 ) ) ;
#745 = ORIENTED_EDGE ( 'NONE', *, *, #3279, .F. ) ;
#746 = CARTESIAN_POINT ( 'NONE',  ( 0.7800000000000000266, -0.3499999999999999778, 0.05000000000000000278 ) ) ;
#747 = LINE ( 'NONE', #2214, #1385 ) ;
#748 = EDGE_CURVE ( 'NONE', #957, #2335, #1090, .T. ) ;
#749 = VERTEX_POINT ( 'NONE', #3677 ) ;
#750 = ADVANCED_FACE ( 'NONE', ( #2238 ), #1920, .F. ) ;
#751 = EDGE_CURVE ( 'NONE', #1011, #3215, #1339, .T. ) ;
#752 = CARTESIAN_POINT ( 'NONE',  ( 1.270000000000000018, -1.219999999999999973, 0.0000000000000000000 ) ) ;
#753 = SURFACE_SIDE_STYLE ('',( #717 ) ) ;
#754 = DIRECTION ( 'NONE',  ( 1.000000000000000000, 2.065146995210484941E-16, 0.0000000000000000000 ) ) ;
#755 = DIRECTION ( 'NONE',  ( -1.000000000000000000, 0.0000000000000000000, 0.0000000000000000000 ) ) ;
#756 = ORIENTED_EDGE ( 'NONE', *, *, #2076, .T. ) ;
#757 = CARTESIAN_POINT ( 'NONE',  ( 1.219999999999999973, -1.020000000000000018, 0.05000000000000000278 ) ) ;
#758 = PLANE ( 'NONE',  #2198 ) ;
#759 = EDGE_LOOP ( 'NONE', ( #1082, #1800, #344, #2294 ) ) ;
#760 = VECTOR ( 'NONE', #1177, 1000.000000000000000 ) ;
#761 = CARTESIAN_POINT ( 'NONE',  ( 1.500000000000000000, -1.489999999999999991, 0.6999999999999999556 ) ) ;
#762 = ORIENTED_EDGE ( 'NONE', *, *, #355, .F. ) ;
#763 = CARTESIAN_POINT ( 'NONE',  ( 1.219999999999999973, -1.270000000000000018, 0.05000000000000000278 ) ) ;
#764 = AXIS2_PLACEMENT_3D ( 'NONE', #1374, #449, #434 ) ;
#765 = CIRCLE ( 'NONE', #2240, 0.05000000000000002359 ) ;
#766 = UNCERTAINTY_MEASURE_WITH_UNIT (LENGTH_MEASURE( 1.000000000000000082E-05 ), #1686, 'distance_accuracy_value', 'NONE');
#767 = VERTEX_POINT ( 'NONE', #3456 ) ;
#768 = VECTOR ( 'NONE', #2621, 1000.000000000000000 ) ;
#769 = DIRECTION ( 'NONE',  ( 1.000000000000000000, 0.0000000000000000000, 0.0000000000000000000 ) ) ;
#770 = EDGE_CURVE ( 'NONE', #3343, #2014, #1904, .T. ) ;
#771 = LINE ( 'NONE', #1916, #1873 ) ;
#772 = MECHANICAL_DESIGN_GEOMETRIC_PRESENTATION_REPRESENTATION (  '', ( #2071 ), #1271 ) ;
#773 = PRESENTATION_STYLE_ASSIGNMENT (( #470 ) ) ;
#774 = DIRECTION ( 'NONE',  ( 0.0000000000000000000, -1.000000000000000000, 0.0000000000000000000 ) ) ;
#775 = EDGE_CURVE ( 'NONE', #3237, #2781, #708, .T. ) ;
#776 = EDGE_LOOP ( 'NONE', ( #784, #1349, #1122, #1596 ) ) ;
#777 = ADVANCED_FACE ( 'NONE', ( #1069 ), #3433, .F. ) ;
#778 = CARTESIAN_POINT ( 'NONE',  ( 0.7299999999999999822, -0.5999999999999999778, 0.05000000000000000278 ) ) ;
#779 = ORIENTED_EDGE ( 'NONE', *, *, #3775, .F. ) ;
#780 = CARTESIAN_POINT ( 'NONE',  ( -1.250000000000000000, 0.02000000000000070471, 0.6999999999999999556 ) ) ;
#781 = VECTOR ( 'NONE', #3388, 1000.000000000000000 ) ;
#782 = DIRECTION ( 'NONE',  ( 0.0000000000000000000, 0.0000000000000000000, -1.000000000000000000 ) ) ;
#783 = DIRECTION ( 'NONE',  ( -1.000000000000000000, -1.807003620809174878E-16, 0.0000000000000000000 ) ) ;
#784 = ORIENTED_EDGE ( 'NONE', *, *, #3477, .T. ) ;
#785 = STYLED_ITEM ( 'NONE', ( #3736 ), #2986 ) ;
#786 = PLANE ( 'NONE',  #282 ) ;
#787 = ORIENTED_EDGE ( 'NONE', *, *, #3775, .T. ) ;
#788 = DIRECTION ( 'NONE',  ( 0.0000000000000000000, 0.0000000000000000000, -1.000000000000000000 ) ) ;
#789 = LINE ( 'NONE', #1101, #275 ) ;
#790 = VERTEX_POINT ( 'NONE', #1378 ) ;
#791 = CARTESIAN_POINT ( 'NONE',  ( 1.270000000000000018, -1.020000000000000018, 0.0000000000000000000 ) ) ;
#792 = VECTOR ( 'NONE', #395, 1000.000000000000000 ) ;
#793 = LINE ( 'NONE', #414, #3227 ) ;
#794 = FACE_OUTER_BOUND ( 'NONE', #3088, .T. ) ;
#795 = CARTESIAN_POINT ( 'NONE',  ( -0.3250000000000000111, 1.270000000000000018, 0.05000000000000000278 ) ) ;
#796 = ORIENTED_EDGE ( 'NONE', *, *, #2291, .T. ) ;
#797 = CARTESIAN_POINT ( 'NONE',  ( 0.7800000000000000266, 1.270000000000000018, 0.05000000000000000278 ) ) ;
#798 = EDGE_CURVE ( 'NONE', #3731, #2438, #695, .T. ) ;
#799 = ORIENTED_EDGE ( 'NONE', *, *, #2288, .F. ) ;
#800 = DIRECTION ( 'NONE',  ( -1.000000000000000000, 0.0000000000000000000, 0.0000000000000000000 ) ) ;
#801 = CARTESIAN_POINT ( 'NONE',  ( -0.3750000000000000000, -1.219999999999999973, 0.05000000000000000278 ) ) ;
#802 = DIRECTION ( 'NONE',  ( 0.0000000000000000000, 0.0000000000000000000, -1.000000000000000000 ) ) ;
#803 = EDGE_CURVE ( 'NONE', #91, #909, #514, .T. ) ;
#804 = ORIENTED_EDGE ( 'NONE', *, *, #2094, .F. ) ;
#805 = DIRECTION ( 'NONE',  ( 0.0000000000000000000, 0.0000000000000000000, 1.000000000000000000 ) ) ;
#806 = VERTEX_POINT ( 'NONE', #2470 ) ;
#807 =( NAMED_UNIT ( * ) SI_UNIT ( $, .STERADIAN. ) SOLID_ANGLE_UNIT ( ) );
#808 = CARTESIAN_POINT ( 'NONE',  ( 1.050000000000000044, 0.2200000000000000011, 0.6500000000000000222 ) ) ;
#809 = CARTESIAN_POINT ( 'NONE',  ( -0.7299999999999999822, -1.020000000000000018, 0.0000000000000000000 ) ) ;
#810 = PLANE ( 'NONE',  #154 ) ;
#811 = LINE ( 'NONE', #2648, #3555 ) ;
#812 = VERTEX_POINT ( 'NONE', #2515 ) ;
#813 = CARTESIAN_POINT ( 'NONE',  ( -1.050000000000000044, 0.2200000000000000011, 0.6500000000000000222 ) ) ;
#814 = ORIENTED_EDGE ( 'NONE', *, *, #2547, .F. ) ;
#815 = FACE_OUTER_BOUND ( 'NONE', #421, .T. ) ;
#816 = DIRECTION ( 'NONE',  ( 1.000000000000000000, 0.0000000000000000000, 0.0000000000000000000 ) ) ;
#817 = CARTESIAN_POINT ( 'NONE',  ( 1.219999999999999973, -1.219999999999999973, 0.0000000000000000000 ) ) ;
#818 = VERTEX_POINT ( 'NONE', #778 ) ;
#819 = CARTESIAN_POINT ( 'NONE',  ( 0.7299999999999999822, 1.219999999999999973, 0.05000000000000000278 ) ) ;
#820 = ADVANCED_FACE ( 'NONE', ( #1956 ), #1032, .T. ) ;
#821 = ORIENTED_EDGE ( 'NONE', *, *, #706, .T. ) ;
#822 = PRESENTATION_STYLE_ASSIGNMENT (( #256 ) ) ;
#823 = AXIS2_PLACEMENT_3D ( 'NONE', #1536, #3345, #911 ) ;
#824 = DIRECTION ( 'NONE',  ( 0.0000000000000000000, 0.0000000000000000000, 1.000000000000000000 ) ) ;
#825 = EDGE_CURVE ( 'NONE', #3159, #3413, #452, .T. ) ;
#826 = VERTEX_POINT ( 'NONE', #1007 ) ;
#827 = VECTOR ( 'NONE', #2476, 1000.000000000000000 ) ;
#828 = VECTOR ( 'NONE', #1600, 1000.000000000000000 ) ;
#829 = AXIS2_PLACEMENT_3D ( 'NONE', #1575, #419, #1281 ) ;
#830 = CARTESIAN_POINT ( 'NONE',  ( -1.219999999999999973, 0.2200000000000000011, 0.05000000000000000278 ) ) ;
#831 = CARTESIAN_POINT ( 'NONE',  ( -1.219999999999999973, -1.219999999999999973, 0.0000000000000000000 ) ) ;
#832 = ORIENTED_EDGE ( 'NONE', *, *, #3126, .T. ) ;
#833 = AXIS2_PLACEMENT_3D ( 'NONE', #415, #3578, #3045 ) ;
#834 = DIRECTION ( 'NONE',  ( -1.000000000000000000, 0.0000000000000000000, 0.0000000000000000000 ) ) ;
#835 = ORIENTED_EDGE ( 'NONE', *, *, #2524, .F. ) ;
#836 = CARTESIAN_POINT ( 'NONE',  ( 1.219999999999999973, 0.02000000000000000042, 0.05000000000000000278 ) ) ;
#837 = CARTESIAN_POINT ( 'NONE',  ( -0.7800000000000000266, 0.2700000000000000178, 0.05000000000000000278 ) ) ;
#838 = CARTESIAN_POINT ( 'NONE',  ( -1.270000000000000018, -1.020000000000000018, 0.0000000000000000000 ) ) ;
#839 = VERTEX_POINT ( 'NONE', #2532 ) ;
#840 = DIRECTION ( 'NONE',  ( 1.000000000000000000, 0.0000000000000000000, 0.0000000000000000000 ) ) ;
#841 = AXIS2_PLACEMENT_3D ( 'NONE', #2332, #3575, #2389 ) ;
#842 = ORIENTED_EDGE ( 'NONE', *, *, #1580, .T. ) ;
#843 = DIRECTION ( 'NONE',  ( -1.000000000000000000, 0.0000000000000000000, 0.0000000000000000000 ) ) ;
#844 = MANIFOLD_SOLID_BREP ( 'NONE', #885 ) ;
#845 = EDGE_CURVE ( 'NONE', #1450, #740, #587, .T. ) ;
#846 = MECHANICAL_DESIGN_GEOMETRIC_PRESENTATION_REPRESENTATION (  '', ( #785 ), #239 ) ;
#847 = SURFACE_SIDE_STYLE ('',( #1755 ) ) ;
#848 = ORIENTED_EDGE ( 'NONE', *, *, #1844, .T. ) ;
#849 = VECTOR ( 'NONE', #950, 1000.000000000000000 ) ;
#850 = EDGE_CURVE ( 'NONE', #1870, #790, #1689, .T. ) ;
#851 = DIRECTION ( 'NONE',  ( 1.000000000000000000, 0.0000000000000000000, 0.0000000000000000000 ) ) ;
#852 = ADVANCED_FACE ( 'NONE', ( #872 ), #2321, .T. ) ;
#853 = PRESENTATION_LAYER_ASSIGNMENT (  '', '', ( #1723 ) ) ;
#854 = CARTESIAN_POINT ( 'NONE',  ( -1.270000000000000018, -1.020000000000000018, 0.05000000000000000278 ) ) ;
#855 = MECHANICAL_DESIGN_GEOMETRIC_PRESENTATION_REPRESENTATION (  '', ( #1105 ), #308 ) ;
#856 = ORIENTED_EDGE ( 'NONE', *, *, #748, .F. ) ;
#857 = ORIENTED_EDGE ( 'NONE', *, *, #1774, .T. ) ;
#858 = DIRECTION ( 'NONE',  ( -1.000000000000000000, 0.0000000000000000000, 0.0000000000000000000 ) ) ;
#859 = DIRECTION ( 'NONE',  ( 0.0000000000000000000, 0.0000000000000000000, -1.000000000000000000 ) ) ;
#860 = ORIENTED_EDGE ( 'NONE', *, *, #3152, .T. ) ;
#861 = CARTESIAN_POINT ( 'NONE',  ( 0.7299999999999999822, 0.6199999999999999956, 0.0000000000000000000 ) ) ;
#862 = ORIENTED_EDGE ( 'NONE', *, *, #1839, .F. ) ;
#863 = DIRECTION ( 'NONE',  ( 1.000000000000000000, 0.0000000000000000000, 0.0000000000000000000 ) ) ;
#864 = FILL_AREA_STYLE ('',( #3519 ) ) ;
#865 = VERTEX_POINT ( 'NONE', #813 ) ;
#866 = DIRECTION ( 'NONE',  ( 0.0000000000000000000, 0.0000000000000000000, -1.000000000000000000 ) ) ;
#867 = EDGE_CURVE ( 'NONE', #180, #1249, #2928, .T. ) ;
#868 = ADVANCED_FACE ( 'NONE', ( #302 ), #2050, .T. ) ;
#869 = SURFACE_STYLE_USAGE ( .BOTH. , #2013 ) ;
#870 = EDGE_CURVE ( 'NONE', #188, #515, #1161, .T. ) ;
#871 = ORIENTED_EDGE ( 'NONE', *, *, #3334, .F. ) ;
#872 = FACE_OUTER_BOUND ( 'NONE', #2005, .T. ) ;
#873 = VERTEX_POINT ( 'NONE', #2594 ) ;
#874 = CARTESIAN_POINT ( 'NONE',  ( -1.050000000000000044, 1.050000000000000044, 0.6999999999999999556 ) ) ;
#875 = DIRECTION ( 'NONE',  ( 1.000000000000000000, 0.0000000000000000000, 0.0000000000000000000 ) ) ;
#876 = DIRECTION ( 'NONE',  ( 1.000000000000000000, 0.0000000000000000000, 0.0000000000000000000 ) ) ;
#877 = DIRECTION ( 'NONE',  ( -1.807003620809174878E-16, 1.000000000000000000, 0.0000000000000000000 ) ) ;
#878 = ORIENTED_EDGE ( 'NONE', *, *, #3222, .T. ) ;
#879 = LINE ( 'NONE', #2078, #218 ) ;
#880 = SURFACE_STYLE_USAGE ( .BOTH. , #1135 ) ;
#881 = ORIENTED_EDGE ( 'NONE', *, *, #314, .T. ) ;
#882 = DIRECTION ( 'NONE',  ( 0.0000000000000000000, 0.0000000000000000000, -1.000000000000000000 ) ) ;
#883 = CIRCLE ( 'NONE', #2169, 0.05000000000000002359 ) ;
#884 = AXIS2_PLACEMENT_3D ( 'NONE', #667, #1840, #3006 ) ;
#885 = CLOSED_SHELL ( 'NONE', ( #2803, #3284, #3206, #2641, #1469, #3522, #3108, #1513, #1399, #2047 ) ) ;
#886 = LINE ( 'NONE', #854, #2255 ) ;
#887 = CIRCLE ( 'NONE', #3361, 0.05000000000000002359 ) ;
#888 = EDGE_CURVE ( 'NONE', #685, #304, #883, .T. ) ;
#889 = ORIENTED_EDGE ( 'NONE', *, *, #473, .F. ) ;
#890 = DIRECTION ( 'NONE',  ( 0.0000000000000000000, 0.0000000000000000000, -1.000000000000000000 ) ) ;
#891 = AXIS2_PLACEMENT_3D ( 'NONE', #520, #484, #1619 ) ;
#892 = EDGE_LOOP ( 'NONE', ( #634, #3317, #209, #2204 ) ) ;
#893 = CARTESIAN_POINT ( 'NONE',  ( 1.270000000000000018, -1.020000000000000018, 0.05000000000000000278 ) ) ;
#894 = EDGE_CURVE ( 'NONE', #2375, #1151, #3527, .T. ) ;
#895 = CYLINDRICAL_SURFACE ( 'NONE', #2027, 0.05000000000000002359 ) ;
#896 = EDGE_CURVE ( 'NONE', #1962, #1274, #3166, .T. ) ;
#897 = CIRCLE ( 'NONE', #2985, 0.05000000000000002359 ) ;
#898 = CARTESIAN_POINT ( 'NONE',  ( 1.050000000000000044, -1.250000000000000000, 0.6500000000000000222 ) ) ;
#899 = ORIENTED_EDGE ( 'NONE', *, *, #3705, .T. ) ;
#900 = DIRECTION ( 'NONE',  ( 1.000000000000000000, 0.0000000000000000000, 0.0000000000000000000 ) ) ;
#901 = PLANE ( 'NONE',  #2756 ) ;
#902 = AXIS2_PLACEMENT_3D ( 'NONE', #411, #2663, #2965 ) ;
#903 = VERTEX_POINT ( 'NONE', #2350 ) ;
#904 = DIRECTION ( 'NONE',  ( 0.0000000000000000000, 0.0000000000000000000, -1.000000000000000000 ) ) ;
#905 = DIRECTION ( 'NONE',  ( 0.0000000000000000000, 0.0000000000000000000, -1.000000000000000000 ) ) ;
#906 = AXIS2_PLACEMENT_3D ( 'NONE', #2084, #351, #1853 ) ;
#907 = DIRECTION ( 'NONE',  ( 0.0000000000000000000, 0.0000000000000000000, 1.000000000000000000 ) ) ;
#908 = AXIS2_PLACEMENT_3D ( 'NONE', #1376, #1087, #3452 ) ;
#909 = VERTEX_POINT ( 'NONE', #557 ) ;
#910 = MANIFOLD_SOLID_BREP ( 'NONE', #1631 ) ;
#911 = DIRECTION ( 'NONE',  ( -1.000000000000000000, 0.0000000000000000000, 0.0000000000000000000 ) ) ;
#912 = DIRECTION ( 'NONE',  ( 1.000000000000000000, 0.0000000000000000000, 0.0000000000000000000 ) ) ;
#913 = CARTESIAN_POINT ( 'NONE',  ( 0.3250000000000000111, -1.219999999999999973, 0.05000000000000000278 ) ) ;
#914 = CIRCLE ( 'NONE', #2276, 0.05000000000000002359 ) ;
#915 = ORIENTED_EDGE ( 'NONE', *, *, #3588, .T. ) ;
#916 = EDGE_CURVE ( 'NONE', #399, #2478, #3251, .T. ) ;
#917 = DIRECTION ( 'NONE',  ( -1.000000000000000000, 0.0000000000000000000, 0.0000000000000000000 ) ) ;
#918 = VERTEX_POINT ( 'NONE', #1252 ) ;
#919 = CARTESIAN_POINT ( 'NONE',  ( 0.7800000000000000266, -1.270000000000000018, 0.05000000000000000278 ) ) ;
#920 = ADVANCED_FACE ( 'NONE', ( #1874 ), #1198, .T. ) ;
#921 = CARTESIAN_POINT ( 'NONE',  ( 1.270000000000000018, -1.219999999999999973, 0.05000000000000000278 ) ) ;
#922 = ADVANCED_FACE ( 'NONE', ( #2666 ), #929, .T. ) ;
#923 = DIRECTION ( 'NONE',  ( 1.000000000000000000, 0.0000000000000000000, 0.0000000000000000000 ) ) ;
#924 = EDGE_LOOP ( 'NONE', ( #832, #3093, #1115, #1651 ) ) ;
#925 = DIRECTION ( 'NONE',  ( -1.000000000000000000, 0.0000000000000000000, 0.0000000000000000000 ) ) ;
#926 = CARTESIAN_POINT ( 'NONE',  ( -1.270000000000000018, 0.2200000000000000011, 0.05000000000000000278 ) ) ;
#927 = MANIFOLD_SOLID_BREP ( 'NONE', #2061 ) ;
#928 = DIRECTION ( 'NONE',  ( 0.0000000000000000000, 1.000000000000000000, 0.0000000000000000000 ) ) ;
#929 = CYLINDRICAL_SURFACE ( 'NONE', #211, 0.01000000000000002623 ) ;
#930 = DIRECTION ( 'NONE',  ( 0.0000000000000000000, 0.0000000000000000000, -1.000000000000000000 ) ) ;
#931 = DIRECTION ( 'NONE',  ( 0.0000000000000000000, 0.0000000000000000000, 1.000000000000000000 ) ) ;
#932 = CARTESIAN_POINT ( 'NONE',  ( 1.219999999999999973, 1.270000000000000018, 0.0000000000000000000 ) ) ;
#933 = VERTEX_POINT ( 'NONE', #1553 ) ;
#934 = DIRECTION ( 'NONE',  ( 0.0000000000000000000, -1.000000000000000000, 0.0000000000000000000 ) ) ;
#935 = ORIENTED_EDGE ( 'NONE', *, *, #2877, .T. ) ;
#936 = DIRECTION ( 'NONE',  ( -1.000000000000000000, 0.0000000000000000000, 0.0000000000000000000 ) ) ;
#937 = SURFACE_STYLE_USAGE ( .BOTH. , #1792 ) ;
#938 = EDGE_CURVE ( 'NONE', #672, #2402, #2479, .T. ) ;
#939 = DIRECTION ( 'NONE',  ( 0.0000000000000000000, -1.000000000000000000, 0.0000000000000000000 ) ) ;
#940 = PLANE ( 'NONE',  #1140 ) ;
#941 = LINE ( 'NONE', #3003, #720 ) ;
#942 = EDGE_CURVE ( 'NONE', #3413, #2334, #2972, .T. ) ;
#943 = ADVANCED_FACE ( 'NONE', ( #3287 ), #393, .F. ) ;
#944 = ORIENTED_EDGE ( 'NONE', *, *, #3232, .T. ) ;
#945 = DIRECTION ( 'NONE',  ( -1.000000000000000000, 0.0000000000000000000, 0.0000000000000000000 ) ) ;
#946 = AXIS2_PLACEMENT_3D ( 'NONE', #1220, #2392, #643 ) ;
#947 = CIRCLE ( 'NONE', #1934, 0.04999999999999991257 ) ;
#948 = CARTESIAN_POINT ( 'NONE',  ( -0.7800000000000000266, -0.9700000000000000844, 0.0000000000000000000 ) ) ;
#949 = CARTESIAN_POINT ( 'NONE',  ( 0.3250000000000000111, -1.219999999999999973, 0.0000000000000000000 ) ) ;
#950 = DIRECTION ( 'NONE',  ( 0.0000000000000000000, 1.000000000000000000, 0.0000000000000000000 ) ) ;
#951 = CARTESIAN_POINT ( 'NONE',  ( 1.219999999999999973, -0.9700000000000000844, 0.05000000000000000278 ) ) ;
#952 = CIRCLE ( 'NONE', #3100, 0.05000000000000002359 ) ;
#953 = ORIENTED_EDGE ( 'NONE', *, *, #3538, .T. ) ;
#954 = VECTOR ( 'NONE', #460, 1000.000000000000000 ) ;
#955 = AXIS2_PLACEMENT_3D ( 'NONE', #819, #2041, #877 ) ;
#956 = FACE_OUTER_BOUND ( 'NONE', #1377, .T. ) ;
#957 = VERTEX_POINT ( 'NONE', #1515 ) ;
#958 = CARTESIAN_POINT ( 'NONE',  ( 1.500000000000000000, 1.489999999999999991, 0.6999999999999999556 ) ) ;
#959 = CARTESIAN_POINT ( 'NONE',  ( -1.050000000000000044, 1.250000000000000000, 0.6500000000000000222 ) ) ;
#960 = AXIS2_PLACEMENT_3D ( 'NONE', #3650, #2089, #2834 ) ;
#961 = ORIENTED_EDGE ( 'NONE', *, *, #2232, .F. ) ;
#962 = DIRECTION ( 'NONE',  ( 0.0000000000000000000, -1.000000000000000000, 0.0000000000000000000 ) ) ;
#963 = DIRECTION ( 'NONE',  ( -1.000000000000000000, 0.0000000000000000000, 0.0000000000000000000 ) ) ;
#964 = ORIENTED_EDGE ( 'NONE', *, *, #1158, .T. ) ;
#965 = EDGE_CURVE ( 'NONE', #444, #3773, #1568, .T. ) ;
#966 = DIRECTION ( 'NONE',  ( 0.0000000000000000000, 1.000000000000000000, 0.0000000000000000000 ) ) ;
#967 = EDGE_CURVE ( 'NONE', #1565, #1572, #2611, .T. ) ;
#968 = CIRCLE ( 'NONE', #1895, 0.2500000000000000000 ) ;
#969 = SURFACE_STYLE_USAGE ( .BOTH. , #2718 ) ;
#970 = DIRECTION ( 'NONE',  ( 0.0000000000000000000, 1.000000000000000000, 0.0000000000000000000 ) ) ;
#971 = AXIS2_PLACEMENT_3D ( 'NONE', #1048, #2219, #738 ) ;
#972 = FACE_OUTER_BOUND ( 'NONE', #2453, .T. ) ;
#973 =( LENGTH_UNIT ( ) NAMED_UNIT ( * ) SI_UNIT ( .MILLI., .METRE. ) );
#974 = EDGE_LOOP ( 'NONE', ( #1089, #77, #3177, #953 ) ) ;
#975 = STYLED_ITEM ( 'NONE', ( #654 ), #3449 ) ;
#976 = EDGE_LOOP ( 'NONE', ( #857, #3335, #1867, #477, #3444, #3746, #3244, #10 ) ) ;
#977 = DIRECTION ( 'NONE',  ( 4.928191693115940630E-16, -1.000000000000000000, 0.0000000000000000000 ) ) ;
#978 = FACE_OUTER_BOUND ( 'NONE', #2225, .T. ) ;
#979 = ORIENTED_EDGE ( 'NONE', *, *, #2941, .T. ) ;
#980 = CARTESIAN_POINT ( 'NONE',  ( 1.050000000000000044, -1.050000000000000044, 0.6999999999999999556 ) ) ;
#981 = FACE_OUTER_BOUND ( 'NONE', #2307, .T. ) ;
#982 = ORIENTED_EDGE ( 'NONE', *, *, #3305, .F. ) ;
#983 = CARTESIAN_POINT ( 'NONE',  ( -0.7299999999999999822, 0.6199999999999999956, 0.05000000000000000278 ) ) ;
#984 = EDGE_CURVE ( 'NONE', #509, #1249, #3419, .T. ) ;
#985 = SURFACE_STYLE_FILL_AREA ( #2686 ) ;
#986 = DIRECTION ( 'NONE',  ( 0.0000000000000000000, 0.0000000000000000000, 1.000000000000000000 ) ) ;
#987 = EDGE_CURVE ( 'NONE', #2130, #691, #358, .T. ) ;
#988 = VERTEX_POINT ( 'NONE', #948 ) ;
#989 = CARTESIAN_POINT ( 'NONE',  ( -1.219999999999999973, 0.5699999999999999512, 0.05000000000000000278 ) ) ;
#990 = VERTEX_POINT ( 'NONE', #3637 ) ;
#991 = FILL_AREA_STYLE ('',( #1617 ) ) ;
#992 = ORIENTED_EDGE ( 'NONE', *, *, #938, .F. ) ;
#993 = CARTESIAN_POINT ( 'NONE',  ( -1.219999999999999973, -0.03000000000000050196, 0.0000000000000000000 ) ) ;
#994 = ORIENTED_EDGE ( 'NONE', *, *, #1154, .F. ) ;
#995 = CARTESIAN_POINT ( 'NONE',  ( 1.500000000000000000, 1.489999999999999991, 0.6999999999999999556 ) ) ;
#996 = DIRECTION ( 'NONE',  ( -1.000000000000000000, 0.0000000000000000000, 0.0000000000000000000 ) ) ;
#997 = ORIENTED_EDGE ( 'NONE', *, *, #1466, .T. ) ;
#998 = DIRECTION ( 'NONE',  ( 0.0000000000000000000, 0.0000000000000000000, -1.000000000000000000 ) ) ;
#999 = DIRECTION ( 'NONE',  ( 0.0000000000000000000, 1.000000000000000000, 0.0000000000000000000 ) ) ;
#1000 = LINE ( 'NONE', #3083, #2567 ) ;
#1001 = CARTESIAN_POINT ( 'NONE',  ( 0.3250000000000000111, 1.219999999999999973, 0.05000000000000000278 ) ) ;
#1002 = CARTESIAN_POINT ( 'NONE',  ( 0.0000000000000000000, 0.0000000000000000000, 0.0000000000000000000 ) ) ;
#1003 = EDGE_CURVE ( 'NONE', #2272, #1213, #582, .T. ) ;
#1004 = AXIS2_PLACEMENT_3D ( 'NONE', #1428, #3, #834 ) ;
#1005 = CLOSED_SHELL ( 'NONE', ( #568, #3504, #1113, #3570, #570, #530, #3525, #2642, #402, #1243 ) ) ;
#1006 = VERTEX_POINT ( 'NONE', #2125 ) ;
#1007 = CARTESIAN_POINT ( 'NONE',  ( 0.7299999999999999822, -1.219999999999999973, 0.0000000000000000000 ) ) ;
#1008 = CIRCLE ( 'NONE', #3163, 0.05000000000000002359 ) ;
#1009 = EDGE_CURVE ( 'NONE', #3479, #1655, #698, .T. ) ;
#1010 = VECTOR ( 'NONE', #1643, 1000.000000000000000 ) ;
#1011 = VERTEX_POINT ( 'NONE', #377 ) ;
#1012 = SURFACE_STYLE_FILL_AREA ( #1054 ) ;
#1013 = EDGE_CURVE ( 'NONE', #2658, #3739, #1316, .T. ) ;
#1014 = VECTOR ( 'NONE', #1041, 1000.000000000000000 ) ;
#1015 = VECTOR ( 'NONE', #2800, 1000.000000000000000 ) ;
#1016 = VERTEX_POINT ( 'NONE', #1668 ) ;
#1017 = LINE ( 'NONE', #3356, #3424 ) ;
#1018 = VERTEX_POINT ( 'NONE', #1612 ) ;
#1019 = DIRECTION ( 'NONE',  ( 1.000000000000000000, 0.0000000000000000000, 0.0000000000000000000 ) ) ;
#1020 = VECTOR ( 'NONE', #2517, 1000.000000000000000 ) ;
#1021 = PRESENTATION_LAYER_ASSIGNMENT (  '', '', ( #2684 ) ) ;
#1022 = VERTEX_POINT ( 'NONE', #1293 ) ;
#1023 = ORIENTED_EDGE ( 'NONE', *, *, #3060, .T. ) ;
#1024 = EDGE_LOOP ( 'NONE', ( #2153, #1805, #2491, #982 ) ) ;
#1025 = DIRECTION ( 'NONE',  ( 0.0000000000000000000, -1.000000000000000000, 0.0000000000000000000 ) ) ;
#1026 = TOROIDAL_SURFACE ( 'NONE', #3441, 0.2000000000000000111, 0.05000000000000000278 ) ;
#1027 = CARTESIAN_POINT ( 'NONE',  ( -0.7800000000000000266, -0.4000000000000000222, 0.05000000000000000278 ) ) ;
#1028 = DIRECTION ( 'NONE',  ( 0.0000000000000000000, 0.0000000000000000000, 1.000000000000000000 ) ) ;
#1029 = DIRECTION ( 'NONE',  ( -1.000000000000000000, 0.0000000000000000000, 0.0000000000000000000 ) ) ;
#1030 = VECTOR ( 'NONE', #2823, 1000.000000000000000 ) ;
#1031 = ORIENTED_EDGE ( 'NONE', *, *, #641, .F. ) ;
#1032 = CYLINDRICAL_SURFACE ( 'NONE', #457, 0.04999999999999991257 ) ;
#1033 = AXIS2_PLACEMENT_3D ( 'NONE', #670, #931, #2393 ) ;
#1034 = ORIENTED_EDGE ( 'NONE', *, *, #165, .F. ) ;
#1035 = DIRECTION ( 'NONE',  ( 0.0000000000000000000, 0.0000000000000000000, -1.000000000000000000 ) ) ;
#1036 = ADVANCED_FACE ( 'NONE', ( #3082 ), #3422, .F. ) ;
#1037 = VERTEX_POINT ( 'NONE', #2217 ) ;
#1038 = LINE ( 'NONE', #761, #3042 ) ;
#1039 = EDGE_CURVE ( 'NONE', #1824, #160, #398, .T. ) ;
#1040 = EDGE_LOOP ( 'NONE', ( #596, #2442, #796, #2783, #3281, #3198, #2159, #2808 ) ) ;
#1041 = DIRECTION ( 'NONE',  ( -1.000000000000000000, 0.0000000000000000000, 0.0000000000000000000 ) ) ;
#1042 = ADVANCED_FACE ( 'NONE', ( #183 ), #2833, .F. ) ;
#1043 = ORIENTED_EDGE ( 'NONE', *, *, #2033, .F. ) ;
#1044 = ORIENTED_EDGE ( 'NONE', *, *, #1728, .T. ) ;
#1045 = DIRECTION ( 'NONE',  ( 0.0000000000000000000, 0.0000000000000000000, -1.000000000000000000 ) ) ;
#1046 = CARTESIAN_POINT ( 'NONE',  ( -1.270000000000000018, -1.219999999999999973, 0.0000000000000000000 ) ) ;
#1047 = PLANE ( 'NONE',  #3672 ) ;
#1048 = CARTESIAN_POINT ( 'NONE',  ( 1.219999999999999973, 0.6199999999999999956, 0.0000000000000000000 ) ) ;
#1049 = CARTESIAN_POINT ( 'NONE',  ( -0.7800000000000000266, -0.6500000000000000222, 0.05000000000000000278 ) ) ;
#1050 = ORIENTED_EDGE ( 'NONE', *, *, #1976, .T. ) ;
#1051 = CARTESIAN_POINT ( 'NONE',  ( -1.489999999999999991, -1.500000000000000000, 0.05000000000000000278 ) ) ;
#1052 = ORIENTED_EDGE ( 'NONE', *, *, #2772, .F. ) ;
#1053 = FACE_OUTER_BOUND ( 'NONE', #2355, .T. ) ;
#1054 = FILL_AREA_STYLE ('',( #1344 ) ) ;
#1055 = VERTEX_POINT ( 'NONE', #1046 ) ;
#1056 = FACE_OUTER_BOUND ( 'NONE', #464, .T. ) ;
#1057 = ORIENTED_EDGE ( 'NONE', *, *, #1125, .F. ) ;
#1058 = DIRECTION ( 'NONE',  ( -1.000000000000000000, 0.0000000000000000000, 0.0000000000000000000 ) ) ;
#1059 = ADVANCED_FACE ( 'NONE', ( #3448 ), #2484, .F. ) ;
#1060 = CARTESIAN_POINT ( 'NONE',  ( -0.7299999999999999822, 1.219999999999999973, 0.05000000000000000278 ) ) ;
#1061 = ORIENTED_EDGE ( 'NONE', *, *, #1290, .F. ) ;
#1062 = EDGE_CURVE ( 'NONE', #2533, #2785, #2422, .T. ) ;
#1063 = LINE ( 'NONE', #467, #1088 ) ;
#1064 = EDGE_CURVE ( 'NONE', #2210, #91, #1931, .T. ) ;
#1065 = DIRECTION ( 'NONE',  ( -0.0000000000000000000, 1.000000000000000000, 0.0000000000000000000 ) ) ;
#1066 = CARTESIAN_POINT ( 'NONE',  ( 1.050000000000000044, 0.02000000000000070471, 0.6999999999999999556 ) ) ;
#1067 = DIRECTION ( 'NONE',  ( 0.0000000000000000000, 0.0000000000000000000, 1.000000000000000000 ) ) ;
#1068 = ORIENTED_EDGE ( 'NONE', *, *, #1466, .F. ) ;
#1069 = FACE_OUTER_BOUND ( 'NONE', #683, .T. ) ;
#1070 = VERTEX_POINT ( 'NONE', #3066 ) ;
#1071 = FACE_BOUND ( 'NONE', #1986, .T. ) ;
#1072 = CARTESIAN_POINT ( 'NONE',  ( 0.7299999999999999822, -1.020000000000000018, 0.05000000000000000278 ) ) ;
#1073 = ORIENTED_EDGE ( 'NONE', *, *, #1888, .T. ) ;
#1074 = ORIENTED_EDGE ( 'NONE', *, *, #3285, .F. ) ;
#1075 = DIRECTION ( 'NONE',  ( 0.0000000000000000000, 0.0000000000000000000, -1.000000000000000000 ) ) ;
#1076 = CIRCLE ( 'NONE', #2789, 0.05000000000000002359 ) ;
#1077 = CIRCLE ( 'NONE', #2677, 0.2000000000000000944 ) ;
#1078 = UNCERTAINTY_MEASURE_WITH_UNIT (LENGTH_MEASURE( 1.000000000000000082E-05 ), #2967, 'distance_accuracy_value', 'NONE');
#1079 = DIRECTION ( 'NONE',  ( -1.000000000000000000, 0.0000000000000000000, 0.0000000000000000000 ) ) ;
#1080 = PRESENTATION_LAYER_ASSIGNMENT (  '', '', ( #3723 ) ) ;
#1081 = AXIS2_PLACEMENT_3D ( 'NONE', #3712, #476, #2777 ) ;
#1082 = ORIENTED_EDGE ( 'NONE', *, *, #3523, .T. ) ;
#1083 = CARTESIAN_POINT ( 'NONE',  ( -0.7800000000000000266, -0.6500000000000000222, 0.0000000000000000000 ) ) ;
#1084 = EDGE_CURVE ( 'NONE', #2716, #1739, #2464, .T. ) ;
#1085 = LINE ( 'NONE', #2791, #2060 ) ;
#1086 = AXIS2_PLACEMENT_3D ( 'NONE', #1066, #1028, #2550 ) ;
#1087 = DIRECTION ( 'NONE',  ( 0.0000000000000000000, 0.0000000000000000000, 1.000000000000000000 ) ) ;
#1088 = VECTOR ( 'NONE', #2787, 1000.000000000000000 ) ;
#1089 = ORIENTED_EDGE ( 'NONE', *, *, #3612, .T. ) ;
#1090 = LINE ( 'NONE', #797, #1260 ) ;
#1091 = ORIENTED_EDGE ( 'NONE', *, *, #775, .T. ) ;
#1092 = CARTESIAN_POINT ( 'NONE',  ( -0.7299999999999999822, 0.2200000000000000011, 0.05000000000000000278 ) ) ;
#1093 = LINE ( 'NONE', #3473, #3121 ) ;
#1094 = PLANE ( 'NONE',  #1219 ) ;
#1095 = ORIENTED_EDGE ( 'NONE', *, *, #3523, .F. ) ;
#1096 = CIRCLE ( 'NONE', #3747, 0.05000000000000002359 ) ;
#1097 = CARTESIAN_POINT ( 'NONE',  ( -1.300000000000000044, -1.050000000000000044, 0.6999999999999999556 ) ) ;
#1098 = ORIENTED_EDGE ( 'NONE', *, *, #2469, .T. ) ;
#1099 = CARTESIAN_POINT ( 'NONE',  ( -1.270000000000000018, 0.6199999999999999956, 0.05000000000000000278 ) ) ;
#1100 = AXIS2_PLACEMENT_3D ( 'NONE', #3694, #3125, #3710 ) ;
#1101 = CARTESIAN_POINT ( 'NONE',  ( -0.7299999999999999822, 1.219999999999999973, 0.0000000000000000000 ) ) ;
#1102 = AXIS2_PLACEMENT_3D ( 'NONE', #150, #1321, #2496 ) ;
#1103 = VERTEX_POINT ( 'NONE', #752 ) ;
#1104 = SURFACE_STYLE_USAGE ( .BOTH. , #2008 ) ;
#1105 = STYLED_ITEM ( 'NONE', ( #3333 ), #198 ) ;
#1106 = DIRECTION ( 'NONE',  ( 1.000000000000000000, 0.0000000000000000000, 0.0000000000000000000 ) ) ;
#1107 = PRESENTATION_STYLE_ASSIGNMENT (( #869 ) ) ;
#1108 = EDGE_CURVE ( 'NONE', #3644, #388, #1998, .T. ) ;
#1109 = DIRECTION ( 'NONE',  ( 0.0000000000000000000, 0.0000000000000000000, -1.000000000000000000 ) ) ;
#1110 = ORIENTED_EDGE ( 'NONE', *, *, #888, .F. ) ;
#1111 = FACE_OUTER_BOUND ( 'NONE', #2358, .T. ) ;
#1112 = DIRECTION ( 'NONE',  ( 0.0000000000000000000, 1.000000000000000000, 0.0000000000000000000 ) ) ;
#1113 = ADVANCED_FACE ( 'NONE', ( #1308 ), #2757, .T. ) ;
#1114 = DIRECTION ( 'NONE',  ( 0.0000000000000000000, -1.000000000000000000, 0.0000000000000000000 ) ) ;
#1115 = ORIENTED_EDGE ( 'NONE', *, *, #2030, .F. ) ;
#1116 = ORIENTED_EDGE ( 'NONE', *, *, #987, .T. ) ;
#1117 = UNCERTAINTY_MEASURE_WITH_UNIT (LENGTH_MEASURE( 1.000000000000000082E-05 ), #82, 'distance_accuracy_value', 'NONE');
#1118 = DIRECTION ( 'NONE',  ( 0.0000000000000000000, 0.0000000000000000000, -1.000000000000000000 ) ) ;
#1119 = ORIENTED_EDGE ( 'NONE', *, *, #3030, .F. ) ;
#1120 = LINE ( 'NONE', #1707, #2746 ) ;
#1121 = CARTESIAN_POINT ( 'NONE',  ( -1.219999999999999973, 0.2700000000000000178, 0.05000000000000000278 ) ) ;
#1122 = ORIENTED_EDGE ( 'NONE', *, *, #3222, .F. ) ;
#1123 = ORIENTED_EDGE ( 'NONE', *, *, #2232, .T. ) ;
#1124 = DIRECTION ( 'NONE',  ( -0.0000000000000000000, 1.000000000000000000, 0.0000000000000000000 ) ) ;
#1125 = EDGE_CURVE ( 'NONE', #1136, #2284, #3102, .T. ) ;
#1126 = DIRECTION ( 'NONE',  ( 0.0000000000000000000, 1.000000000000000000, 0.0000000000000000000 ) ) ;
#1127 = DIRECTION ( 'NONE',  ( 1.000000000000000000, 0.0000000000000000000, 0.0000000000000000000 ) ) ;
#1128 = ORIENTED_EDGE ( 'NONE', *, *, #1313, .F. ) ;
#1129 = EDGE_CURVE ( 'NONE', #806, #3678, #3035, .T. ) ;
#1130 = DIRECTION ( 'NONE',  ( -1.000000000000000000, 0.0000000000000000000, 0.0000000000000000000 ) ) ;
#1131 = ORIENTED_EDGE ( 'NONE', *, *, #2768, .T. ) ;
#1132 = CARTESIAN_POINT ( 'NONE',  ( 1.219999999999999973, -0.03000000000000000236, 0.05000000000000000278 ) ) ;
#1133 = VECTOR ( 'NONE', #2738, 1000.000000000000000 ) ;
#1134 = CLOSED_SHELL ( 'NONE', ( #3510, #1749, #1397, #2184, #2896, #1928, #1959, #777, #3586, #3610 ) ) ;
#1135 = SURFACE_SIDE_STYLE ('',( #46 ) ) ;
#1136 = VERTEX_POINT ( 'NONE', #468 ) ;
#1137 = AXIS2_PLACEMENT_3D ( 'NONE', #2749, #389, #2417 ) ;
#1138 = AXIS2_PLACEMENT_3D ( 'NONE', #3535, #2657, #1486 ) ;
#1139 = DIRECTION ( 'NONE',  ( -1.000000000000000000, 0.0000000000000000000, 0.0000000000000000000 ) ) ;
#1140 = AXIS2_PLACEMENT_3D ( 'NONE', #2115, #2002, #1075 ) ;
#1141 = VECTOR ( 'NONE', #2397, 1000.000000000000000 ) ;
#1142 = DIRECTION ( 'NONE',  ( 0.0000000000000000000, 0.0000000000000000000, -1.000000000000000000 ) ) ;
#1143 = ORIENTED_EDGE ( 'NONE', *, *, #3685, .T. ) ;
#1144 = EDGE_LOOP ( 'NONE', ( #3517, #799, #3715, #562 ) ) ;
#1145 = LINE ( 'NONE', #2930, #1456 ) ;
#1146 = CARTESIAN_POINT ( 'NONE',  ( 0.7800000000000000266, 0.2200000000000000011, 0.0000000000000000000 ) ) ;
#1147 = DIRECTION ( 'NONE',  ( 0.0000000000000000000, -1.000000000000000000, 0.0000000000000000000 ) ) ;
#1148 = CIRCLE ( 'NONE', #3311, 0.04999999999999991257 ) ;
#1149 = ORIENTED_EDGE ( 'NONE', *, *, #1343, .T. ) ;
#1150 = AXIS2_PLACEMENT_3D ( 'NONE', #1564, #905, #390 ) ;
#1151 = VERTEX_POINT ( 'NONE', #200 ) ;
#1152 = EDGE_CURVE ( 'NONE', #3469, #1826, #771, .T. ) ;
#1153 = AXIS2_PLACEMENT_3D ( 'NONE', #630, #2612, #2090 ) ;
#1154 = EDGE_CURVE ( 'NONE', #1565, #3116, #1085, .T. ) ;
#1155 = FACE_OUTER_BOUND ( 'NONE', #1434, .T. ) ;
#1156 = VERTEX_POINT ( 'NONE', #1952 ) ;
#1157 = CIRCLE ( 'NONE', #1835, 0.04999999999999991257 ) ;
#1158 = EDGE_CURVE ( 'NONE', #1662, #193, #793, .T. ) ;
#1159 = CARTESIAN_POINT ( 'NONE',  ( 1.500000000000000000, 1.489999999999999991, 0.05000000000000000278 ) ) ;
#1160 = ORIENTED_EDGE ( 'NONE', *, *, #1679, .T. ) ;
#1161 = LINE ( 'NONE', #1991, #2672 ) ;
#1162 = EDGE_LOOP ( 'NONE', ( #2544, #1200, #3000, #1672 ) ) ;
#1163 = DIRECTION ( 'NONE',  ( 0.0000000000000000000, 0.0000000000000000000, 1.000000000000000000 ) ) ;
#1164 = CARTESIAN_POINT ( 'NONE',  ( 0.7800000000000000266, 1.219999999999999973, 0.0000000000000000000 ) ) ;
#1165 = FACE_OUTER_BOUND ( 'NONE', #1790, .T. ) ;
#1166 = EDGE_LOOP ( 'NONE', ( #3274, #367, #2655, #1465, #63, #3520, #3697, #1272 ) ) ;
#1167 = CYLINDRICAL_SURFACE ( 'NONE', #159, 0.05000000000000002359 ) ;
#1168 = ORIENTED_EDGE ( 'NONE', *, *, #1290, .T. ) ;
#1169 = CARTESIAN_POINT ( 'NONE',  ( -1.219999999999999973, -1.270000000000000018, 0.0000000000000000000 ) ) ;
#1170 = CARTESIAN_POINT ( 'NONE',  ( 1.270000000000000018, -0.4000000000000000222, 0.0000000000000000000 ) ) ;
#1171 = ORIENTED_EDGE ( 'NONE', *, *, #2941, .F. ) ;
#1172 = CARTESIAN_POINT ( 'NONE',  ( -1.219999999999999973, -0.3499999999999999778, 0.05000000000000000278 ) ) ;
#1173 = ADVANCED_FACE ( 'NONE', ( #3649 ), #2364, .T. ) ;
#1174 = CARTESIAN_POINT ( 'NONE',  ( -0.7800000000000000266, -0.6500000000000000222, 0.05000000000000000278 ) ) ;
#1175 = EDGE_CURVE ( 'NONE', #145, #2923, #2296, .T. ) ;
#1176 = VERTEX_POINT ( 'NONE', #1188 ) ;
#1177 = DIRECTION ( 'NONE',  ( 0.0000000000000000000, 0.0000000000000000000, -1.000000000000000000 ) ) ;
#1178 = DIRECTION ( 'NONE',  ( 0.0000000000000000000, 0.0000000000000000000, 1.000000000000000000 ) ) ;
#1179 = LINE ( 'NONE', #1462, #609 ) ;
#1180 = LINE ( 'NONE', #3230, #182 ) ;
#1181 = ORIENTED_EDGE ( 'NONE', *, *, #79, .F. ) ;
#1182 = FACE_OUTER_BOUND ( 'NONE', #3190, .T. ) ;
#1183 = ORIENTED_EDGE ( 'NONE', *, *, #125, .T. ) ;
#1184 = DIRECTION ( 'NONE',  ( -1.000000000000000000, 0.0000000000000000000, 0.0000000000000000000 ) ) ;
#1185 = CARTESIAN_POINT ( 'NONE',  ( 0.7299999999999999822, 1.219999999999999973, 0.05000000000000000278 ) ) ;
#1186 = DIRECTION ( 'NONE',  ( 1.000000000000000000, 0.0000000000000000000, 0.0000000000000000000 ) ) ;
#1187 = ORIENTED_EDGE ( 'NONE', *, *, #3155, .T. ) ;
#1188 = CARTESIAN_POINT ( 'NONE',  ( 0.7299999999999999822, -0.5999999999999999778, 0.0000000000000000000 ) ) ;
#1189 = DIRECTION ( 'NONE',  ( 0.0000000000000000000, 0.0000000000000000000, -1.000000000000000000 ) ) ;
#1190 = VECTOR ( 'NONE', #203, 1000.000000000000000 ) ;
#1191 = AXIS2_PLACEMENT_3D ( 'NONE', #1898, #2510, #999 ) ;
#1192 = VECTOR ( 'NONE', #923, 1000.000000000000000 ) ;
#1193 = CARTESIAN_POINT ( 'NONE',  ( -1.300000000000000044, 0.02000000000000030226, 0.6999999999999999556 ) ) ;
#1194 = CIRCLE ( 'NONE', #2623, 0.05000000000000002359 ) ;
#1195 = ADVANCED_FACE ( 'NONE', ( #3589 ), #3485, .F. ) ;
#1196 = AXIS2_PLACEMENT_3D ( 'NONE', #2500, #1325, #458 ) ;
#1197 = EDGE_LOOP ( 'NONE', ( #1346, #1551, #2458, #2776 ) ) ;
#1198 = CYLINDRICAL_SURFACE ( 'NONE', #3161, 0.05000000000000002359 ) ;
#1199 = AXIS2_PLACEMENT_3D ( 'NONE', #2037, #1124, #3560 ) ;
#1200 = ORIENTED_EDGE ( 'NONE', *, *, #825, .F. ) ;
#1201 = DIRECTION ( 'NONE',  ( -1.000000000000000000, -2.065146995210484941E-16, 0.0000000000000000000 ) ) ;
#1202 = CARTESIAN_POINT ( 'NONE',  ( 1.500000000000000000, 1.489999999999999991, 0.05000000000000000278 ) ) ;
#1203 = CARTESIAN_POINT ( 'NONE',  ( 1.219999999999999973, 1.270000000000000018, 0.05000000000000000278 ) ) ;
#1204 = ADVANCED_FACE ( 'NONE', ( #1795 ), #810, .F. ) ;
#1205 = TOROIDAL_SURFACE ( 'NONE', #348, 0.2000000000000000111, 0.05000000000000000278 ) ;
#1206 = ORIENTED_EDGE ( 'NONE', *, *, #2598, .T. ) ;
#1207 = DIRECTION ( 'NONE',  ( -1.000000000000000000, 0.0000000000000000000, 0.0000000000000000000 ) ) ;
#1208 = CARTESIAN_POINT ( 'NONE',  ( 1.270000000000000018, 1.219999999999999973, 0.0000000000000000000 ) ) ;
#1209 = CIRCLE ( 'NONE', #3675, 0.04999999999999991257 ) ;
#1210 = CARTESIAN_POINT ( 'NONE',  ( 1.250000000000000000, 0.02000000000000074982, 0.6999999999999999556 ) ) ;
#1211 = AXIS2_PLACEMENT_3D ( 'NONE', #492, #2754, #1929 ) ;
#1212 =( NAMED_UNIT ( * ) SI_UNIT ( $, .STERADIAN. ) SOLID_ANGLE_UNIT ( ) );
#1213 = VERTEX_POINT ( 'NONE', #1530 ) ;
#1214 = DIRECTION ( 'NONE',  ( 1.000000000000000000, 0.0000000000000000000, 0.0000000000000000000 ) ) ;
#1215 = DIRECTION ( 'NONE',  ( 0.0000000000000000000, 0.0000000000000000000, 1.000000000000000000 ) ) ;
#1216 = AXIS2_PLACEMENT_3D ( 'NONE', #3646, #3171, #252 ) ;
#1217 = AXIS2_PLACEMENT_3D ( 'NONE', #1857, #986, #3046 ) ;
#1218 = CARTESIAN_POINT ( 'NONE',  ( -1.219999999999999973, 0.2700000000000000178, 0.0000000000000000000 ) ) ;
#1219 = AXIS2_PLACEMENT_3D ( 'NONE', #518, #2582, #1114 ) ;
#1220 = CARTESIAN_POINT ( 'NONE',  ( -1.219999999999999973, 0.01999999999999940020, 0.05000000000000000278 ) ) ;
#1221 = CIRCLE ( 'NONE', #3192, 0.04999999999999991257 ) ;
#1222 = SURFACE_STYLE_FILL_AREA ( #3594 ) ;
#1223 = DIRECTION ( 'NONE',  ( -0.0000000000000000000, 1.000000000000000000, 0.0000000000000000000 ) ) ;
#1224 = CYLINDRICAL_SURFACE ( 'NONE', #370, 0.01000000000000002623 ) ;
#1225 = ADVANCED_FACE ( 'NONE', ( #3186 ), #2699, .T. ) ;
#1226 = EDGE_CURVE ( 'NONE', #25, #1618, #606, .T. ) ;
#1227 = ORIENTED_EDGE ( 'NONE', *, *, #2009, .F. ) ;
#1228 = CARTESIAN_POINT ( 'NONE',  ( 0.7800000000000000266, 0.02000000000000000042, 0.05000000000000000278 ) ) ;
#1229 = DIRECTION ( 'NONE',  ( 2.032879073410324758E-16, -1.000000000000000000, 0.0000000000000000000 ) ) ;
#1230 = EDGE_CURVE ( 'NONE', #1745, #3623, #214, .T. ) ;
#1231 = DIRECTION ( 'NONE',  ( -1.000000000000000000, -4.130293990420970376E-16, 0.0000000000000000000 ) ) ;
#1232 = DIRECTION ( 'NONE',  ( 1.000000000000000000, 0.0000000000000000000, 0.0000000000000000000 ) ) ;
#1233 = DIRECTION ( 'NONE',  ( -1.000000000000000000, 0.0000000000000000000, 0.0000000000000000000 ) ) ;
#1234 = CYLINDRICAL_SURFACE ( 'NONE', #3506, 0.04999999999999999584 ) ;
#1235 = CARTESIAN_POINT ( 'NONE',  ( -1.489999999999999991, 1.489999999999999991, 0.05000000000000000278 ) ) ;
#1236 = CARTESIAN_POINT ( 'NONE',  ( 1.219999999999999973, -1.270000000000000018, 0.05000000000000000278 ) ) ;
#1237 = DIRECTION ( 'NONE',  ( 0.0000000000000000000, 0.0000000000000000000, -1.000000000000000000 ) ) ;
#1238 = LINE ( 'NONE', #932, #2644 ) ;
#1239 = EDGE_CURVE ( 'NONE', #2558, #2339, #1779, .T. ) ;
#1240 = ORIENTED_EDGE ( 'NONE', *, *, #984, .F. ) ;
#1241 = SURFACE_STYLE_USAGE ( .BOTH. , #3657 ) ;
#1242 =( NAMED_UNIT ( * ) PLANE_ANGLE_UNIT ( ) SI_UNIT ( $, .RADIAN. ) );
#1243 = ADVANCED_FACE ( 'NONE', ( #2387 ), #3574, .T. ) ;
#1244 = DIRECTION ( 'NONE',  ( 0.0000000000000000000, 0.0000000000000000000, 1.000000000000000000 ) ) ;
#1245 = ADVANCED_FACE ( 'NONE', ( #220 ), #2946, .F. ) ;
#1246 = VERTEX_POINT ( 'NONE', #68 ) ;
#1247 = FACE_OUTER_BOUND ( 'NONE', #2973, .T. ) ;
#1248 = CARTESIAN_POINT ( 'NONE',  ( -0.3250000000000000111, -1.270000000000000018, 0.0000000000000000000 ) ) ;
#1249 = VERTEX_POINT ( 'NONE', #3142 ) ;
#1250 = DIRECTION ( 'NONE',  ( 1.000000000000000000, 0.0000000000000000000, 0.0000000000000000000 ) ) ;
#1251 =( GEOMETRIC_REPRESENTATION_CONTEXT ( 3 ) GLOBAL_UNCERTAINTY_ASSIGNED_CONTEXT ( ( #766 ) ) GLOBAL_UNIT_ASSIGNED_CONTEXT ( ( #1686, #2880, #249 ) ) REPRESENTATION_CONTEXT ( 'NONE', 'WORKASPACE' ) );
#1252 = CARTESIAN_POINT ( 'NONE',  ( -0.7800000000000000266, 0.2700000000000000178, 0.0000000000000000000 ) ) ;
#1253 = PLANE ( 'NONE',  #2498 ) ;
#1254 = VECTOR ( 'NONE', #638, 1000.000000000000000 ) ;
#1255 = CARTESIAN_POINT ( 'NONE',  ( -1.050000000000000044, 1.250000000000000000, 0.6500000000000000222 ) ) ;
#1256 = SURFACE_STYLE_FILL_AREA ( #2513 ) ;
#1257 = AXIS2_PLACEMENT_3D ( 'NONE', #3054, #687, #3604 ) ;
#1258 = ORIENTED_EDGE ( 'NONE', *, *, #1152, .T. ) ;
#1259 = AXIS2_PLACEMENT_3D ( 'NONE', #995, #2166, #2766 ) ;
#1260 = VECTOR ( 'NONE', #3696, 1000.000000000000000 ) ;
#1261 = EDGE_LOOP ( 'NONE', ( #2471, #425, #1730, #3398 ) ) ;
#1262 = CARTESIAN_POINT ( 'NONE',  ( -0.7299999999999999822, 0.01999999999999940020, 0.05000000000000000278 ) ) ;
#1263 = AXIS2_PLACEMENT_3D ( 'NONE', #1922, #1035, #1362 ) ;
#1264 = DIRECTION ( 'NONE',  ( 0.0000000000000000000, 0.0000000000000000000, 1.000000000000000000 ) ) ;
#1265 = AXIS2_PLACEMENT_3D ( 'NONE', #1841, #3288, #2427 ) ;
#1266 = VERTEX_POINT ( 'NONE', #1988 ) ;
#1267 = DIRECTION ( 'NONE',  ( 0.0000000000000000000, 0.0000000000000000000, -1.000000000000000000 ) ) ;
#1268 = EDGE_CURVE ( 'NONE', #3095, #3558, #2853, .T. ) ;
#1269 = DIRECTION ( 'NONE',  ( 0.0000000000000000000, 0.0000000000000000000, 1.000000000000000000 ) ) ;
#1270 = EDGE_CURVE ( 'NONE', #2375, #3469, #2119, .T. ) ;
#1271 =( GEOMETRIC_REPRESENTATION_CONTEXT ( 3 ) GLOBAL_UNCERTAINTY_ASSIGNED_CONTEXT ( ( #2847 ) ) GLOBAL_UNIT_ASSIGNED_CONTEXT ( ( #534, #2046, #244 ) ) REPRESENTATION_CONTEXT ( 'NONE', 'WORKASPACE' ) );
#1272 = ORIENTED_EDGE ( 'NONE', *, *, #1585, .T. ) ;
#1273 = CIRCLE ( 'NONE', #299, 0.01000000000000002623 ) ;
#1274 = VERTEX_POINT ( 'NONE', #533 ) ;
#1275 = EDGE_CURVE ( 'NONE', #388, #2956, #277, .T. ) ;
#1276 = DIRECTION ( 'NONE',  ( 1.000000000000000000, 0.0000000000000000000, 0.0000000000000000000 ) ) ;
#1277 = DIRECTION ( 'NONE',  ( -1.000000000000000000, 0.0000000000000000000, 0.0000000000000000000 ) ) ;
#1278 = CARTESIAN_POINT ( 'NONE',  ( 0.7299999999999999822, 1.219999999999999973, 0.0000000000000000000 ) ) ;
#1279 = FACE_OUTER_BOUND ( 'NONE', #2635, .T. ) ;
#1280 = ORIENTED_EDGE ( 'NONE', *, *, #1003, .F. ) ;
#1281 = DIRECTION ( 'NONE',  ( -1.000000000000000000, 0.0000000000000000000, 0.0000000000000000000 ) ) ;
#1282 = ORIENTED_EDGE ( 'NONE', *, *, #2647, .F. ) ;
#1283 = CARTESIAN_POINT ( 'NONE',  ( -1.270000000000000018, 0.2200000000000000011, 0.0000000000000000000 ) ) ;
#1284 = VECTOR ( 'NONE', #2354, 1000.000000000000000 ) ;
#1285 = DIRECTION ( 'NONE',  ( 0.0000000000000000000, 0.0000000000000000000, 1.000000000000000000 ) ) ;
#1286 = FACE_OUTER_BOUND ( 'NONE', #2593, .T. ) ;
#1287 = CARTESIAN_POINT ( 'NONE',  ( 1.219999999999999973, -1.270000000000000018, 0.0000000000000000000 ) ) ;
#1288 = PRODUCT ( '3C53FD1C-8943-417C-B388-0055360E4326', '3C53FD1C-8943-417C-B388-0055360E4326', '', ( #2176 ) ) ;
#1289 = ORIENTED_EDGE ( 'NONE', *, *, #2519, .T. ) ;
#1290 = EDGE_CURVE ( 'NONE', #571, #3300, #585, .T. ) ;
#1291 = DIRECTION ( 'NONE',  ( 1.000000000000000000, 0.0000000000000000000, 0.0000000000000000000 ) ) ;
#1292 = EDGE_CURVE ( 'NONE', #3013, #509, #242, .T. ) ;
#1293 = CARTESIAN_POINT ( 'NONE',  ( -0.3750000000000000000, 1.219999999999999973, 0.05000000000000000278 ) ) ;
#1294 = EDGE_CURVE ( 'NONE', #2201, #152, #1008, .T. ) ;
#1295 = CARTESIAN_POINT ( 'NONE',  ( 0.7299999999999999822, -1.020000000000000018, 0.05000000000000000278 ) ) ;
#1296 = DIRECTION ( 'NONE',  ( 0.0000000000000000000, 0.0000000000000000000, 1.000000000000000000 ) ) ;
#1297 = DIRECTION ( 'NONE',  ( -1.000000000000000000, 0.0000000000000000000, 0.0000000000000000000 ) ) ;
#1298 = ORIENTED_EDGE ( 'NONE', *, *, #2894, .T. ) ;
#1299 = DIRECTION ( 'NONE',  ( -1.000000000000000000, 0.0000000000000000000, 0.0000000000000000000 ) ) ;
#1300 = ORIENTED_EDGE ( 'NONE', *, *, #798, .T. ) ;
#1301 = CYLINDRICAL_SURFACE ( 'NONE', #2922, 0.04999999999999991257 ) ;
#1302 = DIRECTION ( 'NONE',  ( -1.000000000000000000, 0.0000000000000000000, 0.0000000000000000000 ) ) ;
#1303 = CARTESIAN_POINT ( 'NONE',  ( -0.3250000000000000111, -1.270000000000000018, 0.05000000000000000278 ) ) ;
#1304 = ORIENTED_EDGE ( 'NONE', *, *, #2872, .F. ) ;
#1305 = CYLINDRICAL_SURFACE ( 'NONE', #1137, 0.04999999999999991257 ) ;
#1306 = ORIENTED_EDGE ( 'NONE', *, *, #2076, .F. ) ;
#1307 = DIRECTION ( 'NONE',  ( 0.0000000000000000000, 0.0000000000000000000, 1.000000000000000000 ) ) ;
#1308 = FACE_OUTER_BOUND ( 'NONE', #1845, .T. ) ;
#1309 = CARTESIAN_POINT ( 'NONE',  ( 1.219999999999999973, -0.3499999999999999778, 0.05000000000000000278 ) ) ;
#1310 = EDGE_CURVE ( 'NONE', #3559, #1018, #2239, .T. ) ;
#1311 = DIRECTION ( 'NONE',  ( 0.0000000000000000000, 0.0000000000000000000, 1.000000000000000000 ) ) ;
#1312 = COLOUR_RGB ( '',0.7686274509803920907, 0.7686274509803920907, 0.7686274509803920907 ) ;
#1313 = EDGE_CURVE ( 'NONE', #3558, #2577, #1831, .T. ) ;
#1314 = ORIENTED_EDGE ( 'NONE', *, *, #2493, .F. ) ;
#1315 = CARTESIAN_POINT ( 'NONE',  ( 1.270000000000000018, 0.2200000000000000011, 0.05000000000000000278 ) ) ;
#1316 = CIRCLE ( 'NONE', #764, 0.04999999999999991257 ) ;
#1317 = PRESENTATION_LAYER_ASSIGNMENT (  '', '', ( #3724 ) ) ;
#1318 = EDGE_LOOP ( 'NONE', ( #250, #3380, #42, #2300 ) ) ;
#1319 = LINE ( 'NONE', #2268, #1020 ) ;
#1320 = EDGE_CURVE ( 'NONE', #1572, #270, #2729, .T. ) ;
#1321 = DIRECTION ( 'NONE',  ( 0.0000000000000000000, 0.0000000000000000000, -1.000000000000000000 ) ) ;
#1322 = VECTOR ( 'NONE', #3296, 1000.000000000000000 ) ;
#1323 = CIRCLE ( 'NONE', #40, 0.1999999999999999833 ) ;
#1324 = ORIENTED_EDGE ( 'NONE', *, *, #3307, .T. ) ;
#1325 = DIRECTION ( 'NONE',  ( 0.0000000000000000000, 0.0000000000000000000, -1.000000000000000000 ) ) ;
#1326 = ORIENTED_EDGE ( 'NONE', *, *, #2419, .F. ) ;
#1327 = DIRECTION ( 'NONE',  ( 0.0000000000000000000, -1.000000000000000000, 0.0000000000000000000 ) ) ;
#1328 = AXIS2_PLACEMENT_3D ( 'NONE', #1975, #1688, #3147 ) ;
#1329 = CIRCLE ( 'NONE', #47, 0.2000000000000000944 ) ;
#1330 = DIRECTION ( 'NONE',  ( 0.0000000000000000000, 0.0000000000000000000, 1.000000000000000000 ) ) ;
#1331 = ORIENTED_EDGE ( 'NONE', *, *, #916, .F. ) ;
#1332 = LINE ( 'NONE', #791, #3557 ) ;
#1333 = VECTOR ( 'NONE', #1276, 1000.000000000000000 ) ;
#1334 = AXIS2_PLACEMENT_3D ( 'NONE', #3748, #2892, #3509 ) ;
#1335 = DIRECTION ( 'NONE',  ( 0.0000000000000000000, 1.000000000000000000, 0.0000000000000000000 ) ) ;
#1336 = LINE ( 'NONE', #1309, #3626 ) ;
#1337 = AXIS2_PLACEMENT_3D ( 'NONE', #676, #3609, #3019 ) ;
#1338 = ORIENTED_EDGE ( 'NONE', *, *, #1489, .F. ) ;
#1339 = LINE ( 'NONE', #1652, #1760 ) ;
#1340 = CIRCLE ( 'NONE', #3321, 0.05000000000000002359 ) ;
#1341 = ORIENTED_EDGE ( 'NONE', *, *, #1491, .T. ) ;
#1342 = CARTESIAN_POINT ( 'NONE',  ( -1.489999999999999991, -1.489999999999999991, 0.6999999999999999556 ) ) ;
#1343 = EDGE_CURVE ( 'NONE', #1620, #990, #3381, .T. ) ;
#1344 = FILL_AREA_STYLE_COLOUR ( '', #2328 ) ;
#1345 = AXIS2_PLACEMENT_3D ( 'NONE', #817, #1996, #3596 ) ;
#1346 = ORIENTED_EDGE ( 'NONE', *, *, #2772, .T. ) ;
#1347 = ADVANCED_FACE ( 'NONE', ( #1621 ), #1305, .T. ) ;
#1348 = LINE ( 'NONE', #2565, #1574 ) ;
#1349 = ORIENTED_EDGE ( 'NONE', *, *, #1084, .F. ) ;
#1350 = SURFACE_SIDE_STYLE ('',( #3094 ) ) ;
#1351 = CIRCLE ( 'NONE', #2944, 0.05000000000000002359 ) ;
#1352 = DIRECTION ( 'NONE',  ( -1.455304929510743932E-16, 1.000000000000000000, 0.0000000000000000000 ) ) ;
#1353 = ORIENTED_EDGE ( 'NONE', *, *, #243, .T. ) ;
#1354 = CARTESIAN_POINT ( 'NONE',  ( -0.7299999999999999822, 0.6199999999999999956, 0.0000000000000000000 ) ) ;
#1355 = CARTESIAN_POINT ( 'NONE',  ( -1.250000000000000000, -1.050000000000000044, 0.6999999999999999556 ) ) ;
#1356 = SURFACE_STYLE_USAGE ( .BOTH. , #3067 ) ;
#1357 = CARTESIAN_POINT ( 'NONE',  ( 0.7800000000000000266, -0.3499999999999999778, 0.0000000000000000000 ) ) ;
#1358 = SHAPE_DEFINITION_REPRESENTATION ( #156, #198 ) ;
#1359 = VERTEX_POINT ( 'NONE', #2784 ) ;
#1360 = CARTESIAN_POINT ( 'NONE',  ( -1.219999999999999973, -0.9700000000000000844, 0.05000000000000000278 ) ) ;
#1361 = ORIENTED_EDGE ( 'NONE', *, *, #2262, .T. ) ;
#1362 = DIRECTION ( 'NONE',  ( 0.0000000000000000000, -1.000000000000000000, 0.0000000000000000000 ) ) ;
#1363 = DIRECTION ( 'NONE',  ( 1.000000000000000000, 0.0000000000000000000, 0.0000000000000000000 ) ) ;
#1364 = CARTESIAN_POINT ( 'NONE',  ( -1.270000000000000018, -0.4000000000000000222, 0.05000000000000000278 ) ) ;
#1365 = EDGE_LOOP ( 'NONE', ( #2414, #1514, #2649, #2289 ) ) ;
#1366 = SURFACE_STYLE_USAGE ( .BOTH. , #1413 ) ;
#1367 = EDGE_LOOP ( 'NONE', ( #1487, #2836, #3792, #2048 ) ) ;
#1368 = FACE_OUTER_BOUND ( 'NONE', #2246, .T. ) ;
#1369 = EDGE_CURVE ( 'NONE', #2923, #3319, #1891, .T. ) ;
#1370 = EDGE_CURVE ( 'NONE', #2192, #696, #1076, .T. ) ;
#1371 = DIRECTION ( 'NONE',  ( 0.0000000000000000000, 0.0000000000000000000, 1.000000000000000000 ) ) ;
#1372 = ORIENTED_EDGE ( 'NONE', *, *, #3583, .F. ) ;
#1373 = CARTESIAN_POINT ( 'NONE',  ( -1.270000000000000018, 0.2200000000000000011, 0.05000000000000000278 ) ) ;
#1374 = CARTESIAN_POINT ( 'NONE',  ( 1.219999999999999973, 1.219999999999999973, 0.05000000000000000278 ) ) ;
#1375 = CARTESIAN_POINT ( 'NONE',  ( -0.3250000000000000111, -1.270000000000000018, 0.05000000000000000278 ) ) ;
#1376 = CARTESIAN_POINT ( 'NONE',  ( -1.489999999999999991, -1.489999999999999991, 0.6999999999999999556 ) ) ;
#1377 = EDGE_LOOP ( 'NONE', ( #712, #170, #3541, #384 ) ) ;
#1378 = CARTESIAN_POINT ( 'NONE',  ( -0.7800000000000000266, -0.3499999999999999778, 0.0000000000000000000 ) ) ;
#1379 = ORIENTED_EDGE ( 'NONE', *, *, #2306, .F. ) ;
#1380 = FACE_OUTER_BOUND ( 'NONE', #490, .T. ) ;
#1381 = MECHANICAL_DESIGN_GEOMETRIC_PRESENTATION_REPRESENTATION (  '', ( #3097 ), #3174 ) ;
#1382 = CARTESIAN_POINT ( 'NONE',  ( -0.3250000000000000111, 1.270000000000000018, 0.0000000000000000000 ) ) ;
#1383 = LINE ( 'NONE', #1718, #3324 ) ;
#1384 = EDGE_LOOP ( 'NONE', ( #3374, #1123, #2433, #1068 ) ) ;
#1385 = VECTOR ( 'NONE', #3404, 1000.000000000000000 ) ;
#1386 = FACE_OUTER_BOUND ( 'NONE', #445, .T. ) ;
#1387 = ORIENTED_EDGE ( 'NONE', *, *, #1930, .T. ) ;
#1388 =( LENGTH_UNIT ( ) NAMED_UNIT ( * ) SI_UNIT ( .MILLI., .METRE. ) );
#1389 = VECTOR ( 'NONE', #3417, 1000.000000000000000 ) ;
#1390 = CIRCLE ( 'NONE', #219, 0.05000000000000002359 ) ;
#1391 = UNCERTAINTY_MEASURE_WITH_UNIT (LENGTH_MEASURE( 1.000000000000000082E-05 ), #2518, 'distance_accuracy_value', 'NONE');
#1392 = CARTESIAN_POINT ( 'NONE',  ( 1.489999999999999991, -1.489999999999999991, 0.05000000000000000278 ) ) ;
#1393 = AXIS2_PLACEMENT_3D ( 'NONE', #757, #2580, #3757 ) ;
#1394 = CIRCLE ( 'NONE', #2796, 0.2000000000000000944 ) ;
#1395 = VERTEX_POINT ( 'NONE', #153 ) ;
#1396 = DIRECTION ( 'NONE',  ( 0.0000000000000000000, 1.000000000000000000, 0.0000000000000000000 ) ) ;
#1397 = ADVANCED_FACE ( 'NONE', ( #1247 ), #675, .T. ) ;
#1398 = CIRCLE ( 'NONE', #833, 0.05000000000000002359 ) ;
#1399 = ADVANCED_FACE ( 'NONE', ( #84 ), #101, .F. ) ;
#1400 = CARTESIAN_POINT ( 'NONE',  ( 1.219999999999999973, -0.3499999999999999778, 0.05000000000000000278 ) ) ;
#1401 = LINE ( 'NONE', #141, #469 ) ;
#1402 = EDGE_CURVE ( 'NONE', #3479, #826, #3645, .T. ) ;
#1403 = STYLED_ITEM ( 'NONE', ( #1725 ), #2711 ) ;
#1404 = ORIENTED_EDGE ( 'NONE', *, *, #3077, .T. ) ;
#1405 = CARTESIAN_POINT ( 'NONE',  ( -1.219999999999999973, -1.270000000000000018, 0.05000000000000000278 ) ) ;
#1406 = ORIENTED_EDGE ( 'NONE', *, *, #3328, .F. ) ;
#1407 = SURFACE_SIDE_STYLE ('',( #228 ) ) ;
#1408 = AXIS2_PLACEMENT_3D ( 'NONE', #3160, #2606, #2316 ) ;
#1409 = FACE_OUTER_BOUND ( 'NONE', #1437, .T. ) ;
#1410 = DIRECTION ( 'NONE',  ( -1.807003620809174878E-16, 1.000000000000000000, 0.0000000000000000000 ) ) ;
#1411 = ORIENTED_EDGE ( 'NONE', *, *, #2846, .T. ) ;
#1412 = AXIS2_PLACEMENT_3D ( 'NONE', #3758, #2269, #816 ) ;
#1413 = SURFACE_SIDE_STYLE ('',( #2865 ) ) ;
#1414 = ORIENTED_EDGE ( 'NONE', *, *, #98, .T. ) ;
#1415 = LINE ( 'NONE', #1983, #1389 ) ;
#1416 = AXIS2_PLACEMENT_3D ( 'NONE', #3278, #3015, #44 ) ;
#1417 = DIRECTION ( 'NONE',  ( 1.000000000000000000, 0.0000000000000000000, 0.0000000000000000000 ) ) ;
#1418 = VECTOR ( 'NONE', #859, 1000.000000000000000 ) ;
#1419 = EDGE_LOOP ( 'NONE', ( #1849, #3719, #231, #2344 ) ) ;
#1420 = LINE ( 'NONE', #3466, #353 ) ;
#1421 = VECTOR ( 'NONE', #1541, 1000.000000000000000 ) ;
#1422 = ADVANCED_FACE ( 'NONE', ( #3018 ), #1563, .T. ) ;
#1423 = DIRECTION ( 'NONE',  ( 1.000000000000000000, 4.928191693115929783E-16, 0.0000000000000000000 ) ) ;
#1424 = CYLINDRICAL_SURFACE ( 'NONE', #474, 0.05000000000000002359 ) ;
#1425 = ADVANCED_FACE ( 'NONE', ( #3340 ), #689, .T. ) ;
#1426 = ORIENTED_EDGE ( 'NONE', *, *, #3768, .T. ) ;
#1427 = ADVANCED_FACE ( 'NONE', ( #1286 ), #3662, .F. ) ;
#1428 = CARTESIAN_POINT ( 'NONE',  ( -0.7800000000000000266, 0.6199999999999999956, 0.05000000000000000278 ) ) ;
#1429 = VERTEX_POINT ( 'NONE', #136 ) ;
#1430 = CARTESIAN_POINT ( 'NONE',  ( 1.219999999999999973, -0.3499999999999999778, 0.0000000000000000000 ) ) ;
#1431 = CARTESIAN_POINT ( 'NONE',  ( 1.219999999999999973, -1.270000000000000018, 0.05000000000000000278 ) ) ;
#1432 = PLANE ( 'NONE',  #955 ) ;
#1433 = ORIENTED_EDGE ( 'NONE', *, *, #79, .T. ) ;
#1434 = EDGE_LOOP ( 'NONE', ( #381, #263, #1927, #580 ) ) ;
#1435 = CARTESIAN_POINT ( 'NONE',  ( 1.219999999999999973, -0.6500000000000000222, 0.0000000000000000000 ) ) ;
#1436 = FACE_OUTER_BOUND ( 'NONE', #3037, .T. ) ;
#1437 = EDGE_LOOP ( 'NONE', ( #1990, #2631, #2844, #3536 ) ) ;
#1438 = ADVANCED_FACE ( 'NONE', ( #729 ), #1910, .F. ) ;
#1439 = ORIENTED_EDGE ( 'NONE', *, *, #1152, .F. ) ;
#1440 = CARTESIAN_POINT ( 'NONE',  ( 0.7299999999999999822, 0.02000000000000000042, 0.05000000000000000278 ) ) ;
#1441 =( NAMED_UNIT ( * ) PLANE_ANGLE_UNIT ( ) SI_UNIT ( $, .RADIAN. ) );
#1442 = CARTESIAN_POINT ( 'NONE',  ( -1.219999999999999973, -0.6500000000000000222, 0.0000000000000000000 ) ) ;
#1443 = ADVANCED_FACE ( 'NONE', ( #2503 ), #940, .F. ) ;
#1444 = ORIENTED_EDGE ( 'NONE', *, *, #551, .F. ) ;
#1445 = CARTESIAN_POINT ( 'NONE',  ( 0.7299999999999999822, 0.2200000000000000011, 0.0000000000000000000 ) ) ;
#1446 = ADVANCED_FACE ( 'NONE', ( #2586 ), #1678, .F. ) ;
#1447 = ORIENTED_EDGE ( 'NONE', *, *, #431, .T. ) ;
#1448 = CARTESIAN_POINT ( 'NONE',  ( -1.219999999999999973, 0.2700000000000000178, 0.05000000000000000278 ) ) ;
#1449 = CARTESIAN_POINT ( 'NONE',  ( -1.219999999999999973, -0.03000000000000050196, 0.0000000000000000000 ) ) ;
#1450 = VERTEX_POINT ( 'NONE', #2227 ) ;
#1451 = AXIS2_PLACEMENT_3D ( 'NONE', #3301, #3606, #962 ) ;
#1452 = AXIS2_PLACEMENT_3D ( 'NONE', #3482, #547, #1352 ) ;
#1453 = VECTOR ( 'NONE', #863, 1000.000000000000000 ) ;
#1454 = AXIS2_PLACEMENT_3D ( 'NONE', #147, #1936, #436 ) ;
#1455 = DIRECTION ( 'NONE',  ( 0.0000000000000000000, 0.0000000000000000000, -1.000000000000000000 ) ) ;
#1456 = VECTOR ( 'NONE', #591, 1000.000000000000000 ) ;
#1457 = ORIENTED_EDGE ( 'NONE', *, *, #1129, .F. ) ;
#1458 = COLOUR_RGB ( '',0.7686274509803920907, 0.7686274509803920907, 0.7686274509803920907 ) ;
#1459 = DIRECTION ( 'NONE',  ( 0.0000000000000000000, 0.0000000000000000000, -1.000000000000000000 ) ) ;
#1460 = ORIENTED_EDGE ( 'NONE', *, *, #2212, .F. ) ;
#1461 = CARTESIAN_POINT ( 'NONE',  ( -1.219999999999999973, -1.219999999999999973, 0.05000000000000000278 ) ) ;
#1462 = CARTESIAN_POINT ( 'NONE',  ( -0.3250000000000000111, 1.270000000000000018, 0.05000000000000000278 ) ) ;
#1463 = DIRECTION ( 'NONE',  ( -1.000000000000000000, 0.0000000000000000000, 0.0000000000000000000 ) ) ;
#1464 = VECTOR ( 'NONE', #1566, 1000.000000000000000 ) ;
#1465 = ORIENTED_EDGE ( 'NONE', *, *, #3755, .T. ) ;
#1466 = EDGE_CURVE ( 'NONE', #499, #1687, #1415, .T. ) ;
#1467 = CARTESIAN_POINT ( 'NONE',  ( 1.219999999999999973, 0.2700000000000000178, 0.05000000000000000278 ) ) ;
#1468 = CIRCLE ( 'NONE', #1954, 0.05000000000000002359 ) ;
#1469 = ADVANCED_FACE ( 'NONE', ( #3480 ), #3717, .T. ) ;
#1470 = PRODUCT_DEFINITION_CONTEXT ( 'detailed design', #3064, 'design' ) ;
#1471 = SURFACE_STYLE_USAGE ( .BOTH. , #847 ) ;
#1472 = EDGE_CURVE ( 'NONE', #3400, #2272, #2845, .T. ) ;
#1473 = ORIENTED_EDGE ( 'NONE', *, *, #3334, .T. ) ;
#1474 = AXIS2_PLACEMENT_3D ( 'NONE', #3143, #1684, #2852 ) ;
#1475 = DIRECTION ( 'NONE',  ( 0.0000000000000000000, 0.0000000000000000000, -1.000000000000000000 ) ) ;
#1476 = PRESENTATION_LAYER_ASSIGNMENT (  '', '', ( #975 ) ) ;
#1477 = EDGE_LOOP ( 'NONE', ( #2001, #2759, #272, #899 ) ) ;
#1478 = DIRECTION ( 'NONE',  ( -1.000000000000000000, 0.0000000000000000000, 0.0000000000000000000 ) ) ;
#1479 = LINE ( 'NONE', #1496, #2010 ) ;
#1480 = DIRECTION ( 'NONE',  ( 0.0000000000000000000, 0.0000000000000000000, -1.000000000000000000 ) ) ;
#1481 = ORIENTED_EDGE ( 'NONE', *, *, #3185, .F. ) ;
#1482 = LINE ( 'NONE', #2936, #1819 ) ;
#1483 = ORIENTED_EDGE ( 'NONE', *, *, #1862, .T. ) ;
#1484 = LINE ( 'NONE', #2327, #3167 ) ;
#1485 = LINE ( 'NONE', #96, #2385 ) ;
#1486 = DIRECTION ( 'NONE',  ( -1.000000000000000000, 0.0000000000000000000, 0.0000000000000000000 ) ) ;
#1487 = ORIENTED_EDGE ( 'NONE', *, *, #1268, .T. ) ;
#1488 = DIRECTION ( 'NONE',  ( 0.0000000000000000000, 0.0000000000000000000, 1.000000000000000000 ) ) ;
#1489 = EDGE_CURVE ( 'NONE', #2334, #2908, #2275, .T. ) ;
#1490 = DIRECTION ( 'NONE',  ( 1.000000000000000000, 0.0000000000000000000, 0.0000000000000000000 ) ) ;
#1491 = EDGE_CURVE ( 'NONE', #391, #3319, #2211, .T. ) ;
#1492 = DIRECTION ( 'NONE',  ( -1.000000000000000000, 0.0000000000000000000, 0.0000000000000000000 ) ) ;
#1493 = ORIENTED_EDGE ( 'NONE', *, *, #2661, .F. ) ;
#1494 = DIRECTION ( 'NONE',  ( -1.000000000000000000, 0.0000000000000000000, 0.0000000000000000000 ) ) ;
#1495 = EDGE_LOOP ( 'NONE', ( #3377, #2252, #2748, #1632, #1481, #137, #2858, #321 ) ) ;
#1496 = CARTESIAN_POINT ( 'NONE',  ( -1.050000000000000044, 0.2700000000000000178, 0.6999999999999999556 ) ) ;
#1497 = CARTESIAN_POINT ( 'NONE',  ( 0.7800000000000000266, -0.9700000000000000844, 0.05000000000000000278 ) ) ;
#1498 = LINE ( 'NONE', #286, #493 ) ;
#1499 = VERTEX_POINT ( 'NONE', #3743 ) ;
#1500 = CARTESIAN_POINT ( 'NONE',  ( 0.7800000000000000266, -0.5999999999999999778, 0.05000000000000000278 ) ) ;
#1501 = ORIENTED_EDGE ( 'NONE', *, *, #548, .T. ) ;
#1502 = CARTESIAN_POINT ( 'NONE',  ( -1.219999999999999973, 0.5699999999999999512, 0.05000000000000000278 ) ) ;
#1503 = FILL_AREA_STYLE ('',( #3569 ) ) ;
#1504 = DIRECTION ( 'NONE',  ( 1.000000000000000000, 0.0000000000000000000, 0.0000000000000000000 ) ) ;
#1505 = ORIENTED_EDGE ( 'NONE', *, *, #2988, .F. ) ;
#1506 = DIRECTION ( 'NONE',  ( 0.0000000000000000000, 0.0000000000000000000, -1.000000000000000000 ) ) ;
#1507 = CARTESIAN_POINT ( 'NONE',  ( 1.500000000000000000, -1.489999999999999991, 0.05000000000000000278 ) ) ;
#1508 = COLOUR_RGB ( '',1.000000000000000000, 0.9372549019607843146, 0.1372549019607843257 ) ;
#1509 = ADVANCED_FACE ( 'NONE', ( #1641 ), #2866, .T. ) ;
#1510 = CARTESIAN_POINT ( 'NONE',  ( 1.050000000000000044, 0.2200000000000000011, 0.6999999999999999556 ) ) ;
#1511 = CIRCLE ( 'NONE', #3491, 0.05000000000000002359 ) ;
#1512 = MECHANICAL_DESIGN_GEOMETRIC_PRESENTATION_REPRESENTATION (  '', ( #1700 ), #3303 ) ;
#1513 = ADVANCED_FACE ( 'NONE', ( #1368 ), #3464, .F. ) ;
#1514 = ORIENTED_EDGE ( 'NONE', *, *, #1064, .F. ) ;
#1515 = CARTESIAN_POINT ( 'NONE',  ( 0.7800000000000000266, 1.270000000000000018, 0.05000000000000000278 ) ) ;
#1516 = EDGE_CURVE ( 'NONE', #839, #1618, #2828, .T. ) ;
#1517 = CIRCLE ( 'NONE', #2368, 0.04999999999999991257 ) ;
#1518 = PRESENTATION_LAYER_ASSIGNMENT (  '', '', ( #2911 ) ) ;
#1519 = FACE_OUTER_BOUND ( 'NONE', #1944, .T. ) ;
#1520 = DIRECTION ( 'NONE',  ( 0.0000000000000000000, 0.0000000000000000000, 1.000000000000000000 ) ) ;
#1521 = PLANE ( 'NONE',  #179 ) ;
#1522 = MECHANICAL_DESIGN_GEOMETRIC_PRESENTATION_REPRESENTATION (  '', ( #3113 ), #409 ) ;
#1523 = VERTEX_POINT ( 'NONE', #1965 ) ;
#1524 = DIRECTION ( 'NONE',  ( -1.000000000000000000, 0.0000000000000000000, 0.0000000000000000000 ) ) ;
#1525 = ORIENTED_EDGE ( 'NONE', *, *, #551, .T. ) ;
#1526 = CARTESIAN_POINT ( 'NONE',  ( 1.219999999999999973, 0.2700000000000000178, 0.05000000000000000278 ) ) ;
#1527 = VECTOR ( 'NONE', #610, 1000.000000000000000 ) ;
#1528 = VECTOR ( 'NONE', #851, 1000.000000000000000 ) ;
#1529 = EDGE_LOOP ( 'NONE', ( #3493, #2854, #2421, #627 ) ) ;
#1530 = CARTESIAN_POINT ( 'NONE',  ( -1.500000000000000000, 1.489999999999999991, 0.05000000000000000278 ) ) ;
#1531 = CARTESIAN_POINT ( 'NONE',  ( -1.300000000000000044, 1.050000000000000044, 0.6999999999999999556 ) ) ;
#1532 = AXIS2_PLACEMENT_3D ( 'NONE', #1146, #1520, #912 ) ;
#1533 = VECTOR ( 'NONE', #754, 1000.000000000000000 ) ;
#1534 = LINE ( 'NONE', #2370, #2867 ) ;
#1535 = EDGE_CURVE ( 'NONE', #1213, #3107, #506, .T. ) ;
#1536 = CARTESIAN_POINT ( 'NONE',  ( 1.219999999999999973, 0.02000000000000000042, 0.05000000000000000278 ) ) ;
#1537 = COLOUR_RGB ( '',0.7686274509803920907, 0.7686274509803920907, 0.7686274509803920907 ) ;
#1538 = LINE ( 'NONE', #1278, #226 ) ;
#1539 = DIRECTION ( 'NONE',  ( -1.000000000000000000, 0.0000000000000000000, 0.0000000000000000000 ) ) ;
#1540 = EDGE_CURVE ( 'NONE', #2716, #1565, #1698, .T. ) ;
#1541 = DIRECTION ( 'NONE',  ( 0.0000000000000000000, -1.000000000000000000, 0.0000000000000000000 ) ) ;
#1542 = ORIENTED_EDGE ( 'NONE', *, *, #3285, .T. ) ;
#1543 = DIRECTION ( 'NONE',  ( 1.000000000000000000, 0.0000000000000000000, 0.0000000000000000000 ) ) ;
#1544 = CARTESIAN_POINT ( 'NONE',  ( 1.219999999999999973, -0.9700000000000000844, 0.0000000000000000000 ) ) ;
#1545 = CARTESIAN_POINT ( 'NONE',  ( 1.270000000000000018, 1.219999999999999973, 0.05000000000000000278 ) ) ;
#1546 = ORIENTED_EDGE ( 'NONE', *, *, #1585, .F. ) ;
#1547 = DIRECTION ( 'NONE',  ( -0.0000000000000000000, 1.000000000000000000, 0.0000000000000000000 ) ) ;
#1548 = ORIENTED_EDGE ( 'NONE', *, *, #3725, .T. ) ;
#1549 = DIRECTION ( 'NONE',  ( 0.0000000000000000000, 0.0000000000000000000, -1.000000000000000000 ) ) ;
#1550 = CARTESIAN_POINT ( 'NONE',  ( -1.489999999999999991, -1.500000000000000000, 0.6999999999999999556 ) ) ;
#1551 = ORIENTED_EDGE ( 'NONE', *, *, #3567, .F. ) ;
#1552 = LINE ( 'NONE', #693, #1333 ) ;
#1553 = CARTESIAN_POINT ( 'NONE',  ( -0.7800000000000000266, 0.5699999999999999512, 0.05000000000000000278 ) ) ;
#1554 = DIRECTION ( 'NONE',  ( 1.000000000000000000, 0.0000000000000000000, 0.0000000000000000000 ) ) ;
#1555 = CARTESIAN_POINT ( 'NONE',  ( -0.7299999999999999822, -0.4000000000000000222, 0.0000000000000000000 ) ) ;
#1556 = ORIENTED_EDGE ( 'NONE', *, *, #2647, .T. ) ;
#1557 = CARTESIAN_POINT ( 'NONE',  ( -0.3250000000000000111, 1.270000000000000018, 0.05000000000000000278 ) ) ;
#1558 = ORIENTED_EDGE ( 'NONE', *, *, #1611, .T. ) ;
#1559 = EDGE_CURVE ( 'NONE', #3020, #3789, #1484, .T. ) ;
#1560 = EDGE_CURVE ( 'NONE', #444, #1666, #3428, .T. ) ;
#1561 = DIRECTION ( 'NONE',  ( 0.0000000000000000000, 0.0000000000000000000, -1.000000000000000000 ) ) ;
#1562 = EDGE_LOOP ( 'NONE', ( #2461, #2226, #2410, #1968 ) ) ;
#1563 = CYLINDRICAL_SURFACE ( 'NONE', #588, 0.05000000000000002359 ) ;
#1564 = CARTESIAN_POINT ( 'NONE',  ( 0.7800000000000000266, 0.6199999999999999956, 0.05000000000000000278 ) ) ;
#1565 = VERTEX_POINT ( 'NONE', #3534 ) ;
#1566 = DIRECTION ( 'NONE',  ( 0.0000000000000000000, 0.0000000000000000000, -1.000000000000000000 ) ) ;
#1567 = AXIS2_PLACEMENT_3D ( 'NONE', #716, #1065, #3692 ) ;
#1568 = LINE ( 'NONE', #54, #1133 ) ;
#1569 = DIRECTION ( 'NONE',  ( 1.000000000000000000, 0.0000000000000000000, 0.0000000000000000000 ) ) ;
#1570 = DIRECTION ( 'NONE',  ( 0.0000000000000000000, 0.0000000000000000000, 1.000000000000000000 ) ) ;
#1571 = CIRCLE ( 'NONE', #528, 0.1999999999999999833 ) ;
#1572 = VERTEX_POINT ( 'NONE', #2939 ) ;
#1573 = AXIS2_PLACEMENT_3D ( 'NONE', #1526, #2434, #2147 ) ;
#1574 = VECTOR ( 'NONE', #2290, 1000.000000000000000 ) ;
#1575 = CARTESIAN_POINT ( 'NONE',  ( 1.219999999999999973, 0.2200000000000000011, 0.05000000000000000278 ) ) ;
#1576 = ORIENTED_EDGE ( 'NONE', *, *, #2829, .T. ) ;
#1577 = FACE_OUTER_BOUND ( 'NONE', #3528, .T. ) ;
#1578 = LINE ( 'NONE', #724, #1903 ) ;
#1579 = ORIENTED_EDGE ( 'NONE', *, *, #2755, .T. ) ;
#1580 = EDGE_CURVE ( 'NONE', #391, #3734, #531, .T. ) ;
#1581 = CIRCLE ( 'NONE', #960, 0.05000000000000002359 ) ;
#1582 = ORIENTED_EDGE ( 'NONE', *, *, #3059, .F. ) ;
#1583 = CARTESIAN_POINT ( 'NONE',  ( 1.219999999999999973, 0.2700000000000000178, 0.05000000000000000278 ) ) ;
#1584 = DIRECTION ( 'NONE',  ( -1.000000000000000000, 0.0000000000000000000, 0.0000000000000000000 ) ) ;
#1585 = EDGE_CURVE ( 'NONE', #1655, #2063, #1737, .T. ) ;
#1586 = EDGE_CURVE ( 'NONE', #2349, #2607, #3261, .T. ) ;
#1587 = ORIENTED_EDGE ( 'NONE', *, *, #1540, .F. ) ;
#1588 = VECTOR ( 'NONE', #639, 1000.000000000000000 ) ;
#1589 = CARTESIAN_POINT ( 'NONE',  ( -1.219999999999999973, -1.270000000000000018, 0.0000000000000000000 ) ) ;
#1590 = AXIS2_PLACEMENT_3D ( 'NONE', #1164, #3530, #875 ) ;
#1591 = DIRECTION ( 'NONE',  ( 0.0000000000000000000, 1.000000000000000000, 0.0000000000000000000 ) ) ;
#1592 = CARTESIAN_POINT ( 'NONE',  ( -1.219999999999999973, -0.9700000000000000844, 0.0000000000000000000 ) ) ;
#1593 = AXIS2_PLACEMENT_3D ( 'NONE', #416, #2720, #2144 ) ;
#1594 = CARTESIAN_POINT ( 'NONE',  ( -0.3250000000000000111, -1.270000000000000018, 0.05000000000000000278 ) ) ;
#1595 = DIRECTION ( 'NONE',  ( -1.000000000000000000, 0.0000000000000000000, 0.0000000000000000000 ) ) ;
#1596 = ORIENTED_EDGE ( 'NONE', *, *, #1239, .T. ) ;
#1597 =( GEOMETRIC_REPRESENTATION_CONTEXT ( 3 ) GLOBAL_UNCERTAINTY_ASSIGNED_CONTEXT ( ( #3442 ) ) GLOBAL_UNIT_ASSIGNED_CONTEXT ( ( #65, #1242, #673 ) ) REPRESENTATION_CONTEXT ( 'NONE', 'WORKASPACE' ) );
#1598 = CARTESIAN_POINT ( 'NONE',  ( -1.219999999999999973, 0.6199999999999999956, 0.0000000000000000000 ) ) ;
#1599 = ORIENTED_EDGE ( 'NONE', *, *, #2983, .T. ) ;
#1600 = DIRECTION ( 'NONE',  ( -1.000000000000000000, 0.0000000000000000000, 0.0000000000000000000 ) ) ;
#1601 = CARTESIAN_POINT ( 'NONE',  ( 1.219999999999999973, -0.3499999999999999778, 0.05000000000000000278 ) ) ;
#1602 = AXIS2_PLACEMENT_3D ( 'NONE', #1002, #1311, #2488 ) ;
#1603 = CARTESIAN_POINT ( 'NONE',  ( 1.219999999999999973, -0.9700000000000000844, 0.05000000000000000278 ) ) ;
#1604 = VERTEX_POINT ( 'NONE', #565 ) ;
#1605 = DIRECTION ( 'NONE',  ( 0.0000000000000000000, 0.0000000000000000000, -1.000000000000000000 ) ) ;
#1606 = EDGE_CURVE ( 'NONE', #3734, #818, #879, .T. ) ;
#1607 = EDGE_LOOP ( 'NONE', ( #1240, #2057, #762, #1306, #207, #2526, #1622, #3584 ) ) ;
#1608 = EDGE_CURVE ( 'NONE', #672, #767, #2905, .T. ) ;
#1609 = DIRECTION ( 'NONE',  ( 0.0000000000000000000, 0.0000000000000000000, -1.000000000000000000 ) ) ;
#1610 = EDGE_CURVE ( 'NONE', #812, #3581, #327, .T. ) ;
#1611 = EDGE_CURVE ( 'NONE', #1784, #3548, #2957, .T. ) ;
#1612 = CARTESIAN_POINT ( 'NONE',  ( 1.300000000000000044, -1.050000000000000044, 0.6999999999999999556 ) ) ;
#1613 = CARTESIAN_POINT ( 'NONE',  ( -0.7299999999999999822, -0.4000000000000000222, 0.05000000000000000278 ) ) ;
#1614 = CARTESIAN_POINT ( 'NONE',  ( -1.050000000000000044, 0.02000000000000025369, 0.6999999999999999556 ) ) ;
#1615 = ORIENTED_EDGE ( 'NONE', *, *, #1270, .T. ) ;
#1616 = DIRECTION ( 'NONE',  ( -1.000000000000000000, 0.0000000000000000000, 0.0000000000000000000 ) ) ;
#1617 = FILL_AREA_STYLE_COLOUR ( '', #1961 ) ;
#1618 = VERTEX_POINT ( 'NONE', #2674 ) ;
#1619 = DIRECTION ( 'NONE',  ( 0.0000000000000000000, -1.000000000000000000, 0.0000000000000000000 ) ) ;
#1620 = VERTEX_POINT ( 'NONE', #1467 ) ;
#1621 = FACE_OUTER_BOUND ( 'NONE', #1830, .T. ) ;
#1622 = ORIENTED_EDGE ( 'NONE', *, *, #732, .F. ) ;
#1623 = ORIENTED_EDGE ( 'NONE', *, *, #3567, .T. ) ;
#1624 = DIRECTION ( 'NONE',  ( 0.0000000000000000000, 0.0000000000000000000, 1.000000000000000000 ) ) ;
#1625 = ADVANCED_FACE ( 'NONE', ( #2603 ), #600, .T. ) ;
#1626 = DIRECTION ( 'NONE',  ( 0.0000000000000000000, 0.0000000000000000000, 1.000000000000000000 ) ) ;
#1627 =( NAMED_UNIT ( * ) SI_UNIT ( $, .STERADIAN. ) SOLID_ANGLE_UNIT ( ) );
#1628 = DIRECTION ( 'NONE',  ( 0.0000000000000000000, 0.0000000000000000000, 1.000000000000000000 ) ) ;
#1629 = CARTESIAN_POINT ( 'NONE',  ( -1.219999999999999973, -0.4000000000000000222, 0.05000000000000000278 ) ) ;
#1630 = EDGE_CURVE ( 'NONE', #3026, #2558, #43, .T. ) ;
#1631 = CLOSED_SHELL ( 'NONE', ( #621, #726, #3205, #681, #2797, #2893, #1225, #3134, #3633, #2142 ) ) ;
#1632 = ORIENTED_EDGE ( 'NONE', *, *, #1930, .F. ) ;
#1633 = EDGE_CURVE ( 'NONE', #2478, #2533, #12, .T. ) ;
#1634 = FILL_AREA_STYLE_COLOUR ( '', #3029 ) ;
#1635 = AXIS2_PLACEMENT_3D ( 'NONE', #2678, #2850, #48 ) ;
#1636 = ORIENTED_EDGE ( 'NONE', *, *, #3328, .T. ) ;
#1637 = AXIS2_PLACEMENT_3D ( 'NONE', #1557, #934, #3292 ) ;
#1638 = EDGE_LOOP ( 'NONE', ( #255, #2761, #1227, #704 ) ) ;
#1639 = DIRECTION ( 'NONE',  ( 0.0000000000000000000, 0.0000000000000000000, -1.000000000000000000 ) ) ;
#1640 = VERTEX_POINT ( 'NONE', #1208 ) ;
#1641 = FACE_OUTER_BOUND ( 'NONE', #131, .T. ) ;
#1642 =( GEOMETRIC_REPRESENTATION_CONTEXT ( 3 ) GLOBAL_UNCERTAINTY_ASSIGNED_CONTEXT ( ( #2542 ) ) GLOBAL_UNIT_ASSIGNED_CONTEXT ( ( #385, #723, #2723 ) ) REPRESENTATION_CONTEXT ( 'NONE', 'WORKASPACE' ) );
#1643 = DIRECTION ( 'NONE',  ( 0.0000000000000000000, 0.0000000000000000000, -1.000000000000000000 ) ) ;
#1644 = EDGE_LOOP ( 'NONE', ( #787, #3463, #1493, #1935 ) ) ;
#1645 = CYLINDRICAL_SURFACE ( 'NONE', #1211, 0.05000000000000002359 ) ;
#1646 = VECTOR ( 'NONE', #3554, 1000.000000000000000 ) ;
#1647 = DIRECTION ( 'NONE',  ( 0.0000000000000000000, 0.0000000000000000000, -1.000000000000000000 ) ) ;
#1648 = FACE_OUTER_BOUND ( 'NONE', #661, .T. ) ;
#1649 = CARTESIAN_POINT ( 'NONE',  ( -1.270000000000000018, -1.219999999999999973, 0.05000000000000000278 ) ) ;
#1650 = AXIS2_PLACEMENT_3D ( 'NONE', #614, #2377, #1786 ) ;
#1651 = ORIENTED_EDGE ( 'NONE', *, *, #1811, .T. ) ;
#1652 = CARTESIAN_POINT ( 'NONE',  ( 0.7800000000000000266, -0.03000000000000000236, 0.05000000000000000278 ) ) ;
#1653 = CIRCLE ( 'NONE', #725, 0.04999999999999991257 ) ;
#1654 = EDGE_CURVE ( 'NONE', #124, #2584, #2639, .T. ) ;
#1655 = VERTEX_POINT ( 'NONE', #919 ) ;
#1656 = FACE_OUTER_BOUND ( 'NONE', #100, .T. ) ;
#1657 = FACE_OUTER_BOUND ( 'NONE', #1197, .T. ) ;
#1658 = EDGE_CURVE ( 'NONE', #873, #1136, #1511, .T. ) ;
#1659 = VECTOR ( 'NONE', #1147, 1000.000000000000000 ) ;
#1660 = ORIENTED_EDGE ( 'NONE', *, *, #2213, .T. ) ;
#1661 = DIRECTION ( 'NONE',  ( 1.000000000000000000, 0.0000000000000000000, 0.0000000000000000000 ) ) ;
#1662 = VERTEX_POINT ( 'NONE', #1806 ) ;
#1663 = DIRECTION ( 'NONE',  ( 1.000000000000000000, 0.0000000000000000000, 0.0000000000000000000 ) ) ;
#1664 = AXIS2_PLACEMENT_3D ( 'NONE', #2378, #2689, #59 ) ;
#1665 = CYLINDRICAL_SURFACE ( 'NONE', #1692, 0.04999999999999991257 ) ;
#1666 = VERTEX_POINT ( 'NONE', #2918 ) ;
#1667 = LINE ( 'NONE', #1969, #2690 ) ;
#1668 = CARTESIAN_POINT ( 'NONE',  ( 1.489999999999999991, 1.500000000000000000, 0.6999999999999999556 ) ) ;
#1669 = DIRECTION ( 'NONE',  ( 0.0000000000000000000, 0.0000000000000000000, 1.000000000000000000 ) ) ;
#1670 = ORIENTED_EDGE ( 'NONE', *, *, #3052, .F. ) ;
#1671 = DIRECTION ( 'NONE',  ( -1.000000000000000000, 0.0000000000000000000, 0.0000000000000000000 ) ) ;
#1672 = ORIENTED_EDGE ( 'NONE', *, *, #2415, .T. ) ;
#1673 = CARTESIAN_POINT ( 'NONE',  ( -0.7299999999999999822, -0.4000000000000000222, 0.0000000000000000000 ) ) ;
#1674 = SURFACE_STYLE_USAGE ( .BOTH. , #2535 ) ;
#1675 = ORIENTED_EDGE ( 'NONE', *, *, #105, .T. ) ;
#1676 = DIRECTION ( 'NONE',  ( 0.0000000000000000000, 0.0000000000000000000, 1.000000000000000000 ) ) ;
#1677 = VERTEX_POINT ( 'NONE', #292 ) ;
#1678 = CYLINDRICAL_SURFACE ( 'NONE', #3545, 0.05000000000000002359 ) ;
#1679 = EDGE_CURVE ( 'NONE', #696, #152, #1759, .T. ) ;
#1680 = DIRECTION ( 'NONE',  ( 1.000000000000000000, 0.0000000000000000000, 0.0000000000000000000 ) ) ;
#1681 = VERTEX_POINT ( 'NONE', #345 ) ;
#1682 = CARTESIAN_POINT ( 'NONE',  ( 0.7299999999999999822, 0.02000000000000000042, 0.05000000000000000278 ) ) ;
#1683 = DIRECTION ( 'NONE',  ( 0.0000000000000000000, 1.000000000000000000, 0.0000000000000000000 ) ) ;
#1684 = DIRECTION ( 'NONE',  ( -1.000000000000000000, 0.0000000000000000000, 0.0000000000000000000 ) ) ;
#1685 = ORIENTED_EDGE ( 'NONE', *, *, #2348, .F. ) ;
#1686 =( LENGTH_UNIT ( ) NAMED_UNIT ( * ) SI_UNIT ( .MILLI., .METRE. ) );
#1687 = VERTEX_POINT ( 'NONE', #2996 ) ;
#1688 = DIRECTION ( 'NONE',  ( -4.928191693115929783E-16, 1.000000000000000000, 0.0000000000000000000 ) ) ;
#1689 = CIRCLE ( 'NONE', #31, 0.05000000000000002359 ) ;
#1690 = DIRECTION ( 'NONE',  ( -1.000000000000000000, 0.0000000000000000000, 0.0000000000000000000 ) ) ;
#1691 = FACE_OUTER_BOUND ( 'NONE', #2523, .T. ) ;
#1692 = AXIS2_PLACEMENT_3D ( 'NONE', #3745, #2869, #1079 ) ;
#1693 = ORIENTED_EDGE ( 'NONE', *, *, #1727, .T. ) ;
#1694 = VECTOR ( 'NONE', #624, 1000.000000000000000 ) ;
#1695 = AXIS2_PLACEMENT_3D ( 'NONE', #2185, #1244, #2132 ) ;
#1696 = CARTESIAN_POINT ( 'NONE',  ( -1.489999999999999991, -1.489999999999999991, 0.05000000000000000278 ) ) ;
#1697 = ORIENTED_EDGE ( 'NONE', *, *, #104, .F. ) ;
#1698 = LINE ( 'NONE', #3502, #2064 ) ;
#1699 = AXIS2_PLACEMENT_3D ( 'NONE', #763, #486, #1663 ) ;
#1700 = STYLED_ITEM ( 'NONE', ( #2585 ), #480 ) ;
#1701 = EDGE_CURVE ( 'NONE', #1249, #1640, #1827, .T. ) ;
#1702 = ORIENTED_EDGE ( 'NONE', *, *, #3155, .F. ) ;
#1703 = VECTOR ( 'NONE', #2910, 1000.000000000000000 ) ;
#1704 = CIRCLE ( 'NONE', #224, 0.05000000000000002359 ) ;
#1705 = EDGE_LOOP ( 'NONE', ( #33, #2608, #1894, #1183 ) ) ;
#1706 = EDGE_CURVE ( 'NONE', #1982, #1011, #1194, .T. ) ;
#1707 = CARTESIAN_POINT ( 'NONE',  ( -0.7299999999999999822, -0.4000000000000000222, 0.05000000000000000278 ) ) ;
#1708 = EDGE_CURVE ( 'NONE', #3209, #2468, #3320, .T. ) ;
#1709 = CARTESIAN_POINT ( 'NONE',  ( -1.219999999999999973, -1.020000000000000018, 0.0000000000000000000 ) ) ;
#1710 = DIRECTION ( 'NONE',  ( -1.000000000000000000, -2.065146995210484941E-16, 0.0000000000000000000 ) ) ;
#1711 = VECTOR ( 'NONE', #2029, 1000.000000000000000 ) ;
#1712 = ORIENTED_EDGE ( 'NONE', *, *, #2622, .T. ) ;
#1713 = SURFACE_SIDE_STYLE ('',( #2897 ) ) ;
#1714 = ORIENTED_EDGE ( 'NONE', *, *, #3129, .T. ) ;
#1715 = DIRECTION ( 'NONE',  ( 0.0000000000000000000, 0.0000000000000000000, -1.000000000000000000 ) ) ;
#1716 = VECTOR ( 'NONE', #408, 1000.000000000000000 ) ;
#1717 = CARTESIAN_POINT ( 'NONE',  ( 0.7800000000000000266, -0.9700000000000000844, 0.05000000000000000278 ) ) ;
#1718 = CARTESIAN_POINT ( 'NONE',  ( -1.050000000000000044, 0.5699999999999999512, 0.6999999999999999556 ) ) ;
#1719 = ORIENTED_EDGE ( 'NONE', *, *, #641, .T. ) ;
#1720 = LINE ( 'NONE', #597, #2737 ) ;
#1721 = VERTEX_POINT ( 'NONE', #2162 ) ;
#1722 = CARTESIAN_POINT ( 'NONE',  ( -1.489999999999999991, 1.500000000000000000, 0.6999999999999999556 ) ) ;
#1723 = STYLED_ITEM ( 'NONE', ( #3397 ), #3497 ) ;
#1724 = LINE ( 'NONE', #1060, #3546 ) ;
#1725 = PRESENTATION_STYLE_ASSIGNMENT (( #1104 ) ) ;
#1726 = TOROIDAL_SURFACE ( 'NONE', #3455, 0.2000000000000000111, 0.05000000000000000278 ) ;
#1727 = EDGE_CURVE ( 'NONE', #2341, #1974, #368, .T. ) ;
#1728 = EDGE_CURVE ( 'NONE', #1666, #1662, #3585, .T. ) ;
#1729 = VERTEX_POINT ( 'NONE', #117 ) ;
#1730 = ORIENTED_EDGE ( 'NONE', *, *, #1009, .F. ) ;
#1731 = CARTESIAN_POINT ( 'NONE',  ( 1.250000000000000000, 0.02000000000000080186, 0.6999999999999999556 ) ) ;
#1732 = DIRECTION ( 'NONE',  ( 1.000000000000000000, 0.0000000000000000000, 0.0000000000000000000 ) ) ;
#1733 = LINE ( 'NONE', #3214, #1659 ) ;
#1734 = EDGE_LOOP ( 'NONE', ( #1863, #3384, #1304, #2870 ) ) ;
#1735 = CYLINDRICAL_SURFACE ( 'NONE', #2563, 0.04999999999999991257 ) ;
#1736 = ORIENTED_EDGE ( 'NONE', *, *, #1158, .F. ) ;
#1737 = LINE ( 'NONE', #1773, #1942 ) ;
#1738 =( LENGTH_UNIT ( ) NAMED_UNIT ( * ) SI_UNIT ( .MILLI., .METRE. ) );
#1739 = VERTEX_POINT ( 'NONE', #1283 ) ;
#1740 =( NAMED_UNIT ( * ) SI_UNIT ( $, .STERADIAN. ) SOLID_ANGLE_UNIT ( ) );
#1741 = CARTESIAN_POINT ( 'NONE',  ( -1.219999999999999973, -0.3499999999999999778, 0.05000000000000000278 ) ) ;
#1742 = ADVANCED_FACE ( 'NONE', ( #3352 ), #2131, .F. ) ;
#1743 = ORIENTED_EDGE ( 'NONE', *, *, #2396, .T. ) ;
#1744 = SURFACE_STYLE_USAGE ( .BOTH. , #1713 ) ;
#1745 = VERTEX_POINT ( 'NONE', #422 ) ;
#1746 = DIRECTION ( 'NONE',  ( 0.0000000000000000000, 0.0000000000000000000, 1.000000000000000000 ) ) ;
#1747 = DIRECTION ( 'NONE',  ( 0.0000000000000000000, 0.0000000000000000000, 1.000000000000000000 ) ) ;
#1748 = CARTESIAN_POINT ( 'NONE',  ( 0.7299999999999999822, -1.020000000000000018, 0.0000000000000000000 ) ) ;
#1749 = ADVANCED_FACE ( 'NONE', ( #1577 ), #3601, .F. ) ;
#1750 = ORIENTED_EDGE ( 'NONE', *, *, #867, .T. ) ;
#1751 = CARTESIAN_POINT ( 'NONE',  ( 0.3250000000000000111, -1.219999999999999973, 0.0000000000000000000 ) ) ;
#1752 = ORIENTED_EDGE ( 'NONE', *, *, #2725, .F. ) ;
#1753 = DIRECTION ( 'NONE',  ( -1.000000000000000000, 0.0000000000000000000, 0.0000000000000000000 ) ) ;
#1754 = AXIS2_PLACEMENT_3D ( 'NONE', #1820, #110, #2987 ) ;
#1755 = SURFACE_STYLE_FILL_AREA ( #2942 ) ;
#1756 = AXIS2_PLACEMENT_3D ( 'NONE', #330, #1506, #3282 ) ;
#1757 = VECTOR ( 'NONE', #2329, 1000.000000000000000 ) ;
#1758 = DIRECTION ( 'NONE',  ( -1.000000000000000000, 0.0000000000000000000, 0.0000000000000000000 ) ) ;
#1759 = CIRCLE ( 'NONE', #2245, 0.2500000000000000000 ) ;
#1760 = VECTOR ( 'NONE', #2820, 1000.000000000000000 ) ;
#1761 = CARTESIAN_POINT ( 'NONE',  ( 1.300000000000000044, 1.050000000000000044, 0.6999999999999999556 ) ) ;
#1762 = ORIENTED_EDGE ( 'NONE', *, *, #2662, .F. ) ;
#1763 =( GEOMETRIC_REPRESENTATION_CONTEXT ( 3 ) GLOBAL_UNCERTAINTY_ASSIGNED_CONTEXT ( ( #2811 ) ) GLOBAL_UNIT_ASSIGNED_CONTEXT ( ( #3390, #2575, #3369 ) ) REPRESENTATION_CONTEXT ( 'NONE', 'WORKASPACE' ) );
#1764 = DIRECTION ( 'NONE',  ( 0.0000000000000000000, 0.0000000000000000000, -1.000000000000000000 ) ) ;
#1765 = EDGE_LOOP ( 'NONE', ( #1387, #3656, #3306, #1902 ) ) ;
#1766 = DIRECTION ( 'NONE',  ( 1.000000000000000000, 0.0000000000000000000, 0.0000000000000000000 ) ) ;
#1767 = DIRECTION ( 'NONE',  ( 1.000000000000000000, 0.0000000000000000000, 0.0000000000000000000 ) ) ;
#1768 = LINE ( 'NONE', #3255, #4 ) ;
#1769 = ORIENTED_EDGE ( 'NONE', *, *, #1310, .F. ) ;
#1770 = EDGE_CURVE ( 'NONE', #3597, #2709, #3338, .T. ) ;
#1771 = PLANE ( 'NONE',  #1943 ) ;
#1772 = ORIENTED_EDGE ( 'NONE', *, *, #594, .T. ) ;
#1773 = CARTESIAN_POINT ( 'NONE',  ( 1.219999999999999973, -1.270000000000000018, 0.05000000000000000278 ) ) ;
#1774 = EDGE_CURVE ( 'NONE', #3647, #180, #3363, .T. ) ;
#1775 = CARTESIAN_POINT ( 'NONE',  ( 0.3750000000000000000, 1.219999999999999973, 0.0000000000000000000 ) ) ;
#1776 = AXIS2_PLACEMENT_3D ( 'NONE', #3195, #560, #1732 ) ;
#1777 = FACE_OUTER_BOUND ( 'NONE', #2095, .T. ) ;
#1778 = ORIENTED_EDGE ( 'NONE', *, *, #798, .F. ) ;
#1779 = LINE ( 'NONE', #1121, #1694 ) ;
#1780 = AXIS2_PLACEMENT_3D ( 'NONE', #142, #185, #2818 ) ;
#1781 = LINE ( 'NONE', #3283, #3249 ) ;
#1782 = AXIS2_PLACEMENT_3D ( 'NONE', #1864, #1302, #3028 ) ;
#1783 = VECTOR ( 'NONE', #2669, 1000.000000000000000 ) ;
#1784 = VERTEX_POINT ( 'NONE', #2455 ) ;
#1785 = DIRECTION ( 'NONE',  ( -1.000000000000000000, 0.0000000000000000000, 0.0000000000000000000 ) ) ;
#1786 = DIRECTION ( 'NONE',  ( 0.0000000000000000000, 0.0000000000000000000, -1.000000000000000000 ) ) ;
#1787 = CARTESIAN_POINT ( 'NONE',  ( -0.7800000000000000266, -0.3499999999999999778, 0.05000000000000000278 ) ) ;
#1788 = VERTEX_POINT ( 'NONE', #2695 ) ;
#1789 = CARTESIAN_POINT ( 'NONE',  ( 1.219999999999999973, -0.9700000000000000844, 0.05000000000000000278 ) ) ;
#1790 = EDGE_LOOP ( 'NONE', ( #1091, #1714, #1542, #2744, #459, #848, #2882, #2237 ) ) ;
#1791 = DIRECTION ( 'NONE',  ( 0.0000000000000000000, -1.000000000000000000, 0.0000000000000000000 ) ) ;
#1792 = SURFACE_SIDE_STYLE ('',( #2112 ) ) ;
#1793 = CARTESIAN_POINT ( 'NONE',  ( -0.3250000000000000111, -1.270000000000000018, 0.05000000000000000278 ) ) ;
#1794 = ORIENTED_EDGE ( 'NONE', *, *, #2033, .T. ) ;
#1795 = FACE_OUTER_BOUND ( 'NONE', #2477, .T. ) ;
#1796 = DIRECTION ( 'NONE',  ( 1.885568995626965125E-15, -1.000000000000000000, 0.0000000000000000000 ) ) ;
#1797 = EDGE_CURVE ( 'NONE', #749, #685, #3049, .T. ) ;
#1798 = ADVANCED_FACE ( 'NONE', ( #2710 ), #1301, .F. ) ;
#1799 = LINE ( 'NONE', #3021, #1464 ) ;
#1800 = ORIENTED_EDGE ( 'NONE', *, *, #3307, .F. ) ;
#1801 = DIRECTION ( 'NONE',  ( 0.0000000000000000000, 0.0000000000000000000, -1.000000000000000000 ) ) ;
#1802 = CARTESIAN_POINT ( 'NONE',  ( 1.489999999999999991, 1.500000000000000000, 0.6999999999999999556 ) ) ;
#1803 = DIRECTION ( 'NONE',  ( 0.0000000000000000000, 0.0000000000000000000, -1.000000000000000000 ) ) ;
#1804 = ORIENTED_EDGE ( 'NONE', *, *, #1270, .F. ) ;
#1805 = ORIENTED_EDGE ( 'NONE', *, *, #3540, .T. ) ;
#1806 = CARTESIAN_POINT ( 'NONE',  ( 1.270000000000000018, -0.5999999999999999778, 0.0000000000000000000 ) ) ;
#1807 = DIRECTION ( 'NONE',  ( 0.0000000000000000000, -1.000000000000000000, 0.0000000000000000000 ) ) ;
#1808 = EDGE_LOOP ( 'NONE', ( #2812, #2108, #283, #1660 ) ) ;
#1809 = DIRECTION ( 'NONE',  ( 0.0000000000000000000, -1.000000000000000000, 0.0000000000000000000 ) ) ;
#1810 = DIRECTION ( 'NONE',  ( 1.000000000000000000, -1.032573497605241854E-16, 0.0000000000000000000 ) ) ;
#1811 = EDGE_CURVE ( 'NONE', #2281, #124, #2562, .T. ) ;
#1812 = VECTOR ( 'NONE', #168, 1000.000000000000000 ) ;
#1813 = VECTOR ( 'NONE', #1423, 1000.000000000000000 ) ;
#1814 = ADVANCED_FACE ( 'NONE', ( #1380, #1071, #189 ), #3396, .T. ) ;
#1815 = CIRCLE ( 'NONE', #2483, 0.04999999999999991257 ) ;
#1816 = CARTESIAN_POINT ( 'NONE',  ( -0.3250000000000000111, 1.219999999999999973, 0.05000000000000000278 ) ) ;
#1817 = ADVANCED_FACE ( 'NONE', ( #815 ), #516, .F. ) ;
#1818 = AXIS2_PLACEMENT_3D ( 'NONE', #3793, #2359, #843 ) ;
#1819 = VECTOR ( 'NONE', #2654, 1000.000000000000000 ) ;
#1820 = CARTESIAN_POINT ( 'NONE',  ( 1.219999999999999973, 0.6199999999999999956, 0.0000000000000000000 ) ) ;
#1821 = DIRECTION ( 'NONE',  ( 0.0000000000000000000, 0.0000000000000000000, -1.000000000000000000 ) ) ;
#1822 = DIRECTION ( 'NONE',  ( 0.0000000000000000000, 1.000000000000000000, 0.0000000000000000000 ) ) ;
#1823 = COLOUR_RGB ( '',1.000000000000000000, 0.9372549019607843146, 0.1372549019607843257 ) ;
#1824 = VERTEX_POINT ( 'NONE', #454 ) ;
#1825 = LINE ( 'NONE', #2411, #45 ) ;
#1826 = VERTEX_POINT ( 'NONE', #1092 ) ;
#1827 = LINE ( 'NONE', #95, #2308 ) ;
#1828 = VECTOR ( 'NONE', #2297, 1000.000000000000000 ) ;
#1829 = CARTESIAN_POINT ( 'NONE',  ( -1.219999999999999973, 0.5699999999999999512, 0.0000000000000000000 ) ) ;
#1830 = EDGE_LOOP ( 'NONE', ( #1361, #1331, #3707, #1324 ) ) ;
#1831 = LINE ( 'NONE', #3001, #3099 ) ;
#1832 = LINE ( 'NONE', #49, #3619 ) ;
#1833 = CIRCLE ( 'NONE', #2441, 0.04999999999999991257 ) ;
#1834 = EDGE_LOOP ( 'NONE', ( #1289, #1890, #2187, #2322 ) ) ;
#1835 = AXIS2_PLACEMENT_3D ( 'NONE', #130, #1296, #3024 ) ;
#1836 = CARTESIAN_POINT ( 'NONE',  ( 0.3250000000000000111, 1.270000000000000018, 0.0000000000000000000 ) ) ;
#1837 =( GEOMETRIC_REPRESENTATION_CONTEXT ( 3 ) GLOBAL_UNCERTAINTY_ASSIGNED_CONTEXT ( ( #3119 ) ) GLOBAL_UNIT_ASSIGNED_CONTEXT ( ( #2958, #2940, #2675 ) ) REPRESENTATION_CONTEXT ( 'NONE', 'WORKASPACE' ) );
#1838 = EDGE_CURVE ( 'NONE', #3047, #1006, #3041, .T. ) ;
#1839 = EDGE_CURVE ( 'NONE', #812, #558, #3669, .T. ) ;
#1840 = DIRECTION ( 'NONE',  ( 0.0000000000000000000, 0.0000000000000000000, 1.000000000000000000 ) ) ;
#1841 = CARTESIAN_POINT ( 'NONE',  ( 1.050000000000000044, 0.2200000000000000011, 0.6999999999999999556 ) ) ;
#1842 = DIRECTION ( 'NONE',  ( 0.0000000000000000000, 1.000000000000000000, 0.0000000000000000000 ) ) ;
#1843 = CARTESIAN_POINT ( 'NONE',  ( -1.489999999999999991, 1.489999999999999991, 0.6999999999999999556 ) ) ;
#1844 = EDGE_CURVE ( 'NONE', #1022, #2949, #1319, .T. ) ;
#1845 = EDGE_LOOP ( 'NONE', ( #3461, #889, #2040, #1341 ) ) ;
#1846 = ORIENTED_EDGE ( 'NONE', *, *, #53, .T. ) ;
#1847 = CARTESIAN_POINT ( 'NONE',  ( 1.270000000000000018, -0.5999999999999999778, 0.05000000000000000278 ) ) ;
#1848 = CARTESIAN_POINT ( 'NONE',  ( -1.489999999999999991, 1.500000000000000000, 0.6999999999999999556 ) ) ;
#1849 = ORIENTED_EDGE ( 'NONE', *, *, #732, .T. ) ;
#1850 = DIRECTION ( 'NONE',  ( 0.0000000000000000000, 0.0000000000000000000, 1.000000000000000000 ) ) ;
#1851 = EDGE_LOOP ( 'NONE', ( #3175, #3200, #992, #2913 ) ) ;
#1852 = CARTESIAN_POINT ( 'NONE',  ( 1.219999999999999973, -0.3499999999999999778, 0.0000000000000000000 ) ) ;
#1853 = DIRECTION ( 'NONE',  ( 0.0000000000000000000, 0.0000000000000000000, -1.000000000000000000 ) ) ;
#1854 = ORIENTED_EDGE ( 'NONE', *, *, #1313, .T. ) ;
#1855 = DIRECTION ( 'NONE',  ( 1.000000000000000000, 0.0000000000000000000, 0.0000000000000000000 ) ) ;
#1856 = DIRECTION ( 'NONE',  ( 0.0000000000000000000, -1.000000000000000000, 0.0000000000000000000 ) ) ;
#1857 = CARTESIAN_POINT ( 'NONE',  ( 0.7800000000000000266, 0.02000000000000000042, 0.0000000000000000000 ) ) ;
#1858 = APPLICATION_PROTOCOL_DEFINITION ( 'draft international standard', 'automotive_design', 1998, #2868 ) ;
#1859 = ADVANCED_FACE ( 'NONE', ( #3131 ), #3111, .T. ) ;
#1860 = ORIENTED_EDGE ( 'NONE', *, *, #1611, .F. ) ;
#1861 = CARTESIAN_POINT ( 'NONE',  ( 1.219999999999999973, -0.03000000000000000236, 0.05000000000000000278 ) ) ;
#1862 = EDGE_CURVE ( 'NONE', #2673, #145, #1517, .T. ) ;
#1863 = ORIENTED_EDGE ( 'NONE', *, *, #1062, .T. ) ;
#1864 = CARTESIAN_POINT ( 'NONE',  ( -0.7299999999999999822, -1.020000000000000018, 0.05000000000000000278 ) ) ;
#1865 = ADVANCED_FACE ( 'NONE', ( #2242 ), #3458, .F. ) ;
#1866 = DIRECTION ( 'NONE',  ( -1.000000000000000000, 0.0000000000000000000, 0.0000000000000000000 ) ) ;
#1867 = ORIENTED_EDGE ( 'NONE', *, *, #1013, .T. ) ;
#1868 = CARTESIAN_POINT ( 'NONE',  ( -1.219999999999999973, 1.219999999999999973, 0.05000000000000000278 ) ) ;
#1869 = LINE ( 'NONE', #2840, #1030 ) ;
#1870 = VERTEX_POINT ( 'NONE', #1673 ) ;
#1871 = VECTOR ( 'NONE', #1109, 1000.000000000000000 ) ;
#1872 = CARTESIAN_POINT ( 'NONE',  ( -0.7800000000000000266, -0.03000000000000050196, 0.05000000000000000278 ) ) ;
#1873 = VECTOR ( 'NONE', #1591, 1000.000000000000000 ) ;
#1874 = FACE_OUTER_BOUND ( 'NONE', #1644, .T. ) ;
#1875 = LINE ( 'NONE', #1295, #2805 ) ;
#1876 = AXIS2_PLACEMENT_3D ( 'NONE', #2043, #2024, #3777 ) ;
#1877 = LINE ( 'NONE', #2451, #2878 ) ;
#1878 = DIRECTION ( 'NONE',  ( -1.000000000000000000, 0.0000000000000000000, 0.0000000000000000000 ) ) ;
#1879 = CIRCLE ( 'NONE', #1695, 0.05000000000000002359 ) ;
#1880 = ORIENTED_EDGE ( 'NONE', *, *, #2571, .F. ) ;
#1881 = VECTOR ( 'NONE', #232, 1000.000000000000000 ) ;
#1882 = CARTESIAN_POINT ( 'NONE',  ( 0.3750000000000000000, 1.219999999999999973, 0.05000000000000000278 ) ) ;
#1883 = ORIENTED_EDGE ( 'NONE', *, *, #268, .F. ) ;
#1884 = CARTESIAN_POINT ( 'NONE',  ( -1.270000000000000018, -0.4000000000000000222, 0.05000000000000000278 ) ) ;
#1885 = AXIS2_PLACEMENT_3D ( 'NONE', #3253, #34, #2651 ) ;
#1886 = ADVANCED_FACE ( 'NONE', ( #1656 ), #2285, .T. ) ;
#1887 = CARTESIAN_POINT ( 'NONE',  ( 0.7800000000000000266, 0.2200000000000000011, 0.05000000000000000278 ) ) ;
#1888 = EDGE_CURVE ( 'NONE', #1739, #3116, #478, .T. ) ;
#1889 = VECTOR ( 'NONE', #1142, 1000.000000000000000 ) ;
#1890 = ORIENTED_EDGE ( 'NONE', *, *, #1728, .F. ) ;
#1891 = LINE ( 'NONE', #1852, #827 ) ;
#1892 = DIRECTION ( 'NONE',  ( 0.0000000000000000000, 0.0000000000000000000, 1.000000000000000000 ) ) ;
#1893 = CIRCLE ( 'NONE', #3316, 0.04999999999999991257 ) ;
#1894 = ORIENTED_EDGE ( 'NONE', *, *, #1727, .F. ) ;
#1895 = AXIS2_PLACEMENT_3D ( 'NONE', #306, #1747, #2302 ) ;
#1896 = FACE_OUTER_BOUND ( 'NONE', #976, .T. ) ;
#1897 = VECTOR ( 'NONE', #3341, 1000.000000000000000 ) ;
#1898 = CARTESIAN_POINT ( 'NONE',  ( -1.270000000000000018, -0.4000000000000000222, 0.05000000000000000278 ) ) ;
#1899 = AXIS2_PLACEMENT_3D ( 'NONE', #512, #1067, #201 ) ;
#1900 = DIRECTION ( 'NONE',  ( 0.0000000000000000000, 0.0000000000000000000, -1.000000000000000000 ) ) ;
#1901 = CYLINDRICAL_SURFACE ( 'NONE', #1966, 0.04999999999999991257 ) ;
#1902 = ORIENTED_EDGE ( 'NONE', *, *, #751, .T. ) ;
#1903 = VECTOR ( 'NONE', #2473, 1000.000000000000000 ) ;
#1904 = LINE ( 'NONE', #1360, #1015 ) ;
#1905 = ORIENTED_EDGE ( 'NONE', *, *, #433, .T. ) ;
#1906 = CARTESIAN_POINT ( 'NONE',  ( -1.250000000000000000, 1.050000000000000044, 0.6999999999999999556 ) ) ;
#1907 = CYLINDRICAL_SURFACE ( 'NONE', #1102, 0.04999999999999991257 ) ;
#1908 =( NAMED_UNIT ( * ) PLANE_ANGLE_UNIT ( ) SI_UNIT ( $, .RADIAN. ) );
#1909 = ORIENTED_EDGE ( 'NONE', *, *, #2264, .T. ) ;
#1910 = PLANE ( 'NONE',  #2736 ) ;
#1911 = ADVANCED_FACE ( 'NONE', ( #1111 ), #3498, .F. ) ;
#1912 = ORIENTED_EDGE ( 'NONE', *, *, #2705, .T. ) ;
#1913 = ADVANCED_FACE ( 'NONE', ( #1053 ), #2596, .T. ) ;
#1914 = CARTESIAN_POINT ( 'NONE',  ( -1.219999999999999973, -1.270000000000000018, 0.05000000000000000278 ) ) ;
#1915 = EDGE_CURVE ( 'NONE', #1359, #399, #2862, .T. ) ;
#1916 = CARTESIAN_POINT ( 'NONE',  ( -0.7299999999999999822, 0.2200000000000000011, 0.05000000000000000278 ) ) ;
#1917 = CARTESIAN_POINT ( 'NONE',  ( -1.489999999999999991, -1.500000000000000000, 0.6999999999999999556 ) ) ;
#1918 = CARTESIAN_POINT ( 'NONE',  ( 0.3250000000000000111, -1.270000000000000018, 0.0000000000000000000 ) ) ;
#1919 = ORIENTED_EDGE ( 'NONE', *, *, #594, .F. ) ;
#1920 = PLANE ( 'NONE',  #1081 ) ;
#1921 = ORIENTED_EDGE ( 'NONE', *, *, #555, .T. ) ;
#1922 = CARTESIAN_POINT ( 'NONE',  ( -0.7800000000000000266, 0.2200000000000000011, 0.0000000000000000000 ) ) ;
#1923 = ORIENTED_EDGE ( 'NONE', *, *, #1610, .F. ) ;
#1924 = DIRECTION ( 'NONE',  ( 0.0000000000000000000, 0.0000000000000000000, -1.000000000000000000 ) ) ;
#1925 = ORIENTED_EDGE ( 'NONE', *, *, #3797, .F. ) ;
#1926 = DIRECTION ( 'NONE',  ( 0.0000000000000000000, 0.0000000000000000000, 1.000000000000000000 ) ) ;
#1927 = ORIENTED_EDGE ( 'NONE', *, *, #3126, .F. ) ;
#1928 = ADVANCED_FACE ( 'NONE', ( #2632 ), #3769, .F. ) ;
#1929 = DIRECTION ( 'NONE',  ( -1.000000000000000000, 0.0000000000000000000, 0.0000000000000000000 ) ) ;
#1930 = EDGE_CURVE ( 'NONE', #3215, #767, #3529, .T. ) ;
#1931 = LINE ( 'NONE', #736, #3663 ) ;
#1932 = EDGE_CURVE ( 'NONE', #2673, #193, #6, .T. ) ;
#1933 = DIRECTION ( 'NONE',  ( 1.000000000000000000, 0.0000000000000000000, 0.0000000000000000000 ) ) ;
#1934 = AXIS2_PLACEMENT_3D ( 'NONE', #2277, #1330, #1417 ) ;
#1935 = ORIENTED_EDGE ( 'NONE', *, *, #192, .T. ) ;
#1936 = DIRECTION ( 'NONE',  ( 0.0000000000000000000, 0.0000000000000000000, 1.000000000000000000 ) ) ;
#1937 = AXIS2_PLACEMENT_3D ( 'NONE', #128, #3709, #2258 ) ;
#1938 = AXIS2_PLACEMENT_3D ( 'NONE', #3322, #1866, #703 ) ;
#1939 = ORIENTED_EDGE ( 'NONE', *, *, #16, .T. ) ;
#1940 = CARTESIAN_POINT ( 'NONE',  ( 1.219999999999999973, -0.4000000000000000222, 0.05000000000000000278 ) ) ;
#1941 =( NAMED_UNIT ( * ) PLANE_ANGLE_UNIT ( ) SI_UNIT ( $, .RADIAN. ) );
#1942 = VECTOR ( 'NONE', #900, 1000.000000000000000 ) ;
#1943 = AXIS2_PLACEMENT_3D ( 'NONE', #2637, #2305, #840 ) ;
#1944 = EDGE_LOOP ( 'NONE', ( #1957, #3011, #197, #2137 ) ) ;
#1945 = PLANE ( 'NONE',  #891 ) ;
#1946 = ORIENTED_EDGE ( 'NONE', *, *, #2190, .F. ) ;
#1947 = PRESENTATION_LAYER_ASSIGNMENT (  '', '', ( #2071 ) ) ;
#1948 = FACE_OUTER_BOUND ( 'NONE', #924, .T. ) ;
#1949 = CARTESIAN_POINT ( 'NONE',  ( 1.500000000000000000, 1.489999999999999991, 0.6999999999999999556 ) ) ;
#1950 = VECTOR ( 'NONE', #2280, 1000.000000000000000 ) ;
#1951 = AXIS2_PLACEMENT_3D ( 'NONE', #1373, #2462, #3722 ) ;
#1952 = CARTESIAN_POINT ( 'NONE',  ( -1.270000000000000018, 1.219999999999999973, 0.05000000000000000278 ) ) ;
#1953 = CARTESIAN_POINT ( 'NONE',  ( 0.7800000000000000266, -0.4000000000000000222, 0.0000000000000000000 ) ) ;
#1954 = AXIS2_PLACEMENT_3D ( 'NONE', #21, #3543, #3495 ) ;
#1955 = ORIENTED_EDGE ( 'NONE', *, *, #215, .F. ) ;
#1956 = FACE_OUTER_BOUND ( 'NONE', #186, .T. ) ;
#1957 = ORIENTED_EDGE ( 'NONE', *, *, #2049, .T. ) ;
#1958 = DIRECTION ( 'NONE',  ( 0.0000000000000000000, 0.0000000000000000000, -1.000000000000000000 ) ) ;
#1959 = ADVANCED_FACE ( 'NONE', ( #3494 ), #2052, .T. ) ;
#1960 = DIRECTION ( 'NONE',  ( 0.0000000000000000000, 0.0000000000000000000, -1.000000000000000000 ) ) ;
#1961 = COLOUR_RGB ( '',0.7686274509803920907, 0.7686274509803920907, 0.7686274509803920907 ) ;
#1962 = VERTEX_POINT ( 'NONE', #2017 ) ;
#1963 = DIRECTION ( 'NONE',  ( 0.0000000000000000000, 0.0000000000000000000, -1.000000000000000000 ) ) ;
#1964 = ORIENTED_EDGE ( 'NONE', *, *, #666, .T. ) ;
#1965 = CARTESIAN_POINT ( 'NONE',  ( 1.250000000000000000, 1.050000000000000044, 0.6500000000000000222 ) ) ;
#1966 = AXIS2_PLACEMENT_3D ( 'NONE', #1629, #3392, #1595 ) ;
#1967 = CARTESIAN_POINT ( 'NONE',  ( 1.219999999999999973, -0.3499999999999999778, 0.05000000000000000278 ) ) ;
#1968 = ORIENTED_EDGE ( 'NONE', *, *, #473, .T. ) ;
#1969 = CARTESIAN_POINT ( 'NONE',  ( 0.3250000000000000111, -1.270000000000000018, 0.05000000000000000278 ) ) ;
#1970 = CARTESIAN_POINT ( 'NONE',  ( 1.219999999999999973, 0.5699999999999999512, 0.0000000000000000000 ) ) ;
#1971 = FILL_AREA_STYLE ('',( #2259 ) ) ;
#1972 = DIRECTION ( 'NONE',  ( 0.0000000000000000000, 0.0000000000000000000, -1.000000000000000000 ) ) ;
#1973 = EDGE_LOOP ( 'NONE', ( #1473, #3508, #3667, #2055 ) ) ;
#1974 = VERTEX_POINT ( 'NONE', #3194 ) ;
#1975 = CARTESIAN_POINT ( 'NONE',  ( 1.219999999999999973, 0.5699999999999999512, 0.05000000000000000278 ) ) ;
#1976 = EDGE_CURVE ( 'NONE', #3666, #3644, #1145, .T. ) ;
#1977 = LINE ( 'NONE', #3057, #2693 ) ;
#1978 = CARTESIAN_POINT ( 'NONE',  ( -0.7299999999999999822, 1.219999999999999973, 0.05000000000000000278 ) ) ;
#1979 = ORIENTED_EDGE ( 'NONE', *, *, #640, .T. ) ;
#1980 = EDGE_CURVE ( 'NONE', #3061, #1687, #3728, .T. ) ;
#1981 = DIRECTION ( 'NONE',  ( 0.0000000000000000000, -1.000000000000000000, 0.0000000000000000000 ) ) ;
#1982 = VERTEX_POINT ( 'NONE', #1440 ) ;
#1983 = CARTESIAN_POINT ( 'NONE',  ( 1.250000000000000000, 0.02000000000000080186, 0.6500000000000000222 ) ) ;
#1984 = EDGE_CURVE ( 'NONE', #865, #3666, #1329, .T. ) ;
#1985 = DIRECTION ( 'NONE',  ( -1.000000000000000000, 0.0000000000000000000, 0.0000000000000000000 ) ) ;
#1986 = EDGE_LOOP ( 'NONE', ( #1946, #961, #1769, #722, #2600, #2753, #1778, #1043 ) ) ;
#1987 = CARTESIAN_POINT ( 'NONE',  ( 1.270000000000000018, 1.219999999999999973, 0.05000000000000000278 ) ) ;
#1988 = CARTESIAN_POINT ( 'NONE',  ( -0.7299999999999999822, -1.020000000000000018, 0.05000000000000000278 ) ) ;
#1989 = LINE ( 'NONE', #554, #1889 ) ;
#1990 = ORIENTED_EDGE ( 'NONE', *, *, #3185, .T. ) ;
#1991 = CARTESIAN_POINT ( 'NONE',  ( 0.7299999999999999822, 0.6199999999999999956, 0.05000000000000000278 ) ) ;
#1992 = ORIENTED_EDGE ( 'NONE', *, *, #450, .T. ) ;
#1993 = CARTESIAN_POINT ( 'NONE',  ( 1.489999999999999991, 1.489999999999999991, 0.05000000000000000278 ) ) ;
#1994 =( GEOMETRIC_REPRESENTATION_CONTEXT ( 3 ) GLOBAL_UNCERTAINTY_ASSIGNED_CONTEXT ( ( #195 ) ) GLOBAL_UNIT_ASSIGNED_CONTEXT ( ( #3022, #2156, #3330 ) ) REPRESENTATION_CONTEXT ( 'NONE', 'WORKASPACE' ) );
#1995 = LINE ( 'NONE', #1717, #1716 ) ;
#1996 = DIRECTION ( 'NONE',  ( 0.0000000000000000000, 0.0000000000000000000, 1.000000000000000000 ) ) ;
#1997 = ORIENTED_EDGE ( 'NONE', *, *, #2346, .T. ) ;
#1998 = CIRCLE ( 'NONE', #2976, 0.05000000000000002359 ) ;
#1999 = AXIS2_PLACEMENT_3D ( 'NONE', #315, #2312, #1186 ) ;
#2000 = CARTESIAN_POINT ( 'NONE',  ( 0.7800000000000000266, 0.2700000000000000178, 0.05000000000000000278 ) ) ;
#2001 = ORIENTED_EDGE ( 'NONE', *, *, #319, .T. ) ;
#2002 = DIRECTION ( 'NONE',  ( 0.0000000000000000000, -1.000000000000000000, 0.0000000000000000000 ) ) ;
#2003 = ADVANCED_FACE ( 'NONE', ( #2073 ), #3226, .F. ) ;
#2004 = AXIS2_PLACEMENT_3D ( 'NONE', #1751, #3643, #2093 ) ;
#2005 = EDGE_LOOP ( 'NONE', ( #1404, #513, #2223, #2195 ) ) ;
#2006 = STYLED_ITEM ( 'NONE', ( #3089 ), #1911 ) ;
#2007 = EDGE_LOOP ( 'NONE', ( #944, #1187, #1675, #2326, #1636, #3446, #1964, #3539 ) ) ;
#2008 = SURFACE_SIDE_STYLE ('',( #567 ) ) ;
#2009 = EDGE_CURVE ( 'NONE', #499, #1018, #2430, .T. ) ;
#2010 = VECTOR ( 'NONE', #1201, 1000.000000000000000 ) ;
#2011 = DIRECTION ( 'NONE',  ( 1.000000000000000000, 0.0000000000000000000, 0.0000000000000000000 ) ) ;
#2012 = TOROIDAL_SURFACE ( 'NONE', #166, 0.2000000000000000111, 0.05000000000000000278 ) ;
#2013 = SURFACE_SIDE_STYLE ('',( #17 ) ) ;
#2014 = VERTEX_POINT ( 'NONE', #323 ) ;
#2015 = DIRECTION ( 'NONE',  ( 0.0000000000000000000, 0.0000000000000000000, -1.000000000000000000 ) ) ;
#2016 = ORIENTED_EDGE ( 'NONE', *, *, #1294, .T. ) ;
#2017 = CARTESIAN_POINT ( 'NONE',  ( -0.7299999999999999822, -0.5999999999999999778, 0.05000000000000000278 ) ) ;
#2018 = VECTOR ( 'NONE', #2652, 1000.000000000000000 ) ;
#2019 = LINE ( 'NONE', #3515, #2018 ) ;
#2020 = DIRECTION ( 'NONE',  ( -1.000000000000000000, 0.0000000000000000000, 0.0000000000000000000 ) ) ;
#2021 = ORIENTED_EDGE ( 'NONE', *, *, #3309, .T. ) ;
#2022 = CARTESIAN_POINT ( 'NONE',  ( 0.3750000000000000000, -1.219999999999999973, 0.0000000000000000000 ) ) ;
#2023 = EDGE_LOOP ( 'NONE', ( #2395, #2886, #878, #2110, #3754, #2114, #1615, #1258 ) ) ;
#2024 = DIRECTION ( 'NONE',  ( 0.0000000000000000000, 0.0000000000000000000, 1.000000000000000000 ) ) ;
#2025 = AXIS2_PLACEMENT_3D ( 'NONE', #3172, #3771, #2020 ) ;
#2026 = DIRECTION ( 'NONE',  ( 1.000000000000000000, 0.0000000000000000000, 0.0000000000000000000 ) ) ;
#2027 = AXIS2_PLACEMENT_3D ( 'NONE', #3544, #1480, #1463 ) ;
#2028 = EDGE_LOOP ( 'NONE', ( #1168, #1379, #2706, #1353 ) ) ;
#2029 = DIRECTION ( 'NONE',  ( 0.0000000000000000000, 0.0000000000000000000, -1.000000000000000000 ) ) ;
#2030 = EDGE_CURVE ( 'NONE', #2281, #1523, #294, .T. ) ;
#2031 = EDGE_CURVE ( 'NONE', #3004, #81, #897, .T. ) ;
#2032 = DIRECTION ( 'NONE',  ( 0.0000000000000000000, 0.0000000000000000000, -1.000000000000000000 ) ) ;
#2033 = EDGE_CURVE ( 'NONE', #2373, #3731, #1479, .T. ) ;
#2034 = ORIENTED_EDGE ( 'NONE', *, *, #965, .F. ) ;
#2035 = CARTESIAN_POINT ( 'NONE',  ( 1.270000000000000018, 0.6199999999999999956, 0.05000000000000000278 ) ) ;
#2036 = EDGE_LOOP ( 'NONE', ( #1206, #1923, #3342, #132 ) ) ;
#2037 = CARTESIAN_POINT ( 'NONE',  ( 1.219999999999999973, -0.03000000000000000236, 0.05000000000000000278 ) ) ;
#2038 = DIRECTION ( 'NONE',  ( 0.0000000000000000000, 1.000000000000000000, 0.0000000000000000000 ) ) ;
#2039 = DIRECTION ( 'NONE',  ( 0.0000000000000000000, -1.000000000000000000, 0.0000000000000000000 ) ) ;
#2040 = ORIENTED_EDGE ( 'NONE', *, *, #1580, .F. ) ;
#2041 = DIRECTION ( 'NONE',  ( 1.000000000000000000, 1.807003620809174878E-16, 0.0000000000000000000 ) ) ;
#2042 = ORIENTED_EDGE ( 'NONE', *, *, #2988, .T. ) ;
#2043 = CARTESIAN_POINT ( 'NONE',  ( 0.7800000000000000266, -0.4000000000000000222, 0.05000000000000000278 ) ) ;
#2044 = ORIENTED_EDGE ( 'NONE', *, *, #3180, .T. ) ;
#2045 = DIRECTION ( 'NONE',  ( 0.0000000000000000000, 0.0000000000000000000, -1.000000000000000000 ) ) ;
#2046 =( NAMED_UNIT ( * ) PLANE_ANGLE_UNIT ( ) SI_UNIT ( $, .RADIAN. ) );
#2047 = ADVANCED_FACE ( 'NONE', ( #2376 ), #3170, .T. ) ;
#2048 = ORIENTED_EDGE ( 'NONE', *, *, #3681, .T. ) ;
#2049 = EDGE_CURVE ( 'NONE', #1246, #521, #1398, .T. ) ;
#2050 = CYLINDRICAL_SURFACE ( 'NONE', #3670, 0.05000000000000002359 ) ;
#2051 = ORIENTED_EDGE ( 'NONE', *, *, #1535, .F. ) ;
#2052 = CYLINDRICAL_SURFACE ( 'NONE', #287, 0.04999999999999991257 ) ;
#2053 = CARTESIAN_POINT ( 'NONE',  ( -1.500000000000000000, -1.489999999999999991, 0.05000000000000000278 ) ) ;
#2054 = DIRECTION ( 'NONE',  ( 0.0000000000000000000, 0.0000000000000000000, -1.000000000000000000 ) ) ;
#2055 = ORIENTED_EDGE ( 'NONE', *, *, #2288, .T. ) ;
#2056 = PLANE ( 'NONE',  #589 ) ;
#2057 = ORIENTED_EDGE ( 'NONE', *, *, #1292, .F. ) ;
#2058 = DIRECTION ( 'NONE',  ( 1.000000000000000000, 0.0000000000000000000, 0.0000000000000000000 ) ) ;
#2059 = DIRECTION ( 'NONE',  ( 1.000000000000000000, 2.032879073410324265E-16, 0.0000000000000000000 ) ) ;
#2060 = VECTOR ( 'NONE', #162, 1000.000000000000000 ) ;
#2061 = CLOSED_SHELL ( 'NONE', ( #920, #1443, #2379, #2080, #1347, #1042, #1422, #3481, #1195, #2182 ) ) ;
#2062 = PRESENTATION_STYLE_ASSIGNMENT (( #880 ) ) ;
#2063 = VERTEX_POINT ( 'NONE', #1236 ) ;
#2064 = VECTOR ( 'NONE', #1791, 1000.000000000000000 ) ;
#2065 = VECTOR ( 'NONE', #3572, 1000.000000000000000 ) ;
#2066 = LINE ( 'NONE', #809, #51 ) ;
#2067 = CIRCLE ( 'NONE', #829, 0.04999999999999991257 ) ;
#2068 = LINE ( 'NONE', #2925, #1828 ) ;
#2069 = AXIS2_PLACEMENT_3D ( 'NONE', #1461, #1163, #1766 ) ;
#2070 = ORIENTED_EDGE ( 'NONE', *, *, #3749, .T. ) ;
#2071 = STYLED_ITEM ( 'NONE', ( #1107 ), #2220 ) ;
#2072 = DIRECTION ( 'NONE',  ( 0.0000000000000000000, 0.0000000000000000000, -1.000000000000000000 ) ) ;
#2073 = FACE_OUTER_BOUND ( 'NONE', #1144, .T. ) ;
#2074 = CARTESIAN_POINT ( 'NONE',  ( 0.7299999999999999822, 0.2200000000000000011, 0.0000000000000000000 ) ) ;
#2075 = AXIS2_PLACEMENT_3D ( 'NONE', #3122, #3406, #1025 ) ;
#2076 = EDGE_CURVE ( 'NONE', #1729, #515, #1538, .T. ) ;
#2077 = ORIENTED_EDGE ( 'NONE', *, *, #888, .T. ) ;
#2078 = CARTESIAN_POINT ( 'NONE',  ( 0.7299999999999999822, -0.4000000000000000222, 0.05000000000000000278 ) ) ;
#2079 = CARTESIAN_POINT ( 'NONE',  ( -1.219999999999999973, 0.2200000000000000011, 0.0000000000000000000 ) ) ;
#2080 = ADVANCED_FACE ( 'NONE', ( #2739 ), #2702, .F. ) ;
#2081 = LINE ( 'NONE', #3280, #3488 ) ;
#2082 = VERTEX_POINT ( 'NONE', #2105 ) ;
#2083 = CARTESIAN_POINT ( 'NONE',  ( -1.219999999999999973, -0.6500000000000000222, 0.05000000000000000278 ) ) ;
#2084 = CARTESIAN_POINT ( 'NONE',  ( -1.489999999999999991, 1.500000000000000000, 0.6999999999999999556 ) ) ;
#2085 = CARTESIAN_POINT ( 'NONE',  ( -1.219999999999999973, 0.6199999999999999956, 0.05000000000000000278 ) ) ;
#2086 = PRODUCT_DEFINITION_FORMATION_WITH_SPECIFIED_SOURCE ( 'ANY', '', #1288, .NOT_KNOWN. ) ;
#2087 = ORIENTED_EDGE ( 'NONE', *, *, #2522, .F. ) ;
#2088 = CARTESIAN_POINT ( 'NONE',  ( 0.3250000000000000111, 1.219999999999999973, 0.0000000000000000000 ) ) ;
#2089 = DIRECTION ( 'NONE',  ( -1.000000000000000000, 0.0000000000000000000, 0.0000000000000000000 ) ) ;
#2090 = DIRECTION ( 'NONE',  ( 0.0000000000000000000, -1.000000000000000000, 0.0000000000000000000 ) ) ;
#2091 = LINE ( 'NONE', #8, #2202 ) ;
#2092 = ORIENTED_EDGE ( 'NONE', *, *, #2100, .F. ) ;
#2093 = DIRECTION ( 'NONE',  ( 1.000000000000000000, 0.0000000000000000000, 0.0000000000000000000 ) ) ;
#2094 = EDGE_CURVE ( 'NONE', #2373, #14, #2371, .T. ) ;
#2095 = EDGE_LOOP ( 'NONE', ( #871, #1057, #11, #1181, #116, #2934, #734, #291 ) ) ;
#2096 = DIRECTION ( 'NONE',  ( 0.0000000000000000000, 0.0000000000000000000, -1.000000000000000000 ) ) ;
#2097 = FACE_OUTER_BOUND ( 'NONE', #2864, .T. ) ;
#2098 = ADVANCED_FACE ( 'NONE', ( #3331 ), #2687, .F. ) ;
#2099 = CARTESIAN_POINT ( 'NONE',  ( 1.050000000000000044, 1.050000000000000044, 0.6999999999999999556 ) ) ;
#2100 = EDGE_CURVE ( 'NONE', #988, #571, #3639, .T. ) ;
#2101 = CARTESIAN_POINT ( 'NONE',  ( -0.7800000000000000266, 0.01999999999999940020, 0.05000000000000000278 ) ) ;
#2102 = DIRECTION ( 'NONE',  ( 1.807003620809174878E-16, -1.000000000000000000, 0.0000000000000000000 ) ) ;
#2103 = CYLINDRICAL_SURFACE ( 'NONE', #902, 0.04999999999999991257 ) ;
#2104 = DIRECTION ( 'NONE',  ( -1.000000000000000000, 0.0000000000000000000, 0.0000000000000000000 ) ) ;
#2105 = CARTESIAN_POINT ( 'NONE',  ( -0.3250000000000000111, -1.270000000000000018, 0.0000000000000000000 ) ) ;
#2106 = CYLINDRICAL_SURFACE ( 'NONE', #56, 0.04999999999999991257 ) ;
#2107 = CARTESIAN_POINT ( 'NONE',  ( -1.250000000000000000, -1.050000000000000044, 0.6500000000000000222 ) ) ;
#2108 = ORIENTED_EDGE ( 'NONE', *, *, #1239, .F. ) ;
#2109 = LINE ( 'NONE', #343, #1141 ) ;
#2110 = ORIENTED_EDGE ( 'NONE', *, *, #1540, .T. ) ;
#2111 = PRESENTATION_STYLE_ASSIGNMENT (( #1241 ) ) ;
#2112 = SURFACE_STYLE_FILL_AREA ( #1503 ) ;
#2113 = FACE_OUTER_BOUND ( 'NONE', #456, .T. ) ;
#2114 = ORIENTED_EDGE ( 'NONE', *, *, #2333, .T. ) ;
#2115 = CARTESIAN_POINT ( 'NONE',  ( -1.219999999999999973, -0.9700000000000000844, 0.05000000000000000278 ) ) ;
#2116 = ADVANCED_FACE ( 'NONE', ( #1519 ), #1205, .F. ) ;
#2117 = CARTESIAN_POINT ( 'NONE',  ( 0.7299999999999999822, 1.219999999999999973, 0.05000000000000000278 ) ) ;
#2118 = ORIENTED_EDGE ( 'NONE', *, *, #3423, .T. ) ;
#2119 = CIRCLE ( 'NONE', #3720, 0.05000000000000002359 ) ;
#2120 = PRESENTATION_LAYER_ASSIGNMENT (  '', '', ( #2366 ) ) ;
#2121 = EDGE_CURVE ( 'NONE', #1070, #873, #2989, .T. ) ;
#2122 = DIRECTION ( 'NONE',  ( 0.0000000000000000000, 0.0000000000000000000, -1.000000000000000000 ) ) ;
#2123 = VECTOR ( 'NONE', #2383, 1000.000000000000000 ) ;
#2124 = CIRCLE ( 'NONE', #1454, 0.04999999999999991257 ) ;
#2125 = CARTESIAN_POINT ( 'NONE',  ( 1.489999999999999991, 1.500000000000000000, 0.05000000000000000278 ) ) ;
#2126 = DIRECTION ( 'NONE',  ( 0.0000000000000000000, 0.0000000000000000000, 1.000000000000000000 ) ) ;
#2127 = CARTESIAN_POINT ( 'NONE',  ( 0.7800000000000000266, -0.03000000000000000236, 0.0000000000000000000 ) ) ;
#2128 = LINE ( 'NONE', #647, #1284 ) ;
#2129 = CIRCLE ( 'NONE', #1086, 0.2500000000000000000 ) ;
#2130 = VERTEX_POINT ( 'NONE', #669 ) ;
#2131 = PLANE ( 'NONE',  #701 ) ;
#2132 = DIRECTION ( 'NONE',  ( -1.000000000000000000, 0.0000000000000000000, 0.0000000000000000000 ) ) ;
#2133 = ORIENTED_EDGE ( 'NONE', *, *, #1559, .T. ) ;
#2134 = DIRECTION ( 'NONE',  ( -1.000000000000000000, 0.0000000000000000000, 0.0000000000000000000 ) ) ;
#2135 = LINE ( 'NONE', #1531, #3118 ) ;
#2136 = VECTOR ( 'NONE', #1126, 1000.000000000000000 ) ;
#2137 = ORIENTED_EDGE ( 'NONE', *, *, #666, .F. ) ;
#2138 = CIRCLE ( 'NONE', #1899, 0.05000000000000002359 ) ;
#2139 = EDGE_CURVE ( 'NONE', #81, #3479, #1875, .T. ) ;
#2140 = FACE_OUTER_BOUND ( 'NONE', #2168, .T. ) ;
#2141 =( GEOMETRIC_REPRESENTATION_CONTEXT ( 3 ) GLOBAL_UNCERTAINTY_ASSIGNED_CONTEXT ( ( #1391 ) ) GLOBAL_UNIT_ASSIGNED_CONTEXT ( ( #2518, #481, #3699 ) ) REPRESENTATION_CONTEXT ( 'NONE', 'WORKASPACE' ) );
#2142 = ADVANCED_FACE ( 'NONE', ( #111 ), #1253, .F. ) ;
#2143 = SURFACE_SIDE_STYLE ('',( #1222 ) ) ;
#2144 = DIRECTION ( 'NONE',  ( 1.000000000000000000, 0.0000000000000000000, 0.0000000000000000000 ) ) ;
#2145 = ORIENTED_EDGE ( 'NONE', *, *, #3033, .T. ) ;
#2146 = ORIENTED_EDGE ( 'NONE', *, *, #217, .T. ) ;
#2147 = DIRECTION ( 'NONE',  ( 0.0000000000000000000, 0.0000000000000000000, -1.000000000000000000 ) ) ;
#2148 = PRESENTATION_STYLE_ASSIGNMENT (( #118 ) ) ;
#2149 = EDGE_LOOP ( 'NONE', ( #964, #2315, #2454, #1044 ) ) ;
#2150 = CARTESIAN_POINT ( 'NONE',  ( 0.7299999999999999822, -1.020000000000000018, 0.0000000000000000000 ) ) ;
#2151 = DIRECTION ( 'NONE',  ( -1.000000000000000000, 0.0000000000000000000, 0.0000000000000000000 ) ) ;
#2152 = LINE ( 'NONE', #517, #1897 ) ;
#2153 = ORIENTED_EDGE ( 'NONE', *, *, #1039, .T. ) ;
#2154 = ORIENTED_EDGE ( 'NONE', *, *, #2617, .F. ) ;
#2155 = CARTESIAN_POINT ( 'NONE',  ( -0.7299999999999999822, -1.020000000000000018, 0.0000000000000000000 ) ) ;
#2156 =( NAMED_UNIT ( * ) PLANE_ANGLE_UNIT ( ) SI_UNIT ( $, .RADIAN. ) );
#2157 = CYLINDRICAL_SURFACE ( 'NONE', #2266, 0.04999999999999991257 ) ;
#2158 = EDGE_CURVE ( 'NONE', #2584, #3130, #1581, .T. ) ;
#2159 = ORIENTED_EDGE ( 'NONE', *, *, #2872, .T. ) ;
#2160 = DIRECTION ( 'NONE',  ( 1.000000000000000000, 0.0000000000000000000, 0.0000000000000000000 ) ) ;
#2161 = EDGE_LOOP ( 'NONE', ( #1846, #3434, #814, #3223 ) ) ;
#2162 = CARTESIAN_POINT ( 'NONE',  ( -0.7800000000000000266, -1.270000000000000018, 0.05000000000000000278 ) ) ;
#2163 = CARTESIAN_POINT ( 'NONE',  ( 0.7800000000000000266, 0.5699999999999999512, 0.05000000000000000278 ) ) ;
#2164 = DIRECTION ( 'NONE',  ( 1.000000000000000000, 0.0000000000000000000, 0.0000000000000000000 ) ) ;
#2165 = EDGE_LOOP ( 'NONE', ( #2778, #1149, #2798, #2021, #3140, #519, #2945, #821 ) ) ;
#2166 = DIRECTION ( 'NONE',  ( -1.000000000000000000, -1.455304929510743932E-16, 0.0000000000000000000 ) ) ;
#2167 = DIRECTION ( 'NONE',  ( 1.000000000000000000, 0.0000000000000000000, 0.0000000000000000000 ) ) ;
#2168 = EDGE_LOOP ( 'NONE', ( #881, #2215, #804, #1794 ) ) ;
#2169 = AXIS2_PLACEMENT_3D ( 'NONE', #2650, #3470, #19 ) ;
#2170 = CARTESIAN_POINT ( 'NONE',  ( -0.7800000000000000266, -0.4000000000000000222, 0.05000000000000000278 ) ) ;
#2171 = AXIS2_PLACEMENT_3D ( 'NONE', #830, #511, #925 ) ;
#2172 = CARTESIAN_POINT ( 'NONE',  ( -1.219999999999999973, 1.270000000000000018, 0.0000000000000000000 ) ) ;
#2173 = DIRECTION ( 'NONE',  ( 0.0000000000000000000, -1.000000000000000000, 0.0000000000000000000 ) ) ;
#2174 = AXIS2_PLACEMENT_3D ( 'NONE', #1868, #3032, #407 ) ;
#2175 = DIRECTION ( 'NONE',  ( -1.000000000000000000, 0.0000000000000000000, 0.0000000000000000000 ) ) ;
#2176 = PRODUCT_CONTEXT ( 'NONE', #2868, 'mechanical' ) ;
#2177 = MANIFOLD_SOLID_BREP ( 'NONE', #1134 ) ;
#2178 = ORIENTED_EDGE ( 'NONE', *, *, #1108, .T. ) ;
#2179 = COLOUR_RGB ( '',0.7686274509803920907, 0.7686274509803920907, 0.7686274509803920907 ) ;
#2180 = CARTESIAN_POINT ( 'NONE',  ( 1.270000000000000018, 0.2200000000000000011, 0.0000000000000000000 ) ) ;
#2181 = VERTEX_POINT ( 'NONE', #1375 ) ;
#2182 = ADVANCED_FACE ( 'NONE', ( #1648 ), #1047, .T. ) ;
#2183 = AXIS2_PLACEMENT_3D ( 'NONE', #305, #3212, #572 ) ;
#2184 = ADVANCED_FACE ( 'NONE', ( #794 ), #3673, .F. ) ;
#2185 = CARTESIAN_POINT ( 'NONE',  ( 0.7800000000000000266, -0.5999999999999999778, 0.0000000000000000000 ) ) ;
#2186 = AXIS2_PLACEMENT_3D ( 'NONE', #1741, #276, #1455 ) ;
#2187 = ORIENTED_EDGE ( 'NONE', *, *, #1560, .F. ) ;
#2188 = MANIFOLD_SOLID_BREP ( 'NONE', #3294 ) ;
#2189 = CARTESIAN_POINT ( 'NONE',  ( -1.219999999999999973, -0.03000000000000050196, 0.05000000000000000278 ) ) ;
#2190 = EDGE_CURVE ( 'NONE', #3061, #2373, #2129, .T. ) ;
#2191 = VECTOR ( 'NONE', #2508, 1000.000000000000000 ) ;
#2192 = VERTEX_POINT ( 'NONE', #2851 ) ;
#2193 = ORIENTED_EDGE ( 'NONE', *, *, #363, .F. ) ;
#2194 = AXIS2_PLACEMENT_3D ( 'NONE', #709, #3770, #1112 ) ;
#2195 = ORIENTED_EDGE ( 'NONE', *, *, #523, .T. ) ;
#2196 = LINE ( 'NONE', #3668, #2992 ) ;
#2197 = DIRECTION ( 'NONE',  ( -1.000000000000000000, 0.0000000000000000000, 0.0000000000000000000 ) ) ;
#2198 = AXIS2_PLACEMENT_3D ( 'NONE', #1601, #2436, #3625 ) ;
#2199 = DIRECTION ( 'NONE',  ( 0.0000000000000000000, 0.0000000000000000000, 1.000000000000000000 ) ) ;
#2200 = LINE ( 'NONE', #90, #248 ) ;
#2201 = VERTEX_POINT ( 'NONE', #2511 ) ;
#2202 = VECTOR ( 'NONE', #2933, 1000.000000000000000 ) ;
#2203 = CARTESIAN_POINT ( 'NONE',  ( -1.219999999999999973, 0.6199999999999999956, 0.05000000000000000278 ) ) ;
#2204 = ORIENTED_EDGE ( 'NONE', *, *, #2190, .T. ) ;
#2205 = FILL_AREA_STYLE_COLOUR ( '', #3243 ) ;
#2206 = SURFACE_SIDE_STYLE ('',( #3112 ) ) ;
#2207 = VERTEX_POINT ( 'NONE', #221 ) ;
#2208 = EDGE_CURVE ( 'NONE', #3020, #3558, #1401, .T. ) ;
#2209 = CARTESIAN_POINT ( 'NONE',  ( 1.219999999999999973, -0.6500000000000000222, 0.05000000000000000278 ) ) ;
#2210 = VERTEX_POINT ( 'NONE', #1917 ) ;
#2211 = LINE ( 'NONE', #746, #954 ) ;
#2212 = EDGE_CURVE ( 'NONE', #1156, #839, #1000, .T. ) ;
#2213 = EDGE_CURVE ( 'NONE', #3026, #918, #3693, .T. ) ;
#2214 = CARTESIAN_POINT ( 'NONE',  ( -1.489999999999999991, 1.500000000000000000, 0.6999999999999999556 ) ) ;
#2215 = ORIENTED_EDGE ( 'NONE', *, *, #2264, .F. ) ;
#2216 = CARTESIAN_POINT ( 'NONE',  ( 1.219999999999999973, -0.5999999999999999778, 0.0000000000000000000 ) ) ;
#2217 = CARTESIAN_POINT ( 'NONE',  ( -0.7800000000000000266, 0.5699999999999999512, 0.0000000000000000000 ) ) ;
#2218 = CARTESIAN_POINT ( 'NONE',  ( -0.7800000000000000266, 0.2700000000000000178, 0.05000000000000000278 ) ) ;
#2219 = DIRECTION ( 'NONE',  ( 0.0000000000000000000, 0.0000000000000000000, -1.000000000000000000 ) ) ;
#2220 = MANIFOLD_SOLID_BREP ( 'NONE', #583 ) ;
#2221 = ORIENTED_EDGE ( 'NONE', *, *, #2313, .T. ) ;
#2222 = SURFACE_SIDE_STYLE ('',( #2265 ) ) ;
#2223 = ORIENTED_EDGE ( 'NONE', *, *, #2846, .F. ) ;
#2224 = CARTESIAN_POINT ( 'NONE',  ( -1.270000000000000018, 0.2200000000000000011, 0.0000000000000000000 ) ) ;
#2225 = EDGE_LOOP ( 'NONE', ( #2605, #590, #3632, #3664 ) ) ;
#2226 = ORIENTED_EDGE ( 'NONE', *, *, #3705, .F. ) ;
#2227 = CARTESIAN_POINT ( 'NONE',  ( 1.270000000000000018, 0.2200000000000000011, 0.05000000000000000278 ) ) ;
#2228 = CARTESIAN_POINT ( 'NONE',  ( -1.489999999999999991, -1.500000000000000000, 0.05000000000000000278 ) ) ;
#2229 = ORIENTED_EDGE ( 'NONE', *, *, #1108, .F. ) ;
#2230 = DIRECTION ( 'NONE',  ( 0.0000000000000000000, 0.0000000000000000000, 1.000000000000000000 ) ) ;
#2231 = EDGE_CURVE ( 'NONE', #3739, #957, #3221, .T. ) ;
#2232 = EDGE_CURVE ( 'NONE', #1018, #3061, #2068, .T. ) ;
#2233 = DIRECTION ( 'NONE',  ( 0.0000000000000000000, 0.0000000000000000000, -1.000000000000000000 ) ) ;
#2234 = DIRECTION ( 'NONE',  ( 0.0000000000000000000, 0.0000000000000000000, -1.000000000000000000 ) ) ;
#2235 = DIRECTION ( 'NONE',  ( -1.000000000000000000, 0.0000000000000000000, 0.0000000000000000000 ) ) ;
#2236 = MECHANICAL_DESIGN_GEOMETRIC_PRESENTATION_REPRESENTATION (  '', ( #2357 ), #1994 ) ;
#2237 = ORIENTED_EDGE ( 'NONE', *, *, #241, .T. ) ;
#2238 = FACE_OUTER_BOUND ( 'NONE', #2445, .T. ) ;
#2239 = CIRCLE ( 'NONE', #2482, 0.2500000000000000000 ) ;
#2240 = AXIS2_PLACEMENT_3D ( 'NONE', #99, #1264, #347 ) ;
#2241 = ORIENTED_EDGE ( 'NONE', *, *, #2400, .F. ) ;
#2242 = FACE_OUTER_BOUND ( 'NONE', #2539, .T. ) ;
#2243 =( LENGTH_UNIT ( ) NAMED_UNIT ( * ) SI_UNIT ( .MILLI., .METRE. ) );
#2244 = CARTESIAN_POINT ( 'NONE',  ( 0.7299999999999999822, -0.4000000000000000222, 0.05000000000000000278 ) ) ;
#2245 = AXIS2_PLACEMENT_3D ( 'NONE', #2974, #2342, #2058 ) ;
#2246 = EDGE_LOOP ( 'NONE', ( #2813, #544, #1546, #279 ) ) ;
#2247 = EDGE_LOOP ( 'NONE', ( #586, #2821, #1880, #1712 ) ) ;
#2248 =( NAMED_UNIT ( * ) PLANE_ANGLE_UNIT ( ) SI_UNIT ( $, .RADIAN. ) );
#2249 = AXIS2_PLACEMENT_3D ( 'NONE', #149, #3735, #2859 ) ;
#2250 = STYLED_ITEM ( 'NONE', ( #629 ), #2116 ) ;
#2251 = PLANE ( 'NONE',  #1452 ) ;
#2252 = ORIENTED_EDGE ( 'NONE', *, *, #2788, .F. ) ;
#2253 = ORIENTED_EDGE ( 'NONE', *, *, #1491, .F. ) ;
#2254 = PLANE ( 'NONE',  #1951 ) ;
#2255 = VECTOR ( 'NONE', #2032, 1000.000000000000000 ) ;
#2256 = EDGE_CURVE ( 'NONE', #3789, #2577, #584, .T. ) ;
#2257 = VECTOR ( 'NONE', #1609, 1000.000000000000000 ) ;
#2258 = DIRECTION ( 'NONE',  ( 0.0000000000000000000, 0.0000000000000000000, 1.000000000000000000 ) ) ;
#2259 = FILL_AREA_STYLE_COLOUR ( '', #2742 ) ;
#2260 = CARTESIAN_POINT ( 'NONE',  ( -0.7299999999999999822, -1.219999999999999973, 0.05000000000000000278 ) ) ;
#2261 = AXIS2_PLACEMENT_3D ( 'NONE', #3436, #3359, #1584 ) ;
#2262 = EDGE_CURVE ( 'NONE', #1055, #2478, #1209, .T. ) ;
#2263 = ORIENTED_EDGE ( 'NONE', *, *, #1708, .F. ) ;
#2264 = EDGE_CURVE ( 'NONE', #14, #865, #811, .T. ) ;
#2265 = SURFACE_STYLE_FILL_AREA ( #3733 ) ;
#2266 = AXIS2_PLACEMENT_3D ( 'NONE', #2466, #1237, #3640 ) ;
#2267 = ORIENTED_EDGE ( 'NONE', *, *, #3101, .T. ) ;
#2268 = CARTESIAN_POINT ( 'NONE',  ( -0.3750000000000000000, 1.219999999999999973, 0.05000000000000000278 ) ) ;
#2269 = DIRECTION ( 'NONE',  ( 0.0000000000000000000, 0.0000000000000000000, 1.000000000000000000 ) ) ;
#2270 = LINE ( 'NONE', #2841, #3752 ) ;
#2271 = STYLED_ITEM ( 'NONE', ( #2148 ), #3486 ) ;
#2272 = VERTEX_POINT ( 'NONE', #2592 ) ;
#2273 = DIRECTION ( 'NONE',  ( 1.000000000000000000, 0.0000000000000000000, 0.0000000000000000000 ) ) ;
#2274 = EDGE_LOOP ( 'NONE', ( #2732, #3756, #2398, #2416 ) ) ;
#2275 = LINE ( 'NONE', #3684, #1014 ) ;
#2276 = AXIS2_PLACEMENT_3D ( 'NONE', #3371, #2452, #1297 ) ;
#2277 = CARTESIAN_POINT ( 'NONE',  ( -1.219999999999999973, -0.4000000000000000222, 0.0000000000000000000 ) ) ;
#2278 = CARTESIAN_POINT ( 'NONE',  ( 1.219999999999999973, 0.02000000000000000042, 0.0000000000000000000 ) ) ;
#2279 = CARTESIAN_POINT ( 'NONE',  ( -0.7800000000000000266, -1.020000000000000018, 0.05000000000000000278 ) ) ;
#2280 = DIRECTION ( 'NONE',  ( 0.0000000000000000000, 0.0000000000000000000, -1.000000000000000000 ) ) ;
#2281 = VERTEX_POINT ( 'NONE', #1761 ) ;
#2282 = CARTESIAN_POINT ( 'NONE',  ( 1.270000000000000018, 0.2200000000000000011, 0.05000000000000000278 ) ) ;
#2283 = ADVANCED_FACE ( 'NONE', ( #1436 ), #1424, .T. ) ;
#2284 = VERTEX_POINT ( 'NONE', #3187 ) ;
#2285 = PLANE ( 'NONE',  #1263 ) ;
#2286 = CARTESIAN_POINT ( 'NONE',  ( 0.7800000000000000266, 0.02000000000000000042, 0.05000000000000000278 ) ) ;
#2287 = DIRECTION ( 'NONE',  ( 0.0000000000000000000, -1.000000000000000000, 0.0000000000000000000 ) ) ;
#2288 = EDGE_CURVE ( 'NONE', #742, #2284, #1989, .T. ) ;
#2289 = ORIENTED_EDGE ( 'NONE', *, *, #2599, .T. ) ;
#2290 = DIRECTION ( 'NONE',  ( 0.0000000000000000000, 0.0000000000000000000, -1.000000000000000000 ) ) ;
#2291 = EDGE_CURVE ( 'NONE', #2014, #2743, #50, .T. ) ;
#2292 = ORIENTED_EDGE ( 'NONE', *, *, #3309, .F. ) ;
#2293 = CARTESIAN_POINT ( 'NONE',  ( -0.7800000000000000266, -0.9700000000000000844, 0.05000000000000000278 ) ) ;
#2294 = ORIENTED_EDGE ( 'NONE', *, *, #2306, .T. ) ;
#2295 = LINE ( 'NONE', #1682, #479 ) ;
#2296 = LINE ( 'NONE', #1400, #338 ) ;
#2297 = DIRECTION ( 'NONE',  ( -2.026546116795334884E-16, 1.000000000000000000, 0.0000000000000000000 ) ) ;
#2298 = ORIENTED_EDGE ( 'NONE', *, *, #2420, .F. ) ;
#2299 =( NAMED_UNIT ( * ) PLANE_ANGLE_UNIT ( ) SI_UNIT ( $, .RADIAN. ) );
#2300 = ORIENTED_EDGE ( 'NONE', *, *, #916, .T. ) ;
#2301 = DIRECTION ( 'NONE',  ( 0.0000000000000000000, 0.0000000000000000000, -1.000000000000000000 ) ) ;
#2302 = DIRECTION ( 'NONE',  ( 1.000000000000000000, 0.0000000000000000000, 0.0000000000000000000 ) ) ;
#2303 = ORIENTED_EDGE ( 'NONE', *, *, #383, .F. ) ;
#2304 = AXIS2_PLACEMENT_3D ( 'NONE', #2659, #1809, #3467 ) ;
#2305 = DIRECTION ( 'NONE',  ( -0.0000000000000000000, 1.000000000000000000, 0.0000000000000000000 ) ) ;
#2306 = EDGE_CURVE ( 'NONE', #2743, #3300, #886, .T. ) ;
#2307 = EDGE_LOOP ( 'NONE', ( #3114, #2154, #3457, #2456 ) ) ;
#2308 = VECTOR ( 'NONE', #2762, 1000.000000000000000 ) ;
#2309 = CIRCLE ( 'NONE', #2004, 0.05000000000000002359 ) ;
#2310 = ADVANCED_FACE ( 'NONE', ( #3248 ), #3207, .F. ) ;
#2311 = UNCERTAINTY_MEASURE_WITH_UNIT (LENGTH_MEASURE( 1.000000000000000082E-05 ), #3641, 'distance_accuracy_value', 'NONE');
#2312 = DIRECTION ( 'NONE',  ( 0.0000000000000000000, 0.0000000000000000000, 1.000000000000000000 ) ) ;
#2313 = EDGE_CURVE ( 'NONE', #2827, #3047, #3802, .T. ) ;
#2314 =( GEOMETRIC_REPRESENTATION_CONTEXT ( 3 ) GLOBAL_UNCERTAINTY_ASSIGNED_CONTEXT ( ( #3075 ) ) GLOBAL_UNIT_ASSIGNED_CONTEXT ( ( #2802, #171, #539 ) ) REPRESENTATION_CONTEXT ( 'NONE', 'WORKASPACE' ) );
#2315 = ORIENTED_EDGE ( 'NONE', *, *, #1932, .F. ) ;
#2316 = DIRECTION ( 'NONE',  ( -1.000000000000000000, 0.0000000000000000000, 0.0000000000000000000 ) ) ;
#2317 = AXIS2_PLACEMENT_3D ( 'NONE', #55, #930, #2719 ) ;
#2318 = CARTESIAN_POINT ( 'NONE',  ( -1.219999999999999973, -1.020000000000000018, 0.05000000000000000278 ) ) ;
#2319 = MECHANICAL_DESIGN_GEOMETRIC_PRESENTATION_REPRESENTATION (  '', ( #1403 ), #663 ) ;
#2320 = ORIENTED_EDGE ( 'NONE', *, *, #2829, .F. ) ;
#2321 = CYLINDRICAL_SURFACE ( 'NONE', #1004, 0.05000000000000002359 ) ;
#2322 = ORIENTED_EDGE ( 'NONE', *, *, #965, .T. ) ;
#2323 = DIRECTION ( 'NONE',  ( -1.000000000000000000, 0.0000000000000000000, 0.0000000000000000000 ) ) ;
#2324 = CIRCLE ( 'NONE', #1100, 0.2000000000000000944 ) ;
#2325 = DIRECTION ( 'NONE',  ( -0.0000000000000000000, 1.000000000000000000, 0.0000000000000000000 ) ) ;
#2326 = ORIENTED_EDGE ( 'NONE', *, *, #293, .T. ) ;
#2327 = CARTESIAN_POINT ( 'NONE',  ( -1.219999999999999973, -0.6500000000000000222, 0.05000000000000000278 ) ) ;
#2328 = COLOUR_RGB ( '',0.7686274509803920907, 0.7686274509803920907, 0.7686274509803920907 ) ;
#2329 = DIRECTION ( 'NONE',  ( 0.0000000000000000000, 0.0000000000000000000, -1.000000000000000000 ) ) ;
#2330 = VERTEX_POINT ( 'NONE', #2155 ) ;
#2331 = ADVANCED_FACE ( 'NONE', ( #2140 ), #1234, .F. ) ;
#2332 = CARTESIAN_POINT ( 'NONE',  ( 1.050000000000000044, 0.6199999999999999956, 0.6999999999999999556 ) ) ;
#2333 = EDGE_CURVE ( 'NONE', #1572, #2375, #1552, .T. ) ;
#2334 = VERTEX_POINT ( 'NONE', #1836 ) ;
#2335 = VERTEX_POINT ( 'NONE', #3344 ) ;
#2336 = DIRECTION ( 'NONE',  ( 0.0000000000000000000, 0.0000000000000000000, -1.000000000000000000 ) ) ;
#2337 = DIRECTION ( 'NONE',  ( 0.0000000000000000000, 0.0000000000000000000, -1.000000000000000000 ) ) ;
#2338 = FACE_OUTER_BOUND ( 'NONE', #3642, .T. ) ;
#2339 = VERTEX_POINT ( 'NONE', #1218 ) ;
#2340 = CARTESIAN_POINT ( 'NONE',  ( 1.050000000000000044, 0.8199999999999999512, 0.6999999999999999556 ) ) ;
#2341 = VERTEX_POINT ( 'NONE', #2683 ) ;
#2342 = DIRECTION ( 'NONE',  ( 0.0000000000000000000, 0.0000000000000000000, 1.000000000000000000 ) ) ;
#2343 = LINE ( 'NONE', #1449, #1192 ) ;
#2344 = ORIENTED_EDGE ( 'NONE', *, *, #2961, .T. ) ;
#2345 = CARTESIAN_POINT ( 'NONE',  ( 1.219999999999999973, -0.9700000000000000844, 0.05000000000000000278 ) ) ;
#2346 = EDGE_CURVE ( 'NONE', #1666, #2673, #70, .T. ) ;
#2347 = DIRECTION ( 'NONE',  ( 1.000000000000000000, 0.0000000000000000000, 0.0000000000000000000 ) ) ;
#2348 = EDGE_CURVE ( 'NONE', #152, #2281, #2735, .T. ) ;
#2349 = VERTEX_POINT ( 'NONE', #983 ) ;
#2350 = CARTESIAN_POINT ( 'NONE',  ( 1.219999999999999973, 1.270000000000000018, 0.0000000000000000000 ) ) ;
#2351 = ADVANCED_FACE ( 'NONE', ( #2391 ), #2012, .F. ) ;
#2352 = DIRECTION ( 'NONE',  ( 0.0000000000000000000, 0.0000000000000000000, -1.000000000000000000 ) ) ;
#2353 = DIRECTION ( 'NONE',  ( 0.0000000000000000000, 0.0000000000000000000, 1.000000000000000000 ) ) ;
#2354 = DIRECTION ( 'NONE',  ( 0.0000000000000000000, 0.0000000000000000000, -1.000000000000000000 ) ) ;
#2355 = EDGE_LOOP ( 'NONE', ( #375, #3252, #1762, #1298 ) ) ;
#2356 = FACE_OUTER_BOUND ( 'NONE', #225, .T. ) ;
#2357 = STYLED_ITEM ( 'NONE', ( #87 ), #927 ) ;
#2358 = EDGE_LOOP ( 'NONE', ( #2595, #1406, #453, #3431 ) ) ;
#2359 = DIRECTION ( 'NONE',  ( 0.0000000000000000000, 0.0000000000000000000, 1.000000000000000000 ) ) ;
#2360 = FILL_AREA_STYLE ('',( #3239 ) ) ;
#2361 = AXIS2_PLACEMENT_3D ( 'NONE', #2083, #2573, #28 ) ;
#2362 = DIRECTION ( 'NONE',  ( 0.0000000000000000000, 0.0000000000000000000, 1.000000000000000000 ) ) ;
#2363 = ORIENTED_EDGE ( 'NONE', *, *, #984, .T. ) ;
#2364 = CYLINDRICAL_SURFACE ( 'NONE', #2171, 0.04999999999999991257 ) ;
#2365 = VECTOR ( 'NONE', #194, 1000.000000000000000 ) ;
#2366 = STYLED_ITEM ( 'NONE', ( #257 ), #146 ) ;
#2367 = DIRECTION ( 'NONE',  ( 1.000000000000000000, 0.0000000000000000000, 0.0000000000000000000 ) ) ;
#2368 = AXIS2_PLACEMENT_3D ( 'NONE', #1940, #743, #1616 ) ;
#2369 = VECTOR ( 'NONE', #617, 1000.000000000000000 ) ;
#2370 = CARTESIAN_POINT ( 'NONE',  ( 0.7299999999999999822, 1.219999999999999973, 0.05000000000000000278 ) ) ;
#2371 = CIRCLE ( 'NONE', #1265, 0.05000000000000002359 ) ;
#2372 = ADVANCED_FACE ( 'NONE', ( #3556 ), #392, .T. ) ;
#2373 = VERTEX_POINT ( 'NONE', #3576 ) ;
#2374 = DIRECTION ( 'NONE',  ( 0.0000000000000000000, 0.0000000000000000000, -1.000000000000000000 ) ) ;
#2375 = VERTEX_POINT ( 'NONE', #1872 ) ;
#2376 = FACE_OUTER_BOUND ( 'NONE', #3153, .T. ) ;
#2377 = DIRECTION ( 'NONE',  ( 0.0000000000000000000, -1.000000000000000000, 0.0000000000000000000 ) ) ;
#2378 = CARTESIAN_POINT ( 'NONE',  ( 0.7800000000000000266, -0.5999999999999999778, 0.05000000000000000278 ) ) ;
#2379 = ADVANCED_FACE ( 'NONE', ( #3005 ), #2103, .T. ) ;
#2380 = VERTEX_POINT ( 'NONE', #30 ) ;
#2381 = DIRECTION ( 'NONE',  ( -1.000000000000000000, 0.0000000000000000000, 0.0000000000000000000 ) ) ;
#2382 = EDGE_LOOP ( 'NONE', ( #3552, #2253, #3766, #2564 ) ) ;
#2383 = DIRECTION ( 'NONE',  ( -1.000000000000000000, -4.130293990420970376E-16, 0.0000000000000000000 ) ) ;
#2384 = DIRECTION ( 'NONE',  ( 1.000000000000000000, 0.0000000000000000000, 0.0000000000000000000 ) ) ;
#2385 = VECTOR ( 'NONE', #1807, 1000.000000000000000 ) ;
#2386 = CYLINDRICAL_SURFACE ( 'NONE', #1257, 0.04999999999999991257 ) ;
#2387 = FACE_OUTER_BOUND ( 'NONE', #2665, .T. ) ;
#2388 = AXIS2_PLACEMENT_3D ( 'NONE', #1001, #1900, #73 ) ;
#2389 = DIRECTION ( 'NONE',  ( 0.0000000000000000000, -1.000000000000000000, 0.0000000000000000000 ) ) ;
#2390 = VECTOR ( 'NONE', #2287, 1000.000000000000000 ) ;
#2391 = FACE_OUTER_BOUND ( 'NONE', #1638, .T. ) ;
#2392 = DIRECTION ( 'NONE',  ( 0.0000000000000000000, 0.0000000000000000000, 1.000000000000000000 ) ) ;
#2393 = DIRECTION ( 'NONE',  ( 1.000000000000000000, 0.0000000000000000000, 0.0000000000000000000 ) ) ;
#2394 = CARTESIAN_POINT ( 'NONE',  ( -1.250000000000000000, 1.050000000000000044, 0.6500000000000000222 ) ) ;
#2395 = ORIENTED_EDGE ( 'NONE', *, *, #3772, .T. ) ;
#2396 = EDGE_CURVE ( 'NONE', #81, #304, #3286, .T. ) ;
#2397 = DIRECTION ( 'NONE',  ( -1.000000000000000000, 0.0000000000000000000, 0.0000000000000000000 ) ) ;
#2398 = ORIENTED_EDGE ( 'NONE', *, *, #2333, .F. ) ;
#2399 = FILL_AREA_STYLE_COLOUR ( '', #649 ) ;
#2400 = EDGE_CURVE ( 'NONE', #839, #1784, #1148, .T. ) ;
#2401 = FACE_OUTER_BOUND ( 'NONE', #1529, .T. ) ;
#2402 = VERTEX_POINT ( 'NONE', #3269 ) ;
#2403 = DIRECTION ( 'NONE',  ( 0.0000000000000000000, 0.0000000000000000000, -1.000000000000000000 ) ) ;
#2404 = CYLINDRICAL_SURFACE ( 'NONE', #2814, 0.04999999999999991257 ) ;
#2405 = ORIENTED_EDGE ( 'NONE', *, *, #2622, .F. ) ;
#2406 = DIRECTION ( 'NONE',  ( 0.0000000000000000000, 0.0000000000000000000, -1.000000000000000000 ) ) ;
#2407 = DIRECTION ( 'NONE',  ( 0.0000000000000000000, 0.0000000000000000000, 1.000000000000000000 ) ) ;
#2408 = DIRECTION ( 'NONE',  ( -1.000000000000000000, 0.0000000000000000000, 0.0000000000000000000 ) ) ;
#2409 = FACE_OUTER_BOUND ( 'NONE', #1419, .T. ) ;
#2410 = ORIENTED_EDGE ( 'NONE', *, *, #1606, .F. ) ;
#2411 = CARTESIAN_POINT ( 'NONE',  ( 1.270000000000000018, 0.2200000000000000011, 0.05000000000000000278 ) ) ;
#2412 = DIRECTION ( 'NONE',  ( -1.000000000000000000, 0.0000000000000000000, 0.0000000000000000000 ) ) ;
#2413 = LINE ( 'NONE', #2997, #2443 ) ;
#2414 = ORIENTED_EDGE ( 'NONE', *, *, #2725, .T. ) ;
#2415 = EDGE_CURVE ( 'NONE', #2781, #549, #1799, .T. ) ;
#2416 = ORIENTED_EDGE ( 'NONE', *, *, #1320, .T. ) ;
#2417 = DIRECTION ( 'NONE',  ( -1.000000000000000000, 0.0000000000000000000, 0.0000000000000000000 ) ) ;
#2418 = DIRECTION ( 'NONE',  ( 0.0000000000000000000, -1.000000000000000000, 0.0000000000000000000 ) ) ;
#2419 = EDGE_CURVE ( 'NONE', #3501, #3647, #3308, .T. ) ;
#2420 = EDGE_CURVE ( 'NONE', #83, #1022, #3795, .T. ) ;
#2421 = ORIENTED_EDGE ( 'NONE', *, *, #2768, .F. ) ;
#2422 = CIRCLE ( 'NONE', #2914, 0.05000000000000002359 ) ;
#2423 = CIRCLE ( 'NONE', #3039, 0.04999999999999991257 ) ;
#2424 = DIRECTION ( 'NONE',  ( 1.000000000000000000, 0.0000000000000000000, 0.0000000000000000000 ) ) ;
#2425 = AXIS2_PLACEMENT_3D ( 'NONE', #545, #788, #3401 ) ;
#2426 = AXIS2_PLACEMENT_3D ( 'NONE', #2807, #1676, #176 ) ;
#2427 = DIRECTION ( 'NONE',  ( 0.0000000000000000000, 0.0000000000000000000, 1.000000000000000000 ) ) ;
#2428 = LINE ( 'NONE', #680, #849 ) ;
#2429 =( NAMED_UNIT ( * ) SI_UNIT ( $, .STERADIAN. ) SOLID_ANGLE_UNIT ( ) );
#2430 = CIRCLE ( 'NONE', #2183, 0.05000000000000002359 ) ;
#2431 = ORIENTED_EDGE ( 'NONE', *, *, #1658, .T. ) ;
#2432 = CARTESIAN_POINT ( 'NONE',  ( -1.050000000000000044, 0.8199999999999999512, 0.6500000000000000222 ) ) ;
#2433 = ORIENTED_EDGE ( 'NONE', *, *, #1980, .T. ) ;
#2434 = DIRECTION ( 'NONE',  ( 0.0000000000000000000, -1.000000000000000000, 0.0000000000000000000 ) ) ;
#2435 = VECTOR ( 'NONE', #769, 1000.000000000000000 ) ;
#2436 = DIRECTION ( 'NONE',  ( 0.0000000000000000000, -1.000000000000000000, 0.0000000000000000000 ) ) ;
#2437 = DIRECTION ( 'NONE',  ( 0.0000000000000000000, 0.0000000000000000000, 1.000000000000000000 ) ) ;
#2438 = VERTEX_POINT ( 'NONE', #1193 ) ;
#2439 = DIRECTION ( 'NONE',  ( -1.000000000000000000, 0.0000000000000000000, 0.0000000000000000000 ) ) ;
#2440 = CARTESIAN_POINT ( 'NONE',  ( -1.489999999999999991, -1.489999999999999991, 0.05000000000000000278 ) ) ;
#2441 = AXIS2_PLACEMENT_3D ( 'NONE', #3213, #2353, #1767 ) ;
#2442 = ORIENTED_EDGE ( 'NONE', *, *, #770, .T. ) ;
#2443 = VECTOR ( 'NONE', #313, 1000.000000000000000 ) ;
#2444 = EDGE_CURVE ( 'NONE', #3439, #1729, #1534, .T. ) ;
#2445 = EDGE_LOOP ( 'NONE', ( #1098, #3783, #1439, #3070 ) ) ;
#2446 = DIRECTION ( 'NONE',  ( 0.0000000000000000000, 1.000000000000000000, 0.0000000000000000000 ) ) ;
#2447 = EDGE_CURVE ( 'NONE', #2895, #3017, #626, .T. ) ;
#2448 = AXIS2_PLACEMENT_3D ( 'NONE', #1210, #1229, #2059 ) ;
#2449 = CARTESIAN_POINT ( 'NONE',  ( -0.7800000000000000266, -1.020000000000000018, 0.05000000000000000278 ) ) ;
#2450 = DIRECTION ( 'NONE',  ( 0.0000000000000000000, 0.0000000000000000000, -1.000000000000000000 ) ) ;
#2451 = CARTESIAN_POINT ( 'NONE',  ( 1.250000000000000000, 1.050000000000000044, 0.6500000000000000222 ) ) ;
#2452 = DIRECTION ( 'NONE',  ( 0.0000000000000000000, 0.0000000000000000000, 1.000000000000000000 ) ) ;
#2453 = EDGE_LOOP ( 'NONE', ( #3144, #1883, #862, #27 ) ) ;
#2454 = ORIENTED_EDGE ( 'NONE', *, *, #2346, .F. ) ;
#2455 = CARTESIAN_POINT ( 'NONE',  ( -1.219999999999999973, 0.5699999999999999512, 0.05000000000000000278 ) ) ;
#2456 = ORIENTED_EDGE ( 'NONE', *, *, #870, .T. ) ;
#2457 = CARTESIAN_POINT ( 'NONE',  ( -0.3250000000000000111, -1.219999999999999973, 0.05000000000000000278 ) ) ;
#2458 = ORIENTED_EDGE ( 'NONE', *, *, #1844, .F. ) ;
#2459 = DIRECTION ( 'NONE',  ( 0.0000000000000000000, 0.0000000000000000000, 1.000000000000000000 ) ) ;
#2460 = SURFACE_STYLE_FILL_AREA ( #122 ) ;
#2461 = ORIENTED_EDGE ( 'NONE', *, *, #3583, .T. ) ;
#2462 = DIRECTION ( 'NONE',  ( 1.000000000000000000, 0.0000000000000000000, 0.0000000000000000000 ) ) ;
#2463 = EDGE_CURVE ( 'NONE', #399, #1721, #664, .T. ) ;
#2464 = LINE ( 'NONE', #2771, #2733 ) ;
#2465 = DIRECTION ( 'NONE',  ( 1.000000000000000000, 0.0000000000000000000, 0.0000000000000000000 ) ) ;
#2466 = CARTESIAN_POINT ( 'NONE',  ( 1.219999999999999973, 1.219999999999999973, 0.05000000000000000278 ) ) ;
#2467 = ADVANCED_FACE ( 'NONE', ( #3079 ), #3708, .T. ) ;
#2468 = VERTEX_POINT ( 'NONE', #1949 ) ;
#2469 = EDGE_CURVE ( 'NONE', #1788, #3048, #1063, .T. ) ;
#2470 = CARTESIAN_POINT ( 'NONE',  ( -0.7299999999999999822, -0.4000000000000000222, 0.05000000000000000278 ) ) ;
#2471 = ORIENTED_EDGE ( 'NONE', *, *, #2964, .T. ) ;
#2472 = SURFACE_STYLE_FILL_AREA ( #3014 ) ;
#2473 = DIRECTION ( 'NONE',  ( 0.0000000000000000000, 0.0000000000000000000, -1.000000000000000000 ) ) ;
#2474 = DIRECTION ( 'NONE',  ( 0.0000000000000000000, 0.0000000000000000000, -1.000000000000000000 ) ) ;
#2475 = ORIENTED_EDGE ( 'NONE', *, *, #1294, .F. ) ;
#2476 = DIRECTION ( 'NONE',  ( -1.000000000000000000, 0.0000000000000000000, 0.0000000000000000000 ) ) ;
#2477 = EDGE_LOOP ( 'NONE', ( #3233, #2505, #1460, #2698 ) ) ;
#2478 = VERTEX_POINT ( 'NONE', #1589 ) ;
#2479 = CIRCLE ( 'NONE', #823, 0.04999999999999991257 ) ;
#2480 = ORIENTED_EDGE ( 'NONE', *, *, #3350, .T. ) ;
#2481 = DIRECTION ( 'NONE',  ( -1.000000000000000000, 0.0000000000000000000, 0.0000000000000000000 ) ) ;
#2482 = AXIS2_PLACEMENT_3D ( 'NONE', #980, #658, #1019 ) ;
#2483 = AXIS2_PLACEMENT_3D ( 'NONE', #2959, #2362, #622 ) ;
#2484 = PLANE ( 'NONE',  #1191 ) ;
#2485 =( NAMED_UNIT ( * ) PLANE_ANGLE_UNIT ( ) SI_UNIT ( $, .RADIAN. ) );
#2486 = AXIS2_PLACEMENT_3D ( 'NONE', #78, #2745, #936 ) ;
#2487 = CARTESIAN_POINT ( 'NONE',  ( -1.270000000000000018, -1.020000000000000018, 0.0000000000000000000 ) ) ;
#2488 = DIRECTION ( 'NONE',  ( 1.000000000000000000, 0.0000000000000000000, 0.0000000000000000000 ) ) ;
#2489 = AXIS2_PLACEMENT_3D ( 'NONE', #3199, #3259, #3547 ) ;
#2490 = ADVANCED_FACE ( 'NONE', ( #1896 ), #447, .F. ) ;
#2491 = ORIENTED_EDGE ( 'NONE', *, *, #1370, .F. ) ;
#2492 = CARTESIAN_POINT ( 'NONE',  ( 0.3750000000000000000, 1.219999999999999973, 0.05000000000000000278 ) ) ;
#2493 = EDGE_CURVE ( 'NONE', #193, #2923, #413, .T. ) ;
#2494 = ORIENTED_EDGE ( 'NONE', *, *, #1559, .F. ) ;
#2495 = CARTESIAN_POINT ( 'NONE',  ( -1.219999999999999973, 1.219999999999999973, 0.05000000000000000278 ) ) ;
#2496 = DIRECTION ( 'NONE',  ( -1.000000000000000000, 0.0000000000000000000, 0.0000000000000000000 ) ) ;
#2497 = ADVANCED_FACE ( 'NONE', ( #432 ), #1645, .T. ) ;
#2498 = AXIS2_PLACEMENT_3D ( 'NONE', #949, #2126, #2465 ) ;
#2499 = ORIENTED_EDGE ( 'NONE', *, *, #2493, .T. ) ;
#2500 = CARTESIAN_POINT ( 'NONE',  ( -0.7800000000000000266, -0.4000000000000000222, 0.0000000000000000000 ) ) ;
#2501 = VECTOR ( 'NONE', #320, 1000.000000000000000 ) ;
#2502 = ORIENTED_EDGE ( 'NONE', *, *, #243, .F. ) ;
#2503 = FACE_OUTER_BOUND ( 'NONE', #23, .T. ) ;
#2504 = AXIS2_PLACEMENT_3D ( 'NONE', #581, #1758, #216 ) ;
#2505 = ORIENTED_EDGE ( 'NONE', *, *, #1516, .F. ) ;
#2506 = ORIENTED_EDGE ( 'NONE', *, *, #2983, .F. ) ;
#2507 = PRESENTATION_LAYER_ASSIGNMENT (  '', '', ( #785 ) ) ;
#2508 = DIRECTION ( 'NONE',  ( 0.0000000000000000000, 0.0000000000000000000, -1.000000000000000000 ) ) ;
#2509 = VECTOR ( 'NONE', #774, 1000.000000000000000 ) ;
#2510 = DIRECTION ( 'NONE',  ( 1.000000000000000000, 0.0000000000000000000, 0.0000000000000000000 ) ) ;
#2511 = CARTESIAN_POINT ( 'NONE',  ( 1.250000000000000000, 0.8199999999999999512, 0.6500000000000000222 ) ) ;
#2512 = DIRECTION ( 'NONE',  ( 0.0000000000000000000, 0.0000000000000000000, -1.000000000000000000 ) ) ;
#2513 = FILL_AREA_STYLE ('',( #3009 ) ) ;
#2514 = ORIENTED_EDGE ( 'NONE', *, *, #3354, .T. ) ;
#2515 = CARTESIAN_POINT ( 'NONE',  ( 1.270000000000000018, -1.020000000000000018, 0.05000000000000000278 ) ) ;
#2516 = ORIENTED_EDGE ( 'NONE', *, *, #1888, .F. ) ;
#2517 = DIRECTION ( 'NONE',  ( 0.0000000000000000000, -1.000000000000000000, 0.0000000000000000000 ) ) ;
#2518 =( LENGTH_UNIT ( ) NAMED_UNIT ( * ) SI_UNIT ( .MILLI., .METRE. ) );
#2519 = EDGE_CURVE ( 'NONE', #3773, #1662, #3800, .T. ) ;
#2520 = EDGE_LOOP ( 'NONE', ( #2499, #3405, #3260, #3411 ) ) ;
#2521 = LINE ( 'NONE', #3740, #1881 ) ;
#2522 = EDGE_CURVE ( 'NONE', #677, #1136, #2546, .T. ) ;
#2523 = EDGE_LOOP ( 'NONE', ( #915, #3798, #475, #1743 ) ) ;
#2524 = EDGE_CURVE ( 'NONE', #3237, #3349, #1667, .T. ) ;
#2525 = LINE ( 'NONE', #2293, #1010 ) ;
#2526 = ORIENTED_EDGE ( 'NONE', *, *, #3749, .F. ) ;
#2527 = CARTESIAN_POINT ( 'NONE',  ( 1.219999999999999973, -0.4000000000000000222, 0.0000000000000000000 ) ) ;
#2528 = CARTESIAN_POINT ( 'NONE',  ( -0.7800000000000000266, -1.219999999999999973, 0.0000000000000000000 ) ) ;
#2529 = PRESENTATION_STYLE_ASSIGNMENT (( #1356 ) ) ;
#2530 = DIRECTION ( 'NONE',  ( 0.0000000000000000000, 0.0000000000000000000, -1.000000000000000000 ) ) ;
#2531 = ORIENTED_EDGE ( 'NONE', *, *, #3681, .F. ) ;
#2532 = CARTESIAN_POINT ( 'NONE',  ( -1.270000000000000018, 0.6199999999999999956, 0.05000000000000000278 ) ) ;
#2533 = VERTEX_POINT ( 'NONE', #3365 ) ;
#2534 = DIRECTION ( 'NONE',  ( 0.0000000000000000000, 0.0000000000000000000, 1.000000000000000000 ) ) ;
#2535 = SURFACE_SIDE_STYLE ('',( #2460 ) ) ;
#2536 = LINE ( 'NONE', #2901, #365 ) ;
#2537 = ORIENTED_EDGE ( 'NONE', *, *, #1654, .F. ) ;
#2538 = DIRECTION ( 'NONE',  ( 0.0000000000000000000, -1.000000000000000000, 0.0000000000000000000 ) ) ;
#2539 = EDGE_LOOP ( 'NONE', ( #2767, #2506, #1326, #599 ) ) ;
#2540 = FILL_AREA_STYLE_COLOUR ( '', #2856 ) ;
#2541 = EDGE_CURVE ( 'NONE', #1156, #25, #3063, .T. ) ;
#2542 = UNCERTAINTY_MEASURE_WITH_UNIT (LENGTH_MEASURE( 1.000000000000000082E-05 ), #385, 'distance_accuracy_value', 'NONE');
#2543 = LINE ( 'NONE', #526, #3364 ) ;
#2544 = ORIENTED_EDGE ( 'NONE', *, *, #3638, .T. ) ;
#2545 = EDGE_CURVE ( 'NONE', #3620, #576, #2196, .T. ) ;
#2546 = LINE ( 'NONE', #3421, #781 ) ;
#2547 = EDGE_CURVE ( 'NONE', #3386, #3209, #2926, .T. ) ;
#2548 = VECTOR ( 'NONE', #2015, 1000.000000000000000 ) ;
#2549 = CARTESIAN_POINT ( 'NONE',  ( -1.050000000000000044, 0.02000000000000025369, 0.6999999999999999556 ) ) ;
#2550 = DIRECTION ( 'NONE',  ( -1.000000000000000000, 0.0000000000000000000, 0.0000000000000000000 ) ) ;
#2551 = FACE_OUTER_BOUND ( 'NONE', #2036, .T. ) ;
#2552 = AXIS2_PLACEMENT_3D ( 'NONE', #1235, #2407, #3593 ) ;
#2553 = CLOSED_SHELL ( 'NONE', ( #1625, #266, #922, #1427, #1913, #2794, #3658, #139, #1814, #429, #2986, #1438, #1798, #2116, #1911, #2711, #246, #480, #146, #1446, #1817, #2610, #1036, #943, #2331, #2351, #3704, #3426 ) ) ;
#2554 = ORIENTED_EDGE ( 'NONE', *, *, #1701, .T. ) ;
#2555 = LINE ( 'NONE', #741, #2679 ) ;
#2556 = VECTOR ( 'NONE', #635, 1000.000000000000000 ) ;
#2557 = AXIS2_PLACEMENT_3D ( 'NONE', #3627, #1850, #3016 ) ;
#2558 = VERTEX_POINT ( 'NONE', #2815 ) ;
#2559 = DIRECTION ( 'NONE',  ( -1.000000000000000000, 0.0000000000000000000, 0.0000000000000000000 ) ) ;
#2560 = LINE ( 'NONE', #1287, #356 ) ;
#2561 = FACE_OUTER_BOUND ( 'NONE', #3702, .T. ) ;
#2562 = CIRCLE ( 'NONE', #2249, 0.2500000000000000000 ) ;
#2563 = AXIS2_PLACEMENT_3D ( 'NONE', #2955, #325, #1207 ) ;
#2564 = ORIENTED_EDGE ( 'NONE', *, *, #1175, .T. ) ;
#2565 = CARTESIAN_POINT ( 'NONE',  ( 1.270000000000000018, -1.219999999999999973, 0.05000000000000000278 ) ) ;
#2566 = ORIENTED_EDGE ( 'NONE', *, *, #2469, .F. ) ;
#2567 = VECTOR ( 'NONE', #2173, 1000.000000000000000 ) ;
#2568 = FACE_OUTER_BOUND ( 'NONE', #3169, .T. ) ;
#2569 = ORIENTED_EDGE ( 'NONE', *, *, #770, .F. ) ;
#2570 =( LENGTH_UNIT ( ) NAMED_UNIT ( * ) SI_UNIT ( .MILLI., .METRE. ) );
#2571 = EDGE_CURVE ( 'NONE', #3489, #3597, #172, .T. ) ;
#2572 = PRESENTATION_LAYER_ASSIGNMENT (  '', '', ( #1403 ) ) ;
#2573 = DIRECTION ( 'NONE',  ( -0.0000000000000000000, 1.000000000000000000, 0.0000000000000000000 ) ) ;
#2574 = ADVANCED_FACE ( 'NONE', ( #161 ), #2254, .F. ) ;
#2575 =( NAMED_UNIT ( * ) PLANE_ANGLE_UNIT ( ) SI_UNIT ( $, .RADIAN. ) );
#2576 = CIRCLE ( 'NONE', #1216, 0.1999999999999999833 ) ;
#2577 = VERTEX_POINT ( 'NONE', #1083 ) ;
#2578 = DIRECTION ( 'NONE',  ( -1.000000000000000000, 0.0000000000000000000, 0.0000000000000000000 ) ) ;
#2579 = ORIENTED_EDGE ( 'NONE', *, *, #3797, .T. ) ;
#2580 = DIRECTION ( 'NONE',  ( 0.0000000000000000000, 0.0000000000000000000, 1.000000000000000000 ) ) ;
#2581 = DIRECTION ( 'NONE',  ( 0.0000000000000000000, 0.0000000000000000000, -1.000000000000000000 ) ) ;
#2582 = DIRECTION ( 'NONE',  ( 0.0000000000000000000, 0.0000000000000000000, -1.000000000000000000 ) ) ;
#2583 = AXIS2_PLACEMENT_3D ( 'NONE', #2613, #802, #2039 ) ;
#2584 = VERTEX_POINT ( 'NONE', #3447 ) ;
#2585 = PRESENTATION_STYLE_ASSIGNMENT (( #1366 ) ) ;
#2586 = FACE_OUTER_BOUND ( 'NONE', #3476, .T. ) ;
#2587 = UNCERTAINTY_MEASURE_WITH_UNIT (LENGTH_MEASURE( 1.000000000000000082E-05 ), #2243, 'distance_accuracy_value', 'NONE');
#2588 = CARTESIAN_POINT ( 'NONE',  ( -0.3250000000000000111, 1.270000000000000018, 0.05000000000000000278 ) ) ;
#2589 = EDGE_LOOP ( 'NONE', ( #2178, #2888, #3211, #3573 ) ) ;
#2590 = CARTESIAN_POINT ( 'NONE',  ( -1.270000000000000018, -0.4000000000000000222, 0.0000000000000000000 ) ) ;
#2591 = CARTESIAN_POINT ( 'NONE',  ( 1.250000000000000000, 0.8199999999999999512, 0.6999999999999999556 ) ) ;
#2592 = CARTESIAN_POINT ( 'NONE',  ( -1.489999999999999991, 1.500000000000000000, 0.05000000000000000278 ) ) ;
#2593 = EDGE_LOOP ( 'NONE', ( #2221, #204, #2263, #1905 ) ) ;
#2594 = CARTESIAN_POINT ( 'NONE',  ( -0.7299999999999999822, 1.219999999999999973, 0.0000000000000000000 ) ) ;
#2595 = ORIENTED_EDGE ( 'NONE', *, *, #1230, .T. ) ;
#2596 = CYLINDRICAL_SURFACE ( 'NONE', #655, 0.01000000000000002623 ) ;
#2597 = PLANE ( 'NONE',  #2194 ) ;
#2598 = EDGE_CURVE ( 'NONE', #1103, #3581, #1332, .T. ) ;
#2599 = EDGE_CURVE ( 'NONE', #1974, #3107, #3648, .T. ) ;
#2600 = ORIENTED_EDGE ( 'NONE', *, *, #1275, .F. ) ;
#2601 = DIRECTION ( 'NONE',  ( -1.000000000000000000, 0.0000000000000000000, 0.0000000000000000000 ) ) ;
#2602 = ORIENTED_EDGE ( 'NONE', *, *, #3232, .F. ) ;
#2603 = FACE_OUTER_BOUND ( 'NONE', #1365, .T. ) ;
#2604 = DIRECTION ( 'NONE',  ( 0.0000000000000000000, 0.0000000000000000000, -1.000000000000000000 ) ) ;
#2605 = ORIENTED_EDGE ( 'NONE', *, *, #3229, .T. ) ;
#2606 = DIRECTION ( 'NONE',  ( 0.0000000000000000000, 0.0000000000000000000, 1.000000000000000000 ) ) ;
#2607 = VERTEX_POINT ( 'NONE', #1354 ) ;
#2608 = ORIENTED_EDGE ( 'NONE', *, *, #2599, .F. ) ;
#2609 = CARTESIAN_POINT ( 'NONE',  ( -1.219999999999999973, 1.270000000000000018, 0.05000000000000000278 ) ) ;
#2610 = ADVANCED_FACE ( 'NONE', ( #3690 ), #1026, .F. ) ;
#2611 = CIRCLE ( 'NONE', #946, 0.04999999999999991257 ) ;
#2612 = DIRECTION ( 'NONE',  ( 0.0000000000000000000, 0.0000000000000000000, -1.000000000000000000 ) ) ;
#2613 = CARTESIAN_POINT ( 'NONE',  ( 1.219999999999999973, 0.2200000000000000011, 0.05000000000000000278 ) ) ;
#2614 = AXIS2_PLACEMENT_3D ( 'NONE', #1392, #1926, #3706 ) ;
#2615 = ORIENTED_EDGE ( 'NONE', *, *, #3636, .T. ) ;
#2616 = VECTOR ( 'NONE', #705, 1000.000000000000000 ) ;
#2617 = EDGE_CURVE ( 'NONE', #3501, #3013, #1420, .T. ) ;
#2618 = VECTOR ( 'NONE', #1231, 1000.000000000000000 ) ;
#2619 = DIRECTION ( 'NONE',  ( 1.000000000000000000, -1.032573497605241854E-16, 0.0000000000000000000 ) ) ;
#2620 = ORIENTED_EDGE ( 'NONE', *, *, #2213, .F. ) ;
#2621 = DIRECTION ( 'NONE',  ( 0.0000000000000000000, 0.0000000000000000000, -1.000000000000000000 ) ) ;
#2622 = EDGE_CURVE ( 'NONE', #3489, #1395, #510, .T. ) ;
#2623 = AXIS2_PLACEMENT_3D ( 'NONE', #1228, #3375, #2412 ) ;
#2624 = COLOUR_RGB ( '',1.000000000000000000, 0.9372549019607843146, 0.1372549019607843257 ) ;
#2625 = UNCERTAINTY_MEASURE_WITH_UNIT (LENGTH_MEASURE( 1.000000000000000082E-05 ), #2570, 'distance_accuracy_value', 'NONE');
#2626 = PLANE ( 'NONE',  #1999 ) ;
#2627 = AXIS2_PLACEMENT_3D ( 'NONE', #780, #3698, #2534 ) ;
#2628 = ORIENTED_EDGE ( 'NONE', *, *, #2031, .F. ) ;
#2629 = ORIENTED_EDGE ( 'NONE', *, *, #2396, .F. ) ;
#2630 =( LENGTH_UNIT ( ) NAMED_UNIT ( * ) SI_UNIT ( .MILLI., .METRE. ) );
#2631 = ORIENTED_EDGE ( 'NONE', *, *, #751, .F. ) ;
#2632 = FACE_OUTER_BOUND ( 'NONE', #1765, .T. ) ;
#2633 = AXIS2_PLACEMENT_3D ( 'NONE', #607, #2947, #1363 ) ;
#2634 = DIRECTION ( 'NONE',  ( -1.000000000000000000, 0.0000000000000000000, 0.0000000000000000000 ) ) ;
#2635 = EDGE_LOOP ( 'NONE', ( #3387, #3661, #1074, #2645 ) ) ;
#2636 = CIRCLE ( 'NONE', #1474, 0.05000000000000002359 ) ;
#2637 = CARTESIAN_POINT ( 'NONE',  ( 1.219999999999999973, -0.6500000000000000222, 0.05000000000000000278 ) ) ;
#2638 = ORIENTED_EDGE ( 'NONE', *, *, #314, .F. ) ;
#2639 = LINE ( 'NONE', #577, #2123 ) ;
#2640 = AXIS2_PLACEMENT_3D ( 'NONE', #2244, #1127, #3149 ) ;
#2641 = ADVANCED_FACE ( 'NONE', ( #259 ), #3521, .F. ) ;
#2642 = ADVANCED_FACE ( 'NONE', ( #3537 ), #3220, .F. ) ;
#2643 = LINE ( 'NONE', #13, #1757 ) ;
#2644 = VECTOR ( 'NONE', #3563, 1000.000000000000000 ) ;
#2645 = ORIENTED_EDGE ( 'NONE', *, *, #825, .T. ) ;
#2646 = FILL_AREA_STYLE_COLOUR ( '', #3053 ) ;
#2647 = EDGE_CURVE ( 'NONE', #2785, #2330, #2066, .T. ) ;
#2648 = CARTESIAN_POINT ( 'NONE',  ( -1.050000000000000044, 0.2200000000000000011, 0.6500000000000000222 ) ) ;
#2649 = ORIENTED_EDGE ( 'NONE', *, *, #3354, .F. ) ;
#2650 = CARTESIAN_POINT ( 'NONE',  ( 0.7800000000000000266, -1.020000000000000018, 0.0000000000000000000 ) ) ;
#2651 = DIRECTION ( 'NONE',  ( 0.0000000000000000000, 0.0000000000000000000, 1.000000000000000000 ) ) ;
#2652 = DIRECTION ( 'NONE',  ( 1.885568995626965125E-15, -1.000000000000000000, 0.0000000000000000000 ) ) ;
#2653 = FACE_OUTER_BOUND ( 'NONE', #86, .T. ) ;
#2654 = DIRECTION ( 'NONE',  ( 0.0000000000000000000, 0.0000000000000000000, -1.000000000000000000 ) ) ;
#2655 = ORIENTED_EDGE ( 'NONE', *, *, #1839, .T. ) ;
#2656 = CYLINDRICAL_SURFACE ( 'NONE', #2448, 0.04999999999999991257 ) ;
#2657 = DIRECTION ( 'NONE',  ( 0.0000000000000000000, 0.0000000000000000000, 1.000000000000000000 ) ) ;
#2658 = VERTEX_POINT ( 'NONE', #1987 ) ;
#2659 = CARTESIAN_POINT ( 'NONE',  ( -1.250000000000000000, 1.050000000000000044, 0.6999999999999999556 ) ) ;
#2660 = LINE ( 'NONE', #3304, #1588 ) ;
#2661 = EDGE_CURVE ( 'NONE', #1266, #3343, #543, .T. ) ;
#2662 = EDGE_CURVE ( 'NONE', #2468, #1016, #3184, .T. ) ;
#2663 = DIRECTION ( 'NONE',  ( 0.0000000000000000000, 0.0000000000000000000, -1.000000000000000000 ) ) ;
#2664 = EDGE_CURVE ( 'NONE', #767, #2786, #1893, .T. ) ;
#2665 = EDGE_LOOP ( 'NONE', ( #1314, #1736, #3440, #227, #637, #1372, #745, #3600 ) ) ;
#2666 = FACE_OUTER_BOUND ( 'NONE', #2161, .T. ) ;
#2667 = DIRECTION ( 'NONE',  ( -1.000000000000000000, -8.809142651444719582E-16, 0.0000000000000000000 ) ) ;
#2668 = CARTESIAN_POINT ( 'NONE',  ( 0.7800000000000000266, 0.2700000000000000178, 0.0000000000000000000 ) ) ;
#2669 = DIRECTION ( 'NONE',  ( 0.0000000000000000000, 0.0000000000000000000, -1.000000000000000000 ) ) ;
#2670 = ORIENTED_EDGE ( 'NONE', *, *, #3636, .F. ) ;
#2671 = LINE ( 'NONE', #2000, #2369 ) ;
#2672 = VECTOR ( 'NONE', #2072, 1000.000000000000000 ) ;
#2673 = VERTEX_POINT ( 'NONE', #2924 ) ;
#2674 = CARTESIAN_POINT ( 'NONE',  ( -1.270000000000000018, 0.6199999999999999956, 0.0000000000000000000 ) ) ;
#2675 =( NAMED_UNIT ( * ) SI_UNIT ( $, .STERADIAN. ) SOLID_ANGLE_UNIT ( ) );
#2676 = AXIS2_PLACEMENT_3D ( 'NONE', #3750, #317, #1214 ) ;
#2677 = AXIS2_PLACEMENT_3D ( 'NONE', #3157, #824, #1985 ) ;
#2678 = CARTESIAN_POINT ( 'NONE',  ( -0.3250000000000000111, -1.219999999999999973, 0.05000000000000000278 ) ) ;
#2679 = VECTOR ( 'NONE', #3145, 1000.000000000000000 ) ;
#2680 = LINE ( 'NONE', #2117, #2810 ) ;
#2681 = AXIS2_PLACEMENT_3D ( 'NONE', #1342, #3414, #3435 ) ;
#2682 = MECHANICAL_DESIGN_GEOMETRIC_PRESENTATION_REPRESENTATION (  '', ( #2911 ), #1251 ) ;
#2683 = CARTESIAN_POINT ( 'NONE',  ( -1.500000000000000000, 1.489999999999999991, 0.6999999999999999556 ) ) ;
#2684 = STYLED_ITEM ( 'NONE', ( #773 ), #2177 ) ;
#2685 = EDGE_CURVE ( 'NONE', #691, #3773, #298, .T. ) ;
#2686 = FILL_AREA_STYLE ('',( #3312 ) ) ;
#2687 = PLANE ( 'NONE',  #3310 ) ;
#2688 = CARTESIAN_POINT ( 'NONE',  ( -0.7299999999999999822, -1.020000000000000018, 0.05000000000000000278 ) ) ;
#2689 = DIRECTION ( 'NONE',  ( 0.0000000000000000000, 0.0000000000000000000, 1.000000000000000000 ) ) ;
#2690 = VECTOR ( 'NONE', #126, 1000.000000000000000 ) ;
#2691 = ORIENTED_EDGE ( 'NONE', *, *, #3652, .F. ) ;
#2692 = LINE ( 'NONE', #989, #3430 ) ;
#2693 = VECTOR ( 'NONE', #2581, 1000.000000000000000 ) ;
#2694 = ORIENTED_EDGE ( 'NONE', *, *, #3258, .T. ) ;
#2695 = CARTESIAN_POINT ( 'NONE',  ( -0.7299999999999999822, 0.01999999999999940020, 0.0000000000000000000 ) ) ;
#2696 = AXIS2_PLACEMENT_3D ( 'NONE', #3314, #1539, #3332 ) ;
#2697 =( NAMED_UNIT ( * ) SI_UNIT ( $, .STERADIAN. ) SOLID_ANGLE_UNIT ( ) );
#2698 = ORIENTED_EDGE ( 'NONE', *, *, #2541, .T. ) ;
#2699 = CYLINDRICAL_SURFACE ( 'NONE', #1635, 0.05000000000000002359 ) ;
#2700 = FACE_OUTER_BOUND ( 'NONE', #2898, .T. ) ;
#2701 = CARTESIAN_POINT ( 'NONE',  ( 0.7800000000000000266, -0.6500000000000000222, 0.05000000000000000278 ) ) ;
#2702 = PLANE ( 'NONE',  #3044 ) ;
#2703 = CYLINDRICAL_SURFACE ( 'NONE', #2388, 0.05000000000000002359 ) ;
#2704 = CARTESIAN_POINT ( 'NONE',  ( 1.050000000000000044, 0.02000000000000070471, 0.6999999999999999556 ) ) ;
#2705 = EDGE_CURVE ( 'NONE', #1962, #806, #1120, .T. ) ;
#2706 = ORIENTED_EDGE ( 'NONE', *, *, #2291, .F. ) ;
#2707 = CARTESIAN_POINT ( 'NONE',  ( 0.7800000000000000266, -0.6500000000000000222, 0.0000000000000000000 ) ) ;
#2708 = EDGE_CURVE ( 'NONE', #1982, #632, #2295, .T. ) ;
#2709 = VERTEX_POINT ( 'NONE', #2590 ) ;
#2710 = FACE_OUTER_BOUND ( 'NONE', #569, .T. ) ;
#2711 = ADVANCED_FACE ( 'NONE', ( #3764 ), #3484, .F. ) ;
#2712 = CARTESIAN_POINT ( 'NONE',  ( -1.050000000000000044, 0.2200000000000000011, 0.6999999999999999556 ) ) ;
#2713 = ORIENTED_EDGE ( 'NONE', *, *, #2708, .F. ) ;
#2714 = CARTESIAN_POINT ( 'NONE',  ( 1.050000000000000044, 0.6199999999999999956, 0.6999999999999999556 ) ) ;
#2715 = DIRECTION ( 'NONE',  ( -1.000000000000000000, 0.0000000000000000000, 0.0000000000000000000 ) ) ;
#2716 = VERTEX_POINT ( 'NONE', #926 ) ;
#2717 = DIRECTION ( 'NONE',  ( -1.000000000000000000, 0.0000000000000000000, 0.0000000000000000000 ) ) ;
#2718 = SURFACE_SIDE_STYLE ('',( #985 ) ) ;
#2719 = DIRECTION ( 'NONE',  ( 0.0000000000000000000, -1.000000000000000000, 0.0000000000000000000 ) ) ;
#2720 = DIRECTION ( 'NONE',  ( 0.0000000000000000000, 0.0000000000000000000, 1.000000000000000000 ) ) ;
#2721 = LINE ( 'NONE', #682, #3265 ) ;
#2722 = ORIENTED_EDGE ( 'NONE', *, *, #192, .F. ) ;
#2723 =( NAMED_UNIT ( * ) SI_UNIT ( $, .STERADIAN. ) SOLID_ANGLE_UNIT ( ) );
#2724 = DIRECTION ( 'NONE',  ( -7.228014483236700500E-16, 1.000000000000000000, 0.0000000000000000000 ) ) ;
#2725 = EDGE_CURVE ( 'NONE', #3107, #91, #1273, .T. ) ;
#2726 = ORIENTED_EDGE ( 'NONE', *, *, #1343, .F. ) ;
#2727 = CARTESIAN_POINT ( 'NONE',  ( 1.219999999999999973, -1.219999999999999973, 0.05000000000000000278 ) ) ;
#2728 = ADVANCED_FACE ( 'NONE', ( #981 ), #318, .T. ) ;
#2729 = LINE ( 'NONE', #2189, #461 ) ;
#2730 = CARTESIAN_POINT ( 'NONE',  ( 1.270000000000000018, 0.02000000000000025369, 0.0000000000000000000 ) ) ;
#2731 = AXIS2_PLACEMENT_3D ( 'NONE', #3358, #3056, #2134 ) ;
#2732 = ORIENTED_EDGE ( 'NONE', *, *, #215, .T. ) ;
#2733 = VECTOR ( 'NONE', #3408, 1000.000000000000000 ) ;
#2734 = CIRCLE ( 'NONE', #702, 0.2500000000000000000 ) ;
#2735 = LINE ( 'NONE', #52, #3115 ) ;
#2736 = AXIS2_PLACEMENT_3D ( 'NONE', #3074, #443, #1327 ) ;
#2737 = VECTOR ( 'NONE', #41, 1000.000000000000000 ) ;
#2738 = DIRECTION ( 'NONE',  ( 0.0000000000000000000, 0.0000000000000000000, -1.000000000000000000 ) ) ;
#2739 = FACE_OUTER_BOUND ( 'NONE', #759, .T. ) ;
#2740 = CARTESIAN_POINT ( 'NONE',  ( -1.270000000000000018, 0.02000000000000000042, 0.0000000000000000000 ) ) ;
#2741 = FACE_OUTER_BOUND ( 'NONE', #2247, .T. ) ;
#2742 = COLOUR_RGB ( '',0.7686274509803920907, 0.7686274509803920907, 0.7686274509803920907 ) ;
#2743 = VERTEX_POINT ( 'NONE', #374 ) ;
#2744 = ORIENTED_EDGE ( 'NONE', *, *, #3081, .T. ) ;
#2745 = DIRECTION ( 'NONE',  ( 0.0000000000000000000, 0.0000000000000000000, 1.000000000000000000 ) ) ;
#2746 = VECTOR ( 'NONE', #1396, 1000.000000000000000 ) ;
#2747 = PLANE ( 'NONE',  #38 ) ;
#2748 = ORIENTED_EDGE ( 'NONE', *, *, #2664, .F. ) ;
#2749 = CARTESIAN_POINT ( 'NONE',  ( -1.219999999999999973, -1.219999999999999973, 0.05000000000000000278 ) ) ;
#2750 = FILL_AREA_STYLE_COLOUR ( '', #420 ) ;
#2751 = CIRCLE ( 'NONE', #1590, 0.05000000000000002359 ) ;
#2752 = EDGE_CURVE ( 'NONE', #3439, #188, #2680, .T. ) ;
#2753 = ORIENTED_EDGE ( 'NONE', *, *, #3423, .F. ) ;
#2754 = DIRECTION ( 'NONE',  ( 0.0000000000000000000, 0.0000000000000000000, -1.000000000000000000 ) ) ;
#2755 = EDGE_CURVE ( 'NONE', #1745, #521, #2135, .T. ) ;
#2756 = AXIS2_PLACEMENT_3D ( 'NONE', #1545, #602, #2724 ) ;
#2757 = CYLINDRICAL_SURFACE ( 'NONE', #3297, 0.05000000000000002359 ) ;
#2758 = CARTESIAN_POINT ( 'NONE',  ( 1.500000000000000000, -1.489999999999999991, 0.6999999999999999556 ) ) ;
#2759 = ORIENTED_EDGE ( 'NONE', *, *, #987, .F. ) ;
#2760 = CARTESIAN_POINT ( 'NONE',  ( 1.050000000000000044, 0.5699999999999999512, 0.6999999999999999556 ) ) ;
#2761 = ORIENTED_EDGE ( 'NONE', *, *, #1310, .T. ) ;
#2762 = DIRECTION ( 'NONE',  ( -7.228014483236700500E-16, 1.000000000000000000, 0.0000000000000000000 ) ) ;
#2763 =( LENGTH_UNIT ( ) NAMED_UNIT ( * ) SI_UNIT ( .MILLI., .METRE. ) );
#2764 = DIRECTION ( 'NONE',  ( -1.000000000000000000, 0.0000000000000000000, 0.0000000000000000000 ) ) ;
#2765 = ORIENTED_EDGE ( 'NONE', *, *, #1320, .F. ) ;
#2766 = DIRECTION ( 'NONE',  ( -1.455304929510743932E-16, 1.000000000000000000, 0.0000000000000000000 ) ) ;
#2767 = ORIENTED_EDGE ( 'NONE', *, *, #1292, .T. ) ;
#2768 = EDGE_CURVE ( 'NONE', #2210, #3386, #659, .T. ) ;
#2769 = CARTESIAN_POINT ( 'NONE',  ( 1.489999999999999991, -1.489999999999999991, 0.6999999999999999556 ) ) ;
#2770 = EDGE_CURVE ( 'NONE', #2956, #3559, #1781, .T. ) ;
#2771 = CARTESIAN_POINT ( 'NONE',  ( -1.270000000000000018, 0.2200000000000000011, 0.05000000000000000278 ) ) ;
#2772 = EDGE_CURVE ( 'NONE', #1499, #3711, #1832, .T. ) ;
#2773 =( LENGTH_UNIT ( ) NAMED_UNIT ( * ) SI_UNIT ( .MILLI., .METRE. ) );
#2774 = PLANE ( 'NONE',  #3566 ) ;
#2775 =( NAMED_UNIT ( * ) PLANE_ANGLE_UNIT ( ) SI_UNIT ( $, .RADIAN. ) );
#2776 = ORIENTED_EDGE ( 'NONE', *, *, #104, .T. ) ;
#2777 = DIRECTION ( 'NONE',  ( 0.0000000000000000000, 0.0000000000000000000, 1.000000000000000000 ) ) ;
#2778 = ORIENTED_EDGE ( 'NONE', *, *, #598, .T. ) ;
#2779 = DIRECTION ( 'NONE',  ( 0.0000000000000000000, 0.0000000000000000000, 1.000000000000000000 ) ) ;
#2780 = CARTESIAN_POINT ( 'NONE',  ( 0.7299999999999999822, -1.219999999999999973, 0.05000000000000000278 ) ) ;
#2781 = VERTEX_POINT ( 'NONE', #85 ) ;
#2782 = FACE_OUTER_BOUND ( 'NONE', #3713, .T. ) ;
#2783 = ORIENTED_EDGE ( 'NONE', *, *, #261, .T. ) ;
#2784 = CARTESIAN_POINT ( 'NONE',  ( -1.270000000000000018, -1.219999999999999973, 0.05000000000000000278 ) ) ;
#2785 = VERTEX_POINT ( 'NONE', #3631 ) ;
#2786 = VERTEX_POINT ( 'NONE', #2730 ) ;
#2787 = DIRECTION ( 'NONE',  ( 0.0000000000000000000, 1.000000000000000000, 0.0000000000000000000 ) ) ;
#2788 = EDGE_CURVE ( 'NONE', #2786, #740, #2660, .T. ) ;
#2789 = AXIS2_PLACEMENT_3D ( 'NONE', #2714, #2439, #2459 ) ;
#2790 = COLOUR_RGB ( '',1.000000000000000000, 0.9372549019607843146, 0.1372549019607843257 ) ;
#2791 = CARTESIAN_POINT ( 'NONE',  ( -1.270000000000000018, 0.02000000000000000042, 0.05000000000000000278 ) ) ;
#2792 = PRESENTATION_LAYER_ASSIGNMENT (  '', '', ( #2980 ) ) ;
#2793 = LINE ( 'NONE', #795, #3062 ) ;
#2794 = ADVANCED_FACE ( 'NONE', ( #3325 ), #2982, .F. ) ;
#2795 = DIRECTION ( 'NONE',  ( 0.0000000000000000000, -1.000000000000000000, 0.0000000000000000000 ) ) ;
#2796 = AXIS2_PLACEMENT_3D ( 'NONE', #2432, #62, #1524 ) ;
#2797 = ADVANCED_FACE ( 'NONE', ( #2700 ), #3268, .T. ) ;
#2798 = ORIENTED_EDGE ( 'NONE', *, *, #333, .T. ) ;
#2799 = VECTOR ( 'NONE', #2301, 1000.000000000000000 ) ;
#2800 = DIRECTION ( 'NONE',  ( -1.000000000000000000, 0.0000000000000000000, 0.0000000000000000000 ) ) ;
#2801 = ORIENTED_EDGE ( 'NONE', *, *, #383, .T. ) ;
#2802 =( LENGTH_UNIT ( ) NAMED_UNIT ( * ) SI_UNIT ( .MILLI., .METRE. ) );
#2803 = ADVANCED_FACE ( 'NONE', ( #331 ), #2404, .T. ) ;
#2804 = DIRECTION ( 'NONE',  ( 0.0000000000000000000, 0.0000000000000000000, 1.000000000000000000 ) ) ;
#2805 = VECTOR ( 'NONE', #3313, 1000.000000000000000 ) ;
#2806 = VERTEX_POINT ( 'NONE', #3590 ) ;
#2807 = CARTESIAN_POINT ( 'NONE',  ( -1.489999999999999991, 1.489999999999999991, 0.6999999999999999556 ) ) ;
#2808 = ORIENTED_EDGE ( 'NONE', *, *, #3052, .T. ) ;
#2809 = CARTESIAN_POINT ( 'NONE',  ( -1.219999999999999973, 0.01999999999999940020, 0.05000000000000000278 ) ) ;
#2810 = VECTOR ( 'NONE', #2102, 1000.000000000000000 ) ;
#2811 = UNCERTAINTY_MEASURE_WITH_UNIT (LENGTH_MEASURE( 1.000000000000000082E-05 ), #3390, 'distance_accuracy_value', 'NONE');
#2812 = ORIENTED_EDGE ( 'NONE', *, *, #2822, .T. ) ;
#2813 = ORIENTED_EDGE ( 'NONE', *, *, #2916, .T. ) ;
#2814 = AXIS2_PLACEMENT_3D ( 'NONE', #625, #29, #963 ) ;
#2815 = CARTESIAN_POINT ( 'NONE',  ( -1.219999999999999973, 0.2700000000000000178, 0.05000000000000000278 ) ) ;
#2816 = DIRECTION ( 'NONE',  ( 1.000000000000000000, 0.0000000000000000000, 0.0000000000000000000 ) ) ;
#2817 = CARTESIAN_POINT ( 'NONE',  ( 0.7299999999999999822, 0.2200000000000000011, 0.05000000000000000278 ) ) ;
#2818 = DIRECTION ( 'NONE',  ( -1.000000000000000000, 0.0000000000000000000, 0.0000000000000000000 ) ) ;
#2819 = EDGE_LOOP ( 'NONE', ( #1854, #3372, #2494, #3499 ) ) ;
#2820 = DIRECTION ( 'NONE',  ( 0.0000000000000000000, 0.0000000000000000000, -1.000000000000000000 ) ) ;
#2821 = ORIENTED_EDGE ( 'NONE', *, *, #1770, .F. ) ;
#2822 = EDGE_CURVE ( 'NONE', #918, #2339, #941, .T. ) ;
#2823 = DIRECTION ( 'NONE',  ( 0.0000000000000000000, 0.0000000000000000000, -1.000000000000000000 ) ) ;
#2824 = ORIENTED_EDGE ( 'NONE', *, *, #896, .T. ) ;
#2825 = EDGE_CURVE ( 'NONE', #2082, #3349, #2962, .T. ) ;
#2826 = FILL_AREA_STYLE_COLOUR ( '', #2624 ) ;
#2827 = VERTEX_POINT ( 'NONE', #1507 ) ;
#2828 = LINE ( 'NONE', #1099, #2365 ) ;
#2829 = EDGE_CURVE ( 'NONE', #3789, #1962, #2931, .T. ) ;
#2830 = ORIENTED_EDGE ( 'NONE', *, *, #668, .T. ) ;
#2831 = ORIENTED_EDGE ( 'NONE', *, *, #333, .F. ) ;
#2832 = DIRECTION ( 'NONE',  ( -1.000000000000000000, 0.0000000000000000000, 0.0000000000000000000 ) ) ;
#2833 = PLANE ( 'NONE',  #1567 ) ;
#2834 = DIRECTION ( 'NONE',  ( 0.0000000000000000000, 0.0000000000000000000, 1.000000000000000000 ) ) ;
#2835 = DIRECTION ( 'NONE',  ( 0.0000000000000000000, 0.0000000000000000000, 1.000000000000000000 ) ) ;
#2836 = ORIENTED_EDGE ( 'NONE', *, *, #2208, .F. ) ;
#2837 = CARTESIAN_POINT ( 'NONE',  ( -1.219999999999999973, 1.270000000000000018, 0.05000000000000000278 ) ) ;
#2838 = ORIENTED_EDGE ( 'NONE', *, *, #2313, .F. ) ;
#2839 = DIRECTION ( 'NONE',  ( 0.0000000000000000000, -1.000000000000000000, 0.0000000000000000000 ) ) ;
#2840 = CARTESIAN_POINT ( 'NONE',  ( 1.219999999999999973, 0.5699999999999999512, 0.05000000000000000278 ) ) ;
#2841 = CARTESIAN_POINT ( 'NONE',  ( -0.7299999999999999822, 0.2200000000000000011, 0.05000000000000000278 ) ) ;
#2842 = ORIENTED_EDGE ( 'NONE', *, *, #3027, .T. ) ;
#2843 = CARTESIAN_POINT ( 'NONE',  ( -1.270000000000000018, -0.4000000000000000222, 0.05000000000000000278 ) ) ;
#2844 = ORIENTED_EDGE ( 'NONE', *, *, #1706, .F. ) ;
#2845 = LINE ( 'NONE', #1722, #3302 ) ;
#2846 = EDGE_CURVE ( 'NONE', #933, #2349, #546, .T. ) ;
#2847 = UNCERTAINTY_MEASURE_WITH_UNIT (LENGTH_MEASURE( 1.000000000000000082E-05 ), #534, 'distance_accuracy_value', 'NONE');
#2848 = ORIENTED_EDGE ( 'NONE', *, *, #3588, .F. ) ;
#2849 = AXIS2_PLACEMENT_3D ( 'NONE', #1614, #3087, #3655 ) ;
#2850 = DIRECTION ( 'NONE',  ( 0.0000000000000000000, 0.0000000000000000000, -1.000000000000000000 ) ) ;
#2851 = CARTESIAN_POINT ( 'NONE',  ( 1.050000000000000044, 0.6199999999999999956, 0.6500000000000000222 ) ) ;
#2852 = DIRECTION ( 'NONE',  ( 0.0000000000000000000, 0.0000000000000000000, 1.000000000000000000 ) ) ;
#2853 = CIRCLE ( 'NONE', #2676, 0.04999999999999991257 ) ;
#2854 = ORIENTED_EDGE ( 'NONE', *, *, #3208, .F. ) ;
#2855 = DIRECTION ( 'NONE',  ( 0.0000000000000000000, 0.0000000000000000000, -1.000000000000000000 ) ) ;
#2856 = COLOUR_RGB ( '',1.000000000000000000, 0.9372549019607843146, 0.1372549019607843257 ) ;
#2857 = VECTOR ( 'NONE', #2474, 1000.000000000000000 ) ;
#2858 = ORIENTED_EDGE ( 'NONE', *, *, #3027, .F. ) ;
#2859 = DIRECTION ( 'NONE',  ( -1.000000000000000000, 0.0000000000000000000, 0.0000000000000000000 ) ) ;
#2860 = FACE_OUTER_BOUND ( 'NONE', #1367, .T. ) ;
#2861 = CARTESIAN_POINT ( 'NONE',  ( -1.219999999999999973, 0.5699999999999999512, 0.0000000000000000000 ) ) ;
#2862 = CIRCLE ( 'NONE', #2069, 0.04999999999999991257 ) ;
#2863 = PRESENTATION_LAYER_ASSIGNMENT (  '', '', ( #1700 ) ) ;
#2864 = EDGE_LOOP ( 'NONE', ( #2554, #485, #3779, #1750 ) ) ;
#2865 = SURFACE_STYLE_FILL_AREA ( #191 ) ;
#2866 = CYLINDRICAL_SURFACE ( 'NONE', #401, 0.04999999999999991257 ) ;
#2867 = VECTOR ( 'NONE', #2122, 1000.000000000000000 ) ;
#2868 = APPLICATION_CONTEXT ( 'automotive_design' ) ;
#2869 = DIRECTION ( 'NONE',  ( 0.0000000000000000000, 0.0000000000000000000, -1.000000000000000000 ) ) ;
#2870 = ORIENTED_EDGE ( 'NONE', *, *, #3505, .T. ) ;
#2871 = CARTESIAN_POINT ( 'NONE',  ( -1.050000000000000044, -1.050000000000000044, 0.6999999999999999556 ) ) ;
#2872 = EDGE_CURVE ( 'NONE', #1721, #1681, #483, .T. ) ;
#2873 = AXIS2_PLACEMENT_3D ( 'NONE', #2345, #3183, #866 ) ;
#2874 = VECTOR ( 'NONE', #1490, 1000.000000000000000 ) ;
#2875 = ADVANCED_FACE ( 'NONE', ( #2860 ), #540, .T. ) ;
#2876 = DIRECTION ( 'NONE',  ( 0.0000000000000000000, 0.0000000000000000000, 1.000000000000000000 ) ) ;
#2877 = EDGE_CURVE ( 'NONE', #1687, #14, #2576, .T. ) ;
#2878 = VECTOR ( 'NONE', #1842, 1000.000000000000000 ) ;
#2879 = ORIENTED_EDGE ( 'NONE', *, *, #1708, .T. ) ;
#2880 =( NAMED_UNIT ( * ) PLANE_ANGLE_UNIT ( ) SI_UNIT ( $, .RADIAN. ) );
#2881 = MECHANICAL_DESIGN_GEOMETRIC_PRESENTATION_REPRESENTATION (  '', ( #1723 ), #2141 ) ;
#2882 = ORIENTED_EDGE ( 'NONE', *, *, #357, .T. ) ;
#2883 = DIRECTION ( 'NONE',  ( -1.000000000000000000, 0.0000000000000000000, 0.0000000000000000000 ) ) ;
#2884 = CARTESIAN_POINT ( 'NONE',  ( 1.270000000000000018, 1.219999999999999973, 0.05000000000000000278 ) ) ;
#2885 = DIRECTION ( 'NONE',  ( 0.0000000000000000000, 0.0000000000000000000, -1.000000000000000000 ) ) ;
#2886 = ORIENTED_EDGE ( 'NONE', *, *, #1630, .T. ) ;
#2887 = FACE_OUTER_BOUND ( 'NONE', #3110, .T. ) ;
#2888 = ORIENTED_EDGE ( 'NONE', *, *, #1275, .T. ) ;
#2889 = DIRECTION ( 'NONE',  ( 0.0000000000000000000, 0.0000000000000000000, -1.000000000000000000 ) ) ;
#2890 = LINE ( 'NONE', #212, #3036 ) ;
#2891 = ORIENTED_EDGE ( 'NONE', *, *, #525, .T. ) ;
#2892 = DIRECTION ( 'NONE',  ( 0.0000000000000000000, 0.0000000000000000000, 1.000000000000000000 ) ) ;
#2893 = ADVANCED_FACE ( 'NONE', ( #1657 ), #2597, .F. ) ;
#2894 = EDGE_CURVE ( 'NONE', #2468, #3047, #1977, .T. ) ;
#2895 = VERTEX_POINT ( 'NONE', #229 ) ;
#2896 = ADVANCED_FACE ( 'NONE', ( #1409 ), #690, .T. ) ;
#2897 = SURFACE_STYLE_FILL_AREA ( #3210 ) ;
#2898 = EDGE_LOOP ( 'NONE', ( #3443, #1697, #2298, #3357 ) ) ;
#2899 = DIRECTION ( 'NONE',  ( -4.065758146820650009E-16, 1.000000000000000000, 2.032879073410319828E-16 ) ) ;
#2900 = LINE ( 'NONE', #893, #115 ) ;
#2901 = CARTESIAN_POINT ( 'NONE',  ( -0.3750000000000000000, -1.219999999999999973, 0.05000000000000000278 ) ) ;
#2902 = ORIENTED_EDGE ( 'NONE', *, *, #2256, .T. ) ;
#2903 = FACE_OUTER_BOUND ( 'NONE', #1477, .T. ) ;
#2904 = ORIENTED_EDGE ( 'NONE', *, *, #1838, .F. ) ;
#2905 = LINE ( 'NONE', #1132, #2556 ) ;
#2906 = ORIENTED_EDGE ( 'NONE', *, *, #2100, .T. ) ;
#2907 = DIRECTION ( 'NONE',  ( 1.000000000000000000, 0.0000000000000000000, 0.0000000000000000000 ) ) ;
#2908 = VERTEX_POINT ( 'NONE', #1382 ) ;
#2909 = ORIENTED_EDGE ( 'NONE', *, *, #896, .F. ) ;
#2910 = DIRECTION ( 'NONE',  ( 1.000000000000000000, 0.0000000000000000000, 0.0000000000000000000 ) ) ;
#2911 = STYLED_ITEM ( 'NONE', ( #3412 ), #844 ) ;
#2912 = DIRECTION ( 'NONE',  ( 1.084202172485509956E-15, -1.000000000000000000, 0.0000000000000000000 ) ) ;
#2913 = ORIENTED_EDGE ( 'NONE', *, *, #1608, .T. ) ;
#2914 = AXIS2_PLACEMENT_3D ( 'NONE', #2528, #1626, #2816 ) ;
#2915 = AXIS2_PLACEMENT_3D ( 'NONE', #2099, #579, #328 ) ;
#2916 = EDGE_CURVE ( 'NONE', #1604, #1677, #2560, .T. ) ;
#2917 = ORIENTED_EDGE ( 'NONE', *, *, #2444, .F. ) ;
#2918 = CARTESIAN_POINT ( 'NONE',  ( 1.270000000000000018, -0.5999999999999999778, 0.05000000000000000278 ) ) ;
#2919 = AXIS2_PLACEMENT_3D ( 'NONE', #312, #271, #3518 ) ;
#2920 = VECTOR ( 'NONE', #2619, 1000.000000000000000 ) ;
#2921 = CARTESIAN_POINT ( 'NONE',  ( 1.270000000000000018, 0.6199999999999999956, 0.05000000000000000278 ) ) ;
#2922 = AXIS2_PLACEMENT_3D ( 'NONE', #1906, #3071, #2559 ) ;
#2923 = VERTEX_POINT ( 'NONE', #1430 ) ;
#2924 = CARTESIAN_POINT ( 'NONE',  ( 1.270000000000000018, -0.4000000000000000222, 0.05000000000000000278 ) ) ;
#2925 = CARTESIAN_POINT ( 'NONE',  ( 1.300000000000000044, 0.02000000000000080186, 0.6999999999999999556 ) ) ;
#2926 = CIRCLE ( 'NONE', #715, 0.01000000000000002623 ) ;
#2927 = ORIENTED_EDGE ( 'NONE', *, *, #3407, .F. ) ;
#2928 = LINE ( 'NONE', #2035, #2548 ) ;
#2929 = ORIENTED_EDGE ( 'NONE', *, *, #2400, .T. ) ;
#2930 = CARTESIAN_POINT ( 'NONE',  ( -1.250000000000000000, -1.050000000000000044, 0.6500000000000000222 ) ) ;
#2931 = CIRCLE ( 'NONE', #1337, 0.05000000000000002359 ) ;
#2932 = FACE_OUTER_BOUND ( 'NONE', #1808, .T. ) ;
#2933 = DIRECTION ( 'NONE',  ( -1.000000000000000000, 0.0000000000000000000, 0.0000000000000000000 ) ) ;
#2934 = ORIENTED_EDGE ( 'NONE', *, *, #3453, .F. ) ;
#2935 = CIRCLE ( 'NONE', #3382, 0.1999999999999999833 ) ;
#2936 = CARTESIAN_POINT ( 'NONE',  ( 1.270000000000000018, 0.02000000000000025369, 0.05000000000000000278 ) ) ;
#2937 = EDGE_CURVE ( 'NONE', #3469, #1788, #1093, .T. ) ;
#2938 = ORIENTED_EDGE ( 'NONE', *, *, #1679, .F. ) ;
#2939 = CARTESIAN_POINT ( 'NONE',  ( -1.219999999999999973, -0.03000000000000050196, 0.05000000000000000278 ) ) ;
#2940 =( NAMED_UNIT ( * ) PLANE_ANGLE_UNIT ( ) SI_UNIT ( $, .RADIAN. ) );
#2941 = EDGE_CURVE ( 'NONE', #3711, #2082, #3378, .T. ) ;
#2942 = FILL_AREA_STYLE ('',( #3551 ) ) ;
#2943 = EDGE_CURVE ( 'NONE', #3004, #685, #1995, .T. ) ;
#2944 = AXIS2_PLACEMENT_3D ( 'NONE', #3410, #1570, #755 ) ;
#2945 = ORIENTED_EDGE ( 'NONE', *, *, #938, .T. ) ;
#2946 = PLANE ( 'NONE',  #2361 ) ;
#2947 = DIRECTION ( 'NONE',  ( 0.0000000000000000000, 0.0000000000000000000, 1.000000000000000000 ) ) ;
#2948 = CARTESIAN_POINT ( 'NONE',  ( 1.219999999999999973, 1.270000000000000018, 0.05000000000000000278 ) ) ;
#2949 = VERTEX_POINT ( 'NONE', #801 ) ;
#2950 =( NAMED_UNIT ( * ) SI_UNIT ( $, .STERADIAN. ) SOLID_ANGLE_UNIT ( ) );
#2951 = DIRECTION ( 'NONE',  ( 0.0000000000000000000, -1.000000000000000000, 0.0000000000000000000 ) ) ;
#2952 = CARTESIAN_POINT ( 'NONE',  ( -1.489999999999999991, 1.500000000000000000, 0.05000000000000000278 ) ) ;
#2953 = DIRECTION ( 'NONE',  ( 0.0000000000000000000, 0.0000000000000000000, -1.000000000000000000 ) ) ;
#2954 = ORIENTED_EDGE ( 'NONE', *, *, #2348, .T. ) ;
#2955 = CARTESIAN_POINT ( 'NONE',  ( 1.219999999999999973, -0.4000000000000000222, 0.05000000000000000278 ) ) ;
#2956 = VERTEX_POINT ( 'NONE', #501 ) ;
#2957 = LINE ( 'NONE', #1502, #768 ) ;
#2958 =( LENGTH_UNIT ( ) NAMED_UNIT ( * ) SI_UNIT ( .MILLI., .METRE. ) );
#2959 = CARTESIAN_POINT ( 'NONE',  ( 1.219999999999999973, -1.020000000000000018, 0.0000000000000000000 ) ) ;
#2960 = CARTESIAN_POINT ( 'NONE',  ( -1.270000000000000018, 1.219999999999999973, 0.0000000000000000000 ) ) ;
#2961 = EDGE_CURVE ( 'NONE', #2658, #1640, #3148, .T. ) ;
#2962 = LINE ( 'NONE', #1248, #2874 ) ;
#2963 = EDGE_CURVE ( 'NONE', #1429, #2334, #2152, .T. ) ;
#2964 = EDGE_CURVE ( 'NONE', #826, #1604, #1096, .T. ) ;
#2965 = DIRECTION ( 'NONE',  ( -1.000000000000000000, 0.0000000000000000000, 0.0000000000000000000 ) ) ;
#2966 = ORIENTED_EDGE ( 'NONE', *, *, #3791, .F. ) ;
#2967 =( LENGTH_UNIT ( ) NAMED_UNIT ( * ) SI_UNIT ( .MILLI., .METRE. ) );
#2968 = CARTESIAN_POINT ( 'NONE',  ( 0.7800000000000000266, 0.5699999999999999512, 0.0000000000000000000 ) ) ;
#2969 = CARTESIAN_POINT ( 'NONE',  ( -1.050000000000000044, 0.2700000000000000178, 0.6999999999999999556 ) ) ;
#2970 = ORIENTED_EDGE ( 'NONE', *, *, #3772, .F. ) ;
#2971 = CARTESIAN_POINT ( 'NONE',  ( 0.7299999999999999822, 0.02000000000000000042, 0.0000000000000000000 ) ) ;
#2972 = CIRCLE ( 'NONE', #3598, 0.05000000000000002359 ) ;
#2973 = EDGE_LOOP ( 'NONE', ( #2842, #326, #2831, #1921 ) ) ;
#2974 = CARTESIAN_POINT ( 'NONE',  ( 1.050000000000000044, 0.8199999999999999512, 0.6999999999999999556 ) ) ;
#2975 = SURFACE_STYLE_USAGE ( .BOTH. , #636 ) ;
#2976 = AXIS2_PLACEMENT_3D ( 'NONE', #1355, #140, #3425 ) ;
#2977 = VECTOR ( 'NONE', #2604, 1000.000000000000000 ) ;
#2978 = ORIENTED_EDGE ( 'NONE', *, *, #1084, .T. ) ;
#2979 = DIRECTION ( 'NONE',  ( 0.0000000000000000000, 0.0000000000000000000, 1.000000000000000000 ) ) ;
#2980 = STYLED_ITEM ( 'NONE', ( #2111 ), #1798 ) ;
#2981 = CIRCLE ( 'NONE', #3168, 0.05000000000000002359 ) ;
#2982 = PLANE ( 'NONE',  #906 ) ;
#2983 = EDGE_CURVE ( 'NONE', #3647, #509, #1869, .T. ) ;
#2984 = CARTESIAN_POINT ( 'NONE',  ( 0.7299999999999999822, -1.020000000000000018, 0.05000000000000000278 ) ) ;
#2985 = AXIS2_PLACEMENT_3D ( 'NONE', #613, #1746, #284 ) ;
#2986 = ADVANCED_FACE ( 'NONE', ( #428 ), #3034, .F. ) ;
#2987 = DIRECTION ( 'NONE',  ( -1.000000000000000000, 0.0000000000000000000, 0.0000000000000000000 ) ) ;
#2988 = EDGE_CURVE ( 'NONE', #3116, #270, #1833, .T. ) ;
#2989 = LINE ( 'NONE', #72, #3368 ) ;
#2990 = PLANE ( 'NONE',  #971 ) ;
#2991 = CARTESIAN_POINT ( 'NONE',  ( -0.3750000000000000000, -1.219999999999999973, 0.0000000000000000000 ) ) ;
#2992 = VECTOR ( 'NONE', #1045, 1000.000000000000000 ) ;
#2993 = CARTESIAN_POINT ( 'NONE',  ( 0.3250000000000000111, -1.219999999999999973, 0.05000000000000000278 ) ) ;
#2994 = VECTOR ( 'NONE', #858, 1000.000000000000000 ) ;
#2995 = EDGE_LOOP ( 'NONE', ( #3270, #835, #3683, #2801 ) ) ;
#2996 = CARTESIAN_POINT ( 'NONE',  ( 1.250000000000000000, 0.02000000000000080186, 0.6500000000000000222 ) ) ;
#2997 = CARTESIAN_POINT ( 'NONE',  ( 1.270000000000000018, 1.219999999999999973, 0.05000000000000000278 ) ) ;
#2998 = CIRCLE ( 'NONE', #1780, 0.05000000000000002359 ) ;
#2999 = DIRECTION ( 'NONE',  ( 0.0000000000000000000, 0.0000000000000000000, 1.000000000000000000 ) ) ;
#3000 = ORIENTED_EDGE ( 'NONE', *, *, #3129, .F. ) ;
#3001 = CARTESIAN_POINT ( 'NONE',  ( -1.219999999999999973, -0.6500000000000000222, 0.0000000000000000000 ) ) ;
#3002 = CIRCLE ( 'NONE', #1345, 0.04999999999999991257 ) ;
#3003 = CARTESIAN_POINT ( 'NONE',  ( -1.219999999999999973, 0.2700000000000000178, 0.0000000000000000000 ) ) ;
#3004 = VERTEX_POINT ( 'NONE', #1497 ) ;
#3005 = FACE_OUTER_BOUND ( 'NONE', #2028, .T. ) ;
#3006 = DIRECTION ( 'NONE',  ( -1.000000000000000000, 0.0000000000000000000, 0.0000000000000000000 ) ) ;
#3007 = CARTESIAN_POINT ( 'NONE',  ( 0.3750000000000000000, 1.219999999999999973, 0.05000000000000000278 ) ) ;
#3008 = ADVANCED_FACE ( 'NONE', ( #2932 ), #3254, .F. ) ;
#3009 = FILL_AREA_STYLE_COLOUR ( '', #1537 ) ;
#3010 = EDGE_CURVE ( 'NONE', #1016, #1006, #3562, .T. ) ;
#3011 = ORIENTED_EDGE ( 'NONE', *, *, #363, .T. ) ;
#3012 = CARTESIAN_POINT ( 'NONE',  ( -1.219999999999999973, 1.219999999999999973, 0.05000000000000000278 ) ) ;
#3013 = VERTEX_POINT ( 'NONE', #2968 ) ;
#3014 = FILL_AREA_STYLE ('',( #2399 ) ) ;
#3015 = DIRECTION ( 'NONE',  ( 0.0000000000000000000, 0.0000000000000000000, 1.000000000000000000 ) ) ;
#3016 = DIRECTION ( 'NONE',  ( -1.000000000000000000, 0.0000000000000000000, 0.0000000000000000000 ) ) ;
#3017 = VERTEX_POINT ( 'NONE', #2668 ) ;
#3018 = FACE_OUTER_BOUND ( 'NONE', #1734, .T. ) ;
#3019 = DIRECTION ( 'NONE',  ( 1.000000000000000000, 0.0000000000000000000, 0.0000000000000000000 ) ) ;
#3020 = VERTEX_POINT ( 'NONE', #3787 ) ;
#3021 = CARTESIAN_POINT ( 'NONE',  ( 0.3750000000000000000, -1.219999999999999973, 0.05000000000000000278 ) ) ;
#3022 =( LENGTH_UNIT ( ) NAMED_UNIT ( * ) SI_UNIT ( .MILLI., .METRE. ) );
#3023 = DIRECTION ( 'NONE',  ( -1.000000000000000000, 0.0000000000000000000, 0.0000000000000000000 ) ) ;
#3024 = DIRECTION ( 'NONE',  ( -1.000000000000000000, 0.0000000000000000000, 0.0000000000000000000 ) ) ;
#3025 = ORIENTED_EDGE ( 'NONE', *, *, #2916, .F. ) ;
#3026 = VERTEX_POINT ( 'NONE', #837 ) ;
#3027 = EDGE_CURVE ( 'NONE', #3017, #576, #175, .T. ) ;
#3028 = DIRECTION ( 'NONE',  ( 0.0000000000000000000, 0.0000000000000000000, 1.000000000000000000 ) ) ;
#3029 = COLOUR_RGB ( '',0.7686274509803920907, 0.7686274509803920907, 0.7686274509803920907 ) ;
#3030 = EDGE_CURVE ( 'NONE', #3623, #1246, #2019, .T. ) ;
#3031 = DIRECTION ( 'NONE',  ( -1.000000000000000000, 0.0000000000000000000, 0.0000000000000000000 ) ) ;
#3032 = DIRECTION ( 'NONE',  ( 0.0000000000000000000, 0.0000000000000000000, 1.000000000000000000 ) ) ;
#3033 = EDGE_CURVE ( 'NONE', #1006, #2272, #36, .T. ) ;
#3034 = PLANE ( 'NONE',  #1153 ) ;
#3035 = CIRCLE ( 'NONE', #645, 0.05000000000000002359 ) ;
#3036 = VECTOR ( 'NONE', #1680, 1000.000000000000000 ) ;
#3037 = EDGE_LOOP ( 'NONE', ( #2431, #2087, #733, #3276 ) ) ;
#3038 = MECHANICAL_DESIGN_GEOMETRIC_PRESENTATION_REPRESENTATION (  '', ( #3723 ), #39 ) ;
#3039 = AXIS2_PLACEMENT_3D ( 'NONE', #2727, #1285, #2764 ) ;
#3040 = CARTESIAN_POINT ( 'NONE',  ( 1.050000000000000044, -1.050000000000000044, 0.6999999999999999556 ) ) ;
#3041 = CIRCLE ( 'NONE', #707, 0.01000000000000002623 ) ;
#3042 = VECTOR ( 'NONE', #1924, 1000.000000000000000 ) ;
#3043 = DIRECTION ( 'NONE',  ( 0.0000000000000000000, 0.0000000000000000000, -1.000000000000000000 ) ) ;
#3044 = AXIS2_PLACEMENT_3D ( 'NONE', #378, #1554, #970 ) ;
#3045 = DIRECTION ( 'NONE',  ( 0.0000000000000000000, 0.0000000000000000000, 1.000000000000000000 ) ) ;
#3046 = DIRECTION ( 'NONE',  ( -1.000000000000000000, 0.0000000000000000000, 0.0000000000000000000 ) ) ;
#3047 = VERTEX_POINT ( 'NONE', #1202 ) ;
#3048 = VERTEX_POINT ( 'NONE', #265 ) ;
#3049 = LINE ( 'NONE', #1544, #828 ) ;
#3050 = AXIS2_PLACEMENT_3D ( 'NONE', #2527, #2230, #2832 ) ;
#3051 = FACE_OUTER_BOUND ( 'NONE', #3676, .T. ) ;
#3052 = EDGE_CURVE ( 'NONE', #1681, #1266, #339, .T. ) ;
#3053 = COLOUR_RGB ( '',1.000000000000000000, 0.9372549019607843146, 0.1372549019607843257 ) ;
#3054 = CARTESIAN_POINT ( 'NONE',  ( 1.050000000000000044, 1.250000000000000000, 0.6999999999999999556 ) ) ;
#3055 = ORIENTED_EDGE ( 'NONE', *, *, #2049, .F. ) ;
#3056 = DIRECTION ( 'NONE',  ( 0.0000000000000000000, 0.0000000000000000000, -1.000000000000000000 ) ) ;
#3057 = CARTESIAN_POINT ( 'NONE',  ( 1.500000000000000000, 1.489999999999999991, 0.6999999999999999556 ) ) ;
#3058 = CIRCLE ( 'NONE', #2696, 0.05000000000000002359 ) ;
#3059 = EDGE_CURVE ( 'NONE', #2584, #1745, #968, .T. ) ;
#3060 = EDGE_CURVE ( 'NONE', #2577, #1274, #1468, .T. ) ;
#3061 = VERTEX_POINT ( 'NONE', #285 ) ;
#3062 = VECTOR ( 'NONE', #1972, 1000.000000000000000 ) ;
#3063 = LINE ( 'NONE', #3098, #2257 ) ;
#3064 = APPLICATION_CONTEXT ( 'automotive_design' ) ;
#3065 = AXIS2_PLACEMENT_3D ( 'NONE', #1072, #3496, #3788 ) ;
#3066 = CARTESIAN_POINT ( 'NONE',  ( -0.7299999999999999822, 1.219999999999999973, 0.05000000000000000278 ) ) ;
#3067 = SURFACE_SIDE_STYLE ('',( #3727 ) ) ;
#3068 = DIRECTION ( 'NONE',  ( 0.0000000000000000000, 0.0000000000000000000, -1.000000000000000000 ) ) ;
#3069 = DIRECTION ( 'NONE',  ( 1.000000000000000000, 0.0000000000000000000, 0.0000000000000000000 ) ) ;
#3070 = ORIENTED_EDGE ( 'NONE', *, *, #2937, .T. ) ;
#3071 = DIRECTION ( 'NONE',  ( 0.0000000000000000000, 1.000000000000000000, 0.0000000000000000000 ) ) ;
#3072 = CARTESIAN_POINT ( 'NONE',  ( -1.219999999999999973, -1.270000000000000018, 0.05000000000000000278 ) ) ;
#3073 = ORIENTED_EDGE ( 'NONE', *, *, #238, .F. ) ;
#3074 = CARTESIAN_POINT ( 'NONE',  ( 1.050000000000000044, 0.02000000000000070471, 0.6500000000000000222 ) ) ;
#3075 = UNCERTAINTY_MEASURE_WITH_UNIT (LENGTH_MEASURE( 1.000000000000000082E-05 ), #2802, 'distance_accuracy_value', 'NONE');
#3076 = EDGE_LOOP ( 'NONE', ( #1447, #3091, #2638, #1300 ) ) ;
#3077 = EDGE_CURVE ( 'NONE', #1037, #2607, #235, .T. ) ;
#3078 = ORIENTED_EDGE ( 'NONE', *, *, #2964, .F. ) ;
#3079 = FACE_OUTER_BOUND ( 'NONE', #67, .T. ) ;
#3080 = EDGE_CURVE ( 'NONE', #3454, #812, #2900, .T. ) ;
#3081 = EDGE_CURVE ( 'NONE', #1429, #83, #1179, .T. ) ;
#3082 = FACE_OUTER_BOUND ( 'NONE', #3076, .T. ) ;
#3083 = CARTESIAN_POINT ( 'NONE',  ( -1.270000000000000018, 1.219999999999999973, 0.05000000000000000278 ) ) ;
#3084 = LINE ( 'NONE', #3409, #1533 ) ;
#3085 = SURFACE_STYLE_USAGE ( .BOTH. , #3618 ) ;
#3086 = ORIENTED_EDGE ( 'NONE', *, *, #431, .F. ) ;
#3087 = DIRECTION ( 'NONE',  ( 0.0000000000000000000, 0.0000000000000000000, 1.000000000000000000 ) ) ;
#3088 = EDGE_LOOP ( 'NONE', ( #1143, #2713, #2292, #3471 ) ) ;
#3089 = PRESENTATION_STYLE_ASSIGNMENT (( #3472 ) ) ;
#3090 = PLANE ( 'NONE',  #1782 ) ;
#3091 = ORIENTED_EDGE ( 'NONE', *, *, #1984, .F. ) ;
#3092 = FACE_OUTER_BOUND ( 'NONE', #3760, .T. ) ;
#3093 = ORIENTED_EDGE ( 'NONE', *, *, #105, .F. ) ;
#3094 = SURFACE_STYLE_FILL_AREA ( #3178 ) ;
#3095 = VERTEX_POINT ( 'NONE', #7 ) ;
#3096 = ORIENTED_EDGE ( 'NONE', *, *, #2943, .T. ) ;
#3097 = STYLED_ITEM ( 'NONE', ( #3767 ), #910 ) ;
#3098 = CARTESIAN_POINT ( 'NONE',  ( -1.270000000000000018, 1.219999999999999973, 0.05000000000000000278 ) ) ;
#3099 = VECTOR ( 'NONE', #373, 1000.000000000000000 ) ;
#3100 = AXIS2_PLACEMENT_3D ( 'NONE', #2712, #3031, #2999 ) ;
#3101 = EDGE_CURVE ( 'NONE', #2335, #1729, #2751, .T. ) ;
#3102 = LINE ( 'NONE', #2172, #3360 ) ;
#3103 = DIRECTION ( 'NONE',  ( 0.0000000000000000000, -1.000000000000000000, 0.0000000000000000000 ) ) ;
#3104 = VECTOR ( 'NONE', #1184, 1000.000000000000000 ) ;
#3105 = LINE ( 'NONE', #2260, #1 ) ;
#3106 = CIRCLE ( 'NONE', #3366, 0.04999999999999991257 ) ;
#3107 = VERTEX_POINT ( 'NONE', #2053 ) ;
#3108 = ADVANCED_FACE ( 'NONE', ( #3228 ), #592, .T. ) ;
#3109 = DIRECTION ( 'NONE',  ( 0.0000000000000000000, 0.0000000000000000000, 1.000000000000000000 ) ) ;
#3110 = EDGE_LOOP ( 'NONE', ( #364, #2034, #1034, #1116 ) ) ;
#3111 = CYLINDRICAL_SURFACE ( 'NONE', #595, 0.04999999999999991257 ) ;
#3112 = SURFACE_STYLE_FILL_AREA ( #991 ) ;
#3113 = STYLED_ITEM ( 'NONE', ( #2529 ), #2188 ) ;
#3114 = ORIENTED_EDGE ( 'NONE', *, *, #355, .T. ) ;
#3115 = VECTOR ( 'NONE', #966, 1000.000000000000000 ) ;
#3116 = VERTEX_POINT ( 'NONE', #2740 ) ;
#3117 = CARTESIAN_POINT ( 'NONE',  ( 1.250000000000000000, 1.050000000000000044, 0.6999999999999999556 ) ) ;
#3118 = VECTOR ( 'NONE', #1796, 1000.000000000000000 ) ;
#3119 = UNCERTAINTY_MEASURE_WITH_UNIT (LENGTH_MEASURE( 1.000000000000000082E-05 ), #2958, 'distance_accuracy_value', 'NONE');
#3120 = CARTESIAN_POINT ( 'NONE',  ( -1.270000000000000018, 1.219999999999999973, 0.0000000000000000000 ) ) ;
#3121 = VECTOR ( 'NONE', #190, 1000.000000000000000 ) ;
#3122 = CARTESIAN_POINT ( 'NONE',  ( 1.219999999999999973, 0.6199999999999999956, 0.05000000000000000278 ) ) ;
#3123 = CIRCLE ( 'NONE', #360, 0.05000000000000002359 ) ;
#3124 = DIRECTION ( 'NONE',  ( 0.0000000000000000000, 1.000000000000000000, 0.0000000000000000000 ) ) ;
#3125 = DIRECTION ( 'NONE',  ( 0.0000000000000000000, 0.0000000000000000000, 1.000000000000000000 ) ) ;
#3126 = EDGE_CURVE ( 'NONE', #124, #2806, #3058, .T. ) ;
#3127 = ORIENTED_EDGE ( 'NONE', *, *, #1230, .F. ) ;
#3128 = DIRECTION ( 'NONE',  ( 0.0000000000000000000, 0.0000000000000000000, 1.000000000000000000 ) ) ;
#3129 = EDGE_CURVE ( 'NONE', #2781, #3159, #2428, .T. ) ;
#3130 = VERTEX_POINT ( 'NONE', #1255 ) ;
#3131 = FACE_OUTER_BOUND ( 'NONE', #1973, .T. ) ;
#3132 = CARTESIAN_POINT ( 'NONE',  ( 0.7800000000000000266, -1.219999999999999973, 0.0000000000000000000 ) ) ;
#3133 = CARTESIAN_POINT ( 'NONE',  ( 1.270000000000000018, -1.020000000000000018, 0.0000000000000000000 ) ) ;
#3134 = ADVANCED_FACE ( 'NONE', ( #694 ), #112, .F. ) ;
#3135 = EDGE_LOOP ( 'NONE', ( #1979, #410, #2929, #1719, #1411, #430, #2146, #2830 ) ) ;
#3136 = DIRECTION ( 'NONE',  ( 0.0000000000000000000, -1.000000000000000000, 0.0000000000000000000 ) ) ;
#3137 = EDGE_LOOP ( 'NONE', ( #1919, #3695, #1171, #1052, #3533, #1338, #174, #440 ) ) ;
#3138 = DIRECTION ( 'NONE',  ( 0.0000000000000000000, 0.0000000000000000000, -1.000000000000000000 ) ) ;
#3139 = CARTESIAN_POINT ( 'NONE',  ( 1.300000000000000044, 0.8199999999999999512, 0.6999999999999999556 ) ) ;
#3140 = ORIENTED_EDGE ( 'NONE', *, *, #1706, .T. ) ;
#3141 = CARTESIAN_POINT ( 'NONE',  ( -1.500000000000000000, -1.489999999999999991, 0.6999999999999999556 ) ) ;
#3142 = CARTESIAN_POINT ( 'NONE',  ( 1.270000000000000018, 0.6199999999999999956, 0.0000000000000000000 ) ) ;
#3143 = CARTESIAN_POINT ( 'NONE',  ( 1.050000000000000044, -1.250000000000000000, 0.6999999999999999556 ) ) ;
#3144 = ORIENTED_EDGE ( 'NONE', *, *, #238, .T. ) ;
#3145 = DIRECTION ( 'NONE',  ( 0.0000000000000000000, 0.0000000000000000000, -1.000000000000000000 ) ) ;
#3146 = ORIENTED_EDGE ( 'NONE', *, *, #2547, .T. ) ;
#3147 = DIRECTION ( 'NONE',  ( 1.000000000000000000, 4.928191693115929783E-16, 0.0000000000000000000 ) ) ;
#3148 = LINE ( 'NONE', #2884, #3445 ) ;
#3149 = DIRECTION ( 'NONE',  ( 0.0000000000000000000, 1.000000000000000000, 0.0000000000000000000 ) ) ;
#3150 = ORIENTED_EDGE ( 'NONE', *, *, #3612, .F. ) ;
#3151 = CARTESIAN_POINT ( 'NONE',  ( 1.250000000000000000, -1.050000000000000044, 0.6500000000000000222 ) ) ;
#3152 = EDGE_CURVE ( 'NONE', #2380, #3020, #3513, .T. ) ;
#3153 = EDGE_LOOP ( 'NONE', ( #3150, #3025, #3078, #2848, #1110, #311, #3073, #258 ) ) ;
#3154 = CARTESIAN_POINT ( 'NONE',  ( -1.500000000000000000, 1.489999999999999991, 0.05000000000000000278 ) ) ;
#3155 = EDGE_CURVE ( 'NONE', #2201, #1523, #1877, .T. ) ;
#3156 = UNCERTAINTY_MEASURE_WITH_UNIT (LENGTH_MEASURE( 1.000000000000000082E-05 ), #2773, 'distance_accuracy_value', 'NONE');
#3157 = CARTESIAN_POINT ( 'NONE',  ( -1.050000000000000044, -1.050000000000000044, 0.6500000000000000222 ) ) ;
#3158 = ADVANCED_FACE ( 'NONE', ( #2409 ), #2157, .T. ) ;
#3159 = VERTEX_POINT ( 'NONE', #3007 ) ;
#3160 = CARTESIAN_POINT ( 'NONE',  ( 1.489999999999999991, 1.489999999999999991, 0.6999999999999999556 ) ) ;
#3161 = AXIS2_PLACEMENT_3D ( 'NONE', #2449, #1801, #1277 ) ;
#3162 = CARTESIAN_POINT ( 'NONE',  ( -1.050000000000000044, -1.050000000000000044, 0.6999999999999999556 ) ) ;
#3163 = AXIS2_PLACEMENT_3D ( 'NONE', #2591, #3323, #1267 ) ;
#3164 = MECHANICAL_DESIGN_GEOMETRIC_PRESENTATION_REPRESENTATION (  '', ( #2366 ), #3782 ) ;
#3165 = ORIENTED_EDGE ( 'NONE', *, *, #1154, .T. ) ;
#3166 = LINE ( 'NONE', #280, #3780 ) ;
#3167 = VECTOR ( 'NONE', #3549, 1000.000000000000000 ) ;
#3168 = AXIS2_PLACEMENT_3D ( 'NONE', #151, #441, #2273 ) ;
#3169 = EDGE_LOOP ( 'NONE', ( #2363, #233, #497, #1599 ) ) ;
#3170 = PLANE ( 'NONE',  #2317 ) ;
#3171 = DIRECTION ( 'NONE',  ( 0.0000000000000000000, 0.0000000000000000000, 1.000000000000000000 ) ) ;
#3172 = CARTESIAN_POINT ( 'NONE',  ( 1.219999999999999973, -0.5999999999999999778, 0.05000000000000000278 ) ) ;
#3173 = VECTOR ( 'NONE', #2839, 1000.000000000000000 ) ;
#3174 =( GEOMETRIC_REPRESENTATION_CONTEXT ( 3 ) GLOBAL_UNCERTAINTY_ASSIGNED_CONTEXT ( ( #578 ) ) GLOBAL_UNIT_ASSIGNED_CONTEXT ( ( #2630, #2299, #2950 ) ) REPRESENTATION_CONTEXT ( 'NONE', 'WORKASPACE' ) );
#3175 = ORIENTED_EDGE ( 'NONE', *, *, #2664, .T. ) ;
#3176 = CARTESIAN_POINT ( 'NONE',  ( -1.219999999999999973, -0.9700000000000000844, 0.0000000000000000000 ) ) ;
#3177 = ORIENTED_EDGE ( 'NONE', *, *, #334, .F. ) ;
#3178 = FILL_AREA_STYLE ('',( #2540 ) ) ;
#3179 = PRESENTATION_LAYER_ASSIGNMENT (  '', '', ( #3113 ) ) ;
#3180 = EDGE_CURVE ( 'NONE', #1274, #1870, #361, .T. ) ;
#3181 = CARTESIAN_POINT ( 'NONE',  ( 1.050000000000000044, 1.050000000000000044, 0.6500000000000000222 ) ) ;
#3182 = ORIENTED_EDGE ( 'NONE', *, *, #3768, .F. ) ;
#3183 = DIRECTION ( 'NONE',  ( 0.0000000000000000000, -1.000000000000000000, 0.0000000000000000000 ) ) ;
#3184 = CIRCLE ( 'NONE', #1408, 0.01000000000000002623 ) ;
#3185 = EDGE_CURVE ( 'NONE', #632, #3215, #487, .T. ) ;
#3186 = FACE_OUTER_BOUND ( 'NONE', #3611, .T. ) ;
#3187 = CARTESIAN_POINT ( 'NONE',  ( -1.219999999999999973, 1.270000000000000018, 0.0000000000000000000 ) ) ;
#3188 = APPLICATION_PROTOCOL_DEFINITION ( 'draft international standard', 'automotive_design', 1998, #3064 ) ;
#3189 = VECTOR ( 'NONE', #3617, 1000.000000000000000 ) ;
#3190 = EDGE_LOOP ( 'NONE', ( #566, #329, #1031, #1558 ) ) ;
#3191 = CARTESIAN_POINT ( 'NONE',  ( -0.7800000000000000266, -0.03000000000000050196, 0.05000000000000000278 ) ) ;
#3192 = AXIS2_PLACEMENT_3D ( 'NONE', #2079, #2804, #173 ) ;
#3193 = ORIENTED_EDGE ( 'NONE', *, *, #1633, .F. ) ;
#3194 = CARTESIAN_POINT ( 'NONE',  ( -1.500000000000000000, -1.489999999999999991, 0.6999999999999999556 ) ) ;
#3195 = CARTESIAN_POINT ( 'NONE',  ( -0.7800000000000000266, 0.6199999999999999956, 0.0000000000000000000 ) ) ;
#3196 = FACE_OUTER_BOUND ( 'NONE', #1562, .T. ) ;
#3197 = AXIS2_PLACEMENT_3D ( 'NONE', #739, #380, #719 ) ;
#3198 = ORIENTED_EDGE ( 'NONE', *, *, #2463, .T. ) ;
#3199 = CARTESIAN_POINT ( 'NONE',  ( -1.219999999999999973, 0.5699999999999999512, 0.05000000000000000278 ) ) ;
#3200 = ORIENTED_EDGE ( 'NONE', *, *, #548, .F. ) ;
#3201 = CARTESIAN_POINT ( 'NONE',  ( -0.7299999999999999822, 0.6199999999999999956, 0.05000000000000000278 ) ) ;
#3202 = CARTESIAN_POINT ( 'NONE',  ( 1.219999999999999973, 0.2700000000000000178, 0.05000000000000000278 ) ) ;
#3203 = ORIENTED_EDGE ( 'NONE', *, *, #894, .T. ) ;
#3204 = DIRECTION ( 'NONE',  ( 0.0000000000000000000, 1.000000000000000000, 0.0000000000000000000 ) ) ;
#3205 = ADVANCED_FACE ( 'NONE', ( #1279 ), #2703, .T. ) ;
#3206 = ADVANCED_FACE ( 'NONE', ( #972 ), #2106, .T. ) ;
#3207 = PLANE ( 'NONE',  #2186 ) ;
#3208 = EDGE_CURVE ( 'NONE', #3386, #909, #3595, .T. ) ;
#3209 = VERTEX_POINT ( 'NONE', #2758 ) ;
#3210 = FILL_AREA_STYLE ('',( #537 ) ) ;
#3211 = ORIENTED_EDGE ( 'NONE', *, *, #3329, .F. ) ;
#3212 = DIRECTION ( 'NONE',  ( 0.0000000000000000000, -1.000000000000000000, 0.0000000000000000000 ) ) ;
#3213 = CARTESIAN_POINT ( 'NONE',  ( -1.219999999999999973, 0.01999999999999940020, 0.0000000000000000000 ) ) ;
#3214 = CARTESIAN_POINT ( 'NONE',  ( 0.7299999999999999822, -0.4000000000000000222, 0.0000000000000000000 ) ) ;
#3215 = VERTEX_POINT ( 'NONE', #2127 ) ;
#3216 = PLANE ( 'NONE',  #2489 ) ;
#3217 = EDGE_LOOP ( 'NONE', ( #2891, #997, #935, #1909, #652, #1050, #1414, #1525 ) ) ;
#3218 = CARTESIAN_POINT ( 'NONE',  ( -1.219999999999999973, -0.9700000000000000844, 0.05000000000000000278 ) ) ;
#3219 = ORIENTED_EDGE ( 'NONE', *, *, #125, .F. ) ;
#3220 = PLANE ( 'NONE',  #2504 ) ;
#3221 = LINE ( 'NONE', #2948, #2501 ) ;
#3222 = EDGE_CURVE ( 'NONE', #2558, #2716, #300, .T. ) ;
#3223 = ORIENTED_EDGE ( 'NONE', *, *, #3208, .T. ) ;
#3224 = CARTESIAN_POINT ( 'NONE',  ( -0.7800000000000000266, -0.5999999999999999778, 0.05000000000000000278 ) ) ;
#3225 = ORIENTED_EDGE ( 'NONE', *, *, #706, .F. ) ;
#3226 = PLANE ( 'NONE',  #3738 ) ;
#3227 = VECTOR ( 'NONE', #1335, 1000.000000000000000 ) ;
#3228 = FACE_OUTER_BOUND ( 'NONE', #1261, .T. ) ;
#3229 = EDGE_CURVE ( 'NONE', #740, #2895, #1157, .T. ) ;
#3230 = CARTESIAN_POINT ( 'NONE',  ( 0.3750000000000000000, 1.219999999999999973, 0.0000000000000000000 ) ) ;
#3231 = CLOSED_SHELL ( 'NONE', ( #1859, #1204, #820, #553, #852, #3607, #2283, #2003, #1425, #210 ) ) ;
#3232 = EDGE_CURVE ( 'NONE', #2192, #2201, #2935, .T. ) ;
#3233 = ORIENTED_EDGE ( 'NONE', *, *, #1226, .T. ) ;
#3234 = MECHANICAL_DESIGN_GEOMETRIC_PRESENTATION_REPRESENTATION (  '', ( #2980 ), #1642 ) ;
#3235 = VECTOR ( 'NONE', #1504, 1000.000000000000000 ) ;
#3236 = CARTESIAN_POINT ( 'NONE',  ( 1.050000000000000044, -1.050000000000000044, 0.6500000000000000222 ) ) ;
#3237 = VERTEX_POINT ( 'NONE', #3370 ) ;
#3238 = DIRECTION ( 'NONE',  ( 0.0000000000000000000, -1.000000000000000000, 0.0000000000000000000 ) ) ;
#3239 = FILL_AREA_STYLE_COLOUR ( '', #303 ) ;
#3240 = VECTOR ( 'NONE', #133, 1000.000000000000000 ) ;
#3241 = CIRCLE ( 'NONE', #532, 0.04999999999999991257 ) ;
#3242 = CARTESIAN_POINT ( 'NONE',  ( -1.050000000000000044, 0.5699999999999999512, 0.6999999999999999556 ) ) ;
#3243 = COLOUR_RGB ( '',1.000000000000000000, 0.9372549019607843146, 0.1372549019607843257 ) ;
#3244 = ORIENTED_EDGE ( 'NONE', *, *, #332, .T. ) ;
#3245 = DIRECTION ( 'NONE',  ( 1.000000000000000000, 0.0000000000000000000, 0.0000000000000000000 ) ) ;
#3246 = COLOUR_RGB ( '',0.7686274509803920907, 0.7686274509803920907, 0.7686274509803920907 ) ;
#3247 = AXIS2_PLACEMENT_3D ( 'NONE', #3327, #678, #3635 ) ;
#3248 = FACE_OUTER_BOUND ( 'NONE', #623, .T. ) ;
#3249 = VECTOR ( 'NONE', #1810, 1000.000000000000000 ) ;
#3250 = ORIENTED_EDGE ( 'NONE', *, *, #555, .F. ) ;
#3251 = LINE ( 'NONE', #1405, #1871 ) ;
#3252 = ORIENTED_EDGE ( 'NONE', *, *, #3010, .F. ) ;
#3253 = CARTESIAN_POINT ( 'NONE',  ( 1.250000000000000000, 1.050000000000000044, 0.6999999999999999556 ) ) ;
#3254 = PLANE ( 'NONE',  #1650 ) ;
#3255 = CARTESIAN_POINT ( 'NONE',  ( -0.7800000000000000266, -0.3499999999999999778, 0.05000000000000000278 ) ) ;
#3256 = ORIENTED_EDGE ( 'NONE', *, *, #3652, .T. ) ;
#3257 = CIRCLE ( 'NONE', #1416, 0.05000000000000002359 ) ;
#3258 = EDGE_CURVE ( 'NONE', #806, #1870, #718, .T. ) ;
#3259 = DIRECTION ( 'NONE',  ( -0.0000000000000000000, 1.000000000000000000, 0.0000000000000000000 ) ) ;
#3260 = ORIENTED_EDGE ( 'NONE', *, *, #1862, .F. ) ;
#3261 = LINE ( 'NONE', #3201, #281 ) ;
#3262 = ADVANCED_FACE ( 'NONE', ( #57 ), #2990, .T. ) ;
#3263 = SURFACE_STYLE_FILL_AREA ( #2360 ) ;
#3264 = LINE ( 'NONE', #3202, #2065 ) ;
#3265 = VECTOR ( 'NONE', #2795, 1000.000000000000000 ) ;
#3266 = ORIENTED_EDGE ( 'NONE', *, *, #1268, .F. ) ;
#3267 = DIRECTION ( 'NONE',  ( 0.0000000000000000000, -1.000000000000000000, 0.0000000000000000000 ) ) ;
#3268 = CYLINDRICAL_SURFACE ( 'NONE', #3511, 0.05000000000000002359 ) ;
#3269 = CARTESIAN_POINT ( 'NONE',  ( 1.270000000000000018, 0.02000000000000025369, 0.05000000000000000278 ) ) ;
#3270 = ORIENTED_EDGE ( 'NONE', *, *, #2825, .T. ) ;
#3271 = CARTESIAN_POINT ( 'NONE',  ( 1.050000000000000044, -1.250000000000000000, 0.6999999999999999556 ) ) ;
#3272 = DIRECTION ( 'NONE',  ( 1.807003620809174878E-16, -1.000000000000000000, 0.0000000000000000000 ) ) ;
#3273 = LINE ( 'NONE', #74, #1783 ) ;
#3274 = ORIENTED_EDGE ( 'NONE', *, *, #334, .T. ) ;
#3275 = FACE_OUTER_BOUND ( 'NONE', #3628, .T. ) ;
#3276 = ORIENTED_EDGE ( 'NONE', *, *, #2121, .T. ) ;
#3277 = DIRECTION ( 'NONE',  ( 0.0000000000000000000, 0.0000000000000000000, 1.000000000000000000 ) ) ;
#3278 = CARTESIAN_POINT ( 'NONE',  ( 0.7800000000000000266, 1.219999999999999973, 0.05000000000000000278 ) ) ;
#3279 = EDGE_CURVE ( 'NONE', #3319, #616, #3123, .T. ) ;
#3280 = CARTESIAN_POINT ( 'NONE',  ( 1.219999999999999973, -0.6500000000000000222, 0.05000000000000000278 ) ) ;
#3281 = ORIENTED_EDGE ( 'NONE', *, *, #1915, .T. ) ;
#3282 = DIRECTION ( 'NONE',  ( 0.0000000000000000000, -1.000000000000000000, 0.0000000000000000000 ) ) ;
#3283 = CARTESIAN_POINT ( 'NONE',  ( -1.050000000000000044, -1.300000000000000044, 0.6999999999999999556 ) ) ;
#3284 = ADVANCED_FACE ( 'NONE', ( #2551 ), #2774, .F. ) ;
#3285 = EDGE_CURVE ( 'NONE', #3159, #1429, #2998, .T. ) ;
#3286 = LINE ( 'NONE', #2984, #660 ) ;
#3287 = FACE_OUTER_BOUND ( 'NONE', #3785, .T. ) ;
#3288 = DIRECTION ( 'NONE',  ( -1.000000000000000000, 0.0000000000000000000, 0.0000000000000000000 ) ) ;
#3289 = DIRECTION ( 'NONE',  ( 0.0000000000000000000, 0.0000000000000000000, -1.000000000000000000 ) ) ;
#3290 = LINE ( 'NONE', #951, #792 ) ;
#3291 = ORIENTED_EDGE ( 'NONE', *, *, #2937, .F. ) ;
#3292 = DIRECTION ( 'NONE',  ( 0.0000000000000000000, 0.0000000000000000000, -1.000000000000000000 ) ) ;
#3293 = AXIS2_PLACEMENT_3D ( 'NONE', #3271, #2104, #336 ) ;
#3294 = CLOSED_SHELL ( 'NONE', ( #2467, #2310, #3794, #1059, #2875, #1245, #868, #289, #2098, #386 ) ) ;
#3295 = EDGE_LOOP ( 'NONE', ( #2070, #856, #3395, #1548 ) ) ;
#3296 = DIRECTION ( 'NONE',  ( -1.455304929510743932E-16, 1.000000000000000000, 0.0000000000000000000 ) ) ;
#3297 = AXIS2_PLACEMENT_3D ( 'NONE', #494, #2233, #3726 ) ;
#3298 =( GEOMETRIC_REPRESENTATION_CONTEXT ( 3 ) GLOBAL_UNCERTAINTY_ASSIGNED_CONTEXT ( ( #1117 ) ) GLOBAL_UNIT_ASSIGNED_CONTEXT ( ( #82, #3587, #2697 ) ) REPRESENTATION_CONTEXT ( 'NONE', 'WORKASPACE' ) );
#3299 = PLANE ( 'NONE',  #1938 ) ;
#3300 = VERTEX_POINT ( 'NONE', #2487 ) ;
#3301 = CARTESIAN_POINT ( 'NONE',  ( 1.219999999999999973, -1.219999999999999973, 0.05000000000000000278 ) ) ;
#3302 = VECTOR ( 'NONE', #2889, 1000.000000000000000 ) ;
#3303 =( GEOMETRIC_REPRESENTATION_CONTEXT ( 3 ) GLOBAL_UNCERTAINTY_ASSIGNED_CONTEXT ( ( #463 ) ) GLOBAL_UNIT_ASSIGNED_CONTEXT ( ( #3478, #1908, #3790 ) ) REPRESENTATION_CONTEXT ( 'NONE', 'WORKASPACE' ) );
#3304 = CARTESIAN_POINT ( 'NONE',  ( 1.270000000000000018, 0.2200000000000000011, 0.0000000000000000000 ) ) ;
#3305 = EDGE_CURVE ( 'NONE', #1824, #2192, #3084, .T. ) ;
#3306 = ORIENTED_EDGE ( 'NONE', *, *, #15, .F. ) ;
#3307 = EDGE_CURVE ( 'NONE', #1359, #1055, #3674, .T. ) ;
#3308 = LINE ( 'NONE', #354, #3615 ) ;
#3309 = EDGE_CURVE ( 'NONE', #3620, #1982, #223, .T. ) ;
#3310 = AXIS2_PLACEMENT_3D ( 'NONE', #644, #679, #1856 ) ;
#3311 = AXIS2_PLACEMENT_3D ( 'NONE', #2085, #907, #1855 ) ;
#3312 = FILL_AREA_STYLE_COLOUR ( '', #1312 ) ;
#3313 = DIRECTION ( 'NONE',  ( 1.084202172485509956E-15, -1.000000000000000000, 0.0000000000000000000 ) ) ;
#3314 = CARTESIAN_POINT ( 'NONE',  ( 1.050000000000000044, 1.250000000000000000, 0.6999999999999999556 ) ) ;
#3315 = LINE ( 'NONE', #2074, #1421 ) ;
#3316 = AXIS2_PLACEMENT_3D ( 'NONE', #2278, #529, #1139 ) ;
#3317 = ORIENTED_EDGE ( 'NONE', *, *, #2877, .F. ) ;
#3318 = CARTESIAN_POINT ( 'NONE',  ( 0.7299999999999999822, -0.4000000000000000222, 0.0000000000000000000 ) ) ;
#3319 = VERTEX_POINT ( 'NONE', #1357 ) ;
#3320 = LINE ( 'NONE', #958, #1322 ) ;
#3321 = AXIS2_PLACEMENT_3D ( 'NONE', #3729, #3429, #1628 ) ;
#3322 = CARTESIAN_POINT ( 'NONE',  ( -0.7299999999999999822, -0.4000000000000000222, 0.05000000000000000278 ) ) ;
#3323 = DIRECTION ( 'NONE',  ( 0.0000000000000000000, -1.000000000000000000, 0.0000000000000000000 ) ) ;
#3324 = VECTOR ( 'NONE', #230, 1000.000000000000000 ) ;
#3325 = FACE_OUTER_BOUND ( 'NONE', #269, .T. ) ;
#3326 = ORIENTED_EDGE ( 'NONE', *, *, #2822, .F. ) ;
#3327 = CARTESIAN_POINT ( 'NONE',  ( -0.7800000000000000266, 0.2200000000000000011, 0.05000000000000000278 ) ) ;
#3328 = EDGE_CURVE ( 'NONE', #3130, #3623, #2324, .T. ) ;
#3329 = EDGE_CURVE ( 'NONE', #2207, #2956, #1340, .T. ) ;
#3330 =( NAMED_UNIT ( * ) SI_UNIT ( $, .STERADIAN. ) SOLID_ANGLE_UNIT ( ) );
#3331 = FACE_OUTER_BOUND ( 'NONE', #3721, .T. ) ;
#3332 = DIRECTION ( 'NONE',  ( 0.0000000000000000000, 0.0000000000000000000, 1.000000000000000000 ) ) ;
#3333 = PRESENTATION_STYLE_ASSIGNMENT (( #3085 ) ) ;
#3334 = EDGE_CURVE ( 'NONE', #2284, #25, #1653, .T. ) ;
#3335 = ORIENTED_EDGE ( 'NONE', *, *, #3402, .T. ) ;
#3336 = DIRECTION ( 'NONE',  ( 0.0000000000000000000, 0.0000000000000000000, 1.000000000000000000 ) ) ;
#3337 = ORIENTED_EDGE ( 'NONE', *, *, #1129, .T. ) ;
#3338 = LINE ( 'NONE', #1884, #158 ) ;
#3339 = ORIENTED_EDGE ( 'NONE', *, *, #775, .F. ) ;
#3340 = FACE_OUTER_BOUND ( 'NONE', #3135, .T. ) ;
#3341 = DIRECTION ( 'NONE',  ( 0.0000000000000000000, 0.0000000000000000000, -1.000000000000000000 ) ) ;
#3342 = ORIENTED_EDGE ( 'NONE', *, *, #3080, .F. ) ;
#3343 = VERTEX_POINT ( 'NONE', #3391 ) ;
#3344 = CARTESIAN_POINT ( 'NONE',  ( 0.7800000000000000266, 1.270000000000000018, 0.0000000000000000000 ) ) ;
#3345 = DIRECTION ( 'NONE',  ( 0.0000000000000000000, 0.0000000000000000000, 1.000000000000000000 ) ) ;
#3346 = DIRECTION ( 'NONE',  ( 0.0000000000000000000, 0.0000000000000000000, -1.000000000000000000 ) ) ;
#3347 = CARTESIAN_POINT ( 'NONE',  ( 1.489999999999999991, -1.500000000000000000, 0.6999999999999999556 ) ) ;
#3348 = EDGE_CURVE ( 'NONE', #1681, #2785, #3105, .T. ) ;
#3349 = VERTEX_POINT ( 'NONE', #1918 ) ;
#3350 = EDGE_CURVE ( 'NONE', #1151, #1788, #2138, .T. ) ;
#3351 = EDGE_LOOP ( 'NONE', ( #1023, #2909, #2320, #2902 ) ) ;
#3352 = FACE_OUTER_BOUND ( 'NONE', #3295, .T. ) ;
#3353 = FACE_OUTER_BOUND ( 'NONE', #2382, .T. ) ;
#3354 = EDGE_CURVE ( 'NONE', #1974, #2210, #423, .T. ) ;
#3355 = AXIS2_PLACEMENT_3D ( 'NONE', #1315, #1671, #721 ) ;
#3356 = CARTESIAN_POINT ( 'NONE',  ( -1.270000000000000018, -1.020000000000000018, 0.05000000000000000278 ) ) ;
#3357 = ORIENTED_EDGE ( 'NONE', *, *, #3376, .T. ) ;
#3358 = CARTESIAN_POINT ( 'NONE',  ( 0.7800000000000000266, 0.2200000000000000011, 0.05000000000000000278 ) ) ;
#3359 = DIRECTION ( 'NONE',  ( 0.0000000000000000000, 0.0000000000000000000, -1.000000000000000000 ) ) ;
#3360 = VECTOR ( 'NONE', #3671, 1000.000000000000000 ) ;
#3361 = AXIS2_PLACEMENT_3D ( 'NONE', #1887, #66, #387 ) ;
#3362 = ORIENTED_EDGE ( 'NONE', *, *, #2571, .T. ) ;
#3363 = CIRCLE ( 'NONE', #2486, 0.04999999999999991257 ) ;
#3364 = VECTOR ( 'NONE', #1118, 1000.000000000000000 ) ;
#3365 = CARTESIAN_POINT ( 'NONE',  ( -0.7800000000000000266, -1.270000000000000018, 0.0000000000000000000 ) ) ;
#3366 = AXIS2_PLACEMENT_3D ( 'NONE', #1598, #76, #1543 ) ;
#3367 = DIRECTION ( 'NONE',  ( -1.000000000000000000, 0.0000000000000000000, 0.0000000000000000000 ) ) ;
#3368 = VECTOR ( 'NONE', #3346, 1000.000000000000000 ) ;
#3369 =( NAMED_UNIT ( * ) SI_UNIT ( $, .STERADIAN. ) SOLID_ANGLE_UNIT ( ) );
#3370 = CARTESIAN_POINT ( 'NONE',  ( 0.3250000000000000111, -1.270000000000000018, 0.05000000000000000278 ) ) ;
#3371 = CARTESIAN_POINT ( 'NONE',  ( -0.7800000000000000266, 0.2200000000000000011, 0.05000000000000000278 ) ) ;
#3372 = ORIENTED_EDGE ( 'NONE', *, *, #2256, .F. ) ;
#3373 = SURFACE_STYLE_USAGE ( .BOTH. , #2222 ) ;
#3374 = ORIENTED_EDGE ( 'NONE', *, *, #2009, .T. ) ;
#3375 = DIRECTION ( 'NONE',  ( 0.0000000000000000000, 0.0000000000000000000, 1.000000000000000000 ) ) ;
#3376 = EDGE_CURVE ( 'NONE', #83, #2908, #2793, .T. ) ;
#3377 = ORIENTED_EDGE ( 'NONE', *, *, #3229, .F. ) ;
#3378 = CIRCLE ( 'NONE', #1412, 0.05000000000000002359 ) ;
#3379 = EDGE_CURVE ( 'NONE', #3716, #3559, #2636, .T. ) ;
#3380 = ORIENTED_EDGE ( 'NONE', *, *, #3505, .F. ) ;
#3381 = LINE ( 'NONE', #1583, #2616 ) ;
#3382 = AXIS2_PLACEMENT_3D ( 'NONE', #89, #3651, #435 ) ;
#3383 = EDGE_CURVE ( 'NONE', #145, #391, #1336, .T. ) ;
#3384 = ORIENTED_EDGE ( 'NONE', *, *, #3348, .F. ) ;
#3385 = VECTOR ( 'NONE', #2384, 1000.000000000000000 ) ;
#3386 = VERTEX_POINT ( 'NONE', #80 ) ;
#3387 = ORIENTED_EDGE ( 'NONE', *, *, #942, .T. ) ;
#3388 = DIRECTION ( 'NONE',  ( 0.0000000000000000000, 0.0000000000000000000, -1.000000000000000000 ) ) ;
#3389 = DIRECTION ( 'NONE',  ( 0.0000000000000000000, 0.0000000000000000000, 1.000000000000000000 ) ) ;
#3390 =( LENGTH_UNIT ( ) NAMED_UNIT ( * ) SI_UNIT ( .MILLI., .METRE. ) );
#3391 = CARTESIAN_POINT ( 'NONE',  ( -0.7800000000000000266, -0.9700000000000000844, 0.05000000000000000278 ) ) ;
#3392 = DIRECTION ( 'NONE',  ( 0.0000000000000000000, 0.0000000000000000000, -1.000000000000000000 ) ) ;
#3393 = ORIENTED_EDGE ( 'NONE', *, *, #1560, .T. ) ;
#3394 = DIRECTION ( 'NONE',  ( -1.000000000000000000, 0.0000000000000000000, 0.0000000000000000000 ) ) ;
#3395 = ORIENTED_EDGE ( 'NONE', *, *, #2231, .F. ) ;
#3396 = PLANE ( 'NONE',  #2681 ) ;
#3397 = PRESENTATION_STYLE_ASSIGNMENT (( #455 ) ) ;
#3398 = ORIENTED_EDGE ( 'NONE', *, *, #1402, .T. ) ;
#3399 = PLANE ( 'NONE',  #3608 ) ;
#3400 = VERTEX_POINT ( 'NONE', #1848 ) ;
#3401 = DIRECTION ( 'NONE',  ( -1.000000000000000000, 0.0000000000000000000, 0.0000000000000000000 ) ) ;
#3402 = EDGE_CURVE ( 'NONE', #180, #2658, #2413, .T. ) ;
#3403 = UNCERTAINTY_MEASURE_WITH_UNIT (LENGTH_MEASURE( 1.000000000000000082E-05 ), #1738, 'distance_accuracy_value', 'NONE');
#3404 = DIRECTION ( 'NONE',  ( -1.000000000000000000, 0.0000000000000000000, 0.0000000000000000000 ) ) ;
#3405 = ORIENTED_EDGE ( 'NONE', *, *, #1175, .F. ) ;
#3406 = DIRECTION ( 'NONE',  ( 0.0000000000000000000, 0.0000000000000000000, -1.000000000000000000 ) ) ;
#3407 = EDGE_CURVE ( 'NONE', #957, #3439, #3257, .T. ) ;
#3408 = DIRECTION ( 'NONE',  ( 0.0000000000000000000, 0.0000000000000000000, -1.000000000000000000 ) ) ;
#3409 = CARTESIAN_POINT ( 'NONE',  ( 1.050000000000000044, 0.6199999999999999956, 0.6500000000000000222 ) ) ;
#3410 = CARTESIAN_POINT ( 'NONE',  ( -0.7800000000000000266, 0.2200000000000000011, 0.0000000000000000000 ) ) ;
#3411 = ORIENTED_EDGE ( 'NONE', *, *, #1932, .T. ) ;
#3412 = PRESENTATION_STYLE_ASSIGNMENT (( #3373 ) ) ;
#3413 = VERTEX_POINT ( 'NONE', #1775 ) ;
#3414 = DIRECTION ( 'NONE',  ( 0.0000000000000000000, 0.0000000000000000000, 1.000000000000000000 ) ) ;
#3415 = ORIENTED_EDGE ( 'NONE', *, *, #1516, .T. ) ;
#3416 = ORIENTED_EDGE ( 'NONE', *, *, #748, .T. ) ;
#3417 = DIRECTION ( 'NONE',  ( -2.026546116795334884E-16, 1.000000000000000000, 0.0000000000000000000 ) ) ;
#3418 = DIRECTION ( 'NONE',  ( -1.807003620809174878E-16, 1.000000000000000000, 0.0000000000000000000 ) ) ;
#3419 = CIRCLE ( 'NONE', #1754, 0.04999999999999991257 ) ;
#3420 = CLOSED_SHELL ( 'NONE', ( #60, #3460, #3158, #1742, #3653, #500, #2728, #1865, #2490, #3262 ) ) ;
#3421 = CARTESIAN_POINT ( 'NONE',  ( -0.7800000000000000266, 1.270000000000000018, 0.05000000000000000278 ) ) ;
#3422 = TOROIDAL_SURFACE ( 'NONE', #527, 0.2000000000000000111, 0.05000000000000000278 ) ;
#3423 = EDGE_CURVE ( 'NONE', #2438, #388, #1485, .T. ) ;
#3424 = VECTOR ( 'NONE', #939, 1000.000000000000000 ) ;
#3425 = DIRECTION ( 'NONE',  ( 0.0000000000000000000, 0.0000000000000000000, 1.000000000000000000 ) ) ;
#3426 = ADVANCED_FACE ( 'NONE', ( #620 ), #2656, .F. ) ;
#3427 = CARTESIAN_POINT ( 'NONE',  ( -0.7800000000000000266, -1.020000000000000018, 0.0000000000000000000 ) ) ;
#3428 = CIRCLE ( 'NONE', #1818, 0.04999999999999991257 ) ;
#3429 = DIRECTION ( 'NONE',  ( -1.000000000000000000, 0.0000000000000000000, 0.0000000000000000000 ) ) ;
#3430 = VECTOR ( 'NONE', #2160, 1000.000000000000000 ) ;
#3431 = ORIENTED_EDGE ( 'NONE', *, *, #3059, .T. ) ;
#3432 = MECHANICAL_DESIGN_GEOMETRIC_PRESENTATION_REPRESENTATION (  '', ( #2006 ), #2314 ) ;
#3433 = PLANE ( 'NONE',  #3355 ) ;
#3434 = ORIENTED_EDGE ( 'NONE', *, *, #433, .F. ) ;
#3435 = DIRECTION ( 'NONE',  ( 1.000000000000000000, 0.0000000000000000000, 0.0000000000000000000 ) ) ;
#3436 = CARTESIAN_POINT ( 'NONE',  ( -1.219999999999999973, -0.5999999999999999778, 0.05000000000000000278 ) ) ;
#3437 = PLANE ( 'NONE',  #730 ) ;
#3438 = MECHANICAL_DESIGN_GEOMETRIC_PRESENTATION_REPRESENTATION (  '', ( #2684 ), #1763 ) ;
#3439 = VERTEX_POINT ( 'NONE', #1185 ) ;
#3440 = ORIENTED_EDGE ( 'NONE', *, *, #2519, .F. ) ;
#3441 = AXIS2_PLACEMENT_3D ( 'NONE', #2871, #882, #240 ) ;
#3442 = UNCERTAINTY_MEASURE_WITH_UNIT (LENGTH_MEASURE( 1.000000000000000082E-05 ), #65, 'distance_accuracy_value', 'NONE');
#3443 = ORIENTED_EDGE ( 'NONE', *, *, #405, .T. ) ;
#3444 = ORIENTED_EDGE ( 'NONE', *, *, #3407, .T. ) ;
#3445 = VECTOR ( 'NONE', #1958, 1000.000000000000000 ) ;
#3446 = ORIENTED_EDGE ( 'NONE', *, *, #3030, .T. ) ;
#3447 = CARTESIAN_POINT ( 'NONE',  ( -1.050000000000000044, 1.300000000000000044, 0.6999999999999999556 ) ) ;
#3448 = FACE_OUTER_BOUND ( 'NONE', #202, .T. ) ;
#3449 = MANIFOLD_SOLID_BREP ( 'NONE', #2553 ) ;
#3450 = FILL_AREA_STYLE_COLOUR ( '', #1458 ) ;
#3451 = STYLED_ITEM ( 'NONE', ( #346 ), #3475 ) ;
#3452 = DIRECTION ( 'NONE',  ( 1.000000000000000000, 0.0000000000000000000, 0.0000000000000000000 ) ) ;
#3453 = EDGE_CURVE ( 'NONE', #3548, #1037, #369, .T. ) ;
#3454 = VERTEX_POINT ( 'NONE', #921 ) ;
#3455 = AXIS2_PLACEMENT_3D ( 'NONE', #2704, #1803, #324 ) ;
#3456 = CARTESIAN_POINT ( 'NONE',  ( 1.219999999999999973, -0.03000000000000000236, 0.0000000000000000000 ) ) ;
#3457 = ORIENTED_EDGE ( 'NONE', *, *, #332, .F. ) ;
#3458 = PLANE ( 'NONE',  #1328 ) ;
#3459 = LINE ( 'NONE', #838, #2390 ) ;
#3460 = ADVANCED_FACE ( 'NONE', ( #2097 ), #901, .F. ) ;
#3461 = ORIENTED_EDGE ( 'NONE', *, *, #3279, .T. ) ;
#3462 = CARTESIAN_POINT ( 'NONE',  ( 0.7800000000000000266, -0.3499999999999999778, 0.05000000000000000278 ) ) ;
#3463 = ORIENTED_EDGE ( 'NONE', *, *, #127, .F. ) ;
#3464 = PLANE ( 'NONE',  #1699 ) ;
#3465 = CARTESIAN_POINT ( 'NONE',  ( 0.7299999999999999822, -1.020000000000000018, 0.05000000000000000278 ) ) ;
#3466 = CARTESIAN_POINT ( 'NONE',  ( 0.7800000000000000266, 0.5699999999999999512, 0.05000000000000000278 ) ) ;
#3467 = DIRECTION ( 'NONE',  ( 0.0000000000000000000, 0.0000000000000000000, -1.000000000000000000 ) ) ;
#3468 = FILL_AREA_STYLE_COLOUR ( '', #3246 ) ;
#3469 = VERTEX_POINT ( 'NONE', #1262 ) ;
#3470 = DIRECTION ( 'NONE',  ( 0.0000000000000000000, 0.0000000000000000000, 1.000000000000000000 ) ) ;
#3471 = ORIENTED_EDGE ( 'NONE', *, *, #2545, .T. ) ;
#3472 = SURFACE_STYLE_USAGE ( .BOTH. , #1407 ) ;
#3473 = CARTESIAN_POINT ( 'NONE',  ( -0.7299999999999999822, 0.01999999999999940020, 0.05000000000000000278 ) ) ;
#3474 = CYLINDRICAL_SURFACE ( 'NONE', #2025, 0.04999999999999991257 ) ;
#3475 = MANIFOLD_SOLID_BREP ( 'NONE', #3231 ) ;
#3476 = EDGE_LOOP ( 'NONE', ( #2016, #2954, #466, #1702 ) ) ;
#3477 = EDGE_CURVE ( 'NONE', #2339, #1739, #1221, .T. ) ;
#3478 =( LENGTH_UNIT ( ) NAMED_UNIT ( * ) SI_UNIT ( .MILLI., .METRE. ) );
#3479 = VERTEX_POINT ( 'NONE', #2780 ) ;
#3480 = FACE_OUTER_BOUND ( 'NONE', #3605, .T. ) ;
#3481 = ADVANCED_FACE ( 'NONE', ( #3051 ), #3090, .F. ) ;
#3482 = CARTESIAN_POINT ( 'NONE',  ( -1.500000000000000000, 1.489999999999999991, 0.6999999999999999556 ) ) ;
#3483 = EDGE_LOOP ( 'NONE', ( #3654, #564, #75, #612 ) ) ;
#3484 = CYLINDRICAL_SURFACE ( 'NONE', #841, 0.05000000000000002359 ) ;
#3485 = PLANE ( 'NONE',  #3781 ) ;
#3486 = MANIFOLD_SOLID_BREP ( 'NONE', #1005 ) ;
#3487 = CARTESIAN_POINT ( 'NONE',  ( -0.7800000000000000266, 1.219999999999999973, 0.05000000000000000278 ) ) ;
#3488 = VECTOR ( 'NONE', #2026, 1000.000000000000000 ) ;
#3489 = VERTEX_POINT ( 'NONE', #439 ) ;
#3490 = DIRECTION ( 'NONE',  ( 0.0000000000000000000, 0.0000000000000000000, 1.000000000000000000 ) ) ;
#3491 = AXIS2_PLACEMENT_3D ( 'NONE', #26, #3277, #1753 ) ;
#3492 = AXIS2_PLACEMENT_3D ( 'NONE', #2340, #3774, #2601 ) ;
#3493 = ORIENTED_EDGE ( 'NONE', *, *, #803, .T. ) ;
#3494 = FACE_OUTER_BOUND ( 'NONE', #1851, .T. ) ;
#3495 = DIRECTION ( 'NONE',  ( 1.000000000000000000, 0.0000000000000000000, 0.0000000000000000000 ) ) ;
#3496 = DIRECTION ( 'NONE',  ( 1.000000000000000000, 1.084202172485509956E-15, 0.0000000000000000000 ) ) ;
#3497 = MANIFOLD_SOLID_BREP ( 'NONE', #3420 ) ;
#3498 = TOROIDAL_SURFACE ( 'NONE', #222, 0.2000000000000000111, 0.05000000000000000278 ) ;
#3499 = ORIENTED_EDGE ( 'NONE', *, *, #2208, .T. ) ;
#3500 = DIRECTION ( 'NONE',  ( 0.0000000000000000000, 0.0000000000000000000, 1.000000000000000000 ) ) ;
#3501 = VERTEX_POINT ( 'NONE', #2163 ) ;
#3502 = CARTESIAN_POINT ( 'NONE',  ( -1.270000000000000018, 0.2200000000000000011, 0.05000000000000000278 ) ) ;
#3503 = VECTOR ( 'NONE', #3023, 1000.000000000000000 ) ;
#3504 = ADVANCED_FACE ( 'NONE', ( #3353 ), #758, .F. ) ;
#3505 = EDGE_CURVE ( 'NONE', #1721, #2533, #1578, .T. ) ;
#3506 = AXIS2_PLACEMENT_3D ( 'NONE', #1510, #1250, #928 ) ;
#3507 =( NAMED_UNIT ( * ) PLANE_ANGLE_UNIT ( ) SI_UNIT ( $, .RADIAN. ) );
#3508 = ORIENTED_EDGE ( 'NONE', *, *, #2541, .F. ) ;
#3509 = DIRECTION ( 'NONE',  ( -1.000000000000000000, 0.0000000000000000000, 0.0000000000000000000 ) ) ;
#3510 = ADVANCED_FACE ( 'NONE', ( #978 ), #1907, .T. ) ;
#3511 = AXIS2_PLACEMENT_3D ( 'NONE', #69, #1189, #1233 ) ;
#3512 = DIRECTION ( 'NONE',  ( 0.0000000000000000000, 0.0000000000000000000, 1.000000000000000000 ) ) ;
#3513 = CIRCLE ( 'NONE', #1033, 0.04999999999999991257 ) ;
#3514 = PRESENTATION_LAYER_ASSIGNMENT (  '', '', ( #3451 ) ) ;
#3515 = CARTESIAN_POINT ( 'NONE',  ( -1.250000000000000000, 0.8199999999999999512, 0.6500000000000000222 ) ) ;
#3516 = DIRECTION ( 'NONE',  ( 1.000000000000000000, 0.0000000000000000000, 0.0000000000000000000 ) ) ;
#3517 = ORIENTED_EDGE ( 'NONE', *, *, #1125, .T. ) ;
#3518 = DIRECTION ( 'NONE',  ( -1.000000000000000000, 0.0000000000000000000, 0.0000000000000000000 ) ) ;
#3519 = FILL_AREA_STYLE_COLOUR ( '', #2790 ) ;
#3520 = ORIENTED_EDGE ( 'NONE', *, *, #2139, .T. ) ;
#3521 = PLANE ( 'NONE',  #2873 ) ;
#3522 = ADVANCED_FACE ( 'NONE', ( #1691 ), #3714, .F. ) ;
#3523 = EDGE_CURVE ( 'NONE', #3300, #1055, #3459, .T. ) ;
#3524 = FILL_AREA_STYLE ('',( #3468 ) ) ;
#3525 = ADVANCED_FACE ( 'NONE', ( #541 ), #3474, .T. ) ;
#3526 = ORIENTED_EDGE ( 'NONE', *, *, #165, .T. ) ;
#3527 = LINE ( 'NONE', #3191, #760 ) ;
#3528 = EDGE_LOOP ( 'NONE', ( #106, #3250, #2726, #618 ) ) ;
#3529 = LINE ( 'NONE', #559, #1703 ) ;
#3530 = DIRECTION ( 'NONE',  ( 0.0000000000000000000, 0.0000000000000000000, 1.000000000000000000 ) ) ;
#3531 = CARTESIAN_POINT ( 'NONE',  ( 0.7299999999999999822, 0.2200000000000000011, 0.05000000000000000278 ) ) ;
#3532 = ORIENTED_EDGE ( 'NONE', *, *, #1811, .F. ) ;
#3533 = ORIENTED_EDGE ( 'NONE', *, *, #405, .F. ) ;
#3534 = CARTESIAN_POINT ( 'NONE',  ( -1.270000000000000018, 0.02000000000000000042, 0.05000000000000000278 ) ) ;
#3535 = CARTESIAN_POINT ( 'NONE',  ( -0.7800000000000000266, 1.219999999999999973, 0.05000000000000000278 ) ) ;
#3536 = ORIENTED_EDGE ( 'NONE', *, *, #2708, .T. ) ;
#3537 = FACE_OUTER_BOUND ( 'NONE', #2149, .T. ) ;
#3538 = EDGE_CURVE ( 'NONE', #2063, #1677, #206, .T. ) ;
#3539 = ORIENTED_EDGE ( 'NONE', *, *, #3305, .T. ) ;
#3540 = EDGE_CURVE ( 'NONE', #160, #696, #1383, .T. ) ;
#3541 = ORIENTED_EDGE ( 'NONE', *, *, #3081, .F. ) ;
#3542 = CARTESIAN_POINT ( 'NONE',  ( 1.270000000000000018, -0.4000000000000000222, 0.05000000000000000278 ) ) ;
#3543 = DIRECTION ( 'NONE',  ( 0.0000000000000000000, 0.0000000000000000000, 1.000000000000000000 ) ) ;
#3544 = CARTESIAN_POINT ( 'NONE',  ( 0.7800000000000000266, 1.219999999999999973, 0.05000000000000000278 ) ) ;
#3545 = AXIS2_PLACEMENT_3D ( 'NONE', #3117, #3703, #3138 ) ;
#3546 = VECTOR ( 'NONE', #3418, 1000.000000000000000 ) ;
#3547 = DIRECTION ( 'NONE',  ( 1.000000000000000000, 0.0000000000000000000, 0.0000000000000000000 ) ) ;
#3548 = VERTEX_POINT ( 'NONE', #2861 ) ;
#3549 = DIRECTION ( 'NONE',  ( 1.000000000000000000, 0.0000000000000000000, 0.0000000000000000000 ) ) ;
#3550 = CIRCLE ( 'NONE', #2426, 0.01000000000000002623 ) ;
#3551 = FILL_AREA_STYLE_COLOUR ( '', #1508 ) ;
#3552 = ORIENTED_EDGE ( 'NONE', *, *, #1369, .T. ) ;
#3553 = CARTESIAN_POINT ( 'NONE',  ( -1.270000000000000018, 1.219999999999999973, 0.05000000000000000278 ) ) ;
#3554 = DIRECTION ( 'NONE',  ( 1.000000000000000000, 0.0000000000000000000, 0.0000000000000000000 ) ) ;
#3555 = VECTOR ( 'NONE', #1710, 1000.000000000000000 ) ;
#3556 = FACE_OUTER_BOUND ( 'NONE', #699, .T. ) ;
#3557 = VECTOR ( 'NONE', #181, 1000.000000000000000 ) ;
#3558 = VERTEX_POINT ( 'NONE', #1442 ) ;
#3559 = VERTEX_POINT ( 'NONE', #561 ) ;
#3560 = DIRECTION ( 'NONE',  ( 1.000000000000000000, 0.0000000000000000000, 0.0000000000000000000 ) ) ;
#3561 = AXIS2_PLACEMENT_3D ( 'NONE', #646, #379, #394 ) ;
#3562 = LINE ( 'NONE', #1802, #3801 ) ;
#3563 = DIRECTION ( 'NONE',  ( -1.000000000000000000, -4.928191693115940630E-16, 0.0000000000000000000 ) ) ;
#3564 = EDGE_CURVE ( 'NONE', #1826, #3048, #2270, .T. ) ;
#3565 = ORIENTED_EDGE ( 'NONE', *, *, #16, .F. ) ;
#3566 = AXIS2_PLACEMENT_3D ( 'NONE', #471, #2235, #2199 ) ;
#3567 = EDGE_CURVE ( 'NONE', #2949, #3711, #2536, .T. ) ;
#3568 = CARTESIAN_POINT ( 'NONE',  ( 1.270000000000000018, -1.020000000000000018, 0.05000000000000000278 ) ) ;
#3569 = FILL_AREA_STYLE_COLOUR ( '', #489 ) ;
#3570 = ADVANCED_FACE ( 'NONE', ( #3196 ), #267, .F. ) ;
#3571 = VECTOR ( 'NONE', #2912, 1000.000000000000000 ) ;
#3572 = DIRECTION ( 'NONE',  ( 0.0000000000000000000, 0.0000000000000000000, -1.000000000000000000 ) ) ;
#3573 = ORIENTED_EDGE ( 'NONE', *, *, #98, .F. ) ;
#3574 = PLANE ( 'NONE',  #1756 ) ;
#3575 = DIRECTION ( 'NONE',  ( -1.000000000000000000, 0.0000000000000000000, 0.0000000000000000000 ) ) ;
#3576 = CARTESIAN_POINT ( 'NONE',  ( 1.050000000000000044, 0.2700000000000000178, 0.6999999999999999556 ) ) ;
#3577 = CARTESIAN_POINT ( 'NONE',  ( 1.489999999999999991, -1.489999999999999991, 0.6999999999999999556 ) ) ;
#3578 = DIRECTION ( 'NONE',  ( 0.0000000000000000000, 1.000000000000000000, 0.0000000000000000000 ) ) ;
#3579 = CARTESIAN_POINT ( 'NONE',  ( 1.219999999999999973, -1.020000000000000018, 0.05000000000000000278 ) ) ;
#3580 = CARTESIAN_POINT ( 'NONE',  ( 1.050000000000000044, -1.250000000000000000, 0.6500000000000000222 ) ) ;
#3581 = VERTEX_POINT ( 'NONE', #3133 ) ;
#3582 = CARTESIAN_POINT ( 'NONE',  ( -0.7800000000000000266, 1.270000000000000018, 0.05000000000000000278 ) ) ;
#3583 = EDGE_CURVE ( 'NONE', #616, #1176, #1733, .T. ) ;
#3584 = ORIENTED_EDGE ( 'NONE', *, *, #1701, .F. ) ;
#3585 = LINE ( 'NONE', #1847, #3665 ) ;
#3586 = ADVANCED_FACE ( 'NONE', ( #502 ), #3759, .F. ) ;
#3587 =( NAMED_UNIT ( * ) PLANE_ANGLE_UNIT ( ) SI_UNIT ( $, .RADIAN. ) );
#3588 = EDGE_CURVE ( 'NONE', #304, #826, #574, .T. ) ;
#3589 = FACE_OUTER_BOUND ( 'NONE', #1040, .T. ) ;
#3590 = CARTESIAN_POINT ( 'NONE',  ( 1.050000000000000044, 1.250000000000000000, 0.6500000000000000222 ) ) ;
#3591 = ORIENTED_EDGE ( 'NONE', *, *, #2262, .F. ) ;
#3592 = CARTESIAN_POINT ( 'NONE',  ( 1.219999999999999973, 0.2700000000000000178, 0.0000000000000000000 ) ) ;
#3593 = DIRECTION ( 'NONE',  ( 1.000000000000000000, 0.0000000000000000000, 0.0000000000000000000 ) ) ;
#3594 = FILL_AREA_STYLE ('',( #3616 ) ) ;
#3595 = LINE ( 'NONE', #3347, #611 ) ;
#3596 = DIRECTION ( 'NONE',  ( -1.000000000000000000, 0.0000000000000000000, 0.0000000000000000000 ) ) ;
#3597 = VERTEX_POINT ( 'NONE', #1364 ) ;
#3598 = AXIS2_PLACEMENT_3D ( 'NONE', #2088, #322, #628 ) ;
#3599 = CIRCLE ( 'NONE', #2614, 0.01000000000000002623 ) ;
#3600 = ORIENTED_EDGE ( 'NONE', *, *, #1369, .F. ) ;
#3601 = PLANE ( 'NONE',  #1573 ) ;
#3602 = VECTOR ( 'NONE', #121, 1000.000000000000000 ) ;
#3603 = MECHANICAL_DESIGN_GEOMETRIC_PRESENTATION_REPRESENTATION (  '', ( #3724 ), #3298 ) ;
#3604 = DIRECTION ( 'NONE',  ( 0.0000000000000000000, 1.000000000000000000, 0.0000000000000000000 ) ) ;
#3605 = EDGE_LOOP ( 'NONE', ( #2077, #2629, #2628, #3096 ) ) ;
#3606 = DIRECTION ( 'NONE',  ( 0.0000000000000000000, 0.0000000000000000000, -1.000000000000000000 ) ) ;
#3607 = ADVANCED_FACE ( 'NONE', ( #2561 ), #3437, .F. ) ;
#3608 = AXIS2_PLACEMENT_3D ( 'NONE', #744, #1639, #2538 ) ;
#3609 = DIRECTION ( 'NONE',  ( 0.0000000000000000000, 0.0000000000000000000, 1.000000000000000000 ) ) ;
#3610 = ADVANCED_FACE ( 'NONE', ( #3737 ), #1094, .T. ) ;
#3611 = EDGE_LOOP ( 'NONE', ( #979, #2303, #711, #1623 ) ) ;
#3612 = EDGE_CURVE ( 'NONE', #1677, #1103, #3002, .T. ) ;
#3613 = CARTESIAN_POINT ( 'NONE',  ( 1.270000000000000018, -0.4000000000000000222, 0.05000000000000000278 ) ) ;
#3614 = VECTOR ( 'NONE', #3751, 1000.000000000000000 ) ;
#3615 = VECTOR ( 'NONE', #642, 1000.000000000000000 ) ;
#3616 = FILL_AREA_STYLE_COLOUR ( '', #1823 ) ;
#3617 = DIRECTION ( 'NONE',  ( 0.0000000000000000000, 1.000000000000000000, 0.0000000000000000000 ) ) ;
#3618 = SURFACE_SIDE_STYLE ('',( #1256 ) ) ;
#3619 = VECTOR ( 'NONE', #2418, 1000.000000000000000 ) ;
#3620 = VERTEX_POINT ( 'NONE', #3531 ) ;
#3621 = DIRECTION ( 'NONE',  ( 0.0000000000000000000, 1.000000000000000000, 0.0000000000000000000 ) ) ;
#3622 = AXIS2_PLACEMENT_3D ( 'NONE', #103, #1269, #3245 ) ;
#3623 = VERTEX_POINT ( 'NONE', #2394 ) ;
#3624 = CARTESIAN_POINT ( 'NONE',  ( 1.219999999999999973, 1.270000000000000018, 0.05000000000000000278 ) ) ;
#3625 = DIRECTION ( 'NONE',  ( 0.0000000000000000000, 0.0000000000000000000, -1.000000000000000000 ) ) ;
#3626 = VECTOR ( 'NONE', #1029, 1000.000000000000000 ) ;
#3627 = CARTESIAN_POINT ( 'NONE',  ( 0.7800000000000000266, 0.6199999999999999956, 0.05000000000000000278 ) ) ;
#3628 = EDGE_LOOP ( 'NONE', ( #1772, #442, #3339, #3742 ) ) ;
#3629 = CARTESIAN_POINT ( 'NONE',  ( 0.7299999999999999822, -1.219999999999999973, 0.05000000000000000278 ) ) ;
#3630 = MECHANICAL_DESIGN_GEOMETRIC_PRESENTATION_REPRESENTATION (  '', ( #3451 ), #1597 ) ;
#3631 = CARTESIAN_POINT ( 'NONE',  ( -0.7299999999999999822, -1.219999999999999973, 0.0000000000000000000 ) ) ;
#3632 = ORIENTED_EDGE ( 'NONE', *, *, #598, .F. ) ;
#3633 = ADVANCED_FACE ( 'NONE', ( #1165 ), #1521, .T. ) ;
#3634 = ORIENTED_EDGE ( 'NONE', *, *, #967, .F. ) ;
#3635 = DIRECTION ( 'NONE',  ( -1.000000000000000000, 0.0000000000000000000, 0.0000000000000000000 ) ) ;
#3636 = EDGE_CURVE ( 'NONE', #3678, #790, #1768, .T. ) ;
#3637 = CARTESIAN_POINT ( 'NONE',  ( 0.7800000000000000266, 0.2700000000000000178, 0.05000000000000000278 ) ) ;
#3638 = EDGE_CURVE ( 'NONE', #549, #3413, #1180, .T. ) ;
#3639 = LINE ( 'NONE', #1592, #3503 ) ;
#3640 = DIRECTION ( 'NONE',  ( -1.000000000000000000, 0.0000000000000000000, 0.0000000000000000000 ) ) ;
#3641 =( LENGTH_UNIT ( ) NAMED_UNIT ( * ) SI_UNIT ( .MILLI., .METRE. ) );
#3642 = EDGE_LOOP ( 'NONE', ( #2267, #2917, #2927, #3416 ) ) ;
#3643 = DIRECTION ( 'NONE',  ( 0.0000000000000000000, 0.0000000000000000000, 1.000000000000000000 ) ) ;
#3644 = VERTEX_POINT ( 'NONE', #2107 ) ;
#3645 = LINE ( 'NONE', #3629, #3602 ) ;
#3646 = CARTESIAN_POINT ( 'NONE',  ( 1.050000000000000044, 0.02000000000000070471, 0.6500000000000000222 ) ) ;
#3647 = VERTEX_POINT ( 'NONE', #307 ) ;
#3648 = LINE ( 'NONE', #3141, #2191 ) ;
#3649 = FACE_OUTER_BOUND ( 'NONE', #776, .T. ) ;
#3650 = CARTESIAN_POINT ( 'NONE',  ( -1.050000000000000044, 1.250000000000000000, 0.6999999999999999556 ) ) ;
#3651 = DIRECTION ( 'NONE',  ( 0.0000000000000000000, 0.0000000000000000000, 1.000000000000000000 ) ) ;
#3652 = EDGE_CURVE ( 'NONE', #790, #1395, #2091, .T. ) ;
#3653 = ADVANCED_FACE ( 'NONE', ( #2338 ), #895, .T. ) ;
#3654 = ORIENTED_EDGE ( 'NONE', *, *, #1797, .T. ) ;
#3655 = DIRECTION ( 'NONE',  ( 1.000000000000000000, 0.0000000000000000000, 0.0000000000000000000 ) ) ;
#3656 = ORIENTED_EDGE ( 'NONE', *, *, #1608, .F. ) ;
#3657 = SURFACE_SIDE_STYLE ('',( #2472 ) ) ;
#3658 = ADVANCED_FACE ( 'NONE', ( #2653 ), #1224, .T. ) ;
#3659 = SURFACE_SIDE_STYLE ('',( #1012 ) ) ;
#3660 = DIRECTION ( 'NONE',  ( 0.0000000000000000000, 0.0000000000000000000, 1.000000000000000000 ) ) ;
#3661 = ORIENTED_EDGE ( 'NONE', *, *, #2963, .F. ) ;
#3662 = PLANE ( 'NONE',  #1259 ) ;
#3663 = VECTOR ( 'NONE', #3043, 1000.000000000000000 ) ;
#3664 = ORIENTED_EDGE ( 'NONE', *, *, #845, .T. ) ;
#3665 = VECTOR ( 'NONE', #700, 1000.000000000000000 ) ;
#3666 = VERTEX_POINT ( 'NONE', #22 ) ;
#3667 = ORIENTED_EDGE ( 'NONE', *, *, #640, .F. ) ;
#3668 = CARTESIAN_POINT ( 'NONE',  ( 0.7299999999999999822, 0.2200000000000000011, 0.05000000000000000278 ) ) ;
#3669 = CIRCLE ( 'NONE', #1393, 0.04999999999999991257 ) ;
#3670 = AXIS2_PLACEMENT_3D ( 'NONE', #3224, #890, #1478 ) ;
#3671 = DIRECTION ( 'NONE',  ( -1.000000000000000000, 0.0000000000000000000, 0.0000000000000000000 ) ) ;
#3672 = AXIS2_PLACEMENT_3D ( 'NONE', #3427, #2234, #3103 ) ;
#3673 = PLANE ( 'NONE',  #108 ) ;
#3674 = LINE ( 'NONE', #1649, #119 ) ;
#3675 = AXIS2_PLACEMENT_3D ( 'NONE', #831, #260, #2907 ) ;
#3676 = EDGE_LOOP ( 'NONE', ( #1556, #2722, #1670, #556 ) ) ;
#3677 = CARTESIAN_POINT ( 'NONE',  ( 1.219999999999999973, -0.9700000000000000844, 0.0000000000000000000 ) ) ;
#3678 = VERTEX_POINT ( 'NONE', #1787 ) ;
#3679 = DIRECTION ( 'NONE',  ( -1.000000000000000000, 0.0000000000000000000, 0.0000000000000000000 ) ) ;
#3680 =( NAMED_UNIT ( * ) SI_UNIT ( $, .STERADIAN. ) SOLID_ANGLE_UNIT ( ) );
#3681 = EDGE_CURVE ( 'NONE', #2380, #3095, #2128, .T. ) ;
#3682 = CARTESIAN_POINT ( 'NONE',  ( -1.250000000000000000, 0.02000000000000030226, 0.6999999999999999556 ) ) ;
#3683 = ORIENTED_EDGE ( 'NONE', *, *, #241, .F. ) ;
#3684 = CARTESIAN_POINT ( 'NONE',  ( -0.3250000000000000111, 1.270000000000000018, 0.0000000000000000000 ) ) ;
#3685 = EDGE_CURVE ( 'NONE', #576, #632, #3315, .T. ) ;
#3686 = VECTOR ( 'NONE', #1821, 1000.000000000000000 ) ;
#3687 = CARTESIAN_POINT ( 'NONE',  ( -0.3750000000000000000, 1.219999999999999973, 0.05000000000000000278 ) ) ;
#3688 =( GEOMETRIC_REPRESENTATION_CONTEXT ( 3 ) GLOBAL_UNCERTAINTY_ASSIGNED_CONTEXT ( ( #507 ) ) GLOBAL_UNIT_ASSIGNED_CONTEXT ( ( #2763, #1941, #3680 ) ) REPRESENTATION_CONTEXT ( 'NONE', 'WORKASPACE' ) );
#3689 = ORIENTED_EDGE ( 'NONE', *, *, #803, .F. ) ;
#3690 = FACE_OUTER_BOUND ( 'NONE', #2589, .T. ) ;
#3691 = PRESENTATION_LAYER_ASSIGNMENT (  '', '', ( #1105 ) ) ;
#3692 = DIRECTION ( 'NONE',  ( 1.000000000000000000, 0.0000000000000000000, 0.0000000000000000000 ) ) ;
#3693 = LINE ( 'NONE', #2218, #3614 ) ;
#3694 = CARTESIAN_POINT ( 'NONE',  ( -1.050000000000000044, 1.050000000000000044, 0.6500000000000000222 ) ) ;
#3695 = ORIENTED_EDGE ( 'NONE', *, *, #2825, .F. ) ;
#3696 = DIRECTION ( 'NONE',  ( 0.0000000000000000000, 0.0000000000000000000, -1.000000000000000000 ) ) ;
#3697 = ORIENTED_EDGE ( 'NONE', *, *, #1009, .T. ) ;
#3698 = DIRECTION ( 'NONE',  ( 0.0000000000000000000, 1.000000000000000000, 0.0000000000000000000 ) ) ;
#3699 =( NAMED_UNIT ( * ) SI_UNIT ( $, .STERADIAN. ) SOLID_ANGLE_UNIT ( ) );
#3700 = ORIENTED_EDGE ( 'NONE', *, *, #3379, .F. ) ;
#3701 = LINE ( 'NONE', #2843, #102 ) ;
#3702 = EDGE_LOOP ( 'NONE', ( #1433, #536, #728, #237 ) ) ;
#3703 = DIRECTION ( 'NONE',  ( 0.0000000000000000000, -1.000000000000000000, 0.0000000000000000000 ) ) ;
#3704 = ADVANCED_FACE ( 'NONE', ( #671 ), #1726, .F. ) ;
#3705 = EDGE_CURVE ( 'NONE', #818, #1176, #1498, .T. ) ;
#3706 = DIRECTION ( 'NONE',  ( 1.000000000000000000, 0.0000000000000000000, 0.0000000000000000000 ) ) ;
#3707 = ORIENTED_EDGE ( 'NONE', *, *, #1915, .F. ) ;
#3708 = CYLINDRICAL_SURFACE ( 'NONE', #3741, 0.05000000000000002359 ) ;
#3709 = DIRECTION ( 'NONE',  ( -1.000000000000000000, 0.0000000000000000000, 0.0000000000000000000 ) ) ;
#3710 = DIRECTION ( 'NONE',  ( -1.000000000000000000, 0.0000000000000000000, 0.0000000000000000000 ) ) ;
#3711 = VERTEX_POINT ( 'NONE', #2991 ) ;
#3712 = CARTESIAN_POINT ( 'NONE',  ( -0.7299999999999999822, 0.2200000000000000011, 0.05000000000000000278 ) ) ;
#3713 = EDGE_LOOP ( 'NONE', ( #1752, #2051, #1280, #437, #2904, #2838, #482, #3689 ) ) ;
#3714 = PLANE ( 'NONE',  #3065 ) ;
#3715 = ORIENTED_EDGE ( 'NONE', *, *, #668, .F. ) ;
#3716 = VERTEX_POINT ( 'NONE', #3580 ) ;
#3717 = CYLINDRICAL_SURFACE ( 'NONE', #2425, 0.05000000000000002359 ) ;
#3718 = FACE_OUTER_BOUND ( 'NONE', #1705, .T. ) ;
#3719 = ORIENTED_EDGE ( 'NONE', *, *, #3725, .F. ) ;
#3720 = AXIS2_PLACEMENT_3D ( 'NONE', #2101, #2876, #1106 ) ;
#3721 = EDGE_LOOP ( 'NONE', ( #3337, #213, #3362, #1992, #860, #2133, #1576, #1912 ) ) ;
#3722 = DIRECTION ( 'NONE',  ( 0.0000000000000000000, 1.000000000000000000, 0.0000000000000000000 ) ) ;
#3723 = STYLED_ITEM ( 'NONE', ( #822 ), #1446 ) ;
#3724 = STYLED_ITEM ( 'NONE', ( #2062 ), #246 ) ;
#3725 = EDGE_CURVE ( 'NONE', #3739, #903, #3273, .T. ) ;
#3726 = DIRECTION ( 'NONE',  ( -1.000000000000000000, 0.0000000000000000000, 0.0000000000000000000 ) ) ;
#3727 = SURFACE_STYLE_FILL_AREA ( #1971 ) ;
#3728 = CIRCLE ( 'NONE', #412, 0.04999999999999991257 ) ;
#3729 = CARTESIAN_POINT ( 'NONE',  ( -1.050000000000000044, -1.250000000000000000, 0.6999999999999999556 ) ) ;
#3730 = TOROIDAL_SURFACE ( 'NONE', #3492, 0.2000000000000000111, 0.05000000000000000278 ) ;
#3731 = VERTEX_POINT ( 'NONE', #2969 ) ;
#3732 = PRESENTATION_LAYER_ASSIGNMENT (  '', '', ( #2006 ) ) ;
#3733 = FILL_AREA_STYLE ('',( #1634 ) ) ;
#3734 = VERTEX_POINT ( 'NONE', #37 ) ;
#3735 = DIRECTION ( 'NONE',  ( 0.0000000000000000000, 0.0000000000000000000, 1.000000000000000000 ) ) ;
#3736 = PRESENTATION_STYLE_ASSIGNMENT (( #1674 ) ) ;
#3737 = FACE_OUTER_BOUND ( 'NONE', #1495, .T. ) ;
#3738 = AXIS2_PLACEMENT_3D ( 'NONE', #2609, #2951, #3786 ) ;
#3739 = VERTEX_POINT ( 'NONE', #1203 ) ;
#3740 = CARTESIAN_POINT ( 'NONE',  ( 0.7299999999999999822, -0.4000000000000000222, 0.05000000000000000278 ) ) ;
#3741 = AXIS2_PLACEMENT_3D ( 'NONE', #2170, #998, #138 ) ;
#3742 = ORIENTED_EDGE ( 'NONE', *, *, #2524, .T. ) ;
#3743 = CARTESIAN_POINT ( 'NONE',  ( -0.3750000000000000000, 1.219999999999999973, 0.0000000000000000000 ) ) ;
#3744 = UNCERTAINTY_MEASURE_WITH_UNIT (LENGTH_MEASURE( 1.000000000000000082E-05 ), #973, 'distance_accuracy_value', 'NONE');
#3745 = CARTESIAN_POINT ( 'NONE',  ( 1.219999999999999973, 0.6199999999999999956, 0.05000000000000000278 ) ) ;
#3746 = ORIENTED_EDGE ( 'NONE', *, *, #2752, .T. ) ;
#3747 = AXIS2_PLACEMENT_3D ( 'NONE', #3132, #1892, #1690 ) ;
#3748 = CARTESIAN_POINT ( 'NONE',  ( -0.7800000000000000266, -1.020000000000000018, 0.05000000000000000278 ) ) ;
#3749 = EDGE_CURVE ( 'NONE', #903, #2335, #1238, .T. ) ;
#3750 = CARTESIAN_POINT ( 'NONE',  ( -1.219999999999999973, -0.5999999999999999778, 0.0000000000000000000 ) ) ;
#3751 = DIRECTION ( 'NONE',  ( 0.0000000000000000000, 0.0000000000000000000, -1.000000000000000000 ) ) ;
#3752 = VECTOR ( 'NONE', #2885, 1000.000000000000000 ) ;
#3753 = EDGE_CURVE ( 'NONE', #818, #2130, #123, .T. ) ;
#3754 = ORIENTED_EDGE ( 'NONE', *, *, #967, .T. ) ;
#3755 = EDGE_CURVE ( 'NONE', #558, #3004, #3290, .T. ) ;
#3756 = ORIENTED_EDGE ( 'NONE', *, *, #894, .F. ) ;
#3757 = DIRECTION ( 'NONE',  ( -1.000000000000000000, 0.0000000000000000000, 0.0000000000000000000 ) ) ;
#3758 = CARTESIAN_POINT ( 'NONE',  ( -0.3250000000000000111, -1.219999999999999973, 0.0000000000000000000 ) ) ;
#3759 = PLANE ( 'NONE',  #2583 ) ;
#3760 = EDGE_LOOP ( 'NONE', ( #114, #508, #309, #1128, #3266, #1925, #372, #2691 ) ) ;
#3761 = FACE_OUTER_BOUND ( 'NONE', #2023, .T. ) ;
#3762 = DIRECTION ( 'NONE',  ( 0.0000000000000000000, 0.0000000000000000000, -1.000000000000000000 ) ) ;
#3763 = ORIENTED_EDGE ( 'NONE', *, *, #448, .F. ) ;
#3764 = FACE_OUTER_BOUND ( 'NONE', #1024, .T. ) ;
#3765 = DIRECTION ( 'NONE',  ( 0.0000000000000000000, 0.0000000000000000000, -1.000000000000000000 ) ) ;
#3766 = ORIENTED_EDGE ( 'NONE', *, *, #3383, .F. ) ;
#3767 = PRESENTATION_STYLE_ASSIGNMENT (( #1744 ) ) ;
#3768 = EDGE_CURVE ( 'NONE', #3048, #918, #1351, .T. ) ;
#3769 = PLANE ( 'NONE',  #1199 ) ;
#3770 = DIRECTION ( 'NONE',  ( 1.000000000000000000, 0.0000000000000000000, 0.0000000000000000000 ) ) ;
#3771 = DIRECTION ( 'NONE',  ( 0.0000000000000000000, 0.0000000000000000000, -1.000000000000000000 ) ) ;
#3772 = EDGE_CURVE ( 'NONE', #1826, #3026, #914, .T. ) ;
#3773 = VERTEX_POINT ( 'NONE', #417 ) ;
#3774 = DIRECTION ( 'NONE',  ( 0.0000000000000000000, 0.0000000000000000000, -1.000000000000000000 ) ) ;
#3775 = EDGE_CURVE ( 'NONE', #2330, #988, #615, .T. ) ;
#3776 = ORIENTED_EDGE ( 'NONE', *, *, #450, .F. ) ;
#3777 = DIRECTION ( 'NONE',  ( 1.000000000000000000, 0.0000000000000000000, 0.0000000000000000000 ) ) ;
#3778 = UNCERTAINTY_MEASURE_WITH_UNIT (LENGTH_MEASURE( 1.000000000000000082E-05 ), #1388, 'distance_accuracy_value', 'NONE');
#3779 = ORIENTED_EDGE ( 'NONE', *, *, #3402, .F. ) ;
#3780 = VECTOR ( 'NONE', #1459, 1000.000000000000000 ) ;
#3781 = AXIS2_PLACEMENT_3D ( 'NONE', #2279, #904, #3267 ) ;
#3782 =( GEOMETRIC_REPRESENTATION_CONTEXT ( 3 ) GLOBAL_UNCERTAINTY_ASSIGNED_CONTEXT ( ( #3403 ) ) GLOBAL_UNIT_ASSIGNED_CONTEXT ( ( #1738, #3507, #1212 ) ) REPRESENTATION_CONTEXT ( 'NONE', 'WORKASPACE' ) );
#3783 = ORIENTED_EDGE ( 'NONE', *, *, #3564, .F. ) ;
#3784 = AXIS2_PLACEMENT_3D ( 'NONE', #1882, #1299, #3109 ) ;
#3785 = EDGE_LOOP ( 'NONE', ( #177, #2, #3700, #1444 ) ) ;
#3786 = DIRECTION ( 'NONE',  ( 0.0000000000000000000, 0.0000000000000000000, -1.000000000000000000 ) ) ;
#3787 = CARTESIAN_POINT ( 'NONE',  ( -1.219999999999999973, -0.6500000000000000222, 0.05000000000000000278 ) ) ;
#3788 = DIRECTION ( 'NONE',  ( -1.084202172485509956E-15, 1.000000000000000000, 0.0000000000000000000 ) ) ;
#3789 = VERTEX_POINT ( 'NONE', #1049 ) ;
#3790 =( NAMED_UNIT ( * ) SI_UNIT ( $, .STERADIAN. ) SOLID_ANGLE_UNIT ( ) );
#3791 = EDGE_CURVE ( 'NONE', #3678, #3489, #2200, .T. ) ;
#3792 = ORIENTED_EDGE ( 'NONE', *, *, #3152, .F. ) ;
#3793 = CARTESIAN_POINT ( 'NONE',  ( 1.219999999999999973, -0.5999999999999999778, 0.05000000000000000278 ) ) ;
#3794 = ADVANCED_FACE ( 'NONE', ( #2741 ), #1901, .T. ) ;
#3795 = CIRCLE ( 'NONE', #295, 0.05000000000000002359 ) ;
#3796 = LINE ( 'NONE', #1793, #3235 ) ;
#3797 = EDGE_CURVE ( 'NONE', #2709, #3095, #2721, .T. ) ;
#3798 = ORIENTED_EDGE ( 'NONE', *, *, #1402, .F. ) ;
#3799 = FILL_AREA_STYLE ('',( #2646 ) ) ;
#3800 = CIRCLE ( 'NONE', #113, 0.04999999999999991257 ) ;
#3801 = VECTOR ( 'NONE', #2337, 1000.000000000000000 ) ;
#3802 = LINE ( 'NONE', #1159, #1527 ) ;
ENDSEC;
END-ISO-10303-21;
